station_id,name,coord,elevation_m,dem,source
S0002ity,柏,"139.97074,35.86209",19.9,DEM5A,地理院タイル 標高タイル 2026-10-08
S0007dwm,親不知,"137.73803,37.00685",9.7,DEM5A,地理院タイル 標高タイル 2026-10-08
S001c1je,茂林寺前,"139.52704,36.22635",19.3,DEM5A,地理院タイル 標高タイル 2026-10-08
S001yezq,南大町,"137.85627,36.49153",710.8,DEM5A,地理院タイル 標高タイル 2026-10-08
S002cr3x,中野新橋,"139.67400,35.69170",28.9,DEM5A,地理院タイル 標高タイル 2026-10-08
S0031bq2,北新・松本大学前,"137.91353,36.21963",613.5,DEM5A,地理院タイル 標高タイル 2026-10-08
S003xr4s,四条大宮,"135.74824,35.00315",32.3,DEM5A,地理院タイル 標高タイル 2026-10-08
S004f5z5,伊野駅前,"133.42986,33.54859",15.3,DEM5A,地理院タイル 標高タイル 2026-10-08
S004kwdr,知寄町三丁目,"133.56560,33.55747",1.3,DEM5A,地理院タイル 標高タイル 2026-10-08
S004t4la,あまや,"139.91760,37.41721",259.9,DEM5A,地理院タイル 標高タイル 2026-10-08
S0052965,上総大久保,"140.14593,35.28336",72.6,DEM5A,地理院タイル 標高タイル 2026-10-08
S00542aj,洗馬,"137.91682,36.08713",762.5,DEM5A,地理院タイル 標高タイル 2026-10-08
S005794r,青梅,"139.25813,35.79055",198.3,DEM5A,地理院タイル 標高タイル 2026-10-08
S005es3p,南桜井,"139.80839,35.98060",10.2,DEM5A,地理院タイル 標高タイル 2026-10-08
S005f02e,石嶺,"127.72903,26.22699",105.3,DEM5A,地理院タイル 標高タイル 2026-10-08
S005gbok,後三年,"140.53846,39.36488",41.0,DEM5A,地理院タイル 標高タイル 2026-10-08
S005p7da,菊川,"139.80610,35.68841",0.5,DEM5A,地理院タイル 標高タイル 2026-10-08
S005s7ov,種市,"141.71519,40.41038",15.4,DEM5A,地理院タイル 標高タイル 2026-10-08
S005ueea,黒松内,"140.30573,42.66959",26.4,DEM5A,地理院タイル 標高タイル 2026-10-08
S006bmvl,新座,"139.55623,35.80378",32.7,DEM5A,地理院タイル 標高タイル 2026-10-08
S006oreh,栄町,"141.36714,43.11302",6.0,DEM5A,地理院タイル 標高タイル 2026-10-08
S007447d,調布,"139.54474,35.65177",36.1,DEM5A,地理院タイル 標高タイル 2026-10-08
S007ecvu,鳴子御殿湯,"140.73749,38.74454",132.2,DEM5A,地理院タイル 標高タイル 2026-10-08
S007ocex,本山,"133.68650,34.14676",8.0,DEM5A,地理院タイル 標高タイル 2026-10-08
S008jwkq,毘沙門台,"132.46287,34.46945",14.2,DEM5A,地理院タイル 標高タイル 2026-10-08
S008wev6,滝山,"135.42114,34.84309",33.8,DEM5A,地理院タイル 標高タイル 2026-10-08
S008y6oo,夜須,"133.75457,33.53438",5.5,DEM5A,地理院タイル 標高タイル 2026-10-08
S0097i92,蔵本,"134.51826,34.07941",4.2,DEM5A,地理院タイル 標高タイル 2026-10-08
S00a8ah4,南木曽,"137.60870,35.59904",408.9,DEM5A,地理院タイル 標高タイル 2026-10-08
S00akn9e,六会日大前,"139.47072,35.38376",32.9,DEM5A,地理院タイル 標高タイル 2026-10-08
S00b2t7g,岩田,"131.99490,33.98193",42.5,DEM5A,地理院タイル 標高タイル 2026-10-08
S00bg2lc,中延,"139.71307,35.60545",22.8,DEM5A,地理院タイル 標高タイル 2026-10-08
S00bhp0q,八栗登山口,"134.13391,34.35520",75.8,DEM5A,地理院タイル 標高タイル 2026-10-08
S00bk9mi,月江寺,"138.79798,35.49332",775.1,DEM5A,地理院タイル 標高タイル 2026-10-08
S00btdqp,いずみ野,"139.49512,35.42950",40.9,DEM5A,地理院タイル 標高タイル 2026-10-08
S00clmih,今井浜海岸,"139.00467,34.75371",25.8,DEM5A,地理院タイル 標高タイル 2026-10-08
S00crium,小野屋,"131.45261,33.18516",108.2,DEM5A,地理院タイル 標高タイル 2026-10-08
S00czs93,東新町,"137.50298,34.90612",61.1,DEM5A,地理院タイル 標高タイル 2026-10-08
S00d10y9,青井,"139.82024,35.77200",-0.3,DEM5A,地理院タイル 標高タイル 2026-10-08
S00d52fh,佐久,"142.04868,44.74417",25.0,DEM5A,地理院タイル 標高タイル 2026-10-08
S00d7tw0,山家,"135.31855,35.29375",78.0,DEM5A,地理院タイル 標高タイル 2026-10-08
S00dalr0,西江井ヶ島,"134.90817,34.68573",12.7,DEM5A,地理院タイル 標高タイル 2026-10-08
S00dkhpf,鳥浜,"139.64180,35.37718",2.7,DEM5A,地理院タイル 標高タイル 2026-10-08
S00dymvz,金武,"129.85453,33.25186",16.3,DEM5A,地理院タイル 標高タイル 2026-10-08
S00e77oe,越中宮崎,"137.59950,36.97387",7.3,DEM5A,地理院タイル 標高タイル 2026-10-08
S00en9j9,南羽生,"139.55695,36.14963",15.0,DEM5A,地理院タイル 標高タイル 2026-10-08
S00eq0lk,鳩ノ巣,"139.12894,35.81511",318.1,DEM5A,地理院タイル 標高タイル 2026-10-08
S00f2b3b,塩山,"138.73456,35.70538",410.2,DEM5A,地理院タイル 標高タイル 2026-10-08
S00f30ni,東員,"136.58706,35.07816",38.6,DEM5A,地理院タイル 標高タイル 2026-10-08
S00f34hb,田中口,"135.19294,34.22722",3.4,DEM5A,地理院タイル 標高タイル 2026-10-08
S00fut8a,太秦,"135.70063,35.01696",44.3,DEM5A,地理院タイル 標高タイル 2026-10-08
S00fv34z,長門市,"131.18559,34.37538",3.2,DEM5A,地理院タイル 標高タイル 2026-10-08
S00g27qn,豊浜,"133.64453,34.08039",10.9,DEM5A,地理院タイル 標高タイル 2026-10-08
S00gbnvl,宝木,"134.08245,35.51408",5.9,DEM5A,地理院タイル 標高タイル 2026-10-08
S00gx13i,大沢,"140.20035,37.83731",470.5,DEM5A,地理院タイル 標高タイル 2026-10-08
S00i1249,割出,"136.64843,36.60289",3.0,DEM5A,地理院タイル 標高タイル 2026-10-08
S00i8xea,後閑,"139.00008,36.67958",378.7,DEM5A,地理院タイル 標高タイル 2026-10-08
S00igg2i,北府,"136.16660,35.91011",30.8,DEM5A,地理院タイル 標高タイル 2026-10-08
S00ij2b8,七軒茶屋,"132.48117,34.47264",9.1,DEM5A,地理院タイル 標高タイル 2026-10-08
S00jl883,塚原,"139.12672,35.30134",24.6,DEM5A,地理院タイル 標高タイル 2026-10-08
S00k25ae,桃川,"129.95666,33.27184",28.1,DEM5A,地理院タイル 標高タイル 2026-10-08
S00kke1n,狛江,"139.57738,35.63225",22.4,DEM5A,地理院タイル 標高タイル 2026-10-08
S00l3qi9,由仁,"141.78585,43.01225",36.1,DEM5A,地理院タイル 標高タイル 2026-10-08
S00l8w41,西川緑道公園,"133.92328,34.66554",2.9,DEM5A,地理院タイル 標高タイル 2026-10-08
S00lr98x,新屋敷,"130.55385,31.58331",3.0,DEM5A,地理院タイル 標高タイル 2026-10-08
S00mgwap,砥堀,"134.72487,34.86642",28.3,DEM5A,地理院タイル 標高タイル 2026-10-08
S00nb8g6,越後大島,"139.51833,38.09965",24.6,DEM5A,地理院タイル 標高タイル 2026-10-08
S00ngv7j,甲州街道,"139.40915,35.67825",67.8,DEM5A,地理院タイル 標高タイル 2026-10-08
S00nsr8j,女鹿,"139.88097,39.09875",23.4,DEM5A,地理院タイル 標高タイル 2026-10-08
S00o7vvx,西田井,"140.04864,36.45333",71.9,DEM5A,地理院タイル 標高タイル 2026-10-08
S00od9zf,岩手船越,"141.97404,39.43133",13.0,DEM5A,地理院タイル 標高タイル 2026-10-08
S00olf9h,ひぐち,"139.97037,36.35847",54.3,DEM5A,地理院タイル 標高タイル 2026-10-08
S00oo6lf,勾当台公園,"140.87120,38.26673",44.4,DEM5A,地理院タイル 標高タイル 2026-10-08
S00osc8a,伊予亀岡,"132.87416,34.05385",4.4,DEM5A,地理院タイル 標高タイル 2026-10-08
S00pesda,水前寺公園,"130.73224,32.79002",9.1,DEM5A,地理院タイル 標高タイル 2026-10-08
S00q5tf2,万博記念公園,"140.05937,36.05840",13.7,DEM5A,地理院タイル 標高タイル 2026-10-08
S00qgeio,布忍,"135.53941,34.57785",17.8,DEM5A,地理院タイル 標高タイル 2026-10-08
S00qjacx,権堂,"138.19211,36.65324",365.5,DEM5A,地理院タイル 標高タイル 2026-10-08
S00qromb,妙見口,"135.44458,34.91152",187.9,DEM5A,地理院タイル 標高タイル 2026-10-08
S00qwbyc,妙興寺,"136.79822,35.28730",6.9,DEM5A,地理院タイル 標高タイル 2026-10-08
S00qx22s,富原,"133.61239,35.05492",281.4,DEM5A,地理院タイル 標高タイル 2026-10-08
S00r0742,島原,"130.37061,32.79060",4.4,DEM5A,地理院タイル 標高タイル 2026-10-08
S00r29x7,南町,"132.77952,33.84739",35.1,DEM5A,地理院タイル 標高タイル 2026-10-08
S00rc51i,福山,"133.36133,34.48926",3.2,DEM5A,地理院タイル 標高タイル 2026-10-08
S00rtnr7,山吹,"137.90335,35.57778",458.7,DEM5A,地理院タイル 標高タイル 2026-10-08
S00sb4ej,港町,"139.71262,35.53507",2.8,DEM5A,地理院タイル 標高タイル 2026-10-08
S00t1d7u,笠岡,"133.50456,34.50480",2.7,DEM5A,地理院タイル 標高タイル 2026-10-08
S00t3l14,比延,"134.99574,34.98877",63.0,DEM5A,地理院タイル 標高タイル 2026-10-08
S00tgau5,京急東神奈川,"139.63493,35.47756",9.7,DEM5A,地理院タイル 標高タイル 2026-10-08
S00u8pnt,古間,"138.23048,36.79240",633.6,DEM5A,地理院タイル 標高タイル 2026-10-08
S00uii7e,海浦,"130.48869,32.32797",27.2,DEM5A,地理院タイル 標高タイル 2026-10-08
S00v6t37,横江,"137.33566,36.58207",252.4,DEM5A,地理院タイル 標高タイル 2026-10-08
S00v9hl0,大物,"135.42596,34.71655",-1.5,DEM5A,地理院タイル 標高タイル 2026-10-08
S00vql88,知多奥田,"136.86449,34.78719",3.2,DEM5A,地理院タイル 標高タイル 2026-10-08
S00vthjl,二俣,"135.15449,35.41320",27.9,DEM5A,地理院タイル 標高タイル 2026-10-08
S00vy1ak,三間坂,"129.94778,33.19473",82.5,DEM5A,地理院タイル 標高タイル 2026-10-08
S00w2ewx,甲斐岩間,"138.46308,35.49251",228.0,DEM5A,地理院タイル 標高タイル 2026-10-08
S00w8gal,勝瑞,"134.52826,34.12808",3.2,DEM5A,地理院タイル 標高タイル 2026-10-08
S00wal0k,幌別,"141.10728,42.40968",4.4,DEM5A,地理院タイル 標高タイル 2026-10-08
S00wh8pw,摂津市,"135.55368,34.78637",6.8,DEM5A,地理院タイル 標高タイル 2026-10-08
S00x8eas,西山名,"139.03207,36.27082",92.7,DEM5A,地理院タイル 標高タイル 2026-10-08
S00xil38,出雲科学館パークタウン前,"132.76651,35.36306",9.9,DEM5A,地理院タイル 標高タイル 2026-10-08
S00xnhyo,嘉瀬,"140.46936,40.88097",14.5,DEM5A,地理院タイル 標高タイル 2026-10-08
S00y2w9x,大森,"139.72811,35.58885",6.2,DEM5A,地理院タイル 標高タイル 2026-10-08
S00yejnu,大谷地,"141.45315,43.02793",25.1,DEM5A,地理院タイル 標高タイル 2026-10-08
S00yezap,篠路,"141.36424,43.14508",3.4,DEM5A,地理院タイル 標高タイル 2026-10-08
S00yox6i,保々,"136.56592,35.04677",32.3,DEM5A,地理院タイル 標高タイル 2026-10-08
S00yr7kr,小田急永山,"139.44813,35.62990",80.1,DEM5A,地理院タイル 標高タイル 2026-10-08
S00yu48x,高久,"140.08735,36.99651",313.2,DEM5A,地理院タイル 標高タイル 2026-10-08
S00yvdkx,竜王,"138.51935,35.66868",286.9,DEM5A,地理院タイル 標高タイル 2026-10-08
S00yvubg,蟇目,"141.83884,39.62929",28.1,DEM5A,地理院タイル 標高タイル 2026-10-08
S00zi3if,湘南海岸公園,"139.48332,35.31520",3.2,DEM5A,地理院タイル 標高タイル 2026-10-08
S00zjkzc,川治湯元,"139.70277,36.89520",510.4,DEM5A,地理院タイル 標高タイル 2026-10-08
S00zkaha,北永野田,"130.87456,31.78207",329.7,DEM5A,地理院タイル 標高タイル 2026-10-08
S00zv7dy,八幡平,"140.80445,40.14299",168.2,DEM5A,地理院タイル 標高タイル 2026-10-08
S0103ltx,赤間,"130.56959,33.80823",8.2,DEM5A,地理院タイル 標高タイル 2026-10-08
S010fy2a,舞木,"140.43531,37.41670",245.2,DEM5A,地理院タイル 標高タイル 2026-10-08
S010my31,品川シーサイド,"139.74980,35.60979",1.9,DEM5A,地理院タイル 標高タイル 2026-10-08
S0113spf,三河大野,"137.60300,34.95198",99.1,DEM5A,地理院タイル 標高タイル 2026-10-08
S0114z5g,大塚駅前,"139.72946,35.73162",16.7,DEM5A,地理院タイル 標高タイル 2026-10-08
S0116qpf,馬出九大病院前,"130.41965,33.60962",3.3,DEM5A,地理院タイル 標高タイル 2026-10-08
S011nxmg,東宮原,"139.61822,35.94268",13.7,DEM5A,地理院タイル 標高タイル 2026-10-08
S012coml,大谷向,"139.69194,36.73228",388.9,DEM5A,地理院タイル 標高タイル 2026-10-08
S012d01i,八東,"134.31656,35.36360",103.9,DEM5A,地理院タイル 標高タイル 2026-10-08
S012euxo,豊幌,"141.62476,43.13649",7.1,DEM5A,地理院タイル 標高タイル 2026-10-08
S012h0vn,中田,"140.36474,40.78758",6.0,DEM5A,地理院タイル 標高タイル 2026-10-08
S012whb3,直方,"130.72481,33.74811",8.0,DEM5A,地理院タイル 標高タイル 2026-10-08
S0138xpq,学習院下,"139.71231,35.71575",9.6,DEM5A,地理院タイル 標高タイル 2026-10-08
S0139kin,比津,"136.27081,34.53230",231.0,DEM5A,地理院タイル 標高タイル 2026-10-08
S013h50y,横芝,"140.49078,35.66179",6.0,DEM5A,地理院タイル 標高タイル 2026-10-08
S013wn9h,三河鹿島,"137.18970,34.81331",2.7,DEM5A,地理院タイル 標高タイル 2026-10-08
S014zx28,指宿,"130.64261,31.23697",7.4,DEM5A,地理院タイル 標高タイル 2026-10-08
S0152op7,東中野,"139.68417,35.70681",30.7,DEM5A,地理院タイル 標高タイル 2026-10-08
S01576yk,碧海古井,"137.09084,34.93720",14.3,DEM5A,地理院タイル 標高タイル 2026-10-08
S015bv9z,瓜連,"140.44953,36.49820",39.6,DEM5A,地理院タイル 標高タイル 2026-10-08
S015trzn,羽前金沢,"140.27045,38.32087",93.5,DEM5A,地理院タイル 標高タイル 2026-10-08
S01602oe,茅町,"136.13570,34.76155",149.1,DEM5A,地理院タイル 標高タイル 2026-10-08
S0160cmt,あき総合病院前,"133.89750,33.50429",13.6,DEM5A,地理院タイル 標高タイル 2026-10-08
S0168z6y,おりはた,"140.12247,38.06645",234.2,DEM5A,地理院タイル 標高タイル 2026-10-08
S016adw4,尼崎センタープール前,"135.39525,34.71787",-0.5,DEM5A,地理院タイル 標高タイル 2026-10-08
S016w6nz,片瀬山,"139.49627,35.31732",45.1,DEM5A,地理院タイル 標高タイル 2026-10-08
S01753pw,北坂戸,"139.39685,35.97198",23.8,DEM5A,地理院タイル 標高タイル 2026-10-08
S017dsoa,山北,"139.08077,35.36081",107.0,DEM5A,地理院タイル 標高タイル 2026-10-08
S017uner,西高蔵,"136.90180,35.13486",7.0,DEM5A,地理院タイル 標高タイル 2026-10-08
S0182ob2,宇治山田,"136.71402,34.48831",2.0,DEM5A,地理院タイル 標高タイル 2026-10-08
S018tyhz,直見,"131.80775,32.92821",34.2,DEM5A,地理院タイル 標高タイル 2026-10-08
S018w84q,越前たけふ,"136.19891,35.89567",29.7,DEM5A,地理院タイル 標高タイル 2026-10-08
S018yh5y,安芸津,"132.81824,34.31801",3.7,DEM5A,地理院タイル 標高タイル 2026-10-08
S019ispa,札幌,"141.34999,43.06837",17.7,DEM5A,地理院タイル 標高タイル 2026-10-08
S019s5ws,メディカルセンター,"129.87249,32.74043",2.4,DEM5A,地理院タイル 標高タイル 2026-10-08
S019zjem,柳本,"135.83861,34.55920",68.7,DEM5A,地理院タイル 標高タイル 2026-10-08
S01a7v0k,江島,"137.44155,34.86786",29.8,DEM5A,地理院タイル 標高タイル 2026-10-08
S01ahx5n,湖遊館新駅,"132.86214,35.45269",1.6,DEM5A,地理院タイル 標高タイル 2026-10-08
S01ai4pm,備前原,"133.94500,34.70498",8.8,DEM5A,地理院タイル 標高タイル 2026-10-08
S01b4kq0,柏原,"136.40232,35.34459",171.0,DEM5A,地理院タイル 標高タイル 2026-10-08
S01bbt3o,春江,"136.22874,36.12976",8.3,DEM5A,地理院タイル 標高タイル 2026-10-08
S01bdie7,稲荷山公園,"139.39937,35.84469",91.6,DEM5A,地理院タイル 標高タイル 2026-10-08
S01c00ks,東白楽,"139.62953,35.48340",4.9,DEM5A,地理院タイル 標高タイル 2026-10-08
S01cch9v,荒野台,"140.62521,36.01693",35.4,DEM5A,地理院タイル 標高タイル 2026-10-08
S01chfjl,資生館小学校前,"141.34926,43.05512",23.0,DEM5A,地理院タイル 標高タイル 2026-10-08
S01cktnb,川西池田,"135.40981,34.82489",25.6,DEM5A,地理院タイル 標高タイル 2026-10-08
S01cxwan,木場,"139.80712,35.66935",-0.3,DEM5A,地理院タイル 標高タイル 2026-10-08
S01daypr,清滝,"139.26670,35.63108",202.5,DEM5A,地理院タイル 標高タイル 2026-10-08
S01dn9r2,畝傍,"135.79459,34.50817",65.0,DEM5A,地理院タイル 標高タイル 2026-10-08
S01dq2h5,赤坂,"138.91608,35.56605",445.7,DEM5A,地理院タイル 標高タイル 2026-10-08
S01dq54h,横須賀,"139.65481,35.28424",3.5,DEM5A,地理院タイル 標高タイル 2026-10-08
S01dugdy,岸里,"135.49380,34.63420",2.0,DEM5A,地理院タイル 標高タイル 2026-10-08
S01eemwt,厚岸,"144.84133,43.05626",2.8,DEM5A,地理院タイル 標高タイル 2026-10-08
S01eg6k0,久慈,"141.77085,40.19051",5.5,DEM5A,地理院タイル 標高タイル 2026-10-08
S01ej00d,日向沓掛,"131.34436,31.84150",91.4,DEM5A,地理院タイル 標高タイル 2026-10-08
S01envp2,棚方,"129.65179,33.20159",3.6,DEM5A,地理院タイル 標高タイル 2026-10-08
S01ernio,岩泉小本,"141.95845,39.84276",10.8,DEM5A,地理院タイル 標高タイル 2026-10-08
S01exorc,粟津,"136.42458,36.35577",10.7,DEM5A,地理院タイル 標高タイル 2026-10-08
S01f8u4i,東岡崎,"137.16745,34.95203",21.5,DEM5A,地理院タイル 標高タイル 2026-10-08
S01fcj60,三門,"140.39145,35.28292",7.9,DEM5A,地理院タイル 標高タイル 2026-10-08
S01fshbb,茶内,"145.02807,43.12920",42.4,DEM5A,地理院タイル 標高タイル 2026-10-08
S01gfgvm,宮崎空港,"131.43958,31.87248",5.5,DEM5A,地理院タイル 標高タイル 2026-10-08
S01hcy27,長門長沢,"131.19671,33.96653",5.5,DEM5A,地理院タイル 標高タイル 2026-10-08
S01hpjlz,土佐久礼,"133.22645,33.32903",7.7,DEM5A,地理院タイル 標高タイル 2026-10-08
S01i3a8c,足利,"139.45635,36.33187",34.0,DEM5A,地理院タイル 標高タイル 2026-10-08
S01i67f7,若宮,"139.82830,37.53541",192.0,DEM5A,地理院タイル 標高タイル 2026-10-08
S01i7vqt,千城台北,"140.18201,35.62756",31.7,DEM5A,地理院タイル 標高タイル 2026-10-08
S01ikdz9,本宿,"139.25934,36.48143",230.9,DEM5A,地理院タイル 標高タイル 2026-10-08
S01jfac3,東田坂上,"137.40841,34.76573",18.9,DEM5A,地理院タイル 標高タイル 2026-10-08
S01jg8im,青沼,"138.48918,36.18131",722.3,DEM5A,地理院タイル 標高タイル 2026-10-08
S01jrdu3,南石井,"140.41693,36.89471",170.4,DEM5A,地理院タイル 標高タイル 2026-10-08
S01jv0bn,葛西,"139.87231,35.66363",0.2,DEM5A,地理院タイル 標高タイル 2026-10-08
S01jwgf9,野州平川,"139.75378,36.40156",53.5,DEM5A,地理院タイル 標高タイル 2026-10-08
S01jzz4z,生田,"139.54180,35.61494",35.3,DEM5A,地理院タイル 標高タイル 2026-10-08
S01ka60b,不破一色,"136.72191,35.33297",6.5,DEM5A,地理院タイル 標高タイル 2026-10-08
S01kdkb9,仲ノ町,"140.83376,35.72879",4.2,DEM5A,地理院タイル 標高タイル 2026-10-08
S01kfq9r,敬川,"132.17403,34.97782",3.9,DEM5A,地理院タイル 標高タイル 2026-10-08
S01kuzgo,狭間,"139.29364,35.64059",185.2,DEM5A,地理院タイル 標高タイル 2026-10-08
S01kv2dh,北勢中央公園口,"136.56605,35.06061",47.4,DEM5A,地理院タイル 標高タイル 2026-10-08
S01kzfp3,苅田,"130.97872,33.78513",8.6,DEM5A,地理院タイル 標高タイル 2026-10-08
S01l3t9g,富士フイルム前,"139.10951,35.31770",37.4,DEM5A,地理院タイル 標高タイル 2026-10-08
S01lauk1,須恵,"130.49807,33.59683",17.5,DEM5A,地理院タイル 標高タイル 2026-10-08
S01ldhcx,松戸新田,"139.92233,35.79066",27.9,DEM5A,地理院タイル 標高タイル 2026-10-08
S01lmfqa,大津,"135.86501,35.00301",107.2,DEM5A,地理院タイル 標高タイル 2026-10-08
S01lt5zs,平戸橋,"137.18459,35.11454",57.0,DEM5A,地理院タイル 標高タイル 2026-10-08
S01lwhjt,佐味田川,"135.73108,34.58521",43.9,DEM5A,地理院タイル 標高タイル 2026-10-08
S01m0dqa,三宮,"135.19386,34.69420",12.5,DEM5A,地理院タイル 標高タイル 2026-10-08
S01mp4sh,宝塚,"135.34088,34.81077",44.2,DEM5A,地理院タイル 標高タイル 2026-10-08
S01mtybv,長谷,"139.53626,35.31132",4.4,DEM5A,地理院タイル 標高タイル 2026-10-08
S01n2vfw,北上尾,"139.57757,35.98515",18.4,DEM5A,地理院タイル 標高タイル 2026-10-08
S01n79ar,調川,"129.72754,33.35218",4.1,DEM5A,地理院タイル 標高タイル 2026-10-08
S01oguhp,喜多山,"132.61144,33.53343",21.0,DEM5A,地理院タイル 標高タイル 2026-10-08
S01oj5zm,隅田,"135.65557,34.32809",109.2,DEM5A,地理院タイル 標高タイル 2026-10-08
S01ond2j,井細田,"139.15740,35.26897",10.9,DEM5A,地理院タイル 標高タイル 2026-10-08
S01orc7i,紀伊日置,"135.45805,33.58490",8.6,DEM5A,地理院タイル 標高タイル 2026-10-08
S01ozx5g,下島,"137.87189,36.20614",668.9,DEM5A,地理院タイル 標高タイル 2026-10-08
S01p1dlq,水口石橋,"136.17161,34.97001",173.7,DEM5A,地理院タイル 標高タイル 2026-10-08
S01pf441,矢幅,"141.14811,39.61281",114.1,DEM5A,地理院タイル 標高タイル 2026-10-08
S01q4mf3,出屋敷,"135.40461,34.71826",-1.5,DEM5A,地理院タイル 標高タイル 2026-10-08
S01r5fld,真申,"129.65143,33.20651",2.6,DEM5A,地理院タイル 標高タイル 2026-10-08
S01ro443,すすきの,"141.35294,43.05547",23.2,DEM5A,地理院タイル 標高タイル 2026-10-08
S01rwfnt,中山観音,"135.36929,34.81954",60.0,DEM5A,地理院タイル 標高タイル 2026-10-08
S01rxrus,二宮,"139.25675,35.29867",20.8,DEM5A,地理院タイル 標高タイル 2026-10-08
S01s3z51,横磯,"139.89091,40.62997",26.3,DEM5A,地理院タイル 標高タイル 2026-10-08
S01seq0f,今池,"130.73976,33.84555",20.4,DEM5A,地理院タイル 標高タイル 2026-10-08
S01t0vqy,吉備津,"133.84624,34.67441",3.5,DEM5A,地理院タイル 標高タイル 2026-10-08
S01t12x5,国母,"138.55205,35.63056",259.4,DEM5A,地理院タイル 標高タイル 2026-10-08
S01u4mx4,御門台,"138.45254,35.00791",17.1,DEM5A,地理院タイル 標高タイル 2026-10-08
S01uqu4t,丹治部,"133.55371,35.04634",359.8,DEM5A,地理院タイル 標高タイル 2026-10-08
S01uukhp,柳,"136.59597,34.87136",5.9,DEM5A,地理院タイル 標高タイル 2026-10-08
S01v686z,研究学園,"140.08228,36.08217",25.4,DEM5A,地理院タイル 標高タイル 2026-10-08
S01vfuba,伊豆北川,"139.07573,34.82728",35.0,DEM5A,地理院タイル 標高タイル 2026-10-08
S01vp11k,南御殿場,"138.92572,35.27723",416.2,DEM5A,地理院タイル 標高タイル 2026-10-08
S01w8sxa,信濃荒井,"137.94952,36.22907",584.0,DEM5A,地理院タイル 標高タイル 2026-10-08
S01whfuf,広島駅,"132.47508,34.39675",3.4,DEM5A,地理院タイル 標高タイル 2026-10-08
S01x78f0,磯部,"136.64850,36.59648",5.8,DEM5A,地理院タイル 標高タイル 2026-10-08
S01x7s3y,中目黒,"139.69893,35.64419",9.0,DEM5A,地理院タイル 標高タイル 2026-10-08
S01x93n2,鹿渡,"140.08260,40.04465",7.1,DEM5A,地理院タイル 標高タイル 2026-10-08
S01xc8rn,九段下,"139.75123,35.69571",6.0,DEM5A,地理院タイル 標高タイル 2026-10-08
S01xjrfj,東犀川三四郎,"130.94900,33.66139",17.9,DEM5A,地理院タイル 標高タイル 2026-10-08
S01xp5z1,帝塚山四丁目,"135.49898,34.61762",10.5,DEM5A,地理院タイル 標高タイル 2026-10-08
S01xq6m4,千住大橋,"139.79705,35.74241",0.8,DEM5A,地理院タイル 標高タイル 2026-10-08
S01xwkat,日比野,"136.89309,35.13276",1.1,DEM5A,地理院タイル 標高タイル 2026-10-08
S01xyxf2,小屋平,"137.64709,36.71109",535.6,DEM5A,地理院タイル 標高タイル 2026-10-08
S01y43ek,京王稲田堤,"139.53194,35.63417",28.9,DEM5A,地理院タイル 標高タイル 2026-10-08
S01ypqg5,能瀬,"136.71981,36.69330",4.3,DEM5A,地理院タイル 標高タイル 2026-10-08
S01yxo9c,六甲道,"135.23841,34.71480",23.2,DEM5A,地理院タイル 標高タイル 2026-10-08
S01z39ta,黒松,"140.88628,38.30315",39.5,DEM5A,地理院タイル 標高タイル 2026-10-08
S01z3jfw,小金城趾,"139.91688,35.83602",4.8,DEM5A,地理院タイル 標高タイル 2026-10-08
S01zlmt8,油島,"141.17572,38.79711",8.7,DEM5A,地理院タイル 標高タイル 2026-10-08
S01zpjiq,寺地町,"135.46939,34.57362",3.4,DEM5A,地理院タイル 標高タイル 2026-10-08
S01zship,熊山,"134.10945,34.78359",18.7,DEM5A,地理院タイル 標高タイル 2026-10-08
S020ado6,新江古田,"139.67057,35.73249",38.1,DEM5A,地理院タイル 標高タイル 2026-10-08
S020fh5v,龍ケ崎市,"140.13797,35.92979",7.4,DEM5A,地理院タイル 標高タイル 2026-10-08
S020k59l,南小倉,"130.86480,33.87010",9.4,DEM5A,地理院タイル 標高タイル 2026-10-08
S020zqj9,金川,"133.93368,34.79203",33.9,DEM5A,地理院タイル 標高タイル 2026-10-08
S021073p,大磯,"139.31334,35.31150",17.7,DEM5A,地理院タイル 標高タイル 2026-10-08
S0216lcc,北条町,"134.83217,34.92914",61.1,DEM5A,地理院タイル 標高タイル 2026-10-08
S021q479,桐原,"138.21307,36.66567",378.9,DEM5A,地理院タイル 標高タイル 2026-10-08
S021v3a3,鷹野橋,"132.45403,34.38345",1.5,DEM5A,地理院タイル 標高タイル 2026-10-08
S0229tmx,松浦発電所前,"129.68589,33.34720",13.5,DEM5A,地理院タイル 標高タイル 2026-10-08
S022su0m,南瀬高,"130.47122,33.13336",5.3,DEM5A,地理院タイル 標高タイル 2026-10-08
S023fojj,津島,"136.73107,35.17803",-0.8,DEM5A,地理院タイル 標高タイル 2026-10-08
S023ms8c,宮之阪,"135.65669,34.81368",10.3,DEM5A,地理院タイル 標高タイル 2026-10-08
S023oamq,鴻巣,"139.50958,36.05924",23.0,DEM5A,地理院タイル 標高タイル 2026-10-08
S02496qu,伊勢崎,"139.19413,36.32665",66.2,DEM5A,地理院タイル 標高タイル 2026-10-08
S024bypr,幸,"130.06621,32.83725",3.1,DEM5A,地理院タイル 標高タイル 2026-10-08
S02519l1,本通,"132.45707,34.39338",2.3,DEM5A,地理院タイル 標高タイル 2026-10-08
S025o7wb,三会,"130.35714,32.81497",7.1,DEM5A,地理院タイル 標高タイル 2026-10-08
S025o8ls,会津荒海,"139.73369,37.15331",612.9,DEM5A,地理院タイル 標高タイル 2026-10-08
S025xc7i,粟津,"135.89563,34.98477",91.2,DEM5A,地理院タイル 標高タイル 2026-10-08
S026bszp,天神,"130.39863,33.59126",4.0,DEM5A,地理院タイル 標高タイル 2026-10-08
S026q1i4,久根別,"140.66654,41.82667",4.9,DEM5A,地理院タイル 標高タイル 2026-10-08
S027bycn,浅香山,"135.49100,34.58943",5.6,DEM5A,地理院タイル 標高タイル 2026-10-08
S027gkyv,南彦根,"136.24802,35.24608",98.0,DEM5A,地理院タイル 標高タイル 2026-10-08
S027qlrr,三ツ沢上町,"139.60553,35.47642",19.5,DEM5A,地理院タイル 標高タイル 2026-10-08
S027rzwe,古町,"132.75501,33.84697",18.5,DEM5A,地理院タイル 標高タイル 2026-10-08
S027ud0i,野蒜,"141.15658,38.37890",23.3,DEM5A,地理院タイル 標高タイル 2026-10-08
S028kk5k,赤池,"130.76865,33.69210",20.2,DEM5A,地理院タイル 標高タイル 2026-10-08
S028lsfs,日吉,"135.50348,35.16204",155.7,DEM5A,地理院タイル 標高タイル 2026-10-08
S0294uab,千葉寺,"140.13217,35.59036",5.7,DEM5A,地理院タイル 標高タイル 2026-10-08
S029cpi8,台場,"139.77138,35.62587",5.8,DEM5A,地理院タイル 標高タイル 2026-10-08
S029dzyl,大手町駅前,"132.75547,33.84031",17.8,DEM5A,地理院タイル 標高タイル 2026-10-08
S029luwg,西富士宮,"138.60253,35.22545",122.4,DEM5A,地理院タイル 標高タイル 2026-10-08
S02a0otz,上総牛久,"140.14230,35.40020",28.8,DEM5A,地理院タイル 標高タイル 2026-10-08
S02a7h32,上諸江,"136.64908,36.59101",5.1,DEM5A,地理院タイル 標高タイル 2026-10-08
S02aajdz,斗賀野,"133.28638,33.47547",100.0,DEM5A,地理院タイル 標高タイル 2026-10-08
S02as3ra,松島海岸,"141.05884,38.36837",5.3,DEM5A,地理院タイル 標高タイル 2026-10-08
S02b4u77,新大村,"129.95719,32.93273",29.6,DEM5A,地理院タイル 標高タイル 2026-10-08
S02b70qh,折壁,"141.45227,38.93941",157.7,DEM10B,地理院タイル 標高タイル 2026-10-08
S02b9377,西ヶ原,"139.74226,35.74594",23.5,DEM5A,地理院タイル 標高タイル 2026-10-08
S02c08bf,有明,"137.87825,36.36001",540.3,DEM5A,地理院タイル 標高タイル 2026-10-08
S02c4cam,釧路,"144.38204,42.99057",1.8,DEM5A,地理院タイル 標高タイル 2026-10-08
S02cdbyt,青野ヶ原,"134.92798,34.89731",37.6,DEM5A,地理院タイル 標高タイル 2026-10-08
S02d7sss,光洋台,"132.76095,33.92685",2.1,DEM5A,地理院タイル 標高タイル 2026-10-08
S02dekb8,不二越,"137.23246,36.68787",13.0,DEM5A,地理院タイル 標高タイル 2026-10-08
S02dkjxy,田野倉,"138.93121,35.59347",392.7,DEM5A,地理院タイル 標高タイル 2026-10-08
S02dnu2g,原当麻,"139.37536,35.52900",74.7,DEM5A,地理院タイル 標高タイル 2026-10-08
S02evoo3,越前開発,"136.24128,36.07531",9.4,DEM5A,地理院タイル 標高タイル 2026-10-08
S02gsz83,深日町,"135.14806,34.31827",10.3,DEM5A,地理院タイル 標高タイル 2026-10-08
S02hb8x0,南若松,"139.91445,37.45904",231.2,DEM5A,地理院タイル 標高タイル 2026-10-08
S02hgxaz,柳津,"136.73993,35.36504",6.8,DEM5A,地理院タイル 標高タイル 2026-10-08
S02hkmhq,山岸,"141.17145,39.71610",139.8,DEM5A,地理院タイル 標高タイル 2026-10-08
S02hoo9t,新可児,"137.05568,35.42327",91.3,DEM5A,地理院タイル 標高タイル 2026-10-08
S02hqe3u,栃木,"139.73126,36.37180",42.0,DEM5A,地理院タイル 標高タイル 2026-10-08
S02hroqu,常滑,"136.83511,34.89117",1.7,DEM5A,地理院タイル 標高タイル 2026-10-08
S02hunx8,愛知川,"136.21342,35.17616",104.2,DEM5A,地理院タイル 標高タイル 2026-10-08
S02i2w4z,東大宮,"139.64026,35.94836",13.1,DEM5A,地理院タイル 標高タイル 2026-10-08
S02ik59l,西大塚,"140.06465,38.05544",210.3,DEM5A,地理院タイル 標高タイル 2026-10-08
S02izvc4,田原本,"135.79087,34.55309",49.5,DEM5A,地理院タイル 標高タイル 2026-10-08
S02j07cs,久留里,"140.07560,35.29579",40.0,DEM5A,地理院タイル 標高タイル 2026-10-08
S02j282o,下山口,"139.44117,35.77945",73.6,DEM5A,地理院タイル 標高タイル 2026-10-08
S02j6dmb,網田,"130.54684,32.66745",5.1,DEM5A,地理院タイル 標高タイル 2026-10-08
S02jcp8b,山寺,"140.43478,38.30958",238.2,DEM5A,地理院タイル 標高タイル 2026-10-08
S02jcp9q,石岡,"140.27996,36.19120",15.4,DEM5A,地理院タイル 標高タイル 2026-10-08
S02jx8yp,稲荷町,"132.47165,34.39289",2.3,DEM5A,地理院タイル 標高タイル 2026-10-08
S02kepf3,西4丁目,"141.35184,43.05889",21.4,DEM5A,地理院タイル 標高タイル 2026-10-08
S02kvxm3,だいどう豊里,"135.54447,34.74399",2.9,DEM5A,地理院タイル 標高タイル 2026-10-08
S02l8lnz,新鉾田,"140.52040,36.15266",6.5,DEM5A,地理院タイル 標高タイル 2026-10-08
S02lakmv,富水,"139.14516,35.29677",21.8,DEM5A,地理院タイル 標高タイル 2026-10-08
S02ll9kh,谷上,"135.17129,34.76161",242.3,DEM5A,地理院タイル 標高タイル 2026-10-08
S02lm1bv,芦屋川,"135.30079,34.73639",30.8,DEM5A,地理院タイル 標高タイル 2026-10-08
S02lvy4r,赤木,"137.94395,35.77793",635.6,DEM5A,地理院タイル 標高タイル 2026-10-08
S02lxllc,御花畑,"139.08364,35.99236",229.4,DEM5A,地理院タイル 標高タイル 2026-10-08
S02mmm33,土井,"130.46614,33.63511",7.9,DEM5A,地理院タイル 標高タイル 2026-10-08
S02naox4,北山,"135.76560,35.05126",72.3,DEM5A,地理院タイル 標高タイル 2026-10-08
S02ntp6d,三ノ輪,"139.79117,35.72928",3.5,DEM5A,地理院タイル 標高タイル 2026-10-08
S02nu6jq,米川,"132.01495,34.07456",38.3,DEM5A,地理院タイル 標高タイル 2026-10-08
S02nv319,赤岩口,"137.42912,34.76340",20.7,DEM5A,地理院タイル 標高タイル 2026-10-08
S02od1bb,重安,"131.20866,34.19430",101.2,DEM5A,地理院タイル 標高タイル 2026-10-08
S02ogko3,小川町,"139.26067,36.05886",91.3,DEM5A,地理院タイル 標高タイル 2026-10-08
S02oswjn,鶴ヶ丘,"135.51710,34.61803",7.5,DEM5A,地理院タイル 標高タイル 2026-10-08
S02palua,一武,"130.83994,32.21456",123.8,DEM5A,地理院タイル 標高タイル 2026-10-08
S02ps7c0,新町,"130.69734,32.79959",12.0,DEM5A,地理院タイル 標高タイル 2026-10-08
S02pyfh5,魚崎,"135.26916,34.71316",12.4,DEM5A,地理院タイル 標高タイル 2026-10-08
S02q38y6,下新,"137.92262,36.22514",605.2,DEM5A,地理院タイル 標高タイル 2026-10-08
S02qmnwv,石鳥谷,"141.14688,39.49090",88.8,DEM5A,地理院タイル 標高タイル 2026-10-08
S02qnrlp,馬堀,"135.60259,35.01070",90.6,DEM5A,地理院タイル 標高タイル 2026-10-08
S02qs1rb,心臓血管センター,"139.12899,36.40525",126.9,DEM5A,地理院タイル 標高タイル 2026-10-08
S02r3wur,陸奥赤石,"140.16245,40.76183",9.1,DEM5A,地理院タイル 標高タイル 2026-10-08
S02rc7yr,玄武洞,"134.79934,35.58861",4.5,DEM5A,地理院タイル 標高タイル 2026-10-08
S02rd2m3,新青森,"140.69344,40.82772",8.7,DEM5A,地理院タイル 標高タイル 2026-10-08
S02rryv4,国領,"139.55843,35.65019",32.8,DEM5A,地理院タイル 標高タイル 2026-10-08
S02sstkk,荻川,"139.11163,37.83258",3.8,DEM5A,地理院タイル 標高タイル 2026-10-08
S02swg19,速星,"137.16043,36.66405",13.5,DEM5A,地理院タイル 標高タイル 2026-10-08
S02t6ono,中泉,"130.74289,33.72095",10.4,DEM5A,地理院タイル 標高タイル 2026-10-08
S02t8qwr,要町,"139.69848,35.73322",28.8,DEM5A,地理院タイル 標高タイル 2026-10-08
S02tbu4d,天道,"130.67786,33.60536",23.5,DEM5A,地理院タイル 標高タイル 2026-10-08
S02u4e36,南中郷,"140.72910,36.75351",6.2,DEM5A,地理院タイル 標高タイル 2026-10-08
S02ujn5a,十和田南,"140.77067,40.25597",112.2,DEM5A,地理院タイル 標高タイル 2026-10-08
S02v6l7z,近鉄郡山,"135.78072,34.64605",54.4,DEM5A,地理院タイル 標高タイル 2026-10-08
S02vb81n,平木田,"139.42792,38.09439",22.9,DEM5A,地理院タイル 標高タイル 2026-10-08
S02vl6gn,東尾久三丁目,"139.77382,35.74565",1.9,DEM5A,地理院タイル 標高タイル 2026-10-08
S02w5q7j,吹越,"141.24651,41.02195",16.8,DEM5A,地理院タイル 標高タイル 2026-10-08
S02w8txk,東小泉,"139.42856,36.25971",29.4,DEM5A,地理院タイル 標高タイル 2026-10-08
S02w9gdc,通洞,"139.43965,36.63687",646.3,DEM5A,地理院タイル 標高タイル 2026-10-08
S02wff3q,谷保,"139.44678,35.68138",70.9,DEM5A,地理院タイル 標高タイル 2026-10-08
S02wjkue,東福島,"140.47740,37.79984",70.7,DEM5A,地理院タイル 標高タイル 2026-10-08
S02wycd6,内部,"136.58695,34.92553",11.9,DEM5A,地理院タイル 標高タイル 2026-10-08
S02x52ev,岩滝口,"135.15133,35.55035",3.6,DEM5A,地理院タイル 標高タイル 2026-10-08
S02xazs8,新府,"138.43318,35.73691",449.1,DEM5A,地理院タイル 標高タイル 2026-10-08
S02xhbq9,藤代,"140.11815,35.92056",5.4,DEM5A,地理院タイル 標高タイル 2026-10-08
S02xzb5p,名電各務原,"136.90103,35.40255",51.0,DEM5A,地理院タイル 標高タイル 2026-10-08
S02y2ybn,笹平,"137.62391,36.78323",326.4,DEM5A,地理院タイル 標高タイル 2026-10-08
S02ydh1l,真倉,"135.32625,35.40723",26.0,DEM5A,地理院タイル 標高タイル 2026-10-08
S02ypwv2,瀬戸瀬,"143.42110,44.00876",145.2,DEM5A,地理院タイル 標高タイル 2026-10-08
S02yvg08,宇佐,"131.41231,33.53144",7.1,DEM5A,地理院タイル 標高タイル 2026-10-08
S02ywb1h,留辺蘂,"143.62129,43.78557",197.6,DEM5A,地理院タイル 標高タイル 2026-10-08
S02ywcb0,宮崎台,"139.59085,35.58709",41.9,DEM5A,地理院タイル 標高タイル 2026-10-08
S02z1s7w,西大路三条,"135.73253,35.00789",32.4,DEM5A,地理院タイル 標高タイル 2026-10-08
S02z21wc,浦添前田,"127.73229,26.24384",93.9,DEM5A,地理院タイル 標高タイル 2026-10-08
S02z25yh,鶯谷,"139.77803,35.72145",8.8,DEM5A,地理院タイル 標高タイル 2026-10-08
S02z4sbu,鬼子母神前,"139.71516,35.72058",27.1,DEM5A,地理院タイル 標高タイル 2026-10-08
S02zlyrt,紀伊神谷,"135.57110,34.24274",471.9,DEM5A,地理院タイル 標高タイル 2026-10-08
S02zuiyk,茗荷谷,"139.73690,35.71720",26.5,DEM5A,地理院タイル 標高タイル 2026-10-08
S02zzezd,新大阪,"135.50050,34.73362",1.6,DEM5A,地理院タイル 標高タイル 2026-10-08
S0300r1v,はるひ野,"139.46498,35.61841",96.2,DEM5A,地理院タイル 標高タイル 2026-10-08
S0303iue,本津幡,"136.73231,36.67660",6.0,DEM5A,地理院タイル 標高タイル 2026-10-08
S030e3b6,東松江,"135.14112,34.24777",3.2,DEM5A,地理院タイル 標高タイル 2026-10-08
S030i059,新藤原,"139.73301,36.85245",415.8,DEM5A,地理院タイル 標高タイル 2026-10-08
S030uxa3,金沢文庫,"139.62178,35.34326",1.7,DEM5A,地理院タイル 標高タイル 2026-10-08
S030ybsj,二子玉川,"139.62649,35.61151",12.9,DEM5A,地理院タイル 標高タイル 2026-10-08
S030zmtk,南部,"135.32437,33.76754",7.2,DEM5A,地理院タイル 標高タイル 2026-10-08
S0316x99,中央弘前,"140.47229,40.59916",35.9,DEM5A,地理院タイル 標高タイル 2026-10-08
S031b6zk,東松山,"139.40159,36.03464",34.2,DEM5A,地理院タイル 標高タイル 2026-10-08
S031doyc,池月,"140.83563,38.70906",88.1,DEM5A,地理院タイル 標高タイル 2026-10-08
S031ldln,都留市,"138.90745,35.55721",467.7,DEM5A,地理院タイル 標高タイル 2026-10-08
S031yrqa,盛岡,"141.13644,39.70134",123.7,DEM5A,地理院タイル 標高タイル 2026-10-08
S032sc8j,由比,"138.55282,35.09712",5.8,DEM5A,地理院タイル 標高タイル 2026-10-08
S033fp3a,新富山口,"137.24040,36.71957",8.8,DEM5A,地理院タイル 標高タイル 2026-10-08
S033h59p,播磨徳久,"134.38568,34.99045",96.9,DEM5A,地理院タイル 標高タイル 2026-10-08
S033hc1l,多奈川,"135.13721,34.31674",2.3,DEM5A,地理院タイル 標高タイル 2026-10-08
S033vcgi,八戸ノ里,"135.58942,34.66372",2.6,DEM5A,地理院タイル 標高タイル 2026-10-08
S033wsna,平石中央小学校前,"139.94469,36.55482",108.0,DEM5A,地理院タイル 標高タイル 2026-10-08
S034dels,中書島,"135.76019,34.92673",14.7,DEM5A,地理院タイル 標高タイル 2026-10-08
S0357zv0,須賀,"136.72678,35.33987",5.7,DEM5A,地理院タイル 標高タイル 2026-10-08
S035iv28,長洲,"130.45559,32.93514",4.3,DEM5A,地理院タイル 標高タイル 2026-10-08
S035nq6a,トロッコ嵐山,"135.67092,35.01702",63.4,DEM5A,地理院タイル 標高タイル 2026-10-08
S035sfm7,吉野原,"139.62090,35.95701",12.9,DEM5A,地理院タイル 標高タイル 2026-10-08
S035vobw,浜中,"145.09974,43.15767",77.4,DEM5A,地理院タイル 標高タイル 2026-10-08
S035vxcg,越生,"139.29943,35.96283",67.6,DEM5A,地理院タイル 標高タイル 2026-10-08
S035x6gj,仁方,"132.65528,34.22151",2.4,DEM5A,地理院タイル 標高タイル 2026-10-08
S03670b2,富加,"136.96945,35.47510",68.1,DEM5A,地理院タイル 標高タイル 2026-10-08
S036fwo8,学研北生駒,"135.72342,34.72485",138.2,DEM5A,地理院タイル 標高タイル 2026-10-08
S036reik,尾張横須賀,"136.88555,35.01002",1.9,DEM5A,地理院タイル 標高タイル 2026-10-08
S036rwbx,関門海峡めかり,"130.96813,33.96059",4.8,DEM5A,地理院タイル 標高タイル 2026-10-08
S0375xwb,千倉,"139.95453,34.97681",23.4,DEM5A,地理院タイル 標高タイル 2026-10-08
S0377qp0,浪江,"140.98952,37.49235",11.1,DEM5A,地理院タイル 標高タイル 2026-10-08
S037eb4t,西調布,"139.52951,35.65732",38.8,DEM5A,地理院タイル 標高タイル 2026-10-08
S037gwvp,新清洲,"136.83536,35.21146",3.0,DEM5A,地理院タイル 標高タイル 2026-10-08
S037j209,早戸,"139.59358,37.47008",258.6,DEM5A,地理院タイル 標高タイル 2026-10-08
S0382efd,西衣山,"132.73401,33.85038",9.3,DEM5A,地理院タイル 標高タイル 2026-10-08
S0389bc4,尾奈,"137.54174,34.78401",2.8,DEM5A,地理院タイル 標高タイル 2026-10-08
S038b800,北中込,"138.47670,36.25491",692.9,DEM5A,地理院タイル 標高タイル 2026-10-08
S039i7jc,豊後清川,"131.52215,32.97284",161.6,DEM5A,地理院タイル 標高タイル 2026-10-08
S039lrdz,市役所前,"140.72552,41.76919",1.4,DEM5A,地理院タイル 標高タイル 2026-10-08
S039mpgh,落居,"138.47125,35.50358",246.9,DEM5A,地理院タイル 標高タイル 2026-10-08
S03ao0b5,東総社,"133.75137,34.67771",13.5,DEM5A,地理院タイル 標高タイル 2026-10-08
S03awjc1,蓮町（馬場記念公園前）,"137.22759,36.74222",5.9,DEM5A,地理院タイル 標高タイル 2026-10-08
S03azidj,大手町,"139.76458,35.68551",3.4,DEM5A,地理院タイル 標高タイル 2026-10-08
S03bn7zc,総元,"140.24036,35.24057",51.9,DEM5A,地理院タイル 標高タイル 2026-10-08
S03bnxgs,日向市,"131.62783,32.42592",6.7,DEM5A,地理院タイル 標高タイル 2026-10-08
S03cbsz3,湘南台,"139.46624,35.39634",32.9,DEM5A,地理院タイル 標高タイル 2026-10-08
S03cnbz0,向洋,"132.50600,34.37687",0.4,DEM5A,地理院タイル 標高タイル 2026-10-08
S03cptfo,新小平,"139.47051,35.73094",78.6,DEM5A,地理院タイル 標高タイル 2026-10-08
S03czzyo,北戸田,"139.66144,35.82675",4.3,DEM5A,地理院タイル 標高タイル 2026-10-08
S03d92mq,いこいの村,"131.09443,32.93655",533.0,DEM5A,地理院タイル 標高タイル 2026-10-08
S03doq5f,佐々,"129.64686,33.23671",3.2,DEM5A,地理院タイル 標高タイル 2026-10-08
S03dxqul,古見,"133.76073,35.04921",133.0,DEM5A,地理院タイル 標高タイル 2026-10-08
S03ebtmg,長岡京,"135.70090,34.92350",21.7,DEM5A,地理院タイル 標高タイル 2026-10-08
S03ev36x,乃木坂,"139.72621,35.66659",31.3,DEM5A,地理院タイル 標高タイル 2026-10-08
S03h1vpa,甲東園,"135.35981,34.76676",13.8,DEM5A,地理院タイル 標高タイル 2026-10-08
S03hffnp,韮山,"138.94552,35.05329",12.1,DEM5A,地理院タイル 標高タイル 2026-10-08
S03htr1x,弘高下,"140.46825,40.59298",40.4,DEM5A,地理院タイル 標高タイル 2026-10-08
S03hxl10,東我孫子,"140.04761,35.86898",18.8,DEM5A,地理院タイル 標高タイル 2026-10-08
S03i2566,紀伊細川,"135.55369,34.23574",361.9,DEM5A,地理院タイル 標高タイル 2026-10-08
S03i8js6,新井薬師前,"139.67250,35.71580",37.1,DEM5A,地理院タイル 標高タイル 2026-10-08
S03ix097,大橋通,"133.53639,33.55890",1.6,DEM5A,地理院タイル 標高タイル 2026-10-08
S03jdkob,上総中川,"140.28056,35.28270",21.6,DEM5A,地理院タイル 標高タイル 2026-10-08
S03jmlx6,水天宮前,"139.78513,35.68305",1.5,DEM5A,地理院タイル 標高タイル 2026-10-08
S03k87kh,桃内,"140.98437,37.52866",18.1,DEM5A,地理院タイル 標高タイル 2026-10-08
S03kaq2t,松橋,"130.67049,32.65253",3.8,DEM5A,地理院タイル 標高タイル 2026-10-08
S03kxhql,東森,"140.59355,42.10681",4.8,DEM5A,地理院タイル 標高タイル 2026-10-08
S03kzdw2,越後広田,"138.66123,37.35736",30.4,DEM5A,地理院タイル 標高タイル 2026-10-08
S03lfzfm,天王寺駅前,"135.51302,34.64628",15.9,DEM5A,地理院タイル 標高タイル 2026-10-08
S03lwz0x,岩塚,"136.85442,35.15820",0.8,DEM5A,地理院タイル 標高タイル 2026-10-08
S03msuod,人見,"130.77096,33.68742",18.8,DEM5A,地理院タイル 標高タイル 2026-10-08
S03n57j4,西魚津,"137.39462,36.80377",6.2,DEM5A,地理院タイル 標高タイル 2026-10-08
S03n9nxo,安針塚,"139.64282,35.28668",16.7,DEM5A,地理院タイル 標高タイル 2026-10-08
S03nrrlr,大門,"137.15473,34.98258",17.6,DEM5A,地理院タイル 標高タイル 2026-10-08
S03nwo2o,上金田,"130.78940,33.67242",17.1,DEM5A,地理院タイル 標高タイル 2026-10-08
S03o8gwo,三原,"133.08285,34.40067",3.4,DEM5A,地理院タイル 標高タイル 2026-10-08
S03o9zuv,大岩,"134.30856,35.56685",4.0,DEM5A,地理院タイル 標高タイル 2026-10-08
S03ps1cx,久居,"136.47781,34.67556",23.7,DEM5A,地理院タイル 標高タイル 2026-10-08
S03q80ax,宇部岬,"131.26209,33.93495",4.2,DEM5A,地理院タイル 標高タイル 2026-10-08
S03qt4ow,海老江,"135.47297,34.69564",-0.8,DEM5A,地理院タイル 標高タイル 2026-10-08
S03r3dtr,広木,"130.50345,31.57699",46.5,DEM5A,地理院タイル 標高タイル 2026-10-08
S03rf10z,さぎの宮,"137.75732,34.75727",9.3,DEM5A,地理院タイル 標高タイル 2026-10-08
S03roaum,問寒別,"142.02559,44.91232",15.5,DEM5A,地理院タイル 標高タイル 2026-10-08
S03rsio9,丹生川,"136.51954,35.12271",91.4,DEM5A,地理院タイル 標高タイル 2026-10-08
S03s7t9u,厨川,"141.12886,39.74408",162.9,DEM5A,地理院タイル 標高タイル 2026-10-08
S03s9piw,奥津軽いまべつ,"140.51561,41.14494",33.8,DEM10B,地理院タイル 標高タイル 2026-10-08
S03sqe5n,小川原,"141.29995,40.70979",19.4,DEM5A,地理院タイル 標高タイル 2026-10-08
S03sr9c1,茂吉記念館前,"140.29827,38.17136",175.8,DEM5A,地理院タイル 標高タイル 2026-10-08
S03t3zj7,笠上黒生,"140.85694,35.72837",26.9,DEM5A,地理院タイル 標高タイル 2026-10-08
S03ttei7,美作江見,"134.21962,35.01322",109.6,DEM5A,地理院タイル 標高タイル 2026-10-08
S03u3g08,大沼,"140.66937,41.97202",131.1,DEM5A,地理院タイル 標高タイル 2026-10-08
S03uem8x,植苗,"141.73529,42.71361",16.8,DEM5A,地理院タイル 標高タイル 2026-10-08
S03uk8qe,博多南,"130.43688,33.51796",29.9,DEM5A,地理院タイル 標高タイル 2026-10-08
S03unmpb,市振,"137.65049,36.98045",8.4,DEM5A,地理院タイル 標高タイル 2026-10-08
S03v4af5,湯浅,"135.18018,34.03218",11.2,DEM5A,地理院タイル 標高タイル 2026-10-08
S03vaszd,桑折,"140.51731,37.85517",101.6,DEM5A,地理院タイル 標高タイル 2026-10-08
S03vpkf7,鶴泊,"140.43753,40.73606",12.3,DEM5A,地理院タイル 標高タイル 2026-10-08
S03w2lka,蓮,"138.34919,36.80884",333.2,DEM5A,地理院タイル 標高タイル 2026-10-08
S03wlxu3,上北沢,"139.62341,35.66884",44.3,DEM5A,地理院タイル 標高タイル 2026-10-08
S03wnb7k,安国,"143.53579,43.99332",121.8,DEM5A,地理院タイル 標高タイル 2026-10-08
S03wqenk,金島,"130.62310,33.35324",12.4,DEM5A,地理院タイル 標高タイル 2026-10-08
S03wyarg,蒲池,"130.42287,33.18995",4.3,DEM5A,地理院タイル 標高タイル 2026-10-08
S03wyhmi,丹荘,"139.10259,36.21646",93.8,DEM5A,地理院タイル 標高タイル 2026-10-08
S03x3trq,松葉,"140.59032,39.74412",161.4,DEM10B,地理院タイル 標高タイル 2026-10-08
S03x6784,椿,"135.40380,33.60997",16.2,DEM5A,地理院タイル 標高タイル 2026-10-08
S03xbojc,高島,"133.95765,34.68294",5.0,DEM5A,地理院タイル 標高タイル 2026-10-08
S03xduqe,胡町,"132.46520,34.39330",1.4,DEM5A,地理院タイル 標高タイル 2026-10-08
S03xldkq,多摩湖,"139.44271,35.76579",87.3,DEM5A,地理院タイル 標高タイル 2026-10-08
S03xswko,佐古,"134.53847,34.08069",2.3,DEM5A,地理院タイル 標高タイル 2026-10-08
S03y1uht,田主丸,"130.69245,33.33880",19.7,DEM5A,地理院タイル 標高タイル 2026-10-08
S03y1vl8,宝山寺,"135.68936,34.68618",294.9,DEM5A,地理院タイル 標高タイル 2026-10-08
S03yomoe,北高岩,"141.40577,40.47532",22.5,DEM5A,地理院タイル 標高タイル 2026-10-08
S03yovjo,川辺宿,"133.71502,34.63241",9.7,DEM5A,地理院タイル 標高タイル 2026-10-08
S03yxmrq,関屋,"135.66792,34.55376",76.7,DEM5A,地理院タイル 標高タイル 2026-10-08
S03zd8u2,王子神谷,"139.73570,35.76509",1.5,DEM5A,地理院タイル 標高タイル 2026-10-08
S03zr2j0,腰越,"139.49336,35.30834",4.9,DEM5A,地理院タイル 標高タイル 2026-10-08
S03zruki,西明寺,"140.56304,39.65317",86.9,DEM10B,地理院タイル 標高タイル 2026-10-08
S03zxy7s,稲毛,"140.09228,35.63772",17.8,DEM5A,地理院タイル 標高タイル 2026-10-08
S04028sy,今川河童,"130.96559,33.70305",8.1,DEM5A,地理院タイル 標高タイル 2026-10-08
S040ap55,乙女,"138.44052,36.31130",690.8,DEM5A,地理院タイル 標高タイル 2026-10-08
S040r012,和泉多摩川,"139.57372,35.62741",22.9,DEM5A,地理院タイル 標高タイル 2026-10-08
S0411se3,新百合ヶ丘,"139.50747,35.60370",59.2,DEM5A,地理院タイル 標高タイル 2026-10-08
S0412bpg,大桑,"137.66410,35.68442",527.3,DEM5A,地理院タイル 標高タイル 2026-10-08
S041etye,高松,"139.41327,35.71005",89.3,DEM5A,地理院タイル 標高タイル 2026-10-08
S041jus6,白金台,"139.72586,35.63777",30.2,DEM5A,地理院タイル 標高タイル 2026-10-08
S041ww1m,忠岡,"135.39777,34.48858",7.8,DEM5A,地理院タイル 標高タイル 2026-10-08
S041xsfj,長池,"135.78977,34.84239",20.6,DEM5A,地理院タイル 標高タイル 2026-10-08
S0422dnk,小森江,"130.93887,33.91651",5.0,DEM5A,地理院タイル 標高タイル 2026-10-08
S042b1a6,豊富,"141.77238,45.10440",10.4,DEM10B,地理院タイル 標高タイル 2026-10-08
S042n7ec,高輪ゲートウェイ,"139.74064,35.63538",3.3,DEM5A,地理院タイル 標高タイル 2026-10-08
S042qa59,木戸,"141.00253,37.25799",11.6,DEM5A,地理院タイル 標高タイル 2026-10-08
S0433xpq,御領,"130.46866,31.25208",8.0,DEM5A,地理院タイル 標高タイル 2026-10-08
S04349xn,岩沢,"140.93157,39.30116",159.1,DEM5A,地理院タイル 標高タイル 2026-10-08
S0435dhx,南郷18丁目,"141.43517,43.03033",21.0,DEM10B,地理院タイル 標高タイル 2026-10-08
S043d4xw,高見橋,"130.54525,31.58588",5.4,DEM5A,地理院タイル 標高タイル 2026-10-08
S043eqhq,円座,"134.00907,34.28446",39.2,DEM5A,地理院タイル 標高タイル 2026-10-08
S043i2zo,大森台,"140.14957,35.58399",22.9,DEM5A,地理院タイル 標高タイル 2026-10-08
S043ppc8,阿波中島,"134.66464,33.94127",2.7,DEM5A,地理院タイル 標高タイル 2026-10-08
S043rift,八坂,"139.46775,35.74489",81.5,DEM5A,地理院タイル 標高タイル 2026-10-08
S043tw3r,会津塩沢,"139.35511,37.39361",367.6,DEM5A,地理院タイル 標高タイル 2026-10-08
S043yrlw,森上,"136.73695,35.24761",3.1,DEM5A,地理院タイル 標高タイル 2026-10-08
S0446vld,瑞光四丁目,"135.54451,34.75212",3.7,DEM5A,地理院タイル 標高タイル 2026-10-08
S044i84a,逗子,"139.57835,35.29741",5.5,DEM5A,地理院タイル 標高タイル 2026-10-08
S044juh2,四条,"135.75967,35.00281",36.8,DEM5A,地理院タイル 標高タイル 2026-10-08
S0454fl3,内名,"133.23195,34.96493",474.5,DEM5A,地理院タイル 標高タイル 2026-10-08
S045dy00,重富,"130.61414,31.70278",9.3,DEM5A,地理院タイル 標高タイル 2026-10-08
S045vk11,北18条,"141.34676,43.08165",12.0,DEM5A,地理院タイル 標高タイル 2026-10-08
S046gl9l,京急大津,"139.69537,35.26100",7.2,DEM5A,地理院タイル 標高タイル 2026-10-08
S046vu8z,北見,"143.89813,43.80542",69.8,DEM5A,地理院タイル 標高タイル 2026-10-08
S047br8r,黄金,"140.90778,42.38645",4.3,DEM5A,地理院タイル 標高タイル 2026-10-08
S047fus2,袋町,"132.45630,34.39111",2.1,DEM5A,地理院タイル 標高タイル 2026-10-08
S0486g4h,扇町,"135.51085,34.70383",3.6,DEM5A,地理院タイル 標高タイル 2026-10-08
S048gnhe,新発田,"139.33498,37.94385",12.2,DEM5A,地理院タイル 標高タイル 2026-10-08
S04942nj,武里,"139.77071,35.94908",5.2,DEM5A,地理院タイル 標高タイル 2026-10-08
S049hdh7,宮の陣,"130.53085,33.32916",15.0,DEM5A,地理院タイル 標高タイル 2026-10-08
S049pbcr,古江,"132.41146,34.38621",1.4,DEM5A,地理院タイル 標高タイル 2026-10-08
S049sllk,伊与喜,"133.09833,33.10508",14.7,DEM5A,地理院タイル 標高タイル 2026-10-08
S049wyd0,平木,"134.13130,34.27219",23.4,DEM5A,地理院タイル 標高タイル 2026-10-08
S04a5do1,大和高田,"135.74232,34.51978",61.9,DEM5A,地理院タイル 標高タイル 2026-10-08
S04a5u2v,小野田,"131.18567,34.00786",1.5,DEM5A,地理院タイル 標高タイル 2026-10-08
S04afeo3,三苫,"130.42254,33.70268",4.5,DEM5A,地理院タイル 標高タイル 2026-10-08
S04agnl0,中豊,"140.39329,37.02249",241.8,DEM5A,地理院タイル 標高タイル 2026-10-08
S04agxxx,小樽築港,"141.02789,43.18088",3.5,DEM10B,地理院タイル 標高タイル 2026-10-08
S04akz3q,波止浜,"132.96891,34.09804",4.2,DEM5A,地理院タイル 標高タイル 2026-10-08
S04ashry,陸奥鶴田,"140.43538,40.75722",10.2,DEM5A,地理院タイル 標高タイル 2026-10-08
S04aun8e,波高島,"138.45971,35.41851",207.4,DEM5A,地理院タイル 標高タイル 2026-10-08
S04aus31,越後早川,"139.44995,38.31638",6.3,DEM5A,地理院タイル 標高タイル 2026-10-08
S04b37n3,二ノ瀬,"135.76298,35.09763",182.3,DEM5A,地理院タイル 標高タイル 2026-10-08
S04bhplq,中野栄,"140.98530,38.28084",3.1,DEM5A,地理院タイル 標高タイル 2026-10-08
S04bkuhe,松草,"141.43744,39.63585",617.3,DEM5A,地理院タイル 標高タイル 2026-10-08
S04bm10x,清澄白河,"139.79920,35.68257",1.5,DEM5A,地理院タイル 標高タイル 2026-10-08
S04br4z5,練馬春日町,"139.64076,35.75136",38.8,DEM5A,地理院タイル 標高タイル 2026-10-08
S04bz5mo,高野,"139.77072,35.76826",2.1,DEM5A,地理院タイル 標高タイル 2026-10-08
S04c0pl2,打出,"135.31556,34.73161",6.2,DEM5A,地理院タイル 標高タイル 2026-10-08
S04da3eh,最上,"140.51766,38.75593",209.3,DEM5A,地理院タイル 標高タイル 2026-10-08
S04dezk2,姫松,"135.50317,34.62410",14.2,DEM5A,地理院タイル 標高タイル 2026-10-08
S04df9jr,福間,"130.48721,33.76376",8.4,DEM5A,地理院タイル 標高タイル 2026-10-08
S04djoq3,湯の洞温泉口,"136.93130,35.57131",84.6,DEM5A,地理院タイル 標高タイル 2026-10-08
S04don0a,丸の内,"136.89768,35.17398",11.5,DEM5A,地理院タイル 標高タイル 2026-10-08
S04e0nis,瓢箪山,"136.96445,35.19714",28.0,DEM5A,地理院タイル 標高タイル 2026-10-08
S04e55vm,気仙沼,"141.55884,38.91002",20.3,DEM5A,地理院タイル 標高タイル 2026-10-08
S04ej50s,海老名,"139.39088,35.45354",21.4,DEM5A,地理院タイル 標高タイル 2026-10-08
S04epwlz,和戸,"139.70110,36.03965",9.1,DEM5A,地理院タイル 標高タイル 2026-10-08
S04ewkxt,花畑町,"130.70593,32.80159",13.1,DEM5A,地理院タイル 標高タイル 2026-10-08
S04fbgaw,鎌ヶ谷大仏,"140.01394,35.75785",27.9,DEM5A,地理院タイル 標高タイル 2026-10-08
S04fkhgj,平間,"139.67110,35.56056",6.2,DEM5A,地理院タイル 標高タイル 2026-10-08
S04fq7ej,森下,"136.92929,35.18825",9.3,DEM5A,地理院タイル 標高タイル 2026-10-08
S04fr5kk,膳所,"135.88090,34.99913",100.0,DEM5A,地理院タイル 標高タイル 2026-10-08
S04fstlv,針中野,"135.53305,34.61704",5.7,DEM5A,地理院タイル 標高タイル 2026-10-08
S04g5uxs,住吉鳥居前,"135.49121,34.61254",2.1,DEM5A,地理院タイル 標高タイル 2026-10-08
S04g5z2z,アイランドセンター,"135.26929,34.68914",4.9,DEM5A,地理院タイル 標高タイル 2026-10-08
S04g69h8,南林間,"139.44800,35.49560",74.0,DEM5A,地理院タイル 標高タイル 2026-10-08
S04gxagj,日羽,"133.69001,34.71563",38.1,DEM5A,地理院タイル 標高タイル 2026-10-08
S04hj9tp,川南,"131.55330,32.19236",6.9,DEM5A,地理院タイル 標高タイル 2026-10-08
S04hldpn,見老津,"135.57559,33.51561",12.2,DEM5A,地理院タイル 標高タイル 2026-10-08
S04hpmu1,なにわ橋,"135.50799,34.69228",1.6,DEM5A,地理院タイル 標高タイル 2026-10-08
S04hu807,福井,"136.22363,36.06206",8.0,DEM5A,地理院タイル 標高タイル 2026-10-08
S04hya8u,帷子ノ辻,"135.70031,35.01514",35.7,DEM5A,地理院タイル 標高タイル 2026-10-08
S04i13vh,羽島市役所前,"136.69997,35.32194",5.4,DEM5A,地理院タイル 標高タイル 2026-10-08
S04i2amy,池田,"135.42563,34.82160",23.3,DEM5A,地理院タイル 標高タイル 2026-10-08
S04i5dn3,東京国際クルーズターミナル,"139.77310,35.62136",6.9,DEM5A,地理院タイル 標高タイル 2026-10-08
S04iw7ym,富田浜,"136.65009,34.99656",1.3,DEM5A,地理院タイル 標高タイル 2026-10-08
S04j1hts,上桑名川,"138.44141,36.96294",319.8,DEM5A,地理院タイル 標高タイル 2026-10-08
S04jsdag,岩屋,"130.03850,33.33080",21.5,DEM5A,地理院タイル 標高タイル 2026-10-08
S04kb4i0,川越市,"139.47709,35.91414",22.4,DEM5A,地理院タイル 標高タイル 2026-10-08
S04kbv9l,東三条,"138.97475,37.62855",10.8,DEM5A,地理院タイル 標高タイル 2026-10-08
S04krwsm,大阪,"135.49491,34.70248",0.7,DEM5A,地理院タイル 標高タイル 2026-10-08
S04l3r17,武蔵小杉,"139.65977,35.57625",8.3,DEM5A,地理院タイル 標高タイル 2026-10-08
S04m711g,西畑,"140.21518,35.25053",83.2,DEM10B,地理院タイル 標高タイル 2026-10-08
S04mk43d,祖師ヶ谷大蔵,"139.60979,35.64326",42.1,DEM5A,地理院タイル 標高タイル 2026-10-08
S04mpcu8,礼拝,"138.66356,37.45900",22.8,DEM5A,地理院タイル 標高タイル 2026-10-08
S04mphiv,紀伊内原,"135.14524,33.92583",8.6,DEM5A,地理院タイル 標高タイル 2026-10-08
S04mqktc,不動前,"139.71315,35.62542",13.1,DEM5A,地理院タイル 標高タイル 2026-10-08
S04n93hi,三河東郷,"137.52731,34.91224",65.7,DEM5A,地理院タイル 標高タイル 2026-10-08
S04o1bmc,四十万,"136.61574,36.49883",46.6,DEM5A,地理院タイル 標高タイル 2026-10-08
S04o7q8f,宝達,"136.76229,36.81966",17.1,DEM5A,地理院タイル 標高タイル 2026-10-08
S04og2ud,安来,"133.25923,35.42802",2.3,DEM5A,地理院タイル 標高タイル 2026-10-08
S04or94x,木曽川,"136.78116,35.34799",9.0,DEM5A,地理院タイル 標高タイル 2026-10-08
S04ou6l5,古市,"135.60912,34.55405",28.5,DEM5A,地理院タイル 標高タイル 2026-10-08
S04oy577,金塚,"139.37956,38.02030",10.4,DEM5A,地理院タイル 標高タイル 2026-10-08
S04p8fn8,地福,"131.67421,34.36275",270.4,DEM5A,地理院タイル 標高タイル 2026-10-08
S04pch9n,石垣,"130.44520,31.25935",29.7,DEM5A,地理院タイル 標高タイル 2026-10-08
S04pwqh0,滑川,"137.34885,36.76928",9.9,DEM5A,地理院タイル 標高タイル 2026-10-08
S04q3rue,石巻あゆみ野,"141.25922,38.43603",0.7,DEM5A,地理院タイル 標高タイル 2026-10-08
S04qkvgf,矢岳,"130.76982,32.10427",537.9,DEM5A,地理院タイル 標高タイル 2026-10-08
S04qq4kw,マリンパーク,"135.27009,34.68422",4.2,DEM5A,地理院タイル 標高タイル 2026-10-08
S04qtys3,山鼻19条,"141.35156,43.03506",36.7,DEM5A,地理院タイル 標高タイル 2026-10-08
S04qyip1,北方真桑,"136.67400,35.43982",15.9,DEM5A,地理院タイル 標高タイル 2026-10-08
S04r0qo8,安東,"132.45349,34.47488",18.6,DEM5A,地理院タイル 標高タイル 2026-10-08
S04r26aq,周防花岡,"131.86755,34.03578",23.7,DEM5A,地理院タイル 標高タイル 2026-10-08
S04r2tdx,両国,"139.79335,35.69575",7.4,DEM5A,地理院タイル 標高タイル 2026-10-08
S04rmcyg,平城山,"135.81035,34.71053",56.2,DEM5A,地理院タイル 標高タイル 2026-10-08
S04rn9js,小櫃,"140.05978,35.32825",34.7,DEM5A,地理院タイル 標高タイル 2026-10-08
S04rq2oo,栗橋,"139.69403,36.13679",10.7,DEM5A,地理院タイル 標高タイル 2026-10-08
S04rr41b,東姫路,"134.71185,34.82438",13.3,DEM5A,地理院タイル 標高タイル 2026-10-08
S04rxvms,西出雲,"132.72192,35.33491",5.4,DEM5A,地理院タイル 標高タイル 2026-10-08
S04s866q,運動公園前,"137.42239,34.75851",22.7,DEM5A,地理院タイル 標高タイル 2026-10-08
S04skd6y,弘前東高前,"140.48909,40.59201",40.7,DEM5A,地理院タイル 標高タイル 2026-10-08
S04slcvo,近鉄富田,"136.64938,35.00647",1.9,DEM5A,地理院タイル 標高タイル 2026-10-08
S04sxtjg,西笠田,"135.45263,34.28012",61.0,DEM5A,地理院タイル 標高タイル 2026-10-08
S04tawt4,尾張一宮,"136.79738,35.30200",8.6,DEM5A,地理院タイル 標高タイル 2026-10-08
S04tjjet,京都河原町,"135.76872,35.00378",37.3,DEM5A,地理院タイル 標高タイル 2026-10-08
S04u47xm,下府,"132.11058,34.92742",8.1,DEM5A,地理院タイル 標高タイル 2026-10-08
S04u5dvn,馬堀海岸,"139.70792,35.25956",8.1,DEM5A,地理院タイル 標高タイル 2026-10-08
S04ugn6m,岩本,"139.04762,36.60216",290.4,DEM5A,地理院タイル 標高タイル 2026-10-08
S04upjtq,大三東,"130.34472,32.84370",4.2,DEM5A,地理院タイル 標高タイル 2026-10-08
S04vd344,押切,"138.88121,37.50494",18.6,DEM5A,地理院タイル 標高タイル 2026-10-08
S04vri1j,澄川,"141.36736,43.01682",63.0,DEM5A,地理院タイル 標高タイル 2026-10-08
S04vsryp,山陽女学園前,"132.34132,34.36203",6.9,DEM5A,地理院タイル 標高タイル 2026-10-08
S04vtmd8,小城,"130.19906,33.28550",16.5,DEM5A,地理院タイル 標高タイル 2026-10-08
S04vz0bq,大曲,"140.47954,39.46586",25.7,DEM5A,地理院タイル 標高タイル 2026-10-08
S04we8gr,のの岳,"141.22582,38.55266",6.2,DEM5A,地理院タイル 標高タイル 2026-10-08
S04wqr3c,桂川,"135.71041,34.96478",19.9,DEM5A,地理院タイル 標高タイル 2026-10-08
S04wt41x,枕崎,"130.29943,31.27211",10.4,DEM5A,地理院タイル 標高タイル 2026-10-08
S04wy2k3,外城田,"136.59666,34.49766",27.8,DEM5A,地理院タイル 標高タイル 2026-10-08
S04wzfmx,江見,"140.06114,35.06250",17.1,DEM5A,地理院タイル 標高タイル 2026-10-08
S04wzida,戸手,"133.30063,34.54651",15.4,DEM5A,地理院タイル 標高タイル 2026-10-08
S04xhpip,泉,"140.85408,36.95558",5.5,DEM5A,地理院タイル 標高タイル 2026-10-08
S04yaau7,根本,"137.09015,35.36147",129.9,DEM5A,地理院タイル 標高タイル 2026-10-08
S04yg7rs,新金谷,"138.13765,34.82574",68.0,DEM5A,地理院タイル 標高タイル 2026-10-08
S04yiw2j,恋ヶ窪,"139.46389,35.71135",81.7,DEM5A,地理院タイル 標高タイル 2026-10-08
S04yx6lr,段山町,"130.69550,32.80660",10.5,DEM5A,地理院タイル 標高タイル 2026-10-08
S04zara2,大岡山,"139.68484,35.60713",33.4,DEM5A,地理院タイル 標高タイル 2026-10-08
S04zgiyl,瀬田,"130.91392,32.87260",172.1,DEM5A,地理院タイル 標高タイル 2026-10-08
S04zy9xr,石神前,"139.22513,35.79683",227.7,DEM5A,地理院タイル 標高タイル 2026-10-08
S04zzteg,岩倉,"136.87357,35.27797",8.5,DEM5A,地理院タイル 標高タイル 2026-10-08
S0507zz4,大阪梅田,"135.49725,34.70150",0.9,DEM5A,地理院タイル 標高タイル 2026-10-08
S05080x5,豊前川崎,"130.82211,33.59674",50.0,DEM5A,地理院タイル 標高タイル 2026-10-08
S050cb4g,羽鳥,"140.28678,36.24754",31.8,DEM5A,地理院タイル 標高タイル 2026-10-08
S050ertd,川倉,"140.44371,40.92633",5.2,DEM5A,地理院タイル 標高タイル 2026-10-08
S0516wuv,知和,"134.07705,35.19264",260.1,DEM5A,地理院タイル 標高タイル 2026-10-08
S051oywo,和佐,"135.20693,33.89712",18.4,DEM5A,地理院タイル 標高タイル 2026-10-08
S051xaxr,ベル前,"136.21386,36.03348",7.6,DEM5A,地理院タイル 標高タイル 2026-10-08
S051yj8g,寺家,"132.72265,34.43953",226.6,DEM5A,地理院タイル 標高タイル 2026-10-08
S052ca3o,庄川口,"137.07101,36.78407",1.2,DEM5A,地理院タイル 標高タイル 2026-10-08
S052cfgb,北鉄金沢,"136.64929,36.57850",9.3,DEM5A,地理院タイル 標高タイル 2026-10-08
S052s1xs,白馬大池,"137.88554,36.73996",594.4,DEM5A,地理院タイル 標高タイル 2026-10-08
S053u7uw,下総橘,"140.70215,35.81878",9.7,DEM5A,地理院タイル 標高タイル 2026-10-08
S0545hrg,永覚,"137.13898,35.02747",30.8,DEM5A,地理院タイル 標高タイル 2026-10-08
S054a0dj,赤倉温泉,"140.55356,38.73054",243.3,DEM5A,地理院タイル 標高タイル 2026-10-08
S054e68x,岩村,"137.43419,35.36862",498.5,DEM5A,地理院タイル 標高タイル 2026-10-08
S0551edp,小伝馬町,"139.77881,35.69036",4.6,DEM5A,地理院タイル 標高タイル 2026-10-08
S0554ge3,来迎寺,"138.78379,37.39722",30.5,DEM5A,地理院タイル 標高タイル 2026-10-08
S055jrnz,弥刀,"135.58339,34.64140",6.7,DEM5A,地理院タイル 標高タイル 2026-10-08
S055nhxu,上北台,"139.41586,35.74576",104.4,DEM5A,地理院タイル 標高タイル 2026-10-08
S055u3t8,高田,"129.86965,32.81939",17.7,DEM5A,地理院タイル 標高タイル 2026-10-08
S0564dan,伊勢上野,"136.54248,34.80033",9.3,DEM5A,地理院タイル 標高タイル 2026-10-08
S056quki,備中高松,"133.82258,34.68630",5.2,DEM5A,地理院タイル 標高タイル 2026-10-08
S0571ngb,雪が谷大塚,"139.68113,35.59197",24.4,DEM5A,地理院タイル 標高タイル 2026-10-08
S057ygd7,沖松島,"134.07224,34.34125",0.5,DEM5A,地理院タイル 標高タイル 2026-10-08
S0582zeb,柴崎,"139.56662,35.65399",30.8,DEM5A,地理院タイル 標高タイル 2026-10-08
S058k2d4,神立,"140.24861,36.12043",27.8,DEM5A,地理院タイル 標高タイル 2026-10-08
S058nnh2,八木原,"139.01925,36.46379",163.3,DEM5A,地理院タイル 標高タイル 2026-10-08
S059s87l,東美浜,"135.98567,35.61407",58.9,DEM5A,地理院タイル 標高タイル 2026-10-08
S059tmyt,山ノ内,"135.72322,35.00832",30.0,DEM5A,地理院タイル 標高タイル 2026-10-08
S05a96ms,野江内代,"135.53792,34.70889",1.1,DEM5A,地理院タイル 標高タイル 2026-10-08
S05ankyg,市尾,"135.77621,34.44172",95.2,DEM5A,地理院タイル 標高タイル 2026-10-08
S05aobqc,三保三隅,"131.95606,34.79561",5.7,DEM5A,地理院タイル 標高タイル 2026-10-08
S05avd9d,楚原,"136.56030,35.11086",71.1,DEM5A,地理院タイル 標高タイル 2026-10-08
S05b11kp,太田,"139.37890,36.29411",41.8,DEM5A,地理院タイル 標高タイル 2026-10-08
S05b8xs0,三日市町,"135.57134,34.43666",123.3,DEM5A,地理院タイル 標高タイル 2026-10-08
S05bbt2w,箱根ヶ崎,"139.34673,35.77170",139.2,DEM5A,地理院タイル 標高タイル 2026-10-08
S05bz23h,はりまや橋,"133.54282,33.55931",2.4,DEM5A,地理院タイル 標高タイル 2026-10-08
S05canfh,下飯田,"139.48289,35.40337",36.4,DEM5A,地理院タイル 標高タイル 2026-10-08
S05cc5lu,福浦,"139.64854,35.34961",3.5,DEM5A,地理院タイル 標高タイル 2026-10-08
S05cd9rg,鴫野,"135.54538,34.69289",0.2,DEM5A,地理院タイル 標高タイル 2026-10-08
S05ck336,岩島,"138.75994,36.56324",457.6,DEM5A,地理院タイル 標高タイル 2026-10-08
S05cp6jc,大湊,"141.16180,41.28036",4.5,DEM5A,地理院タイル 標高タイル 2026-10-08
S05dha9y,本厚木,"139.36437,35.43921",18.7,DEM5A,地理院タイル 標高タイル 2026-10-08
S05dhpyu,猿田,"140.73737,35.74735",28.3,DEM5A,地理院タイル 標高タイル 2026-10-08
S05e068u,吉田口,"132.74585,34.66409",195.0,DEM5A,地理院タイル 標高タイル 2026-10-08
S05e79zo,神代（鍋島邸前）,"130.26983,32.87154",4.4,DEM5A,地理院タイル 標高タイル 2026-10-08
S05e8iqo,交通センター前,"135.21837,34.20388",2.1,DEM5A,地理院タイル 標高タイル 2026-10-08
S05ehq8b,美濃市,"136.91564,35.53965",90.7,DEM5A,地理院タイル 標高タイル 2026-10-08
S05ernt5,和田河原,"139.11822,35.31595",36.3,DEM5A,地理院タイル 標高タイル 2026-10-08
S05erv2w,三瀬谷,"136.40904,34.39475",91.1,DEM5A,地理院タイル 標高タイル 2026-10-08
S05essvn,上小田井,"136.87702,35.22330",4.0,DEM5A,地理院タイル 標高タイル 2026-10-08
S05ew1py,羽後本荘,"140.05760,39.38686",6.6,DEM5A,地理院タイル 標高タイル 2026-10-08
S05f20fx,高尾山口,"139.26981,35.63238",190.5,DEM5A,地理院タイル 標高タイル 2026-10-08
S05fce5d,関,"136.91284,35.48996",56.0,DEM5A,地理院タイル 標高タイル 2026-10-08
S05funrk,小浦,"129.64165,33.22193",2.7,DEM5A,地理院タイル 標高タイル 2026-10-08
S05fupfn,中妻,"139.99070,36.04727",13.6,DEM5A,地理院タイル 標高タイル 2026-10-08
S05futld,犬飼,"131.63664,33.07796",33.3,DEM5A,地理院タイル 標高タイル 2026-10-08
S05g1n8m,寸座,"137.61259,34.79014",11.3,DEM5A,地理院タイル 標高タイル 2026-10-08
S05gok9t,大久保,"140.06305,39.87091",4.4,DEM5A,地理院タイル 標高タイル 2026-10-08
S05gvy77,新田野,"140.32853,35.27599",14.8,DEM5A,地理院タイル 標高タイル 2026-10-08
S05hpdni,三野瀬,"136.28239,34.16769",6.5,DEM5A,地理院タイル 標高タイル 2026-10-08
S05hpj0a,伊那上郷,"137.83903,35.52018",497.8,DEM5A,地理院タイル 標高タイル 2026-10-08
S05i5sqq,稚子塚,"137.31753,36.68657",24.5,DEM5A,地理院タイル 標高タイル 2026-10-08
S05iatf5,小島新田,"139.74756,35.53464",0.8,DEM5A,地理院タイル 標高タイル 2026-10-08
S05ib7ed,商業高校前,"130.73890,32.78551",15.5,DEM5A,地理院タイル 標高タイル 2026-10-08
S05idetb,末恒,"134.13571,35.52398",6.9,DEM5A,地理院タイル 標高タイル 2026-10-08
S05idvi8,彦山,"130.86904,33.50073",196.1,DEM10B,地理院タイル 標高タイル 2026-10-08
S05ilxru,春木場,"140.94394,39.69340",200.4,DEM5A,地理院タイル 標高タイル 2026-10-08
S05iyo4s,新田,"139.79542,35.85411",3.8,DEM5A,地理院タイル 標高タイル 2026-10-08
S05jrvnz,開,"130.45307,33.09728",3.6,DEM5A,地理院タイル 標高タイル 2026-10-08
S05kdr4p,白河,"140.21242,37.13022",359.4,DEM5A,地理院タイル 標高タイル 2026-10-08
S05kq9vd,北山,"133.43848,33.54935",28.5,DEM5A,地理院タイル 標高タイル 2026-10-08
S05kv2ct,小串郷,"129.83443,33.06372",5.5,DEM5A,地理院タイル 標高タイル 2026-10-08
S05kzlaf,武州荒木,"139.48857,36.16253",18.7,DEM5A,地理院タイル 標高タイル 2026-10-08
S05lcb5d,浜村,"134.05073,35.50937",4.3,DEM5A,地理院タイル 標高タイル 2026-10-08
S05ljzoi,湊川公園,"135.16663,34.67881",8.8,DEM5A,地理院タイル 標高タイル 2026-10-08
S05lkwvf,水橋,"137.29843,36.74345",5.0,DEM5A,地理院タイル 標高タイル 2026-10-08
S05lmddj,昭和,"139.72393,35.50689",2.4,DEM5A,地理院タイル 標高タイル 2026-10-08
S05lrgc1,三島二日町,"138.92594,35.11103",18.6,DEM5A,地理院タイル 標高タイル 2026-10-08
S05lw92z,本川越,"139.48113,35.91367",19.9,DEM5A,地理院タイル 標高タイル 2026-10-08
S05lwbuz,越前野中,"136.37688,36.08289",57.2,DEM5A,地理院タイル 標高タイル 2026-10-08
S05ly2ip,上松,"137.69327,35.78408",708.6,DEM5A,地理院タイル 標高タイル 2026-10-08
S05ly3p3,横瀬,"139.09828,35.98450",248.7,DEM5A,地理院タイル 標高タイル 2026-10-08
S05m8k54,健軍交番前,"130.75746,32.77946",11.9,DEM5A,地理院タイル 標高タイル 2026-10-08
S05mktea,森口,"137.88133,36.20802",656.2,DEM5A,地理院タイル 標高タイル 2026-10-08
S05nbras,東十条,"139.72674,35.76383",8.3,DEM5A,地理院タイル 標高タイル 2026-10-08
S05ngj4l,岐阜,"136.75656,35.40953",10.8,DEM5A,地理院タイル 標高タイル 2026-10-08
S05nnm66,鷹の台,"139.46106,35.72301",85.0,DEM5A,地理院タイル 標高タイル 2026-10-08
S05ojba4,山城,"136.58836,35.03527",26.7,DEM5A,地理院タイル 標高タイル 2026-10-08
S05ovmtv,本吉原,"138.69281,35.16197",4.3,DEM5A,地理院タイル 標高タイル 2026-10-08
S05p0cj8,矢神,"133.33273,34.94350",356.3,DEM5A,地理院タイル 標高タイル 2026-10-08
S05pawod,肥後橋,"135.49636,34.69121",1.3,DEM5A,地理院タイル 標高タイル 2026-10-08
S05pilxg,那智,"135.93649,33.64384",5.6,DEM5A,地理院タイル 標高タイル 2026-10-08
S05pn2u1,玉造,"135.53150,34.67408",3.8,DEM5A,地理院タイル 標高タイル 2026-10-08
S05q2lze,上一万,"132.77543,33.84681",32.3,DEM5A,地理院タイル 標高タイル 2026-10-08
S05qkd23,鹿島台,"141.09796,38.47451",7.2,DEM5A,地理院タイル 標高タイル 2026-10-08
S05qngfz,長谷寺,"135.90648,34.52685",184.4,DEM5A,地理院タイル 標高タイル 2026-10-08
S05quwc8,狛田,"135.78952,34.78044",33.6,DEM5A,地理院タイル 標高タイル 2026-10-08
S05r3iev,北花田,"135.51639,34.58250",12.0,DEM5A,地理院タイル 標高タイル 2026-10-08
S05ra1iw,南鳥海,"139.89872,38.98743",11.2,DEM5A,地理院タイル 標高タイル 2026-10-08
S05rb6q2,松尾大社,"135.68829,35.00017",31.1,DEM5A,地理院タイル 標高タイル 2026-10-08
S05rcd4r,西山口,"135.29093,34.20956",51.3,DEM5A,地理院タイル 標高タイル 2026-10-08
S05s1s2v,可部,"132.51077,34.51199",21.8,DEM5A,地理院タイル 標高タイル 2026-10-08
S05s2pju,院内,"140.41395,39.04962",174.2,DEM5A,地理院タイル 標高タイル 2026-10-08
S05sam0k,七重浜,"140.70809,41.81760",3.5,DEM5A,地理院タイル 標高タイル 2026-10-08
S05sddyh,駒ヶ岳,"140.61051,42.03879",174.3,DEM5A,地理院タイル 標高タイル 2026-10-08
S05sp8kn,町方,"136.72704,35.18992",0.1,DEM5A,地理院タイル 標高タイル 2026-10-08
S05suxpg,会津柳津,"139.72387,37.53867",231.4,DEM5A,地理院タイル 標高タイル 2026-10-08
S05sw5iz,奈良,"135.81885,34.68050",66.3,DEM5A,地理院タイル 標高タイル 2026-10-08
S05sz3ah,仙台,"140.88192,38.26013",35.5,DEM5A,地理院タイル 標高タイル 2026-10-08
S05tgl3b,春日川,"134.08383,34.34101",2.0,DEM5A,地理院タイル 標高タイル 2026-10-08
S05u6v78,五郎,"132.57053,33.54133",13.8,DEM5A,地理院タイル 標高タイル 2026-10-08
S05ue6w4,関内,"139.63601,35.44525",1.0,DEM5A,地理院タイル 標高タイル 2026-10-08
S05uuv7n,鵠沼海岸,"139.47122,35.32075",4.3,DEM5A,地理院タイル 標高タイル 2026-10-08
S05v4roc,和光市,"139.61286,35.78835",32.4,DEM5A,地理院タイル 標高タイル 2026-10-08
S05v4t40,大江,"135.14750,35.38878",14.6,DEM5A,地理院タイル 標高タイル 2026-10-08
S05vf62j,黒岩,"140.28818,42.36836",4.3,DEM5A,地理院タイル 標高タイル 2026-10-08
S05vu7y1,大崎,"139.72807,35.61985",4.2,DEM5A,地理院タイル 標高タイル 2026-10-08
S05vxnh1,額田,"140.50334,36.48574",29.6,DEM5A,地理院タイル 標高タイル 2026-10-08
S05vz7cc,常陸太田,"140.52767,36.53129",12.1,DEM5A,地理院タイル 標高タイル 2026-10-08
S05weohm,真菅,"135.77280,34.51959",56.1,DEM5A,地理院タイル 標高タイル 2026-10-08
S05whsm7,富山駅,"137.21300,36.70175",7.1,DEM5A,地理院タイル 標高タイル 2026-10-08
S05wv631,武蔵小金井,"139.50593,35.70103",68.7,DEM5A,地理院タイル 標高タイル 2026-10-08
S05x5vcf,山河内,"134.48530,33.71512",64.1,DEM5A,地理院タイル 標高タイル 2026-10-08
S05xh05p,久津川,"135.77479,34.86496",23.6,DEM5A,地理院タイル 標高タイル 2026-10-08
S05xk4oe,青木,"135.28065,34.71698",1.8,DEM5A,地理院タイル 標高タイル 2026-10-08
S05ybala,梅小路京都西,"135.74315,34.98902",26.3,DEM5A,地理院タイル 標高タイル 2026-10-08
S05yju6u,西条,"132.74361,34.43132",220.3,DEM5A,地理院タイル 標高タイル 2026-10-08
S05ypzly,千里中央,"135.49505,34.80977",69.6,DEM5A,地理院タイル 標高タイル 2026-10-08
S05ypzly-2,千里中央,"135.49518,34.80745",66.6,DEM5A,地理院タイル 標高タイル 2026-10-08
S05yzqjp,上中,"135.85584,35.46365",41.5,DEM5A,地理院タイル 標高タイル 2026-10-08
S05z13nx,極楽橋,"135.58197,34.23400",530.0,DEM10B,地理院タイル 標高タイル 2026-10-08
S05z4uxk,鈴蘭台,"135.14588,34.72364",277.8,DEM5A,地理院タイル 標高タイル 2026-10-08
S05z5g6v,庭瀬,"133.85440,34.64281",2.0,DEM5A,地理院タイル 標高タイル 2026-10-08
S05z99tj,北大路,"135.75838,35.04463",71.5,DEM5A,地理院タイル 標高タイル 2026-10-08
S05zqzmx,いのつき,"129.66786,33.28261",56.5,DEM5A,地理院タイル 標高タイル 2026-10-08
S05zr9ve,北加賀屋,"135.47935,34.62130",0.4,DEM5A,地理院タイル 標高タイル 2026-10-08
S05zw4v4,昆布,"140.59611,42.79804",45.6,DEM5A,地理院タイル 標高タイル 2026-10-08
S060ei02,鼓滝,"135.41834,34.85471",41.2,DEM5A,地理院タイル 標高タイル 2026-10-08
S060q7kd,新地,"140.92564,37.87922",7.0,DEM5A,地理院タイル 標高タイル 2026-10-08
S060x0o0,立場,"139.50070,35.41438",43.0,DEM5A,地理院タイル 標高タイル 2026-10-08
S060yyu2,京阪大津京,"135.85568,35.02244",93.0,DEM5A,地理院タイル 標高タイル 2026-10-08
S06138v3,県庁前,"140.12215,35.60380",4.6,DEM10B,地理院タイル 標高タイル 2026-10-08
S0617taw,美作土居,"134.25995,34.99518",140.7,DEM5A,地理院タイル 標高タイル 2026-10-08
S061ctpk,渡辺橋,"135.49590,34.69405",3.4,DEM5A,地理院タイル 標高タイル 2026-10-08
S061g4pc,苅安賀,"136.77826,35.28714",6.0,DEM5A,地理院タイル 標高タイル 2026-10-08
S061qj8h,新須屋,"130.73239,32.85387",34.2,DEM5A,地理院タイル 標高タイル 2026-10-08
S061w9fy,野島公園,"139.63155,35.33060",2.4,DEM5A,地理院タイル 標高タイル 2026-10-08
S0624yxp,阿知須,"131.35677,34.01070",4.2,DEM5A,地理院タイル 標高タイル 2026-10-08
S06292pl,越後須原,"139.01777,37.32055",182.0,DEM5A,地理院タイル 標高タイル 2026-10-08
S0635o8i,大崎広小路,"139.72235,35.62230",6.5,DEM5A,地理院タイル 標高タイル 2026-10-08
S06387f5,徳和,"136.55355,34.55403",7.5,DEM5A,地理院タイル 標高タイル 2026-10-08
S063bog9,千丁,"130.64569,32.53261",2.8,DEM5A,地理院タイル 標高タイル 2026-10-08
S063m2x4,鶴巻温泉,"139.27713,35.38055",20.3,DEM5A,地理院タイル 標高タイル 2026-10-08
S063phfv,六甲ケーブル下,"135.23364,34.73741",250.2,DEM5A,地理院タイル 標高タイル 2026-10-08
S063rtpd,門出,"138.11938,34.85012",82.6,DEM5A,地理院タイル 標高タイル 2026-10-08
S063u8xy,会津田島,"139.77431,37.20327",550.2,DEM5A,地理院タイル 標高タイル 2026-10-08
S064c8bl,新小岩,"139.85773,35.71684",2.6,DEM5A,地理院タイル 標高タイル 2026-10-08
S0650upu,一日市場,"137.90398,36.26008",594.0,DEM5A,地理院タイル 標高タイル 2026-10-08
S0654rf3,志久,"139.62220,35.99103",15.4,DEM5A,地理院タイル 標高タイル 2026-10-08
S065afrl,妹背牛,"141.96665,43.69096",40.5,DEM5A,地理院タイル 標高タイル 2026-10-08
S065fjgt,仙川,"139.58522,35.66237",48.7,DEM5A,地理院タイル 標高タイル 2026-10-08
S065ixf5,柳橋,"137.59201,36.80336",265.4,DEM5A,地理院タイル 標高タイル 2026-10-08
S065okdh,広電阿品,"132.31438,34.32156",2.6,DEM5A,地理院タイル 標高タイル 2026-10-08
S06632vv,西添田,"130.84715,33.57337",69.5,DEM5A,地理院タイル 標高タイル 2026-10-08
S06684e5,撫牛子,"140.49782,40.62153",24.2,DEM5A,地理院タイル 標高タイル 2026-10-08
S066ud99,杉田,"140.41398,37.56348",212.0,DEM5A,地理院タイル 標高タイル 2026-10-08
S066vrqb,高砂町,"132.76239,33.85175",23.0,DEM5A,地理院タイル 標高タイル 2026-10-08
S0670lcp,住吉,"135.26127,34.71305",6.6,DEM5A,地理院タイル 標高タイル 2026-10-08
S0679jlb,巣鴨,"139.73919,35.73375",24.9,DEM5A,地理院タイル 標高タイル 2026-10-08
S067cmx3,浜坂,"134.45278,35.62062",6.4,DEM5A,地理院タイル 標高タイル 2026-10-08
S067xaot,会津高原尾瀬口,"139.70512,37.09003",722.6,DEM5A,地理院タイル 標高タイル 2026-10-08
S068cf0r,上米内,"141.20381,39.74391",198.8,DEM5A,地理院タイル 標高タイル 2026-10-08
S068j3d4,北春日部,"139.74432,35.98994",7.9,DEM5A,地理院タイル 標高タイル 2026-10-08
S068jhqb,動物園前,"135.50408,34.64845",3.1,DEM5A,地理院タイル 標高タイル 2026-10-08
S068l00y,関都,"140.14360,37.51564",515.5,DEM5A,地理院タイル 標高タイル 2026-10-08
S068ue56,葭池温泉前,"138.81217,35.50216",737.8,DEM5A,地理院タイル 標高タイル 2026-10-08
S068y6ou,ユーカリが丘,"140.15668,35.72207",25.2,DEM5A,地理院タイル 標高タイル 2026-10-08
S0695cah,沢入,"139.39629,36.58063",469.7,DEM5A,地理院タイル 標高タイル 2026-10-08
S069gsod,社家,"139.37718,35.42041",15.4,DEM5A,地理院タイル 標高タイル 2026-10-08
S06a7bc8,八代通,"133.45629,33.55226",14.9,DEM5A,地理院タイル 標高タイル 2026-10-08
S06ac0d5,二木島,"136.18083,33.93941",9.3,DEM5A,地理院タイル 標高タイル 2026-10-08
S06actmn,大川寺,"137.30854,36.60822",168.9,DEM5A,地理院タイル 標高タイル 2026-10-08
S06ad64o,新魚津,"137.40527,36.82666",15.6,DEM5A,地理院タイル 標高タイル 2026-10-08
S06afnl0,長谷野,"136.18757,35.09558",128.3,DEM5A,地理院タイル 標高タイル 2026-10-08
S06ai2bv,県庁前,"135.18401,34.69099",22.6,DEM5A,地理院タイル 標高タイル 2026-10-08
S06ajorb,山口,"131.48106,34.17280",25.7,DEM5A,地理院タイル 標高タイル 2026-10-08
S06ak9wb,いわて沼宮内,"141.21725,39.96060",249.0,DEM5A,地理院タイル 標高タイル 2026-10-08
S06balql,和多田,"129.98066,33.43706",3.5,DEM5A,地理院タイル 標高タイル 2026-10-08
S06bc8ek,白糸台,"139.50952,35.66631",45.4,DEM5A,地理院タイル 標高タイル 2026-10-08
S06bqedk,丹波竹田,"135.13410,35.24374",45.9,DEM5A,地理院タイル 標高タイル 2026-10-08
S06d08jz,陸中八木,"141.76671,40.34537",5.5,DEM5A,地理院タイル 標高タイル 2026-10-08
S06dg47q,直江津,"138.24203,37.17014",2.8,DEM5A,地理院タイル 標高タイル 2026-10-08
S06dit17,黄波戸,"131.13972,34.38522",16.2,DEM5A,地理院タイル 標高タイル 2026-10-08
S06dyq7t,楠橋,"130.72451,33.78936",6.5,DEM5A,地理院タイル 標高タイル 2026-10-08
S06e1qio,山崎,"135.67904,34.89220",20.3,DEM5A,地理院タイル 標高タイル 2026-10-08
S06e5k80,象潟,"139.90227,39.20763",2.9,DEM5A,地理院タイル 標高タイル 2026-10-08
S06e7cbq,神埼,"130.37492,33.31596",8.2,DEM5A,地理院タイル 標高タイル 2026-10-08
S06ebfhk,武蔵小杉,"139.66338,35.57487",5.1,DEM5A,地理院タイル 標高タイル 2026-10-08
S06efyg8,南多摩,"139.48954,35.64921",43.7,DEM5A,地理院タイル 標高タイル 2026-10-08
S06ejp2d,葛,"135.75959,34.43097",95.8,DEM5A,地理院タイル 標高タイル 2026-10-08
S06eknyc,神杉,"132.90280,34.78076",166.4,DEM5A,地理院タイル 標高タイル 2026-10-08
S06f2qbx,国立競技場,"139.71472,35.67989",29.0,DEM5A,地理院タイル 標高タイル 2026-10-08
S06f6aov,上沢,"135.15877,34.67350",8.3,DEM5A,地理院タイル 標高タイル 2026-10-08
S06f8381,新川,"141.32373,43.09857",8.8,DEM5A,地理院タイル 標高タイル 2026-10-08
S06fdsbv,村野,"135.66420,34.80186",14.3,DEM5A,地理院タイル 標高タイル 2026-10-08
S06fjh0x,敷地,"137.86414,34.82659",36.5,DEM5A,地理院タイル 標高タイル 2026-10-08
S06flsh9,九頭竜湖,"136.66147,35.90449",425.5,DEM5A,地理院タイル 標高タイル 2026-10-08
S06g181q,菅尾,"131.61667,33.01442",106.4,DEM5A,地理院タイル 標高タイル 2026-10-08
S06gmcm6,南伊東,"139.08803,34.95775",21.4,DEM5A,地理院タイル 標高タイル 2026-10-08
S06gtd66,三関,"140.48380,39.11019",107.5,DEM5A,地理院タイル 標高タイル 2026-10-08
S06h2bdy,宮村,"135.19225,35.52334",7.5,DEM5A,地理院タイル 標高タイル 2026-10-08
S06hhtuh,河瀬,"136.22531,35.22539",95.4,DEM5A,地理院タイル 標高タイル 2026-10-08
S06i6t04,前橋,"139.07337,36.38347",103.7,DEM5A,地理院タイル 標高タイル 2026-10-08
S06ide07,六郷土手,"139.70756,35.54053",3.4,DEM5A,地理院タイル 標高タイル 2026-10-08
S06iozxn,男衾,"139.23400,36.10786",104.3,DEM5A,地理院タイル 標高タイル 2026-10-08
S06j30wh,遊佐,"139.90514,39.01599",12.0,DEM5A,地理院タイル 標高タイル 2026-10-08
S06jfba0,入広瀬,"139.06582,37.35869",220.7,DEM5A,地理院タイル 標高タイル 2026-10-08
S06jh9ru,新南陽,"131.76978,34.06949",3.1,DEM5A,地理院タイル 標高タイル 2026-10-08
S06jkkpn,藤阪,"135.70275,34.81444",50.3,DEM5A,地理院タイル 標高タイル 2026-10-08
S06jp9vo,中軽井沢,"138.59321,36.34756",938.6,DEM5A,地理院タイル 標高タイル 2026-10-08
S06k0ogu,矢場町,"136.90873,35.16331",7.4,DEM5A,地理院タイル 標高タイル 2026-10-08
S06k0sn9,藤野,"139.15133,35.61599",213.4,DEM5A,地理院タイル 標高タイル 2026-10-08
S06kbsyi,藤崎,"130.34849,33.58136",4.3,DEM5A,地理院タイル 標高タイル 2026-10-08
S06kt9nv,伊勢松本,"136.59073,34.96963",13.2,DEM5A,地理院タイル 標高タイル 2026-10-08
S06kzewl,近江神宮前,"135.85574,35.02757",99.5,DEM5A,地理院タイル 標高タイル 2026-10-08
S06l2khw,水島,"133.74135,34.52931",1.5,DEM5A,地理院タイル 標高タイル 2026-10-08
S06laymw,西大路御池,"135.73062,35.01096",34.1,DEM5A,地理院タイル 標高タイル 2026-10-08
S06lce6v,生駒,"135.69811,34.69308",145.8,DEM5A,地理院タイル 標高タイル 2026-10-08
S06lf072,大福,"135.82987,34.51284",70.6,DEM5A,地理院タイル 標高タイル 2026-10-08
S06lj1at,愛甲石田,"139.34416,35.41777",29.5,DEM5A,地理院タイル 標高タイル 2026-10-08
S06ltbqm,兵庫,"135.16444,34.66789",2.7,DEM5A,地理院タイル 標高タイル 2026-10-08
S06luymb,霞ヶ関,"139.75184,35.67356",7.7,DEM5A,地理院タイル 標高タイル 2026-10-08
S06m0dlw,白兎,"140.04109,38.14997",199.3,DEM5A,地理院タイル 標高タイル 2026-10-08
S06mixke,壬生,"139.80501,36.42244",58.8,DEM5A,地理院タイル 標高タイル 2026-10-08
S06mmk82,郡元,"130.54951,31.56321",2.8,DEM5A,地理院タイル 標高タイル 2026-10-08
S06mrfsq,代々木八幡,"139.68904,35.66972",21.7,DEM5A,地理院タイル 標高タイル 2026-10-08
S06n3bn7,厚狭,"131.16030,34.05348",6.2,DEM5A,地理院タイル 標高タイル 2026-10-08
S06n5i8l,鷹ノ巣,"140.36967,40.23220",27.0,DEM5A,地理院タイル 標高タイル 2026-10-08
S06nhms3,富士,"138.65185,35.15127",13.1,DEM5A,地理院タイル 標高タイル 2026-10-08
S06o0yvx,中小田井,"136.87685,35.21475",3.7,DEM5A,地理院タイル 標高タイル 2026-10-08
S06o27hd,芦川,"138.51126,35.56307",267.6,DEM5A,地理院タイル 標高タイル 2026-10-08
S06obrzh,郷原,"138.80110,36.54873",413.0,DEM5A,地理院タイル 標高タイル 2026-10-08
S06odyuf,越後堀之内,"138.92828,37.23895",89.3,DEM5A,地理院タイル 標高タイル 2026-10-08
S06oe155,上飯島,"140.06845,39.77934",10.6,DEM5A,地理院タイル 標高タイル 2026-10-08
S06pcqrb,丸山,"136.15746,34.70439",154.3,DEM5A,地理院タイル 標高タイル 2026-10-08
S06pgmqa,遠軽,"143.52068,44.06028",80.8,DEM5A,地理院タイル 標高タイル 2026-10-08
S06plf0t,大仁,"138.93746,34.99437",31.1,DEM5A,地理院タイル 標高タイル 2026-10-08
S06pm0ki,二日市,"130.51892,33.49446",37.4,DEM5A,地理院タイル 標高タイル 2026-10-08
S06qewjb,喜志,"135.60725,34.52264",52.3,DEM5A,地理院タイル 標高タイル 2026-10-08
S06qnq20,半田,"136.93043,34.89411",3.5,DEM5A,地理院タイル 標高タイル 2026-10-08
S06qp95o,玉垣,"136.57003,34.85514",18.4,DEM5A,地理院タイル 標高タイル 2026-10-08
S06rnbre,財部,"130.99153,31.72877",158.8,DEM5A,地理院タイル 標高タイル 2026-10-08
S06rohwo,西掛川,"137.99506,34.77199",25.3,DEM5A,地理院タイル 標高タイル 2026-10-08
S06rpoci,椎田,"131.05791,33.65344",6.3,DEM5A,地理院タイル 標高タイル 2026-10-08
S06sbvjj,新舞子,"136.82860,34.94973",3.3,DEM5A,地理院タイル 標高タイル 2026-10-08
S06sd8gt,南生駒,"135.70887,34.66551",111.3,DEM5A,地理院タイル 標高タイル 2026-10-08
S06skse5,福野,"136.92325,36.58842",62.0,DEM5A,地理院タイル 標高タイル 2026-10-08
S06sm6c6,溜池山王,"139.74159,35.67224",7.8,DEM5A,地理院タイル 標高タイル 2026-10-08
S06sn127,石山通,"141.34422,43.03071",40.5,DEM5A,地理院タイル 標高タイル 2026-10-08
S06spiig,日向,"140.36243,35.62830",12.6,DEM5A,地理院タイル 標高タイル 2026-10-08
S06sqrwx,大高,"136.94028,35.06910",3.9,DEM5A,地理院タイル 標高タイル 2026-10-08
S06ssfie,吹田,"135.52376,34.76322",8.1,DEM5A,地理院タイル 標高タイル 2026-10-08
S06ssfie-2,吹田,"135.51729,34.75961",3.9,DEM5A,地理院タイル 標高タイル 2026-10-08
S06td46o,九条,"135.78296,34.65941",58.4,DEM5A,地理院タイル 標高タイル 2026-10-08
S06tgwkn,磯子,"139.61847,35.40058",3.3,DEM5A,地理院タイル 標高タイル 2026-10-08
S06thfrm,岩手上郷,"141.58584,39.28455",364.1,DEM5A,地理院タイル 標高タイル 2026-10-08
S06tl9bs,東塩釜,"141.03167,38.32563",10.7,DEM5A,地理院タイル 標高タイル 2026-10-08
S06tx5cw,南神城,"137.84163,36.63718",769.3,DEM5A,地理院タイル 標高タイル 2026-10-08
S06tzp75,美浜緑苑,"136.86309,34.80029",14.9,DEM5A,地理院タイル 標高タイル 2026-10-08
S06u4p1s,南宇都宮,"139.87195,36.54372",116.6,DEM5A,地理院タイル 標高タイル 2026-10-08
S06u5crs,近鉄八尾,"135.60354,34.62983",8.1,DEM5A,地理院タイル 標高タイル 2026-10-08
S06u6erm,山陽天満,"134.61744,34.79637",3.2,DEM5A,地理院タイル 標高タイル 2026-10-08
S06u8mux,後潟,"140.66253,40.93136",2.6,DEM5A,地理院タイル 標高タイル 2026-10-08
S06uw4kb,幡生,"130.92737,33.98148",4.9,DEM5A,地理院タイル 標高タイル 2026-10-08
S06v3wi9,大通,"141.35324,43.06027",20.4,DEM5A,地理院タイル 標高タイル 2026-10-08
S06vv71o,王寺,"135.70343,34.59755",36.0,DEM5A,地理院タイル 標高タイル 2026-10-08
S06w6vnm,東野,"137.42881,35.44626",312.0,DEM5A,地理院タイル 標高タイル 2026-10-08
S06wgjw5,西向日,"135.70272,34.93994",29.1,DEM5A,地理院タイル 標高タイル 2026-10-08
S06wk9c7,淵垣,"135.29457,35.32827",67.5,DEM5A,地理院タイル 標高タイル 2026-10-08
S06xfc5t,永尾,"129.98043,33.19340",83.8,DEM5A,地理院タイル 標高タイル 2026-10-08
S06xij8j,犬島新町,"137.22663,36.73510",3.9,DEM5A,地理院タイル 標高タイル 2026-10-08
S06y2zel,中央林間,"139.44461,35.50791",77.6,DEM5A,地理院タイル 標高タイル 2026-10-08
S06y7jz7,光岡,"130.91992,33.32760",80.1,DEM5A,地理院タイル 標高タイル 2026-10-08
S06ysils,綱島,"139.63479,35.53681",4.0,DEM5A,地理院タイル 標高タイル 2026-10-08
S06yxdlt,六本松,"130.37739,33.57760",2.8,DEM5A,地理院タイル 標高タイル 2026-10-08
S06z2bq5,清里町,"144.59399,43.83869",22.2,DEM5A,地理院タイル 標高タイル 2026-10-08
S06z66hi,亀川,"131.49301,33.33069",2.8,DEM5A,地理院タイル 標高タイル 2026-10-08
S06z792f,倉敷市,"133.76463,34.60058",3.1,DEM5A,地理院タイル 標高タイル 2026-10-08
S06z8qsr,西高岡,"136.96527,36.72429",11.7,DEM5A,地理院タイル 標高タイル 2026-10-08
S06zfd4z,尾頭橋,"136.89102,35.14705",5.6,DEM5A,地理院タイル 標高タイル 2026-10-08
S070nqwg,都電雑司ヶ谷,"139.71782,35.72407",31.7,DEM5A,地理院タイル 標高タイル 2026-10-08
S070tds2,神明,"136.18188,35.97274",21.9,DEM5A,地理院タイル 標高タイル 2026-10-08
S07193un,長野,"138.18886,36.64355",362.1,DEM5A,地理院タイル 標高タイル 2026-10-08
S071oke0,大山,"139.70262,35.74841",29.8,DEM5A,地理院タイル 標高タイル 2026-10-08
S071q9hy,下菅谷,"140.49418,36.43523",32.2,DEM5A,地理院タイル 標高タイル 2026-10-08
S0723q5h,中水野,"137.07192,35.25046",78.0,DEM5A,地理院タイル 標高タイル 2026-10-08
S072eaf2,緑川,"130.63135,32.69393",2.0,DEM5A,地理院タイル 標高タイル 2026-10-08
S072fmoo,甲斐大泉,"138.40967,35.89632",1158.5,DEM5A,地理院タイル 標高タイル 2026-10-08
S072fnej,森小路,"135.55168,34.71946",4.5,DEM5A,地理院タイル 標高タイル 2026-10-08
S072h641,長崎,"133.62098,33.57502",3.7,DEM5A,地理院タイル 標高タイル 2026-10-08
S072r300,玉出,"135.49049,34.62409",2.2,DEM5A,地理院タイル 標高タイル 2026-10-08
S072v5cg,四ツ木,"139.83465,35.73172",0.1,DEM5A,地理院タイル 標高タイル 2026-10-08
S073ytcv,南河内,"132.10338,34.16595",19.0,DEM5A,地理院タイル 標高タイル 2026-10-08
S073zojc,行橋,"130.97026,33.72875",4.4,DEM5A,地理院タイル 標高タイル 2026-10-08
S07458cp,西原,"134.64488,33.94831",4.0,DEM5A,地理院タイル 標高タイル 2026-10-08
S074cmfn,新日鉄前,"136.89949,35.03514",1.2,DEM5A,地理院タイル 標高タイル 2026-10-08
S074lima,大河端,"136.64298,36.61684",0.7,DEM5A,地理院タイル 標高タイル 2026-10-08
S074nfli,福島高松,"131.17830,31.45854",6.1,DEM5A,地理院タイル 標高タイル 2026-10-08
S074pory,守山,"136.95655,35.19735",25.3,DEM5A,地理院タイル 標高タイル 2026-10-08
S075726g,上狛,"135.82130,34.75048",34.9,DEM5A,地理院タイル 標高タイル 2026-10-08
S075cg3i,狩生,"131.90482,33.01537",3.5,DEM5A,地理院タイル 標高タイル 2026-10-08
S075z3us,伊勢原,"139.31379,35.39609",34.7,DEM5A,地理院タイル 標高タイル 2026-10-08
S0769mhh,寺田町,"135.52360,34.64794",6.5,DEM5A,地理院タイル 標高タイル 2026-10-08
S076avz1,立江,"134.60886,33.97024",1.3,DEM5A,地理院タイル 標高タイル 2026-10-08
S076tax9,上溝,"139.36315,35.55762",99.6,DEM5A,地理院タイル 標高タイル 2026-10-08
S077544z,守山自衛隊前,"136.95757,35.19619",24.3,DEM5A,地理院タイル 標高タイル 2026-10-08
S077eunc,羽生田,"139.06070,37.69364",9.5,DEM5A,地理院タイル 標高タイル 2026-10-08
S077ikux,西ヶ原四丁目,"139.73269,35.74424",24.7,DEM5A,地理院タイル 標高タイル 2026-10-08
S077kkd4,出雲八代,"133.00148,35.22729",302.3,DEM5A,地理院タイル 標高タイル 2026-10-08
S077ogod,枚岡,"135.64805,34.66954",49.5,DEM5A,地理院タイル 標高タイル 2026-10-08
S07875sl,勢浜,"135.70804,35.48120",31.4,DEM5A,地理院タイル 標高タイル 2026-10-08
S0788d5p,白石,"130.60836,32.30574",62.6,DEM5A,地理院タイル 標高タイル 2026-10-08
S078qqu1,西野尻,"136.48793,35.16404",134.8,DEM5A,地理院タイル 標高タイル 2026-10-08
S078smxp,久我原,"140.24767,35.25022",45.4,DEM5A,地理院タイル 標高タイル 2026-10-08
S078x51w,和知,"135.39918,35.26095",112.2,DEM5A,地理院タイル 標高タイル 2026-10-08
S07935ql,陸中門崎,"141.25122,38.91693",21.1,DEM5A,地理院タイル 標高タイル 2026-10-08
S079906x,安食,"140.24228,35.83572",6.3,DEM5A,地理院タイル 標高タイル 2026-10-08
S079fgtq,米ノ津,"130.34198,32.12215",4.2,DEM5A,地理院タイル 標高タイル 2026-10-08
S079hs3b,小波渡,"139.64968,38.69241",15.7,DEM5A,地理院タイル 標高タイル 2026-10-08
S079ik8m,湯里,"132.37554,35.10656",23.5,DEM5A,地理院タイル 標高タイル 2026-10-08
S079k6b1,的形,"134.74158,34.78007",1.0,DEM5A,地理院タイル 標高タイル 2026-10-08
S079s3co,地鉄ビル前,"137.21612,36.69860",6.7,DEM5A,地理院タイル 標高タイル 2026-10-08
S07aertu,津軽湯の沢,"140.63231,40.44212",184.6,DEM5A,地理院タイル 標高タイル 2026-10-08
S07aiurs,奈多,"130.41223,33.68650",2.8,DEM5A,地理院タイル 標高タイル 2026-10-08
S07auajj,若狭高浜,"135.54805,35.48618",1.6,DEM5A,地理院タイル 標高タイル 2026-10-08
S07b4bew,駒ヶ谷,"135.62208,34.54569",28.9,DEM5A,地理院タイル 標高タイル 2026-10-08
S07bhea6,JR藤森,"135.77562,34.94799",54.3,DEM5A,地理院タイル 標高タイル 2026-10-08
S07bhip9,松井田,"138.79765,36.30915",278.4,DEM5A,地理院タイル 標高タイル 2026-10-08
S07bm1nt,中名,"130.53505,31.39378",2.7,DEM5A,地理院タイル 標高タイル 2026-10-08
S07c2efz,杜せきのした,"140.89595,38.16537",3.1,DEM5A,地理院タイル 標高タイル 2026-10-08
S07cft3z,東中間,"130.72187,33.82048",13.0,DEM5A,地理院タイル 標高タイル 2026-10-08
S07dih3i,姉ヶ崎,"140.04193,35.47865",3.3,DEM5A,地理院タイル 標高タイル 2026-10-08
S07dj43s,浜松町,"139.75713,35.65541",4.4,DEM5A,地理院タイル 標高タイル 2026-10-08
S07dp097,神保町,"139.75804,35.69565",3.6,DEM5A,地理院タイル 標高タイル 2026-10-08
S07dqfeu,日吉町,"138.39118,34.97704",17.2,DEM5A,地理院タイル 標高タイル 2026-10-08
S07dqqpb,三越前,"139.77352,35.68601",5.0,DEM5A,地理院タイル 標高タイル 2026-10-08
S07e0qo6,富士川,"138.61871,35.14113",17.3,DEM5A,地理院タイル 標高タイル 2026-10-08
S07ehnpt,東三国,"135.49849,34.74110",1.6,DEM5A,地理院タイル 標高タイル 2026-10-08
S07elbpg,磐城棚倉,"140.38443,37.03511",268.7,DEM5A,地理院タイル 標高タイル 2026-10-08
S07epgpi,菊名,"139.63077,35.51007",7.8,DEM5A,地理院タイル 標高タイル 2026-10-08
S07eqesx,西小倉,"130.87412,33.88861",2.9,DEM5A,地理院タイル 標高タイル 2026-10-08
S07ezf58,大道,"131.48845,34.05324",2.7,DEM5A,地理院タイル 標高タイル 2026-10-08
S07f0m9f,特牛,"130.91893,34.30583",55.7,DEM5A,地理院タイル 標高タイル 2026-10-08
S07hiezo,新琴似,"141.33514,43.11304",7.2,DEM5A,地理院タイル 標高タイル 2026-10-08
S07hiyl2,三郷,"135.68752,34.58888",36.8,DEM5A,地理院タイル 標高タイル 2026-10-08
S07hoa69,平野,"135.41733,34.86876",61.6,DEM5A,地理院タイル 標高タイル 2026-10-08
S07jtc93,多磨霊園,"139.50212,35.66636",48.5,DEM5A,地理院タイル 標高タイル 2026-10-08
S07jtfcj,水無瀬,"135.66777,34.87781",11.4,DEM5A,地理院タイル 標高タイル 2026-10-08
S07k12xp,スタジアムシティサウス,"129.86862,32.75811",2.4,DEM5A,地理院タイル 標高タイル 2026-10-08
S07kaye9,木造,"140.38795,40.80240",7.7,DEM5A,地理院タイル 標高タイル 2026-10-08
S07l8as7,阿南,"134.66227,33.91916",2.6,DEM5A,地理院タイル 標高タイル 2026-10-08
S07lrun3,川原町,"136.62331,34.97730",3.9,DEM5A,地理院タイル 標高タイル 2026-10-08
S07m72gb,長堀橋,"135.50638,34.67509",4.1,DEM5A,地理院タイル 標高タイル 2026-10-08
S07mexlg,東郡家,"134.25983,35.42916",67.8,DEM5A,地理院タイル 標高タイル 2026-10-08
S07mnf4j,若狭和田,"135.58150,35.48863",2.8,DEM5A,地理院タイル 標高タイル 2026-10-08
S07n7scj,島ヶ原,"136.05408,34.76763",124.2,DEM5A,地理院タイル 標高タイル 2026-10-08
S07nxowo,福岡,"136.93207,36.70828",16.1,DEM5A,地理院タイル 標高タイル 2026-10-08
S07oj568,湯江,"130.14068,32.90483",13.2,DEM5A,地理院タイル 標高タイル 2026-10-08
S07ojzjl,三里木,"130.79645,32.86170",83.3,DEM5A,地理院タイル 標高タイル 2026-10-08
S07p5n1s,中判田,"131.63870,33.16376",18.5,DEM5A,地理院タイル 標高タイル 2026-10-08
S07pjv79,喜々津,"129.98649,32.83270",3.9,DEM5A,地理院タイル 標高タイル 2026-10-08
S07pl1d2,竜田川,"135.70467,34.61719",51.4,DEM5A,地理院タイル 標高タイル 2026-10-08
S07q0f4y,膳,"139.22206,36.41695",177.6,DEM5A,地理院タイル 標高タイル 2026-10-08
S07q9dag,小淵沢,"138.31675,35.86373",886.7,DEM5A,地理院タイル 標高タイル 2026-10-08
S07qadyg,長津田,"139.49453,35.53180",45.9,DEM5A,地理院タイル 標高タイル 2026-10-08
S07qau1g,日奈久温泉,"130.58204,32.43617",5.9,DEM5A,地理院タイル 標高タイル 2026-10-08
S07qmyd9,笹川,"140.65582,35.83943",4.9,DEM5A,地理院タイル 標高タイル 2026-10-08
S07rfbx8,東日本橋,"139.78478,35.69171",3.0,DEM5A,地理院タイル 標高タイル 2026-10-08
S07rgrqs,呉ポートピア,"132.51305,34.29178",4.0,DEM5A,地理院タイル 標高タイル 2026-10-08
S07rpb00,学文路,"135.57989,34.29651",78.8,DEM5A,地理院タイル 標高タイル 2026-10-08
S07rpxbd,北田辺,"135.52894,34.63203",5.7,DEM5A,地理院タイル 標高タイル 2026-10-08
S07rs05u,土佐新荘,"133.27805,33.38639",4.9,DEM5A,地理院タイル 標高タイル 2026-10-08
S07sezms,窪川,"133.13733,33.21267",210.8,DEM5A,地理院タイル 標高タイル 2026-10-08
S07srj5y,足滝,"138.60372,36.99897",251.3,DEM5A,地理院タイル 標高タイル 2026-10-08
S07ta000,船津,"136.84201,34.45687",2.6,DEM5A,地理院タイル 標高タイル 2026-10-08
S07tbeoy,寺町,"132.44814,34.40081",2.4,DEM5A,地理院タイル 標高タイル 2026-10-08
S07tp23b,溝の口,"139.61054,35.59978",14.6,DEM5A,地理院タイル 標高タイル 2026-10-08
S07tyy39,真幸,"130.72911,32.07453",386.1,DEM5A,地理院タイル 標高タイル 2026-10-08
S07tz943,彼杵,"129.91468,33.03982",5.8,DEM5A,地理院タイル 標高タイル 2026-10-08
S07ubmnh,長町,"140.88552,38.22798",11.1,DEM5A,地理院タイル 標高タイル 2026-10-08
S07ur8bm,目出,"131.18333,33.99668",4.1,DEM5A,地理院タイル 標高タイル 2026-10-08
S07w1ds2,Jヴィレッジ,"141.00754,37.24207",24.4,DEM5A,地理院タイル 標高タイル 2026-10-08
S07wg7bz,橋本,"139.34453,35.59499",140.8,DEM5A,地理院タイル 標高タイル 2026-10-08
S07wncg2,沢ノ町,"135.49687,34.60632",5.5,DEM5A,地理院タイル 標高タイル 2026-10-08
S07ws7iz,渡島沼尻,"140.74764,42.10708",59.9,DEM5A,地理院タイル 標高タイル 2026-10-08
S07xkoeh,豊野,"138.27556,36.71110",335.8,DEM5A,地理院タイル 標高タイル 2026-10-08
S07xkscm,河内天美,"135.53544,34.58606",12.8,DEM5A,地理院タイル 標高タイル 2026-10-08
S07xt6ql,稲荷口,"137.38774,34.81842",14.5,DEM5A,地理院タイル 標高タイル 2026-10-08
S07xx4kf,浦安,"139.89314,35.66586",0.9,DEM5A,地理院タイル 標高タイル 2026-10-08
S07y04ew,宇頭,"137.11811,34.97131",20.0,DEM5A,地理院タイル 標高タイル 2026-10-08
S07y4gb7,新吉野,"143.60829,42.77824",16.2,DEM5A,地理院タイル 標高タイル 2026-10-08
S07yamsh,平林,"139.45902,38.15010",7.4,DEM5A,地理院タイル 標高タイル 2026-10-08
S07yglnc,豊川稲荷,"137.39596,34.82177",16.5,DEM5A,地理院タイル 標高タイル 2026-10-08
S07ynof9,良川,"136.89469,36.97667",23.3,DEM5A,地理院タイル 標高タイル 2026-10-08
S07yqo0c,泉体育館,"139.41957,35.71885",93.5,DEM5A,地理院タイル 標高タイル 2026-10-08
S07yukmr,我孫子前,"135.49690,34.60002",6.2,DEM5A,地理院タイル 標高タイル 2026-10-08
S07z41po,楠久,"129.82689,33.29142",2.4,DEM5A,地理院タイル 標高タイル 2026-10-08
S07zhxws,大島,"139.83438,35.68977",-2.3,DEM5A,地理院タイル 標高タイル 2026-10-08
S07zjsrg,豪渓,"133.72250,34.70626",24.9,DEM5A,地理院タイル 標高タイル 2026-10-08
S07znh1r,田原町,"136.21762,36.07486",7.0,DEM5A,地理院タイル 標高タイル 2026-10-08
S07zrkwn,藤岡,"139.64560,36.25559",19.1,DEM5A,地理院タイル 標高タイル 2026-10-08
S07ztphg,紀伊長島,"136.33993,34.20933",3.7,DEM5A,地理院タイル 標高タイル 2026-10-08
S07zwz5v,絹延橋,"135.42307,34.83482",29.1,DEM5A,地理院タイル 標高タイル 2026-10-08
S07zx1q3,東唐津,"129.99708,33.43948",3.1,DEM5A,地理院タイル 標高タイル 2026-10-08
S07zy5hd,稲田,"140.21504,36.36888",48.7,DEM5A,地理院タイル 標高タイル 2026-10-08
S080gjny,あおば通,"140.87862,38.26066",36.0,DEM5A,地理院タイル 標高タイル 2026-10-08
S080pgi8,南阿蘇白川水源,"131.09129,32.82220",476.0,DEM5A,地理院タイル 標高タイル 2026-10-08
S080v7y3,湯野上温泉,"139.89518,37.30403",422.3,DEM5A,地理院タイル 標高タイル 2026-10-08
S080vl23,立会川,"139.73895,35.59851",2.6,DEM5A,地理院タイル 標高タイル 2026-10-08
S0814uox,桑野,"134.61335,33.87469",12.1,DEM5A,地理院タイル 標高タイル 2026-10-08
S08165nc,松浦,"129.70783,33.34423",3.0,DEM5A,地理院タイル 標高タイル 2026-10-08
S081lzuu,釜石,"141.87275,39.27330",6.8,DEM5A,地理院タイル 標高タイル 2026-10-08
S081wm6i,座間,"139.39989,35.48099",51.0,DEM5A,地理院タイル 標高タイル 2026-10-08
S082fyx6,竜ヶ崎,"140.17889,35.90855",5.6,DEM5A,地理院タイル 標高タイル 2026-10-08
S082oesl,押野,"136.62205,36.54232",12.6,DEM5A,地理院タイル 標高タイル 2026-10-08
S082xsdu,浦山,"137.51952,36.86342",110.2,DEM5A,地理院タイル 標高タイル 2026-10-08
S0842bst,六田,"135.82298,34.39008",150.1,DEM5A,地理院タイル 標高タイル 2026-10-08
S084hmlj,小幌,"140.53727,42.58969",47.5,DEM5A,地理院タイル 標高タイル 2026-10-08
S084tj6v,新横浜,"139.61728,35.50814",6.6,DEM5A,地理院タイル 標高タイル 2026-10-08
S085fwjn,磐梯町,"139.99343,37.55737",396.0,DEM5A,地理院タイル 標高タイル 2026-10-08
S085kt0w,額田,"135.65112,34.67520",70.6,DEM5A,地理院タイル 標高タイル 2026-10-08
S0861lg2,立川北,"139.41267,35.69953",84.3,DEM5A,地理院タイル 標高タイル 2026-10-08
S086ffby,豊後森,"131.15570,33.28255",331.3,DEM5A,地理院タイル 標高タイル 2026-10-08
S086ht7j,紀伊新庄,"135.40236,33.72098",3.0,DEM5A,地理院タイル 標高タイル 2026-10-08
S086r27n,後台,"140.49016,36.42404",30.6,DEM5A,地理院タイル 標高タイル 2026-10-08
S087g1tq,三鷹,"139.56071,35.70269",59.6,DEM5A,地理院タイル 標高タイル 2026-10-08
S087iria,柳原,"138.25829,36.66342",335.2,DEM5A,地理院タイル 標高タイル 2026-10-08
S087rm7o,小野,"137.97080,36.04688",813.1,DEM5A,地理院タイル 標高タイル 2026-10-08
S087rnh6,水沢江刺,"141.18870,39.14516",35.4,DEM5A,地理院タイル 標高タイル 2026-10-08
S087ujw7,川口,"139.71748,35.80179",2.9,DEM5A,地理院タイル 標高タイル 2026-10-08
S088pmk4,中神,"139.37571,35.70900",100.8,DEM5A,地理院タイル 標高タイル 2026-10-08
S0895r51,萩野,"141.30618,42.52145",4.6,DEM5A,地理院タイル 標高タイル 2026-10-08
S0898kor,曽根,"135.46773,34.77094",14.6,DEM5A,地理院タイル 標高タイル 2026-10-08
S08999ql,氷川台,"139.66547,35.74962",27.5,DEM5A,地理院タイル 標高タイル 2026-10-08
S089ya2q,的場町,"132.47495,34.39312",3.4,DEM5A,地理院タイル 標高タイル 2026-10-08
S08a44xd,鳴海,"136.95119,35.07843",1.9,DEM5A,地理院タイル 標高タイル 2026-10-08
S08ant09,ウッディタウン中央,"135.18382,34.90967",200.3,DEM5A,地理院タイル 標高タイル 2026-10-08
S08bcdu0,伊予吉田,"132.54432,33.27341",5.5,DEM5A,地理院タイル 標高タイル 2026-10-08
S08bhbg7,紀伊清水,"135.60474,34.30745",87.3,DEM5A,地理院タイル 標高タイル 2026-10-08
S08bpb4p,大門,"133.44018,34.49824",5.0,DEM5A,地理院タイル 標高タイル 2026-10-08
S08cwjh9,高科,"136.64017,35.55573",95.6,DEM5A,地理院タイル 標高タイル 2026-10-08
S08cznvy,小俣,"136.68481,34.51284",6.0,DEM5A,地理院タイル 標高タイル 2026-10-08
S08e7dra,久原,"129.81197,33.31390",3.4,DEM5A,地理院タイル 標高タイル 2026-10-08
S08eiffx,西屋敷,"131.42954,33.50443",46.8,DEM5A,地理院タイル 標高タイル 2026-10-08
S08ek6mx,吉野生,"132.72932,33.22451",77.1,DEM5A,地理院タイル 標高タイル 2026-10-08
S08elvaw,上越妙高,"138.24834,37.08136",19.4,DEM5A,地理院タイル 標高タイル 2026-10-08
S08ew3eh,関山,"138.22678,36.93251",339.7,DEM5A,地理院タイル 標高タイル 2026-10-08
S08fp7jb,楯山,"140.37065,38.30167",130.4,DEM5A,地理院タイル 標高タイル 2026-10-08
S08fqkdb,新宮中央,"130.44944,33.71202",5.6,DEM5A,地理院タイル 標高タイル 2026-10-08
S08fyaha,阿蘇白川,"131.08432,32.82232",471.9,DEM5A,地理院タイル 標高タイル 2026-10-08
S08g1jqq,海田市,"132.53072,34.37194",3.3,DEM5A,地理院タイル 標高タイル 2026-10-08
S08g2hn7,河内永和,"135.57314,34.66425",2.8,DEM5A,地理院タイル 標高タイル 2026-10-08
S08gz7mc,門田,"139.91378,37.44252",242.1,DEM5A,地理院タイル 標高タイル 2026-10-08
S08hhhhs,白山長滝,"136.83237,35.91970",433.2,DEM5A,地理院タイル 標高タイル 2026-10-08
S08hm812,甲浦,"134.28784,33.54688",2.0,DEM5A,地理院タイル 標高タイル 2026-10-08
S08hs4mo,千駄木,"139.76337,35.72599",6.1,DEM5A,地理院タイル 標高タイル 2026-10-08
S08hwnyp,幕張,"140.05790,35.65948",6.4,DEM5A,地理院タイル 標高タイル 2026-10-08
S08hypcq,上杉,"140.34977,40.14639",41.9,DEM5A,地理院タイル 標高タイル 2026-10-08
S08is16k,浅香,"135.50250,34.58539",12.4,DEM5A,地理院タイル 標高タイル 2026-10-08
S08jcbx2,志文,"141.74451,43.15904",18.9,DEM5A,地理院タイル 標高タイル 2026-10-08
S08jvqh2,内郷,"140.85490,37.03597",13.4,DEM5A,地理院タイル 標高タイル 2026-10-08
S08kdg41,丸の内,"137.20894,36.69250",7.7,DEM5A,地理院タイル 標高タイル 2026-10-08
S08kiq2x,富士見町,"133.33669,35.43460",5.6,DEM5A,地理院タイル 標高タイル 2026-10-08
S08kokhy,豊永,"133.75973,33.79688",212.3,DEM5A,地理院タイル 標高タイル 2026-10-08
S08ktk08,高幡不動,"139.41381,35.66195",66.7,DEM5A,地理院タイル 標高タイル 2026-10-08
S08kucvf,熊野市,"136.09877,33.88965",7.5,DEM5A,地理院タイル 標高タイル 2026-10-08
S08l23g6,堀詰,"133.53940,33.55950",1.6,DEM5A,地理院タイル 標高タイル 2026-10-08
S08l434n,湯の山温泉,"136.47369,35.01161",131.8,DEM5A,地理院タイル 標高タイル 2026-10-08
S08l89u1,土師,"134.22573,35.23300",235.6,DEM5A,地理院タイル 標高タイル 2026-10-08
S08lbgow,みのり台,"139.92879,35.78934",28.9,DEM5A,地理院タイル 標高タイル 2026-10-08
S08lsia9,愛・地球博記念公園,"137.08754,35.17766",140.2,DEM5A,地理院タイル 標高タイル 2026-10-08
S08lyil1,橿原神宮西口,"135.78133,34.48622",71.0,DEM5A,地理院タイル 標高タイル 2026-10-08
S08mcrdr,出戸浜,"140.02459,39.84443",9.8,DEM5A,地理院タイル 標高タイル 2026-10-08
S08o007w,飛騨小坂,"137.25686,35.95079",517.4,DEM5A,地理院タイル 標高タイル 2026-10-08
S08ob3al,中野松川,"138.37429,36.75066",396.6,DEM5A,地理院タイル 標高タイル 2026-10-08
S08oci4u,鉄砲町,"132.76891,33.84828",27.4,DEM5A,地理院タイル 標高タイル 2026-10-08
S08od2qr,元山,"139.97567,35.79033",27.4,DEM5A,地理院タイル 標高タイル 2026-10-08
S08oggyb,郡上八幡,"136.94736,35.74162",207.4,DEM5A,地理院タイル 標高タイル 2026-10-08
S08ovzz1,三川,"139.38150,37.70840",46.7,DEM5A,地理院タイル 標高タイル 2026-10-08
S08p4evz,飯倉,"140.52141,35.68509",8.5,DEM5A,地理院タイル 標高タイル 2026-10-08
S08pak8l,陣場,"140.60763,40.39901",176.2,DEM5A,地理院タイル 標高タイル 2026-10-08
S08pg1iu,鶴形,"140.11857,40.20392",17.9,DEM5A,地理院タイル 標高タイル 2026-10-08
S08pr0vk,太秦天神川,"135.71606,35.01094",34.1,DEM5A,地理院タイル 標高タイル 2026-10-08
S08q058t,富士松,"137.01644,35.02981",9.6,DEM5A,地理院タイル 標高タイル 2026-10-08
S08qk2bf,塚田,"139.98290,35.72212",15.9,DEM5A,地理院タイル 標高タイル 2026-10-08
S08rz4fy,白石蔵王,"140.63296,37.99498",46.1,DEM5A,地理院タイル 標高タイル 2026-10-08
S08s0on5,東名古屋港,"136.89918,35.08909",1.9,DEM5A,地理院タイル 標高タイル 2026-10-08
S08s379r,下山村,"137.83974,35.50420",425.6,DEM5A,地理院タイル 標高タイル 2026-10-08
S08s9phc,越後下関,"139.56015,38.08998",32.9,DEM5A,地理院タイル 標高タイル 2026-10-08
S08sj09e,四郎ヶ原,"131.16114,34.13768",65.8,DEM5A,地理院タイル 標高タイル 2026-10-08
S08sy97q,平内,"141.69923,40.42558",16.8,DEM5A,地理院タイル 標高タイル 2026-10-08
S08taq73,幕張本郷,"140.04219,35.67281",16.6,DEM5A,地理院タイル 標高タイル 2026-10-08
S08ti8iz,大森・金城学院前,"136.99659,35.20694",39.3,DEM5A,地理院タイル 標高タイル 2026-10-08
S08tl1wf,佐貫,"140.13826,35.92941",7.0,DEM5A,地理院タイル 標高タイル 2026-10-08
S08tolvl,ポートタウン西,"135.42284,34.63088",4.4,DEM5A,地理院タイル 標高タイル 2026-10-08
S08tr2qh,元山上口,"135.70079,34.64061",74.0,DEM5A,地理院タイル 標高タイル 2026-10-08
S08tseqf,大町,"137.22067,36.67306",17.9,DEM5A,地理院タイル 標高タイル 2026-10-08
S08uwyn1,前畑,"137.40449,34.76575",10.5,DEM5A,地理院タイル 標高タイル 2026-10-08
S08v79so,聖高原,"138.04757,36.45506",621.6,DEM5A,地理院タイル 標高タイル 2026-10-08
S08vadqc,千代,"137.81678,35.42921",379.8,DEM5A,地理院タイル 標高タイル 2026-10-08
S08vfwsw,下市田,"137.87634,35.54416",432.4,DEM5A,地理院タイル 標高タイル 2026-10-08
S08vpml1,偕楽園,"140.45634,36.37303",6.6,DEM5A,地理院タイル 標高タイル 2026-10-08
S08wlnon,小田井,"136.88092,35.22127",4.5,DEM5A,地理院タイル 標高タイル 2026-10-08
S08wpbyz,ひたち野うしく,"140.15825,36.00726",24.8,DEM5A,地理院タイル 標高タイル 2026-10-08
S08x1o24,神谷,"138.74302,35.16098",14.0,DEM5A,地理院タイル 標高タイル 2026-10-08
S08xlbv6,坂根,"133.37082,34.97297",290.2,DEM5A,地理院タイル 標高タイル 2026-10-08
S08xmjkd,井野,"140.14855,35.73290",16.3,DEM5A,地理院タイル 標高タイル 2026-10-08
S08yncrc,富野荘,"135.77292,34.84016",19.0,DEM5A,地理院タイル 標高タイル 2026-10-08
S08ynqq7,川前,"140.75029,37.20564",286.5,DEM5A,地理院タイル 標高タイル 2026-10-08
S08zgqmv,安曇追分,"137.87277,36.37186",550.8,DEM5A,地理院タイル 標高タイル 2026-10-08
S09056f7,尾張瀬戸,"137.09674,35.22489",102.4,DEM5A,地理院タイル 標高タイル 2026-10-08
S090bdxr,光風台,"135.43141,34.89991",142.3,DEM5A,地理院タイル 標高タイル 2026-10-08
S090tax3,西新,"130.35952,33.58376",5.7,DEM5A,地理院タイル 標高タイル 2026-10-08
S090y6kl,中洲通,"130.54270,31.57903",6.2,DEM5A,地理院タイル 標高タイル 2026-10-08
S0922enh,阪東橋,"139.62497,35.43754",2.3,DEM5A,地理院タイル 標高タイル 2026-10-08
S092ex5p,小山,"139.80645,36.31287",37.6,DEM5A,地理院タイル 標高タイル 2026-10-08
S092od19,紀伊由良,"135.12826,33.96897",13.8,DEM5A,地理院タイル 標高タイル 2026-10-08
S092sw9k,保津峡,"135.64030,35.02309",66.5,DEM5A,地理院タイル 標高タイル 2026-10-08
S0936kvs,武庫,"133.47680,35.26742",160.2,DEM5A,地理院タイル 標高タイル 2026-10-08
S0936o6k,龍谷富山高校前（永楽町）,"137.21986,36.70301",7.2,DEM5A,地理院タイル 標高タイル 2026-10-08
S093ik7d,吹上,"139.45369,36.10285",17.8,DEM5A,地理院タイル 標高タイル 2026-10-08
S093j2ox,津古,"130.56557,33.44644",23.4,DEM5A,地理院タイル 標高タイル 2026-10-08
S094w7iw,多久,"130.09628,33.28838",33.9,DEM5A,地理院タイル 標高タイル 2026-10-08
S094zx61,浮孔,"135.75486,34.49801",65.2,DEM5A,地理院タイル 標高タイル 2026-10-08
S0956s1v,中埠頭,"135.21717,34.66929",2.1,DEM5A,地理院タイル 標高タイル 2026-10-08
S095fizs,浅川,"134.35863,33.62662",8.7,DEM5A,地理院タイル 標高タイル 2026-10-08
S095ikbf,江尻,"137.02985,36.76149",5.3,DEM5A,地理院タイル 標高タイル 2026-10-08
S095jbs6,唐津,"129.96870,33.44592",9.4,DEM5A,地理院タイル 標高タイル 2026-10-08
S095xfg3,大竹,"132.22343,34.21775",1.6,DEM5A,地理院タイル 標高タイル 2026-10-08
S0966t3y,篠塚,"139.44609,36.25682",27.6,DEM5A,地理院タイル 標高タイル 2026-10-08
S0968wpv,土浦,"140.20624,36.07859",3.5,DEM5A,地理院タイル 標高タイル 2026-10-08
S096cbdg,石浜,"136.97290,34.96787",0.8,DEM5A,地理院タイル 標高タイル 2026-10-08
S096el8y,都筑ふれあいの丘,"139.56130,35.53656",63.7,DEM5A,地理院タイル 標高タイル 2026-10-08
S096hsnn,西ノ口,"136.82676,34.92460",3.3,DEM5A,地理院タイル 標高タイル 2026-10-08
S096i2ov,金剛,"135.55943,34.49524",94.8,DEM5A,地理院タイル 標高タイル 2026-10-08
S096kabz,能生,"137.98847,37.09601",16.2,DEM5A,地理院タイル 標高タイル 2026-10-08
S096kd0l,東水戸,"140.51578,36.36191",4.4,DEM5A,地理院タイル 標高タイル 2026-10-08
S096r69j,岩波,"138.91926,35.21513",243.1,DEM5A,地理院タイル 標高タイル 2026-10-08
S096z6v9,本宮,"140.39934,37.51373",209.6,DEM5A,地理院タイル 標高タイル 2026-10-08
S097fvo6,小古曽,"136.59224,34.92867",9.4,DEM5A,地理院タイル 標高タイル 2026-10-08
S097t3gh,明大前,"139.65046,35.66872",36.2,DEM5A,地理院タイル 標高タイル 2026-10-08
S098143w,入野,"132.85157,34.46074",142.6,DEM5A,地理院タイル 標高タイル 2026-10-08
S098o3hb,箱崎,"130.42655,33.61803",2.3,DEM5A,地理院タイル 標高タイル 2026-10-08
S098qief,法善寺,"135.62628,34.59519",14.7,DEM5A,地理院タイル 標高タイル 2026-10-08
S099f9j6,おもろまち,"127.69848,26.22266",26.8,DEM5A,地理院タイル 標高タイル 2026-10-08
S099hbdi,福大前西福井,"136.21013,36.07440",6.0,DEM5A,地理院タイル 標高タイル 2026-10-08
S099l1n7,金沢,"136.64793,36.57809",8.6,DEM5A,地理院タイル 標高タイル 2026-10-08
S09a95j5,新家,"135.29912,34.37235",24.3,DEM5A,地理院タイル 標高タイル 2026-10-08
S09ash2a,泉福寺,"129.72714,33.20593",68.3,DEM5A,地理院タイル 標高タイル 2026-10-08
S09az4e1,法隆寺,"135.73890,34.60155",41.1,DEM5A,地理院タイル 標高タイル 2026-10-08
S09c0yb7,摩耶,"135.22475,34.70852",22.5,DEM5A,地理院タイル 標高タイル 2026-10-08
S09c39kc,豊春,"139.72618,35.96804",7.3,DEM5A,地理院タイル 標高タイル 2026-10-08
S09c6jt0,河内花園,"135.61843,34.66273",5.3,DEM5A,地理院タイル 標高タイル 2026-10-08
S09c769d,野崎,"135.63702,34.71845",3.2,DEM5A,地理院タイル 標高タイル 2026-10-08
S09d97pa,東大更,"141.14223,39.90261",221.8,DEM5A,地理院タイル 標高タイル 2026-10-08
S09ddq9x,琴電琴平,"133.81892,34.19141",65.2,DEM5A,地理院タイル 標高タイル 2026-10-08
S09dfztm,加納,"131.40652,31.87627",8.3,DEM5A,地理院タイル 標高タイル 2026-10-08
S09dhyex,相原,"139.33168,35.60693",140.7,DEM5A,地理院タイル 標高タイル 2026-10-08
S09e0fz1,賀田,"136.18974,33.97165",8.4,DEM5A,地理院タイル 標高タイル 2026-10-08
S09e0jwj,北山田,"139.59275,35.56109",21.1,DEM5A,地理院タイル 標高タイル 2026-10-08
S09epaqs,浦佐,"138.92289,37.16757",117.8,DEM5A,地理院タイル 標高タイル 2026-10-08
S09eplhy,間藤,"139.45009,36.65354",662.2,DEM5A,地理院タイル 標高タイル 2026-10-08
S09f6uwe,野洲,"136.02239,35.06844",98.3,DEM5A,地理院タイル 標高タイル 2026-10-08
S09faddf,那覇空港,"127.65229,26.20666",6.9,DEM5A,地理院タイル 標高タイル 2026-10-08
S09fbw42,和泉中央,"135.45672,34.46157",59.9,DEM5A,地理院タイル 標高タイル 2026-10-08
S09fdpkr,北大野,"136.48791,35.99792",168.4,DEM5A,地理院タイル 標高タイル 2026-10-08
S09fungf,知寄町二丁目,"133.55992,33.55808",0.0,DEM5A,地理院タイル 標高タイル 2026-10-08
S09grh4h,東新宿,"139.70779,35.69900",30.9,DEM5A,地理院タイル 標高タイル 2026-10-08
S09h78bm,布師田,"133.59017,33.57553",0.9,DEM5A,地理院タイル 標高タイル 2026-10-08
S09hqsdl,西二見,"134.87706,34.70719",8.9,DEM5A,地理院タイル 標高タイル 2026-10-08
S09hth91,瀬野,"132.59674,34.42201",53.7,DEM5A,地理院タイル 標高タイル 2026-10-08
S09i6okv,白市,"132.83200,34.44327",183.0,DEM5A,地理院タイル 標高タイル 2026-10-08
S09ip15g,麻布十番,"139.73657,35.65565",5.1,DEM5A,地理院タイル 標高タイル 2026-10-08
S09j0byg,館山,"139.86199,34.99591",3.8,DEM5A,地理院タイル 標高タイル 2026-10-08
S09j2ml8,川辺沖,"140.40575,37.19271",261.4,DEM5A,地理院タイル 標高タイル 2026-10-08
S09jqtxu,可児川,"137.01846,35.41825",72.8,DEM5A,地理院タイル 標高タイル 2026-10-08
S09k4y57,桜沢,"139.20824,36.12872",94.9,DEM5A,地理院タイル 標高タイル 2026-10-08
S09k8wfu,ひらんだ,"138.16801,35.16488",479.4,DEM5A,地理院タイル 標高タイル 2026-10-08
S09kj98x,広瀬通,"140.87542,38.26284",38.6,DEM5A,地理院タイル 標高タイル 2026-10-08
S09kr6s5,恵我ノ荘,"135.57282,34.57356",26.0,DEM5A,地理院タイル 標高タイル 2026-10-08
S09l08qt,大間越,"139.95008,40.49242",5.4,DEM5A,地理院タイル 標高タイル 2026-10-08
S09l1jis,二子新地,"139.62268,35.60727",13.6,DEM5A,地理院タイル 標高タイル 2026-10-08
S09l4rx0,下田,"141.40774,40.59197",8.6,DEM5A,地理院タイル 標高タイル 2026-10-08
S09l7q2o,西鉄久留米,"130.52104,33.31226",12.8,DEM5A,地理院タイル 標高タイル 2026-10-08
S09lgb0z,大洋,"140.57647,36.10829",41.8,DEM5A,地理院タイル 標高タイル 2026-10-08
S09ls4hf,西武新宿,"139.70007,35.69613",36.9,DEM5A,地理院タイル 標高タイル 2026-10-08
S09ltwka,二十四軒,"141.31360,43.07045",14.3,DEM5A,地理院タイル 標高タイル 2026-10-08
S09manl6,穴川,"136.81588,34.35889",5.2,DEM5A,地理院タイル 標高タイル 2026-10-08
S09mdqta,田島高校前,"139.80079,37.20956",546.0,DEM5A,地理院タイル 標高タイル 2026-10-08
S09n51us,長町一丁目,"140.88752,38.23431",13.7,DEM5A,地理院タイル 標高タイル 2026-10-08
S09nows1,北白川,"140.69255,38.03245",23.9,DEM5A,地理院タイル 標高タイル 2026-10-08
S09nvfmw,切目,"135.24105,33.79678",5.8,DEM5A,地理院タイル 標高タイル 2026-10-08
S09p17f5,姫島,"135.45819,34.70435",-1.8,DEM5A,地理院タイル 標高タイル 2026-10-08
S09p2pws,二軒屋,"134.54689,34.05505",1.9,DEM5A,地理院タイル 標高タイル 2026-10-08
S09pfzzb,大野町,"136.82750,34.93543",2.0,DEM5A,地理院タイル 標高タイル 2026-10-08
S09pmms0,平和台,"139.90123,35.85112",4.3,DEM5A,地理院タイル 標高タイル 2026-10-08
S09pq4a9,武州日野,"139.02202,35.95387",291.4,DEM5A,地理院タイル 標高タイル 2026-10-08
S09q0jef,祇園四条,"135.77193,35.00332",37.4,DEM5A,地理院タイル 標高タイル 2026-10-08
S09qbllu,山陽明石,"134.99271,34.64882",10.1,DEM5A,地理院タイル 標高タイル 2026-10-08
S09qfpba,佐良山,"133.96088,35.03207",110.5,DEM5A,地理院タイル 標高タイル 2026-10-08
S09qya2c,郡上大和,"136.89497,35.81513",280.7,DEM5A,地理院タイル 標高タイル 2026-10-08
S09r8e9m,幸浦,"139.64369,35.35840",3.5,DEM5A,地理院タイル 標高タイル 2026-10-08
S09ru4mj,夙川,"135.32807,34.74246",15.8,DEM5A,地理院タイル 標高タイル 2026-10-08
S09rv887,朝陽,"138.24070,36.66633",344.4,DEM5A,地理院タイル 標高タイル 2026-10-08
S09rvqi7,東免田,"130.91302,32.25020",153.4,DEM5A,地理院タイル 標高タイル 2026-10-08
S09sckcr,野尻,"137.63616,35.67304",523.0,DEM5A,地理院タイル 標高タイル 2026-10-08
S09simwy,江井ヶ島,"134.91993,34.67902",12.5,DEM5A,地理院タイル 標高タイル 2026-10-08
S09szhyr,産業振興センター,"139.64632,35.35343",3.3,DEM5A,地理院タイル 標高タイル 2026-10-08
S09tepyg,柳津,"141.30635,38.61183",6.4,DEM5A,地理院タイル 標高タイル 2026-10-08
S09ti5no,船町口,"135.00936,35.06289",87.7,DEM5A,地理院タイル 標高タイル 2026-10-08
S09tkvzl,石川台,"139.68509,35.59686",18.9,DEM5A,地理院タイル 標高タイル 2026-10-08
S09tm3fe,八王子,"139.33934,35.65534",110.5,DEM5A,地理院タイル 標高タイル 2026-10-08
S09u4w9g,福,"135.44273,34.69982",-0.8,DEM5A,地理院タイル 標高タイル 2026-10-08
S09u79db,中板橋,"139.69439,35.75628",23.0,DEM5A,地理院タイル 標高タイル 2026-10-08
S09u9vr9,糸魚川,"137.86215,37.04357",4.3,DEM5A,地理院タイル 標高タイル 2026-10-08
S09uspg6,藤ノ木,"130.78188,33.89319",2.2,DEM5A,地理院タイル 標高タイル 2026-10-08
S09v5y8g,植田,"140.79648,36.92049",7.5,DEM5A,地理院タイル 標高タイル 2026-10-08
S09v7gm5,壺川,"127.67838,26.20578",2.5,DEM5A,地理院タイル 標高タイル 2026-10-08
S09v9g78,学園前,"135.74981,34.69702",130.3,DEM5A,地理院タイル 標高タイル 2026-10-08
S09vcpv1,大開,"135.16216,34.67152",3.6,DEM5A,地理院タイル 標高タイル 2026-10-08
S09veufe,唐湊,"130.54075,31.57140",8.6,DEM5A,地理院タイル 標高タイル 2026-10-08
S09vtwu6,五島町,"129.87222,32.74927",2.1,DEM5A,地理院タイル 標高タイル 2026-10-08
S09wbuu2,堺,"135.46855,34.58171",2.6,DEM5A,地理院タイル 標高タイル 2026-10-08
S09wpa0t,北長岡,"138.86242,37.46883",20.6,DEM5A,地理院タイル 標高タイル 2026-10-08
S09wz2ox,伊勢竹原,"136.30921,34.60003",85.8,DEM5A,地理院タイル 標高タイル 2026-10-08
S09x1hot,大和田,"139.65102,35.92935",14.0,DEM5A,地理院タイル 標高タイル 2026-10-08
S09x3m8t,的場,"139.43541,35.91754",26.2,DEM5A,地理院タイル 標高タイル 2026-10-08
S09xewna,八景島,"139.64083,35.34090",2.4,DEM5A,地理院タイル 標高タイル 2026-10-08
S09xj8wc,読売ランド前,"139.52804,35.61474",47.8,DEM5A,地理院タイル 標高タイル 2026-10-08
S09xo2kc,新高岡,"137.01111,36.72675",11.6,DEM5A,地理院タイル 標高タイル 2026-10-08
S09xxpsy,七日町,"139.91960,37.50192",208.8,DEM5A,地理院タイル 標高タイル 2026-10-08
S09y8xq1,大多喜,"140.24384,35.28654",28.5,DEM5A,地理院タイル 標高タイル 2026-10-08
S09y93hk,岡田浦,"135.27691,34.38452",4.8,DEM5A,地理院タイル 標高タイル 2026-10-08
S09yy7tr,西木場,"129.63861,33.35574",29.0,DEM5A,地理院タイル 標高タイル 2026-10-08
S09zb7bv,野幌,"141.52981,43.09262",24.4,DEM10B,地理院タイル 標高タイル 2026-10-08
S09zc664,水族館口,"130.55938,31.59868",3.1,DEM5A,地理院タイル 標高タイル 2026-10-08
S09zvm5o,西早稲田,"139.70916,35.70799",27.0,DEM5A,地理院タイル 標高タイル 2026-10-08
S09zvv2v,龍岡城,"138.49072,36.20421",700.4,DEM5A,地理院タイル 標高タイル 2026-10-08
S09zwtgc,文化の森,"134.54333,34.04438",1.0,DEM5A,地理院タイル 標高タイル 2026-10-08
S0a0f84l,光明寺,"136.34455,36.08842",60.4,DEM5A,地理院タイル 標高タイル 2026-10-08
S0a0oyer,舎人公園,"139.77012,35.79666",3.3,DEM5A,地理院タイル 標高タイル 2026-10-08
S0a0welm,頴娃,"130.50038,31.22903",23.3,DEM5A,地理院タイル 標高タイル 2026-10-08
S0a18x4h,西滝沢,"140.11647,39.27840",21.2,DEM5A,地理院タイル 標高タイル 2026-10-08
S0a1bhwt,左沢,"140.20809,38.38220",118.0,DEM5A,地理院タイル 標高タイル 2026-10-08
S0a1xb37,平端,"135.78295,34.60672",45.9,DEM5A,地理院タイル 標高タイル 2026-10-08
S0a25fbo,谷汲口,"136.64217,35.52724",66.5,DEM5A,地理院タイル 標高タイル 2026-10-08
S0a2h5wa,畠田,"135.70363,34.57776",43.0,DEM5A,地理院タイル 標高タイル 2026-10-08
S0a3c6ca,家中,"139.74745,36.42979",65.4,DEM5A,地理院タイル 標高タイル 2026-10-08
S0a3ldls,馬替,"136.62051,36.52275",24.4,DEM5A,地理院タイル 標高タイル 2026-10-08
S0a42xj7,滝ノ間,"140.00227,40.37998",20.6,DEM10B,地理院タイル 標高タイル 2026-10-08
S0a49rts,沢中山,"137.32101,36.62238",154.5,DEM5A,地理院タイル 標高タイル 2026-10-08
S0a4hc6j,高井田,"135.57220,34.67844",2.9,DEM5A,地理院タイル 標高タイル 2026-10-08
S0a4tfv7,阿波池田,"133.80472,34.02685",116.0,DEM5A,地理院タイル 標高タイル 2026-10-08
S0a4tzak,土居田,"132.74410,33.82410",12.2,DEM5A,地理院タイル 標高タイル 2026-10-08
S0a525wz,太秦広隆寺,"135.70835,35.01328",39.0,DEM5A,地理院タイル 標高タイル 2026-10-08
S0a56xxc,田尾寺,"135.22618,34.83559",201.5,DEM5A,地理院タイル 標高タイル 2026-10-08
S0a5pnst,越河,"140.60458,37.93348",143.3,DEM5A,地理院タイル 標高タイル 2026-10-08
S0a5xvww,幸崎,"131.79525,33.23369",6.3,DEM5A,地理院タイル 標高タイル 2026-10-08
S0a6bdnc,塘路,"144.49678,43.15172",8.5,DEM5A,地理院タイル 標高タイル 2026-10-08
S0a6nxyx,阿仁マタギ,"140.51589,39.91950",262.0,DEM10B,地理院タイル 標高タイル 2026-10-08
S0a6s2jo,中畑,"133.19306,34.58230",98.8,DEM5A,地理院タイル 標高タイル 2026-10-08
S0a7bno7,上下浜,"138.36168,37.25238",22.9,DEM5A,地理院タイル 標高タイル 2026-10-08
S0a7fbhd,朝日,"136.65800,35.03374",9.2,DEM5A,地理院タイル 標高タイル 2026-10-08
S0a7wf28,鶴原,"135.33831,34.42642",9.4,DEM5A,地理院タイル 標高タイル 2026-10-08
S0a8dhhg,五十島,"139.35347,37.71592",38.7,DEM5A,地理院タイル 標高タイル 2026-10-08
S0a8hjku,佐野,"139.57902,36.31670",34.4,DEM5A,地理院タイル 標高タイル 2026-10-08
S0a8sa8v,千年,"140.48030,40.56729",76.6,DEM5A,地理院タイル 標高タイル 2026-10-08
S0a92ndu,身延,"138.45306,35.36145",174.7,DEM5A,地理院タイル 標高タイル 2026-10-08
S0a9bl2d,東浜,"134.36236,35.59951",9.8,DEM5A,地理院タイル 標高タイル 2026-10-08
S0ab0wbh,江の浦,"130.44661,33.10898",3.1,DEM5A,地理院タイル 標高タイル 2026-10-08
S0abh5fe,志摩赤崎,"136.84172,34.46983",1.6,DEM5A,地理院タイル 標高タイル 2026-10-08
S0abnpib,トレードセンター前,"135.41184,34.63876",5.4,DEM5A,地理院タイル 標高タイル 2026-10-08
S0abpruv,生野屋,"131.88736,34.03548",38.6,DEM5A,地理院タイル 標高タイル 2026-10-08
S0acb7d6,青葉台,"139.51730,35.54286",37.7,DEM5A,地理院タイル 標高タイル 2026-10-08
S0ad54bb,電鉄黒部,"137.44416,36.87405",16.2,DEM5A,地理院タイル 標高タイル 2026-10-08
S0adbxfv,清川口,"140.65297,41.82463",2.2,DEM5A,地理院タイル 標高タイル 2026-10-08
S0adcsts,境町,"139.25626,36.27716",43.0,DEM5A,地理院タイル 標高タイル 2026-10-08
S0adikoz,日出,"131.54310,33.36897",7.3,DEM5A,地理院タイル 標高タイル 2026-10-08
S0aduzli,深谷,"139.28134,36.19134",39.6,DEM5A,地理院タイル 標高タイル 2026-10-08
S0ae5gu2,新さっぽろ,"141.47402,43.03893",18.3,DEM10B,地理院タイル 標高タイル 2026-10-08
S0ae8o11,伊予三島,"133.54249,33.97957",17.5,DEM5A,地理院タイル 標高タイル 2026-10-08
S0aegtr9,神谷町,"139.74472,35.66262",9.3,DEM5A,地理院タイル 標高タイル 2026-10-08
S0af3yws,新安城,"137.08551,34.98690",19.7,DEM5A,地理院タイル 標高タイル 2026-10-08
S0afauiu,新静岡,"138.38765,34.97586",19.1,DEM5A,地理院タイル 標高タイル 2026-10-08
S0ag6hr1,道後温泉,"132.78504,33.85036",38.0,DEM5A,地理院タイル 標高タイル 2026-10-08
S0ah4hpa,茶山,"130.36547,33.56620",11.4,DEM5A,地理院タイル 標高タイル 2026-10-08
S0ahhe37,代々木上原,"139.67963,35.66890",29.9,DEM5A,地理院タイル 標高タイル 2026-10-08
S0ahm34w,松崎,"133.90194,35.46863",1.7,DEM5A,地理院タイル 標高タイル 2026-10-08
S0ahvpj2,八丁馬場,"130.74222,32.78364",9.9,DEM5A,地理院タイル 標高タイル 2026-10-08
S0ai2y8k,余市,"140.79468,43.18639",2.2,DEM10B,地理院タイル 標高タイル 2026-10-08
S0aj9b3d,日向北方,"131.24311,31.48305",8.9,DEM5A,地理院タイル 標高タイル 2026-10-08
S0ajci87,東成田,"140.38725,35.76969",39.6,DEM5A,地理院タイル 標高タイル 2026-10-08
S0ajfvrz,関大前,"135.50607,34.77091",25.4,DEM5A,地理院タイル 標高タイル 2026-10-08
S0ajw9y3,西岸,"136.87416,37.14767",6.4,DEM5A,地理院タイル 標高タイル 2026-10-08
S0ak1op9,吉野ヶ里公園,"130.39886,33.32458",10.2,DEM5A,地理院タイル 標高タイル 2026-10-08
S0akl02d,篠栗,"130.52405,33.62392",40.5,DEM5A,地理院タイル 標高タイル 2026-10-08
S0akyu18,内子,"132.64626,33.54948",63.4,DEM5A,地理院タイル 標高タイル 2026-10-08
S0al6gbi,多田,"139.59296,36.37808",73.8,DEM5A,地理院タイル 標高タイル 2026-10-08
S0am3lj3,梁川,"139.03730,35.60627",290.8,DEM5A,地理院タイル 標高タイル 2026-10-08
S0am60be,古里,"139.15114,35.81632",291.2,DEM5A,地理院タイル 標高タイル 2026-10-08
S0am82bc,別当賀,"145.42362,43.21842",75.2,DEM5A,地理院タイル 標高タイル 2026-10-08
S0am9ok0,陶磁資料館南,"137.09705,35.17924",160.3,DEM5A,地理院タイル 標高タイル 2026-10-08
S0amekvq,雲泉寺,"131.48552,33.27481",53.6,DEM5A,地理院タイル 標高タイル 2026-10-08
S0amql4u,南鳩ヶ谷,"139.73610,35.81608",2.8,DEM5A,地理院タイル 標高タイル 2026-10-08
S0amz0nv,砂川,"141.90972,43.49361",26.1,DEM5A,地理院タイル 標高タイル 2026-10-08
S0an7ch0,相武台前,"139.40855,35.49936",78.7,DEM5A,地理院タイル 標高タイル 2026-10-08
S0anl2g8,北楠,"136.62481,34.91630",2.0,DEM5A,地理院タイル 標高タイル 2026-10-08
S0anqr85,緑橋,"135.54483,34.68111",1.4,DEM5A,地理院タイル 標高タイル 2026-10-08
S0aooi00,三ヶ日,"137.55178,34.80257",2.3,DEM5A,地理院タイル 標高タイル 2026-10-08
S0aoub7k,宮ノ前,"139.76576,35.74988",1.1,DEM5A,地理院タイル 標高タイル 2026-10-08
S0apg4ap,今宮,"135.49262,34.65415",1.4,DEM5A,地理院タイル 標高タイル 2026-10-08
S0apk4rd,西鷹巣,"140.35799,40.22478",24.1,DEM5A,地理院タイル 標高タイル 2026-10-08
S0apl8kd,神水交差点,"130.74557,32.78357",10.0,DEM5A,地理院タイル 標高タイル 2026-10-08
S0apq0rw,追浜,"139.62488,35.31569",3.5,DEM5A,地理院タイル 標高タイル 2026-10-08
S0apz17v,西鉄五条,"130.52607,33.51105",38.4,DEM5A,地理院タイル 標高タイル 2026-10-08
S0aq02bi,蓮池町通,"133.54316,33.56211",2.1,DEM5A,地理院タイル 標高タイル 2026-10-08
S0aq6pw0,二井田,"140.58038,37.82782",46.6,DEM5A,地理院タイル 標高タイル 2026-10-08
S0aq73z9,菖蒲池,"135.76128,34.69792",114.8,DEM5A,地理院タイル 標高タイル 2026-10-08
S0aq8b7v,東二見,"134.88802,34.70025",10.5,DEM5A,地理院タイル 標高タイル 2026-10-08
S0aqaz4h,七光台,"139.85295,35.97085",7.4,DEM5A,地理院タイル 標高タイル 2026-10-08
S0aqgnmi,郡津,"135.66989,34.79445",16.1,DEM5A,地理院タイル 標高タイル 2026-10-08
S0arkof7,上の町,"133.81517,34.49095",18.3,DEM5A,地理院タイル 標高タイル 2026-10-08
S0asbfuv,桐生,"139.33325,36.41110",111.2,DEM5A,地理院タイル 標高タイル 2026-10-08
S0asby6u,十二兼,"137.61756,35.64530",475.0,DEM5A,地理院タイル 標高タイル 2026-10-08
S0ast2rj,南日向,"131.62781,32.36991",21.7,DEM5A,地理院タイル 標高タイル 2026-10-08
S0aswua1,魚沼中条,"138.77249,37.15947",137.6,DEM5A,地理院タイル 標高タイル 2026-10-08
S0asyyhb,豊後豊岡,"131.50141,33.36196",6.2,DEM5A,地理院タイル 標高タイル 2026-10-08
S0at70mt,善師野,"136.98005,35.38980",82.5,DEM5A,地理院タイル 標高タイル 2026-10-08
S0atbmui,大野浦,"132.26549,34.28345",3.2,DEM5A,地理院タイル 標高タイル 2026-10-08
S0atocig,卯之町,"132.50977,33.36317",208.1,DEM5A,地理院タイル 標高タイル 2026-10-08
S0auemso,鳥羽,"136.84166,34.48719",1.7,DEM5A,地理院タイル 標高タイル 2026-10-08
S0auipdu,新豊津,"130.96391,33.67965",12.7,DEM5A,地理院タイル 標高タイル 2026-10-08
S0aul3dl,日生中央,"135.39308,34.90639",114.0,DEM5A,地理院タイル 標高タイル 2026-10-08
S0auzfk4,徳重,"136.99763,35.09489",28.4,DEM5A,地理院タイル 標高タイル 2026-10-08
S0avlrr4,箕面萱野,"135.48904,34.83152",85.2,DEM5A,地理院タイル 標高タイル 2026-10-08
S0avw5xd,厄神,"134.90672,34.79454",15.7,DEM5A,地理院タイル 標高タイル 2026-10-08
S0aw0dv7,遠州小林,"137.79555,34.80835",23.5,DEM5A,地理院タイル 標高タイル 2026-10-08
S0awxf5n,加茂,"135.86960,34.75257",38.7,DEM5A,地理院タイル 標高タイル 2026-10-08
S0awydsk,浅野,"139.69571,35.49744",3.8,DEM5A,地理院タイル 標高タイル 2026-10-08
S0awzox5,曲沢,"140.10252,39.32085",10.1,DEM5A,地理院タイル 標高タイル 2026-10-08
S0axcxz4,北茅ヶ崎,"139.40747,35.33968",5.2,DEM5A,地理院タイル 標高タイル 2026-10-08
S0ay70im,沼ノ端,"141.69304,42.67195",4.7,DEM5A,地理院タイル 標高タイル 2026-10-08
S0ay964u,荒川遊園地前,"139.75745,35.75065",2.2,DEM5A,地理院タイル 標高タイル 2026-10-08
S0aybwu8,信貴山下,"135.69518,34.60090",39.6,DEM5A,地理院タイル 標高タイル 2026-10-08
S0aymwu2,小山田,"141.19399,39.40857",99.6,DEM5A,地理院タイル 標高タイル 2026-10-08
S0ayrtfp,酒折,"138.59952,35.65954",258.4,DEM5A,地理院タイル 標高タイル 2026-10-08
S0az3zvw,白島,"132.46281,34.41099",3.8,DEM5A,地理院タイル 標高タイル 2026-10-08
S0az5uko,本町四丁目,"132.75873,33.84806",20.6,DEM5A,地理院タイル 標高タイル 2026-10-08
S0azelal,のいち,"133.69775,33.56190",18.8,DEM5A,地理院タイル 標高タイル 2026-10-08
S0b05o9s,入地,"140.15724,35.91902",5.5,DEM5A,地理院タイル 標高タイル 2026-10-08
S0b0gl23,上牧,"135.66170,34.87203",15.6,DEM5A,地理院タイル 標高タイル 2026-10-08
S0b0k66h,坂元,"140.90106,37.92408",5.9,DEM5A,地理院タイル 標高タイル 2026-10-08
S0b0rmrp,とうきょうスカイツリー,"139.80939,35.71046",0.5,DEM5A,地理院タイル 標高タイル 2026-10-08
S0b1hz96,白子,"136.58950,34.83386",1.4,DEM5A,地理院タイル 標高タイル 2026-10-08
S0b1vot5,東旭川,"142.44149,43.77661",135.2,DEM5A,地理院タイル 標高タイル 2026-10-08
S0b2tnx4,観月橋,"135.76896,34.92815",15.9,DEM5A,地理院タイル 標高タイル 2026-10-08
S0b31wxj,会津宮下,"139.64708,37.47117",248.1,DEM5A,地理院タイル 標高タイル 2026-10-08
S0b3285b,武蔵横手,"139.28072,35.88522",113.3,DEM5A,地理院タイル 標高タイル 2026-10-08
S0b3a3ef,駒込,"139.74763,35.73652",20.6,DEM5A,地理院タイル 標高タイル 2026-10-08
S0b3fg48,鴻野山,"140.05168,36.66645",161.0,DEM5A,地理院タイル 標高タイル 2026-10-08
S0b3fu3r,スポーツセンター,"140.11624,35.64334",27.6,DEM5A,地理院タイル 標高タイル 2026-10-08
S0b3isgn,放出,"135.56314,34.68800",2.5,DEM5A,地理院タイル 標高タイル 2026-10-08
S0b3mwwx,清原地区市民センター前,"139.98425,36.54761",119.6,DEM5A,地理院タイル 標高タイル 2026-10-08
S0b42k3y,坂之上,"130.50766,31.50054",43.6,DEM5A,地理院タイル 標高タイル 2026-10-08
S0b4cc90,湯田中,"138.41490,36.74164",600.2,DEM5A,地理院タイル 標高タイル 2026-10-08
S0b4xecv,天王寺,"135.51501,34.64704",10.7,DEM5A,地理院タイル 標高タイル 2026-10-08
S0b4zvwd,住吉東,"135.49758,34.61337",7.5,DEM5A,地理院タイル 標高タイル 2026-10-08
S0b5bpcq,味美,"136.93718,35.23510",13.8,DEM5A,地理院タイル 標高タイル 2026-10-08
S0b5icr7,内海,"136.87525,34.74468",3.8,DEM5A,地理院タイル 標高タイル 2026-10-08
S0b5p5dw,越中中村,"137.38259,36.79069",20.5,DEM5A,地理院タイル 標高タイル 2026-10-08
S0b5rjzd,土橋,"132.44634,34.39451",2.0,DEM5A,地理院タイル 標高タイル 2026-10-08
S0b6cxmy,常盤,"135.70480,35.02037",52.0,DEM5A,地理院タイル 標高タイル 2026-10-08
S0b6hgos,水道町,"130.71252,32.80237",14.2,DEM5A,地理院タイル 標高タイル 2026-10-08
S0b6i5sf,競艇場前,"139.49966,35.65621",38.4,DEM5A,地理院タイル 標高タイル 2026-10-08
S0b6vchm,備中箕島,"133.85106,34.60564",1.3,DEM5A,地理院タイル 標高タイル 2026-10-08
S0b7yhqp,下兵庫こうふく,"136.20259,36.17012",3.8,DEM5A,地理院タイル 標高タイル 2026-10-08
S0b82elp,市棚,"131.71024,32.72830",30.6,DEM5A,地理院タイル 標高タイル 2026-10-08
S0b8a6g9,築山,"135.73273,34.52633",60.4,DEM5A,地理院タイル 標高タイル 2026-10-08
S0b8hu1c,長居,"135.51316,34.61026",9.0,DEM5A,地理院タイル 標高タイル 2026-10-08
S0b8qb4v,軍畑,"139.20765,35.80758",241.8,DEM5A,地理院タイル 標高タイル 2026-10-08
S0b8utbp,江戸川橋,"139.73413,35.70929",4.9,DEM5A,地理院タイル 標高タイル 2026-10-08
S0b94llv,波野,"131.19526,32.93850",755.0,DEM5A,地理院タイル 標高タイル 2026-10-08
S0b9dtv6,聖愛中高前,"140.47270,40.57716",66.2,DEM5A,地理院タイル 標高タイル 2026-10-08
S0b9ev84,郡山,"140.38880,37.39826",226.8,DEM5A,地理院タイル 標高タイル 2026-10-08
S0b9m4r9,宇宿一丁目,"130.53904,31.54647",7.2,DEM5A,地理院タイル 標高タイル 2026-10-08
S0b9mwit,東玉出,"135.49597,34.62686",3.2,DEM5A,地理院タイル 標高タイル 2026-10-08
S0b9nxne,新札幌,"141.47251,43.03869",19.4,DEM10B,地理院タイル 標高タイル 2026-10-08
S0b9vea3,荒島,"133.20743,35.43180",2.7,DEM5A,地理院タイル 標高タイル 2026-10-08
S0b9wwch,喜多灘,"132.53152,33.63717",10.3,DEM5A,地理院タイル 標高タイル 2026-10-08
S0ba1k25,岩代清水,"140.44763,37.77631",80.6,DEM5A,地理院タイル 標高タイル 2026-10-08
S0badvxk,出島,"129.87181,32.74390",2.9,DEM5A,地理院タイル 標高タイル 2026-10-08
S0baf11t,桜坂,"130.38713,33.57725",11.2,DEM5A,地理院タイル 標高タイル 2026-10-08
S0bah8q7,富士見ヶ丘,"139.60723,35.68480",43.7,DEM5A,地理院タイル 標高タイル 2026-10-08
S0baorc9,薬院大通,"130.39666,33.58055",2.6,DEM5A,地理院タイル 標高タイル 2026-10-08
S0bbd5ch,月島,"139.78427,35.66422",1.5,DEM5A,地理院タイル 標高タイル 2026-10-08
S0bbpnau,竹野,"134.75646,35.64985",4.4,DEM5A,地理院タイル 標高タイル 2026-10-08
S0bc6lsi,西ノ庄,"135.11079,34.25546",7.5,DEM5A,地理院タイル 標高タイル 2026-10-08
S0bc9shf,丸太町,"135.75949,35.01651",44.1,DEM5A,地理院タイル 標高タイル 2026-10-08
S0bcd23p,関富岡,"136.94493,35.47854",58.6,DEM5A,地理院タイル 標高タイル 2026-10-08
S0bdb5t4,男鹿,"139.84864,39.88465",1.9,DEM5A,地理院タイル 標高タイル 2026-10-08
S0bdfasl,森ノ宮,"135.53323,34.68143",4.0,DEM5A,地理院タイル 標高タイル 2026-10-08
S0be5yig,三良坂,"132.95775,34.76620",180.8,DEM5A,地理院タイル 標高タイル 2026-10-08
S0beg8no,西線16条,"141.33685,43.03731",33.1,DEM5A,地理院タイル 標高タイル 2026-10-08
S0bepsj1,近川,"141.27928,41.19130",23.6,DEM5A,地理院タイル 標高タイル 2026-10-08
S0berrqk,陸奥横浜,"141.24984,41.08664",11.1,DEM5A,地理院タイル 標高タイル 2026-10-08
S0besrow,江曾島,"139.86082,36.53095",106.2,DEM5A,地理院タイル 標高タイル 2026-10-08
S0beutg0,玉水,"135.80697,34.80068",27.6,DEM5A,地理院タイル 標高タイル 2026-10-08
S0bf6izx,鹿妻,"141.19010,38.40328",2.0,DEM5A,地理院タイル 標高タイル 2026-10-08
S0bfi3sh,甲斐小泉,"138.35939,35.87956",1044.0,DEM5A,地理院タイル 標高タイル 2026-10-08
S0bfp908,豊津,"135.50890,34.76464",12.0,DEM5A,地理院タイル 標高タイル 2026-10-08
S0bfpyar,月ヶ瀬口,"136.02453,34.76268",118.5,DEM5A,地理院タイル 標高タイル 2026-10-08
S0bgf7zv,鴨川,"133.90527,34.30691",10.1,DEM5A,地理院タイル 標高タイル 2026-10-08
S0bgffxs,八木,"135.53197,35.06899",105.9,DEM5A,地理院タイル 標高タイル 2026-10-08
S0bgnkp6,向之原,"131.51406,33.19668",44.5,DEM5A,地理院タイル 標高タイル 2026-10-08
S0bh5lns,本所吾妻橋,"139.80447,35.70859",1.4,DEM5A,地理院タイル 標高タイル 2026-10-08
S0bhiwz4,乙丸,"136.61765,36.51185",35.0,DEM5A,地理院タイル 標高タイル 2026-10-08
S0bhppkk,佐羽根,"141.93589,39.71113",40.6,DEM5A,地理院タイル 標高タイル 2026-10-08
S0bir90e,西線6条,"141.33504,43.05157",21.7,DEM5A,地理院タイル 標高タイル 2026-10-08
S0biu2jv,中津幡,"136.74036,36.67158",7.2,DEM5A,地理院タイル 標高タイル 2026-10-08
S0bj8wiu,頴娃大川,"130.41342,31.25794",18.0,DEM5A,地理院タイル 標高タイル 2026-10-08
S0bjex1n,生見,"130.57761,31.30727",3.9,DEM5A,地理院タイル 標高タイル 2026-10-08
S0bk3cly,北吉原,"141.28584,42.50885",4.5,DEM5A,地理院タイル 標高タイル 2026-10-08
S0bkbp16,高鷲,"135.58452,34.57149",28.2,DEM5A,地理院タイル 標高タイル 2026-10-08
S0bkis0d,真岡,"140.00262,36.43914",65.2,DEM5A,地理院タイル 標高タイル 2026-10-08
S0bkr9is,桟橋通一丁目,"133.54610,33.55029",0.8,DEM5A,地理院タイル 標高タイル 2026-10-08
S0bkrznk,用賀,"139.63425,35.62658",34.9,DEM5A,地理院タイル 標高タイル 2026-10-08
S0blcmj3,備前一宮,"133.86404,34.67883",2.8,DEM5A,地理院タイル 標高タイル 2026-10-08
S0blumie,南ウッディタウン,"135.18970,34.90174",191.6,DEM5A,地理院タイル 標高タイル 2026-10-08
S0bm1ghs,猪苗代,"140.10330,37.54628",519.0,DEM5A,地理院タイル 標高タイル 2026-10-08
S0bmduql,醍醐,"140.53855,39.24865",85.3,DEM10B,地理院タイル 標高タイル 2026-10-08
S0bmf6zo,秋山,"139.93144,35.76544",20.5,DEM5A,地理院タイル 標高タイル 2026-10-08
S0bmmd8l,尺土,"135.72081,34.50854",71.1,DEM5A,地理院タイル 標高タイル 2026-10-08
S0bmst85,千歳船橋,"139.62453,35.64767",42.0,DEM5A,地理院タイル 標高タイル 2026-10-08
S0bn0qc9,玉手,"135.74850,34.45840",87.9,DEM5A,地理院タイル 標高タイル 2026-10-08
S0bnfd8j,桜街道,"139.41655,35.73904",102.6,DEM5A,地理院タイル 標高タイル 2026-10-08
S0bnm1xf,古津,"139.11445,37.77300",7.9,DEM5A,地理院タイル 標高タイル 2026-10-08
S0bnmml1,西田辺,"135.51517,34.62165",7.7,DEM5A,地理院タイル 標高タイル 2026-10-08
S0bo8rpc,高茶屋,"136.51262,34.66728",1.5,DEM5A,地理院タイル 標高タイル 2026-10-08
S0bodtgb,竹沢,"139.22995,36.07550",118.6,DEM5A,地理院タイル 標高タイル 2026-10-08
S0bonqob,東青森,"140.78337,40.81052",7.1,DEM5A,地理院タイル 標高タイル 2026-10-08
S0boo9cv,取手,"140.06316,35.89599",13.0,DEM5A,地理院タイル 標高タイル 2026-10-08
S0boszb5,小町屋,"137.93516,35.72678",670.3,DEM5A,地理院タイル 標高タイル 2026-10-08
S0bot3oo,弥生,"133.74761,34.54405",1.9,DEM5A,地理院タイル 標高タイル 2026-10-08
S0bpgmej,尾張星の宮,"136.85511,35.21306",3.6,DEM5A,地理院タイル 標高タイル 2026-10-08
S0bplzxi,肥前竜王,"130.12039,33.14659",3.5,DEM5A,地理院タイル 標高タイル 2026-10-08
S0bq0925,赤迫,"129.85739,32.79398",27.0,DEM5A,地理院タイル 標高タイル 2026-10-08
S0bq9nb3,新杉田,"139.62009,35.38625",2.7,DEM5A,地理院タイル 標高タイル 2026-10-08
S0bqc4y2,小木津,"140.67530,36.63664",33.8,DEM5A,地理院タイル 標高タイル 2026-10-08
S0bqdsl4,潜竜ヶ滝,"129.68356,33.28079",80.5,DEM5A,地理院タイル 標高タイル 2026-10-08
S0bqe3b2,保田,"139.83816,35.14146",8.5,DEM5A,地理院タイル 標高タイル 2026-10-08
S0br6l1t,弥生台,"139.50663,35.42993",40.0,DEM5A,地理院タイル 標高タイル 2026-10-08
S0br71em,万座・鹿沢口,"138.55129,36.53190",772.6,DEM5A,地理院タイル 標高タイル 2026-10-08
S0brweu9,西灘,"135.22433,34.70573",11.3,DEM5A,地理院タイル 標高タイル 2026-10-08
S0bs5suc,すえたちばな,"129.61386,33.31651",17.3,DEM5A,地理院タイル 標高タイル 2026-10-08
S0bs6nuk,別院前,"132.44943,34.40460",4.4,DEM5A,地理院タイル 標高タイル 2026-10-08
S0bsi43m,大泉,"140.56684,37.81989",48.3,DEM5A,地理院タイル 標高タイル 2026-10-08
S0bsnums,扶桑,"136.91609,35.35965",31.7,DEM5A,地理院タイル 標高タイル 2026-10-08
S0bthfyq,西大井,"139.72164,35.60177",19.7,DEM5A,地理院タイル 標高タイル 2026-10-08
S0bu1zkd,吉田,"138.87858,37.68711",7.3,DEM5A,地理院タイル 標高タイル 2026-10-08
S0bu6xyn,上野目,"140.85936,38.68053",65.8,DEM5A,地理院タイル 標高タイル 2026-10-08
S0buol36,群馬総社,"139.03229,36.41551",136.8,DEM5A,地理院タイル 標高タイル 2026-10-08
S0burzct,JR俊徳道,"135.57246,34.65854",3.4,DEM5A,地理院タイル 標高タイル 2026-10-08
S0but2c1,玉之江,"133.09898,33.91273",6.2,DEM5A,地理院タイル 標高タイル 2026-10-08
S0bw3t2f,甚目寺,"136.82585,35.19595",2.1,DEM5A,地理院タイル 標高タイル 2026-10-08
S0bw5ug6,中野島,"139.55107,35.63002",25.8,DEM5A,地理院タイル 標高タイル 2026-10-08
S0bw8rwa,大沼公園,"140.66980,41.98103",130.8,DEM5A,地理院タイル 標高タイル 2026-10-08
S0bw91m6,騎射場,"130.55193,31.56960",3.1,DEM5A,地理院タイル 標高タイル 2026-10-08
S0bwqpp2,塩田町,"138.19843,36.36091",476.6,DEM5A,地理院タイル 標高タイル 2026-10-08
S0bwrqsw,伊那北,"137.96435,35.84524",641.2,DEM5A,地理院タイル 標高タイル 2026-10-08
S0bx07xk,広島,"132.47569,34.39757",2.0,DEM5A,地理院タイル 標高タイル 2026-10-08
S0by8uc1,石生,"135.06375,35.15275",96.4,DEM5A,地理院タイル 標高タイル 2026-10-08
S0bybqk5,あさぎり,"130.89376,32.23625",152.4,DEM5A,地理院タイル 標高タイル 2026-10-08
S0byf61q,名草,"131.65118,34.35369",256.6,DEM5A,地理院タイル 標高タイル 2026-10-08
S0byiyel,高須,"132.41706,34.38972",1.3,DEM5A,地理院タイル 標高タイル 2026-10-08
S0byrg3h,瑞穂運動場西,"136.93544,35.12510",5.8,DEM5A,地理院タイル 標高タイル 2026-10-08
S0bzff8n,鵜杉,"140.45367,38.76493",173.4,DEM5A,地理院タイル 標高タイル 2026-10-08
S0bzob7c,遠賀野,"130.73093,33.76864",6.0,DEM5A,地理院タイル 標高タイル 2026-10-08
S0bzqomq,神前,"134.20892,34.28285",16.0,DEM5A,地理院タイル 標高タイル 2026-10-08
S0c0c1si,篠崎,"139.90389,35.70612",1.3,DEM5A,地理院タイル 標高タイル 2026-10-08
S0c0kd2v,近鉄弥富,"136.72777,35.11359",-1.8,DEM5A,地理院タイル 標高タイル 2026-10-08
S0c0o5ou,文珠通,"133.58014,33.55916",1.1,DEM5A,地理院タイル 標高タイル 2026-10-08
S0c0r1fw,下溝,"139.38051,35.51832",62.6,DEM5A,地理院タイル 標高タイル 2026-10-08
S0c0zoi1,越前薬師,"136.38432,36.00530",98.4,DEM5A,地理院タイル 標高タイル 2026-10-08
S0c10ptn,海尻,"138.47356,36.04131",1035.2,DEM5A,地理院タイル 標高タイル 2026-10-08
S0c18wia,二ツ井,"140.23566,40.21249",19.9,DEM5A,地理院タイル 標高タイル 2026-10-08
S0c1lnpz,北郷,"131.37389,31.67836",32.7,DEM5A,地理院タイル 標高タイル 2026-10-08
S0c24cl6,呼続,"136.93037,35.11476",2.3,DEM5A,地理院タイル 標高タイル 2026-10-08
S0c24p47,西武園,"139.44889,35.76774",77.7,DEM5A,地理院タイル 標高タイル 2026-10-08
S0c3k2e1,赤十字病院前,"132.77238,33.84811",29.4,DEM5A,地理院タイル 標高タイル 2026-10-08
S0c46rf3,日切,"138.12250,34.83890",76.9,DEM5A,地理院タイル 標高タイル 2026-10-08
S0c4fkgs,広電西広島（己斐）,"132.42777,34.39674",4.5,DEM5A,地理院タイル 標高タイル 2026-10-08
S0c4mtzj,蘭越,"140.52895,42.80454",28.6,DEM5A,地理院タイル 標高タイル 2026-10-08
S0c4u6se,中山口,"133.59025,35.52079",39.6,DEM5A,地理院タイル 標高タイル 2026-10-08
S0c5tctm,八千代緑が丘,"140.07321,35.72894",27.2,DEM5A,地理院タイル 標高タイル 2026-10-08
S0c5zsx8,高速長田,"135.15087,34.66692",11.0,DEM5A,地理院タイル 標高タイル 2026-10-08
S0c5zvzy,品川,"139.73896,35.62851",3.1,DEM5A,地理院タイル 標高タイル 2026-10-08
S0c612e5,西横浜,"139.60897,35.45359",2.4,DEM5A,地理院タイル 標高タイル 2026-10-08
S0c6bgmb,越後赤塚,"138.90817,37.81600",2.3,DEM5A,地理院タイル 標高タイル 2026-10-08
S0c6kzhu,横山,"136.71676,36.74757",18.9,DEM5A,地理院タイル 標高タイル 2026-10-08
S0c6p4ni,高野山,"135.57754,34.22774",856.1,DEM5A,地理院タイル 標高タイル 2026-10-08
S0c6tajo,大内山,"136.35924,34.27813",173.3,DEM5A,地理院タイル 標高タイル 2026-10-08
S0c6z47i,日向長井,"131.70014,32.66423",12.5,DEM5A,地理院タイル 標高タイル 2026-10-08
S0c70r7v,東幡豆,"137.14593,34.78955",6.8,DEM5A,地理院タイル 標高タイル 2026-10-08
S0c736u8,伝法,"135.45161,34.68927",2.9,DEM5A,地理院タイル 標高タイル 2026-10-08
S0c7c8sf,川越,"139.48307,35.90705",21.9,DEM5A,地理院タイル 標高タイル 2026-10-08
S0c7jug0,山の田,"129.72291,33.19646",56.0,DEM5A,地理院タイル 標高タイル 2026-10-08
S0c8jtne,鳴尾・武庫川女子大前,"135.37039,34.71968",0.9,DEM5A,地理院タイル 標高タイル 2026-10-08
S0c8onmr,東下条,"139.32197,37.73671",36.2,DEM5A,地理院タイル 標高タイル 2026-10-08
S0c954ip,新潟大学前,"138.95458,37.86919",12.7,DEM5A,地理院タイル 標高タイル 2026-10-08
S0c95co9,北野辺地,"141.13421,40.87114",18.5,DEM5A,地理院タイル 標高タイル 2026-10-08
S0c9932u,我孫子,"140.01047,35.87283",18.1,DEM5A,地理院タイル 標高タイル 2026-10-08
S0c9ivfg,内海,"131.46741,31.75850",8.4,DEM5A,地理院タイル 標高タイル 2026-10-08
S0cajrbt,大沢,"138.82133,37.02123",220.9,DEM5A,地理院タイル 標高タイル 2026-10-08
S0cb7h44,小篭通,"133.62610,33.57617",4.6,DEM5A,地理院タイル 標高タイル 2026-10-08
S0ccdqub,新羽,"139.61205,35.52726",3.9,DEM5A,地理院タイル 標高タイル 2026-10-08
S0ccgfcj,西鎌倉,"139.50431,35.31940",11.9,DEM5A,地理院タイル 標高タイル 2026-10-08
S0ccovw0,湯前,"130.97986,32.28137",190.0,DEM5A,地理院タイル 標高タイル 2026-10-08
S0ccqe7f,古座,"135.82087,33.51834",4.5,DEM5A,地理院タイル 標高タイル 2026-10-08
S0cctkdg,森山,"130.11350,32.83501",2.4,DEM5A,地理院タイル 標高タイル 2026-10-08
S0cczt82,成田,"140.31335,35.77656",29.1,DEM5A,地理院タイル 標高タイル 2026-10-08
S0cdr6an,黒川,"139.47075,35.61314",94.6,DEM5A,地理院タイル 標高タイル 2026-10-08
S0cduucn,印場,"137.01104,35.21102",46.5,DEM5A,地理院タイル 標高タイル 2026-10-08
S0cdxi0u,新函館北斗,"140.64878,41.90473",26.9,DEM5A,地理院タイル 標高タイル 2026-10-08
S0cdz5s6,竹芝,"139.76201,35.65407",2.1,DEM5A,地理院タイル 標高タイル 2026-10-08
S0ce0udm,金比羅前,"134.58498,34.16974",1.4,DEM5A,地理院タイル 標高タイル 2026-10-08
S0cecel6,五反田,"139.72398,35.62608",3.4,DEM5A,地理院タイル 標高タイル 2026-10-08
S0ceg096,天見,"135.59555,34.39762",230.4,DEM5A,地理院タイル 標高タイル 2026-10-08
S0cemwjz,ゆいの杜東,"139.99777,36.56763",129.3,DEM5A,地理院タイル 標高タイル 2026-10-08
S0ceoz1m,喜久田,"140.34200,37.45159",252.7,DEM5A,地理院タイル 標高タイル 2026-10-08
S0cf2f68,中山平温泉,"140.66802,38.72652",250.4,DEM5A,地理院タイル 標高タイル 2026-10-08
S0cg7hht,音沢,"137.55992,36.84074",179.9,DEM5A,地理院タイル 標高タイル 2026-10-08
S0cg9g83,西中,"142.44181,43.42947",188.1,DEM5A,地理院タイル 標高タイル 2026-10-08
S0ch5ckm,久保田,"140.11114,39.29621",14.2,DEM5A,地理院タイル 標高タイル 2026-10-08
S0ci7kg0,今橋,"134.05926,34.34166",1.3,DEM5A,地理院タイル 標高タイル 2026-10-08
S0ci902m,柏崎,"138.55642,37.36355",1.8,DEM5A,地理院タイル 標高タイル 2026-10-08
S0cigskj,出来島,"135.43685,34.70727",-0.3,DEM5A,地理院タイル 標高タイル 2026-10-08
S0civjq6,池尻大橋,"139.68471,35.65071",16.3,DEM5A,地理院タイル 標高タイル 2026-10-08
S0cj0pzv,八鹿,"134.78170,35.41456",32.0,DEM5A,地理院タイル 標高タイル 2026-10-08
S0cjlhdf,井土ヶ谷,"139.60053,35.43388",6.6,DEM5A,地理院タイル 標高タイル 2026-10-08
S0cjm61d,子供の国,"131.45696,31.80737",6.9,DEM5A,地理院タイル 標高タイル 2026-10-08
S0cjszax,佐久間,"137.80972,35.09187",141.1,DEM5A,地理院タイル 標高タイル 2026-10-08
S0ck5rg3,坂下,"137.53118,35.57458",326.8,DEM5A,地理院タイル 標高タイル 2026-10-08
S0ckmupv,下総中山,"139.94307,35.71428",2.3,DEM5A,地理院タイル 標高タイル 2026-10-08
S0ckn4rf,栗田,"135.23530,35.54368",3.5,DEM5A,地理院タイル 標高タイル 2026-10-08
S0cld2ky,二戸,"141.28579,40.25980",112.4,DEM5A,地理院タイル 標高タイル 2026-10-08
S0cldi2x,鳥羽街道,"135.77001,34.97371",32.2,DEM5A,地理院タイル 標高タイル 2026-10-08
S0clecax,高崎問屋町,"139.01723,36.34613",96.1,DEM5A,地理院タイル 標高タイル 2026-10-08
S0clg1t2,吉野,"130.46640,33.07553",11.5,DEM5A,地理院タイル 標高タイル 2026-10-08
S0clnes2,岩根橋,"141.31878,39.35522",152.5,DEM5A,地理院タイル 標高タイル 2026-10-08
S0clr8ea,広畑,"134.62757,34.79791",1.5,DEM5A,地理院タイル 標高タイル 2026-10-08
S0clrkkr,南栗橋,"139.71283,36.11314",9.8,DEM5A,地理院タイル 標高タイル 2026-10-08
S0clsgmy,日立,"140.66180,36.59032",23.9,DEM5A,地理院タイル 標高タイル 2026-10-08
S0cn6fih,三ツ松,"135.38342,34.41103",57.9,DEM5A,地理院タイル 標高タイル 2026-10-08
S0cnckyz,佐賀公園,"133.10622,33.06423",39.3,DEM5A,地理院タイル 標高タイル 2026-10-08
S0cnitju,垂水,"135.05385,34.62909",6.0,DEM5A,地理院タイル 標高タイル 2026-10-08
S0cnkbb4,東白石,"140.65110,38.03514",31.5,DEM5A,地理院タイル 標高タイル 2026-10-08
S0cnlbty,市川真間,"139.91178,35.73127",5.2,DEM5A,地理院タイル 標高タイル 2026-10-08
S0cnqh31,四宮,"135.82397,34.99188",67.8,DEM5A,地理院タイル 標高タイル 2026-10-08
S0coi611,ノーフォーク広場,"130.96428,33.95588",2.3,DEM5A,地理院タイル 標高タイル 2026-10-08
S0cou9ax,宮内,"132.32524,34.34759",2.2,DEM5A,地理院タイル 標高タイル 2026-10-08
S0cp7aqp,六軒,"136.86157,35.40107",36.3,DEM5A,地理院タイル 標高タイル 2026-10-08
S0cphgm1,冠着,"138.07935,36.45722",676.1,DEM5A,地理院タイル 標高タイル 2026-10-08
S0cphk76,天満,"135.51237,34.70494",4.0,DEM5A,地理院タイル 標高タイル 2026-10-08
S0cpj39c,讃岐津田,"134.24828,34.28827",3.6,DEM5A,地理院タイル 標高タイル 2026-10-08
S0cpj7gr,高尾山,"139.25608,35.63108",474.2,DEM5A,地理院タイル 標高タイル 2026-10-08
S0cq95ut,上総中野,"140.19959,35.25004",87.4,DEM10B,地理院タイル 標高タイル 2026-10-08
S0cqsft8,津川,"139.44697,37.68818",56.2,DEM5A,地理院タイル 標高タイル 2026-10-08
S0cr2xbn,山田,"139.32075,35.64435",143.3,DEM5A,地理院タイル 標高タイル 2026-10-08
S0cr9qr2,枚方市,"135.64879,34.81621",9.2,DEM5A,地理院タイル 標高タイル 2026-10-08
S0cref3i,秩父別,"141.96772,43.76908",47.4,DEM5A,地理院タイル 標高タイル 2026-10-08
S0crlj5o,荏原中延,"139.71203,35.60990",23.4,DEM5A,地理院タイル 標高タイル 2026-10-08
S0crwh2w,貝塚,"130.42562,33.63211",2.4,DEM5A,地理院タイル 標高タイル 2026-10-08
S0cs6qy4,阿波赤石,"134.60586,33.98170",3.3,DEM5A,地理院タイル 標高タイル 2026-10-08
S0csevni,崎山,"130.91787,33.63621",34.7,DEM5A,地理院タイル 標高タイル 2026-10-08
S0csezxk,周防佐山,"131.36364,34.03481",7.2,DEM5A,地理院タイル 標高タイル 2026-10-08
S0csm3g4,撫養,"134.60093,34.17316",0.9,DEM5A,地理院タイル 標高タイル 2026-10-08
S0ctb8ac,三軒茶屋,"139.67017,35.64372",32.2,DEM5A,地理院タイル 標高タイル 2026-10-08
S0ctdw32,高須神社,"135.48524,34.59047",3.2,DEM5A,地理院タイル 標高タイル 2026-10-08
S0ctnz5x,鏡石,"140.34684,37.25055",275.6,DEM5A,地理院タイル 標高タイル 2026-10-08
S0cu76p8,松江フォーゲルパーク,"132.94370,35.47490",3.4,DEM5A,地理院タイル 標高タイル 2026-10-08
S0cua3uu,近田,"133.31094,34.54634",16.4,DEM5A,地理院タイル 標高タイル 2026-10-08
S0curjmp,中山寺,"135.37401,34.81660",54.0,DEM5A,地理院タイル 標高タイル 2026-10-08
S0cut9ur,大胡,"139.15629,36.41269",150.3,DEM5A,地理院タイル 標高タイル 2026-10-08
S0cuvpeb,宇都宮,"139.89853,36.55946",113.3,DEM5A,地理院タイル 標高タイル 2026-10-08
S0cvnp1q,大河原,"140.74033,38.04740",17.4,DEM5A,地理院タイル 標高タイル 2026-10-08
S0cwm2v0,男川,"137.18336,34.93744",30.4,DEM5A,地理院タイル 標高タイル 2026-10-08
S0cx53il,三俣,"139.08920,36.39373",101.8,DEM5A,地理院タイル 標高タイル 2026-10-08
S0cxwwmo,山陽垂水,"135.05374,34.62933",6.6,DEM5A,地理院タイル 標高タイル 2026-10-08
S0cy7o7m,御宿,"140.35145,35.18754",6.6,DEM5A,地理院タイル 標高タイル 2026-10-08
S0cytzt6,甲斐住吉,"138.56994,35.63659",258.5,DEM5A,地理院タイル 標高タイル 2026-10-08
S0cyulah,伊予和気,"132.74054,33.88961",4.4,DEM5A,地理院タイル 標高タイル 2026-10-08
S0cz864y,百舌鳥,"135.48914,34.55854",20.5,DEM5A,地理院タイル 標高タイル 2026-10-08
S0czbr9s,皆野,"139.09400,36.06862",170.3,DEM5A,地理院タイル 標高タイル 2026-10-08
S0d0a2l7,京成成田,"140.31546,35.77627",32.8,DEM5A,地理院タイル 標高タイル 2026-10-08
S0d0u4g3,瀬戸石,"130.64609,32.37156",40.5,DEM5A,地理院タイル 標高タイル 2026-10-08
S0d0xzpc,元住吉,"139.65472,35.56571",7.1,DEM5A,地理院タイル 標高タイル 2026-10-08
S0d0zfyi,都府楼南,"130.50673,33.50314",34.1,DEM5A,地理院タイル 標高タイル 2026-10-08
S0d1gqz6,ポートタウン東,"135.42902,34.63088",4.1,DEM5A,地理院タイル 標高タイル 2026-10-08
S0d1k072,西神中央,"135.01716,34.71999",88.9,DEM5A,地理院タイル 標高タイル 2026-10-08
S0d1x4b7,阿漕,"136.50451,34.70311",4.0,DEM5A,地理院タイル 標高タイル 2026-10-08
S0d2bt5f,紀伊田辺,"135.38374,33.73360",4.7,DEM5A,地理院タイル 標高タイル 2026-10-08
S0d2h09u,後免,"133.64514,33.57918",14.4,DEM5A,地理院タイル 標高タイル 2026-10-08
S0d3eogn,新田塚,"136.20528,36.09257",6.3,DEM5A,地理院タイル 標高タイル 2026-10-08
S0d3fvxa,大麻,"141.49658,43.07218",36.7,DEM10B,地理院タイル 標高タイル 2026-10-08
S0d4jpz7,南が丘,"136.49641,34.69199",32.2,DEM5A,地理院タイル 標高タイル 2026-10-08
S0d4l1hg,ドーム前千代崎,"135.47934,34.67086",0.4,DEM5A,地理院タイル 標高タイル 2026-10-08
S0d4r1zg,荒屋新町,"141.04925,40.09772",300.0,DEM5A,地理院タイル 標高タイル 2026-10-08
S0d4w0kz,亀田,"139.10824,37.87718",1.4,DEM5A,地理院タイル 標高タイル 2026-10-08
S0d59uiu,次郎丸,"130.32979,33.55241",11.0,DEM5A,地理院タイル 標高タイル 2026-10-08
S0d5bzeh,栗沢,"141.73972,43.12038",16.1,DEM5A,地理院タイル 標高タイル 2026-10-08
S0d67klg,武蔵大和,"139.44404,35.75644",90.0,DEM5A,地理院タイル 標高タイル 2026-10-08
S0d6em2w,駒形,"139.13954,36.35411",77.7,DEM5A,地理院タイル 標高タイル 2026-10-08
S0d6qj67,南新庄,"140.31621,38.72155",100.3,DEM5A,地理院タイル 標高タイル 2026-10-08
S0d6rik4,地蔵町,"132.70433,33.78001",1.8,DEM5A,地理院タイル 標高タイル 2026-10-08
S0d79qy8,小松川,"140.64617,39.29340",147.4,DEM10B,地理院タイル 標高タイル 2026-10-08
S0d7mee0,岡部,"139.23738,36.20578",57.2,DEM5A,地理院タイル 標高タイル 2026-10-08
S0d7rmfo,国際会館,"135.78509,35.06289",92.0,DEM5A,地理院タイル 標高タイル 2026-10-08
S0d7wipo,登別,"141.18088,42.45206",5.9,DEM5A,地理院タイル 標高タイル 2026-10-08
S0d89iuz,甲斐上野,"138.52062,35.56958",260.0,DEM5A,地理院タイル 標高タイル 2026-10-08
S0d8epo2,古賀茶屋,"130.56699,33.34360",9.1,DEM5A,地理院タイル 標高タイル 2026-10-08
S0d8kgoz,本山,"129.68227,33.20701",18.5,DEM5A,地理院タイル 標高タイル 2026-10-08
S0d9d7ia,目白山下,"139.49151,35.31407",28.3,DEM5A,地理院タイル 標高タイル 2026-10-08
S0d9eige,青柳,"138.19753,35.94271",866.6,DEM5A,地理院タイル 標高タイル 2026-10-08
S0d9exl7,米島口,"137.03848,36.77202",2.5,DEM5A,地理院タイル 標高タイル 2026-10-08
S0d9fvev,欽明路,"132.10184,34.10437",78.0,DEM5A,地理院タイル 標高タイル 2026-10-08
S0d9xrl9,東藤島,"136.26986,36.08663",15.6,DEM5A,地理院タイル 標高タイル 2026-10-08
S0d9zqrf,生麦,"139.66734,35.49560",2.7,DEM5A,地理院タイル 標高タイル 2026-10-08
S0da0d2w,縄文小ヶ田,"140.34922,40.20506",27.9,DEM5A,地理院タイル 標高タイル 2026-10-08
S0daad69,今津,"131.26786,33.57198",7.2,DEM5A,地理院タイル 標高タイル 2026-10-08
S0dafkl1,落石,"145.51946,43.19832",47.6,DEM5A,地理院タイル 標高タイル 2026-10-08
S0dafz47,東門前,"139.73433,35.53659",1.3,DEM5A,地理院タイル 標高タイル 2026-10-08
S0damemp,星ヶ丘,"136.98589,35.16277",57.0,DEM5A,地理院タイル 標高タイル 2026-10-08
S0daqtqk,千駄ヶ谷,"139.71145,35.68121",32.7,DEM5A,地理院タイル 標高タイル 2026-10-08
S0db050g,ニセコ,"140.68460,42.80874",100.9,DEM5A,地理院タイル 標高タイル 2026-10-08
S0dbqgly,福部,"134.28731,35.54558",3.9,DEM5A,地理院タイル 標高タイル 2026-10-08
S0dbshtc,西里,"130.70016,32.85458",33.5,DEM5A,地理院タイル 標高タイル 2026-10-08
S0dc6tbo,伊勢柏崎,"136.39572,34.29956",139.5,DEM5A,地理院タイル 標高タイル 2026-10-08
S0dcbbd5,滝,"140.13825,36.64857",97.3,DEM5A,地理院タイル 標高タイル 2026-10-08
S0dct0q4,加茂中,"132.91100,35.34459",31.8,DEM5A,地理院タイル 標高タイル 2026-10-08
S0ddj4p2,京成千葉,"140.11435,35.61162",6.2,DEM5A,地理院タイル 標高タイル 2026-10-08
S0de4g0a,御徒町,"139.77471,35.70719",3.3,DEM5A,地理院タイル 標高タイル 2026-10-08
S0de721h,勝山,"136.49220,36.05592",121.1,DEM5A,地理院タイル 標高タイル 2026-10-08
S0deo3pl,羽床,"133.90183,34.24110",39.9,DEM5A,地理院タイル 標高タイル 2026-10-08
S0deqwlo,幡ヶ谷,"139.67772,35.67676",40.6,DEM5A,地理院タイル 標高タイル 2026-10-08
S0dey2dt,ゆいの杜西,"139.98625,36.56719",128.7,DEM5A,地理院タイル 標高タイル 2026-10-08
S0df0xs1,桜島,"135.43238,34.66214",-0.2,DEM5A,地理院タイル 標高タイル 2026-10-08
S0df0zy4,淀江,"133.42980,35.45703",4.7,DEM10B,地理院タイル 標高タイル 2026-10-08
S0dff7ji,西松本,"137.96318,36.22700",586.6,DEM5A,地理院タイル 標高タイル 2026-10-08
S0dg1dq9,高津,"135.20705,35.30492",27.8,DEM5A,地理院タイル 標高タイル 2026-10-08
S0dglsyd,上片桐,"137.90407,35.61750",606.8,DEM5A,地理院タイル 標高タイル 2026-10-08
S0dgqtn9,石鎚山,"133.15761,33.89590",2.8,DEM5A,地理院タイル 標高タイル 2026-10-08
S0dgtzgq,鉄道博物館,"139.61783,35.92027",14.9,DEM5A,地理院タイル 標高タイル 2026-10-08
S0dgwsqj,星ヶ丘,"135.65983,34.80759",15.9,DEM5A,地理院タイル 標高タイル 2026-10-08
S0dh9ofc,中浦和,"139.63730,35.85392",5.7,DEM5A,地理院タイル 標高タイル 2026-10-08
S0dhbom8,たまプラーザ,"139.55865,35.57740",54.0,DEM5A,地理院タイル 標高タイル 2026-10-08
S0dhtoof,社町,"134.93460,34.92028",41.6,DEM5A,地理院タイル 標高タイル 2026-10-08
S0diearp,田辺,"135.52516,34.62864",7.8,DEM5A,地理院タイル 標高タイル 2026-10-08
S0dik4il,難波,"135.49894,34.66661",2.3,DEM5A,地理院タイル 標高タイル 2026-10-08
S0ditm7s,新原,"130.50878,33.57918",40.3,DEM5A,地理院タイル 標高タイル 2026-10-08
S0diupsm,川合高岡,"136.43677,34.65640",16.1,DEM5A,地理院タイル 標高タイル 2026-10-08
S0diwk3g,長滝,"135.32006,34.38193",27.7,DEM5A,地理院タイル 標高タイル 2026-10-08
S0djv277,北参道,"139.70564,35.67824",25.6,DEM5A,地理院タイル 標高タイル 2026-10-08
S0dk6uad,東釧路,"144.41137,42.99510",3.4,DEM5A,地理院タイル 標高タイル 2026-10-08
S0dkwihn,細岡,"144.46963,43.10501",9.8,DEM5A,地理院タイル 標高タイル 2026-10-08
S0dl4u5x,和歌山市,"135.16589,34.23622",3.9,DEM5A,地理院タイル 標高タイル 2026-10-08
S0dld908,京ヶ瀬,"139.17847,37.81762",7.5,DEM5A,地理院タイル 標高タイル 2026-10-08
S0dljqow,慈眼寺,"130.50583,31.51691",6.0,DEM5A,地理院タイル 標高タイル 2026-10-08
S0dmjnng,岩城みなと,"140.05487,39.54615",18.0,DEM5A,地理院タイル 標高タイル 2026-10-08
S0dmpv7w,貝塚,"135.35762,34.44531",11.7,DEM5A,地理院タイル 標高タイル 2026-10-08
S0dmuikt,赤,"130.87167,33.61845",80.0,DEM5A,地理院タイル 標高タイル 2026-10-08
S0dmxqdu,桜本町,"136.93684,35.10932",13.9,DEM5A,地理院タイル 標高タイル 2026-10-08
S0dn7tmv,高坂,"139.39769,36.00293",31.3,DEM5A,地理院タイル 標高タイル 2026-10-08
S0dnamxm,櫛田,"136.58304,34.54889",10.2,DEM5A,地理院タイル 標高タイル 2026-10-08
S0dnfxyq,第一通り,"137.73286,34.70755",5.3,DEM5A,地理院タイル 標高タイル 2026-10-08
S0dnmn7g,辻堂,"139.44590,35.33684",12.5,DEM5A,地理院タイル 標高タイル 2026-10-08
S0do19ye,刈和野,"140.37181,39.54817",18.7,DEM5A,地理院タイル 標高タイル 2026-10-08
S0do1ufi,いりなか,"136.95454,35.14387",22.2,DEM5A,地理院タイル 標高タイル 2026-10-08
S0do43bt,花小金井,"139.51332,35.72615",68.4,DEM5A,地理院タイル 標高タイル 2026-10-08
S0do44jw,八幡,"137.35202,34.82909",12.5,DEM5A,地理院タイル 標高タイル 2026-10-08
S0do5jsf,折居,"131.98682,34.82639",5.6,DEM5A,地理院タイル 標高タイル 2026-10-08
S0do64u0,榎戸,"136.82820,34.90495",1.6,DEM5A,地理院タイル 標高タイル 2026-10-08
S0do9ybf,久米田,"135.40550,34.46569",21.5,DEM5A,地理院タイル 標高タイル 2026-10-08
S0doece7,三ツ石,"130.73832,32.86389",55.7,DEM5A,地理院タイル 標高タイル 2026-10-08
S0dogn4o,城西,"137.86202,35.13159",228.6,DEM5A,地理院タイル 標高タイル 2026-10-08
S0dp3yue,若桜,"134.39837,35.34524",211.2,DEM5A,地理院タイル 標高タイル 2026-10-08
S0dpea8r,淀,"135.72100,34.90652",12.6,DEM5A,地理院タイル 標高タイル 2026-10-08
S0dpeexa,宇部新川,"131.24233,33.95860",3.4,DEM5A,地理院タイル 標高タイル 2026-10-08
S0dpk2fx,内之田,"131.37257,31.64249",16.1,DEM5A,地理院タイル 標高タイル 2026-10-08
S0dpkrf4,円町,"135.73069,35.01814",43.0,DEM5A,地理院タイル 標高タイル 2026-10-08
S0dpwpwx,足ヶ瀬,"141.64587,39.25478",472.0,DEM5A,地理院タイル 標高タイル 2026-10-08
S0dq3kmg,日暮里,"139.77116,35.72806",6.4,DEM5A,地理院タイル 標高タイル 2026-10-08
S0dq9iwh,西谷,"139.56552,35.47807",25.8,DEM5A,地理院タイル 標高タイル 2026-10-08
S0dqcvff,南延岡,"131.67688,32.55964",3.5,DEM5A,地理院タイル 標高タイル 2026-10-08
S0drgf01,筑前深江,"130.13980,33.51543",4.4,DEM5A,地理院タイル 標高タイル 2026-10-08
S0drpqkr,宍喰,"134.30072,33.56693",3.0,DEM5A,地理院タイル 標高タイル 2026-10-08
S0ds1ce4,井原里,"135.33048,34.41937",7.9,DEM5A,地理院タイル 標高タイル 2026-10-08
S0dsag07,練馬,"139.65447,35.73778",40.1,DEM5A,地理院タイル 標高タイル 2026-10-08
S0dsbjca,高田馬場,"139.70434,35.71303",16.8,DEM5A,地理院タイル 標高タイル 2026-10-08
S0dt1f5j,西太刀洗,"130.59924,33.40785",23.9,DEM5A,地理院タイル 標高タイル 2026-10-08
S0dt4624,奥泉,"138.14778,35.14978",370.2,DEM5A,地理院タイル 標高タイル 2026-10-08
S0dtomki,小樽,"140.99368,43.19712",25.7,DEM10B,地理院タイル 標高タイル 2026-10-08
S0dtv957,あいの里教育大,"141.39876,43.15512",6.0,DEM5A,地理院タイル 標高タイル 2026-10-08
S0dtvg9n,高岡駅,"137.01508,36.74155",12.0,DEM5A,地理院タイル 標高タイル 2026-10-08
S0dtw477,柳原,"132.77348,33.95352",5.2,DEM5A,地理院タイル 標高タイル 2026-10-08
S0du37ml,坪井,"133.87728,35.06215",144.1,DEM5A,地理院タイル 標高タイル 2026-10-08
S0duglw8,庭坂,"140.38983,37.77155",131.4,DEM5A,地理院タイル 標高タイル 2026-10-08
S0dujlaw,新得,"142.83265,43.08183",187.3,DEM5A,地理院タイル 標高タイル 2026-10-08
S0duut7u,岸里玉出,"135.49522,34.62839",3.1,DEM5A,地理院タイル 標高タイル 2026-10-08
S0duxg6e,正丸,"139.18149,35.93830",304.2,DEM5A,地理院タイル 標高タイル 2026-10-08
S0dv56q5,赤渕,"140.90723,39.68509",239.6,DEM5A,地理院タイル 標高タイル 2026-10-08
S0dve0pe,南港口,"135.44588,34.61382",3.6,DEM5A,地理院タイル 標高タイル 2026-10-08
S0dvo29j,岩倉,"135.78637,35.07121",101.4,DEM5A,地理院タイル 標高タイル 2026-10-08
S0dvpcu9,宝ヶ池,"135.79239,35.05809",87.3,DEM5A,地理院タイル 標高タイル 2026-10-08
S0dvqoqj,下総松崎,"140.27755,35.80777",6.1,DEM5A,地理院タイル 標高タイル 2026-10-08
S0dvxb1q,下曽我,"139.18342,35.30355",24.2,DEM5A,地理院タイル 標高タイル 2026-10-08
S0dw6yo7,永田町,"139.74004,35.67821",27.3,DEM5A,地理院タイル 標高タイル 2026-10-08
S0dwkqc0,三河一宮,"137.41460,34.84795",27.0,DEM5A,地理院タイル 標高タイル 2026-10-08
S0dx120a,成増,"139.63290,35.77759",28.8,DEM5A,地理院タイル 標高タイル 2026-10-08
S0dx3cvi,能代,"140.03312,40.20647",6.9,DEM5A,地理院タイル 標高タイル 2026-10-08
S0dx630u,実籾,"140.06808,35.68685",22.9,DEM5A,地理院タイル 標高タイル 2026-10-08
S0dxcrso,金田,"130.77659,33.68274",16.1,DEM5A,地理院タイル 標高タイル 2026-10-08
S0dxecxn,二俣新町,"139.95955,35.69132",4.4,DEM5A,地理院タイル 標高タイル 2026-10-08
S0dxgvwn,市田,"137.88658,35.54935",436.7,DEM5A,地理院タイル 標高タイル 2026-10-08
S0dxjym8,せんげん台,"139.77460,35.93595",3.9,DEM5A,地理院タイル 標高タイル 2026-10-08
S0dxr5lo,坂下町,"137.01487,36.74741",8.9,DEM5A,地理院タイル 標高タイル 2026-10-08
S0dy4oxu,飛山城跡,"139.96342,36.54834",103.0,DEM5A,地理院タイル 標高タイル 2026-10-08
S0dy508e,武蔵関,"139.57637,35.72762",48.4,DEM5A,地理院タイル 標高タイル 2026-10-08
S0dy5sd1,布市,"137.23553,36.64513",43.8,DEM5A,地理院タイル 標高タイル 2026-10-08
S0dygvex,相馬,"140.92572,37.80248",5.4,DEM5A,地理院タイル 標高タイル 2026-10-08
S0dynx6m,笠島,"138.46705,37.33570",4.2,DEM5A,地理院タイル 標高タイル 2026-10-08
S0dzaf6i,明科,"137.93037,36.35426",525.9,DEM5A,地理院タイル 標高タイル 2026-10-08
S0dzh0ve,宝来町,"140.72007,41.76098",3.6,DEM5A,地理院タイル 標高タイル 2026-10-08
S0dzkmkl,里白石,"140.41679,37.10459",293.7,DEM5A,地理院タイル 標高タイル 2026-10-08
S0e0ewz5,脇本,"139.90263,39.91528",14.2,DEM5A,地理院タイル 標高タイル 2026-10-08
S0e0olac,大和西大寺,"135.78307,34.69365",72.2,DEM5A,地理院タイル 標高タイル 2026-10-08
S0e0x650,神尾,"138.10173,34.88303",114.7,DEM5A,地理院タイル 標高タイル 2026-10-08
S0e11uv1,長崎大学,"129.86245,32.78493",13.6,DEM5A,地理院タイル 標高タイル 2026-10-08
S0e19k7z,神戸空港,"135.22897,34.63735",4.1,DEM5A,地理院タイル 標高タイル 2026-10-08
S0e1ixyi,六合,"138.20384,34.83648",43.1,DEM5A,地理院タイル 標高タイル 2026-10-08
S0e21hf9,挿頭丘,"133.97938,34.26199",56.6,DEM5A,地理院タイル 標高タイル 2026-10-08
S0e2diuk,上山口,"131.48487,34.18258",31.4,DEM5A,地理院タイル 標高タイル 2026-10-08
S0e2i3dk,三河上郷,"137.13276,35.01241",27.7,DEM5A,地理院タイル 標高タイル 2026-10-08
S0e2k4di,佐里,"129.97870,33.33765",14.7,DEM5A,地理院タイル 標高タイル 2026-10-08
S0e3acw0,大堀,"140.47540,38.76593",193.2,DEM5A,地理院タイル 標高タイル 2026-10-08
S0e3goel,北岡崎,"137.15770,34.97225",21.2,DEM5A,地理院タイル 標高タイル 2026-10-08
S0e3kabm,奥田,"136.81115,35.23503",3.1,DEM5A,地理院タイル 標高タイル 2026-10-08
S0e3r7h8,枡形,"133.52717,33.55733",3.0,DEM5A,地理院タイル 標高タイル 2026-10-08
S0e47532,兜,"140.64652,37.89539",52.2,DEM5A,地理院タイル 標高タイル 2026-10-08
S0e4d9fg,石山寺,"135.90344,34.96730",86.4,DEM5A,地理院タイル 標高タイル 2026-10-08
S0e4eapk,信濃吉田,"138.22092,36.66744",371.8,DEM5A,地理院タイル 標高タイル 2026-10-08
S0e4gq6d,利別,"143.42434,42.93476",15.0,DEM5A,地理院タイル 標高タイル 2026-10-08
S0e4p76w,金沢八景,"139.62033,35.33129",3.9,DEM5A,地理院タイル 標高タイル 2026-10-08
S0e4s0ay,東武和泉,"139.45509,36.31565",31.3,DEM5A,地理院タイル 標高タイル 2026-10-08
S0e4sqxa,福川,"131.73852,34.07208",3.5,DEM5A,地理院タイル 標高タイル 2026-10-08
S0e5bi2j,世良田,"139.28197,36.27294",39.3,DEM5A,地理院タイル 標高タイル 2026-10-08
S0e5mwdo,大間々,"139.27755,36.43462",182.6,DEM5A,地理院タイル 標高タイル 2026-10-08
S0e6hc2w,高田,"130.63402,33.41421",31.2,DEM5A,地理院タイル 標高タイル 2026-10-08
S0e6i7kn,上田浦,"130.51861,32.39296",4.3,DEM5A,地理院タイル 標高タイル 2026-10-08
S0e6njd2,枝光,"130.81286,33.87918",3.0,DEM5A,地理院タイル 標高タイル 2026-10-08
S0e6tvse,中田平,"129.61118,33.35580",40.7,DEM5A,地理院タイル 標高タイル 2026-10-08
S0e6vnsl,桜水,"140.44110,37.79587",92.6,DEM5A,地理院タイル 標高タイル 2026-10-08
S0e77chr,南由布,"131.33336,33.24219",456.9,DEM5A,地理院タイル 標高タイル 2026-10-08
S0e788f7,迫川,"133.87941,34.53648",2.7,DEM5A,地理院タイル 標高タイル 2026-10-08
S0e7rfuu,丸瀬布,"143.33581,44.00632",195.4,DEM10B,地理院タイル 標高タイル 2026-10-08
S0e8fqpk,初富,"140.00046,35.77197",29.1,DEM5A,地理院タイル 標高タイル 2026-10-08
S0e8i6cf,電車事業所前,"141.33770,43.03066",38.6,DEM5A,地理院タイル 標高タイル 2026-10-08
S0e8mp9v,御所,"135.73379,34.46507",93.3,DEM5A,地理院タイル 標高タイル 2026-10-08
S0e8vc2d,金指,"137.68129,34.81690",5.7,DEM5A,地理院タイル 標高タイル 2026-10-08
S0e9j3m6,生瀬,"135.32532,34.81934",60.9,DEM5A,地理院タイル 標高タイル 2026-10-08
S0e9jhsa,一ノ関,"141.13846,38.92656",24.2,DEM5A,地理院タイル 標高タイル 2026-10-08
S0e9wm2t,北初富,"139.98980,35.77656",26.4,DEM5A,地理院タイル 標高タイル 2026-10-08
S0e9zb0d,石津,"136.62748,35.18037",4.8,DEM5A,地理院タイル 標高タイル 2026-10-08
S0e9zme6,多度津,"133.75729,34.27125",2.7,DEM5A,地理院タイル 標高タイル 2026-10-08
S0eagcab,下北,"141.18988,41.28283",3.0,DEM5A,地理院タイル 標高タイル 2026-10-08
S0eahzzh,新川,"137.38948,34.76291",9.3,DEM5A,地理院タイル 標高タイル 2026-10-08
S0eapuax,本楯,"139.88196,38.96856",7.4,DEM5A,地理院タイル 標高タイル 2026-10-08
S0easll8,平福,"134.37187,35.04369",135.3,DEM5A,地理院タイル 標高タイル 2026-10-08
S0eaw1zf,広電廿日市,"132.33647,34.35697",2.6,DEM5A,地理院タイル 標高タイル 2026-10-08
S0eb5tig,西国分寺,"139.46588,35.69982",74.2,DEM5A,地理院タイル 標高タイル 2026-10-08
S0ecala4,宿川原,"140.55760,40.52529",67.6,DEM5A,地理院タイル 標高タイル 2026-10-08
S0eci03f,和白,"130.42970,33.68862",3.5,DEM5A,地理院タイル 標高タイル 2026-10-08
S0eciewf,大羽根園,"136.49420,35.01255",95.8,DEM5A,地理院タイル 標高タイル 2026-10-08
S0eciiza,騰波ノ江,"139.97628,36.22323",30.5,DEM5A,地理院タイル 標高タイル 2026-10-08
S0ecq44n,下段,"137.31781,36.64788",99.5,DEM5A,地理院タイル 標高タイル 2026-10-08
S0edo5cf,風合瀬,"139.99460,40.73218",10.2,DEM5A,地理院タイル 標高タイル 2026-10-08
S0edom1c,松川町,"132.47126,34.39024",1.6,DEM5A,地理院タイル 標高タイル 2026-10-08
S0edpyy2,久下村,"135.03063,35.07587",87.0,DEM5A,地理院タイル 標高タイル 2026-10-08
S0ee4m1f,西大山,"130.57645,31.19030",48.9,DEM5A,地理院タイル 標高タイル 2026-10-08
S0ef47d2,津久野,"135.46825,34.54228",8.3,DEM5A,地理院タイル 標高タイル 2026-10-08
S0eg2p7b,陸前落合,"140.79005,38.27343",90.5,DEM5A,地理院タイル 標高タイル 2026-10-08
S0eg32db,美談,"132.79810,35.41255",6.0,DEM5A,地理院タイル 標高タイル 2026-10-08
S0eg8t7x,豊中,"135.46193,34.78719",25.0,DEM5A,地理院タイル 標高タイル 2026-10-08
S0egoeuj,鍋島,"130.26569,33.25905",4.6,DEM5A,地理院タイル 標高タイル 2026-10-08
S0egoo5i,波久礼,"139.15812,36.12680",113.1,DEM5A,地理院タイル 標高タイル 2026-10-08
S0egsxev,家庭裁判所前,"132.46588,34.40131",2.2,DEM5A,地理院タイル 標高タイル 2026-10-08
S0egxmmj,山王,"136.39245,36.07912",64.8,DEM5A,地理院タイル 標高タイル 2026-10-08
S0ehszxa,八丁牟田,"130.43752,33.20887",4.7,DEM5A,地理院タイル 標高タイル 2026-10-08
S0ehvrnp,新屋,"139.19659,36.41370",179.6,DEM5A,地理院タイル 標高タイル 2026-10-08
S0ehypls,西線9条旭山公園通,"141.33546,43.04827",24.6,DEM5A,地理院タイル 標高タイル 2026-10-08
S0eibmic,沼袋,"139.66484,35.71916",33.1,DEM5A,地理院タイル 標高タイル 2026-10-08
S0eig33l,環状通東,"141.37443,43.08238",10.7,DEM5A,地理院タイル 標高タイル 2026-10-08
S0eimek6,桑町,"136.13660,34.75416",143.6,DEM5A,地理院タイル 標高タイル 2026-10-08
S0eiw8kz,乙川,"136.94155,34.90336",3.1,DEM5A,地理院タイル 標高タイル 2026-10-08
S0eiwcmy,安茂里,"138.16182,36.63027",359.6,DEM5A,地理院タイル 標高タイル 2026-10-08
S0ej6qsr,伊予大平,"132.70841,33.71602",64.1,DEM5A,地理院タイル 標高タイル 2026-10-08
S0ejcn1u,緒方,"131.47675,32.97106",160.2,DEM5A,地理院タイル 標高タイル 2026-10-08
S0ek8fbp,森,"140.57403,42.10889",2.9,DEM5A,地理院タイル 標高タイル 2026-10-08
S0ek9ps5,初芝,"135.52650,34.54223",39.1,DEM5A,地理院タイル 標高タイル 2026-10-08
S0ekns6k,長山,"137.43135,34.86440",36.8,DEM5A,地理院タイル 標高タイル 2026-10-08
S0ekpeqt,武志,"132.77327,35.38800",6.7,DEM5A,地理院タイル 標高タイル 2026-10-08
S0ekxtqt,当麻寺,"135.70584,34.51649",80.0,DEM5A,地理院タイル 標高タイル 2026-10-08
S0elyfgc,目黒,"139.71568,35.63271",28.6,DEM5A,地理院タイル 標高タイル 2026-10-08
S0em2yye,摂津富田,"135.59333,34.83768",19.1,DEM5A,地理院タイル 標高タイル 2026-10-08
S0em53rx,陸前小野,"141.17478,38.39603",2.1,DEM5A,地理院タイル 標高タイル 2026-10-08
S0em5k2v,日岡,"134.85718,34.77866",8.6,DEM5A,地理院タイル 標高タイル 2026-10-08
S0embyxx,本星崎,"136.93733,35.08747",3.5,DEM5A,地理院タイル 標高タイル 2026-10-08
S0empnp1,熱田神宮伝馬町,"136.91044,35.12087",1.1,DEM5A,地理院タイル 標高タイル 2026-10-08
S0en95a4,黒山,"139.24139,37.93729",3.3,DEM5A,地理院タイル 標高タイル 2026-10-08
S0enu9hg,陽東3丁目,"139.92231,36.55729",113.7,DEM5A,地理院タイル 標高タイル 2026-10-08
S0eo9lb5,西北見,"143.84158,43.80315",94.7,DEM5A,地理院タイル 標高タイル 2026-10-08
S0eoibv3,河内松原,"135.55741,34.57549",22.9,DEM5A,地理院タイル 標高タイル 2026-10-08
S0ep35m6,今里,"135.54991,34.66472",1.9,DEM5A,地理院タイル 標高タイル 2026-10-08
S0eq1l2c,京橋,"135.53294,34.69654",0.9,DEM5A,地理院タイル 標高タイル 2026-10-08
S0eqb3ys,竹中,"131.64946,33.12129",28.9,DEM5A,地理院タイル 標高タイル 2026-10-08
S0eqktwm,須磨寺,"135.11624,34.64603",13.1,DEM5A,地理院タイル 標高タイル 2026-10-08
S0eqlfqs,高円寺,"139.64972,35.70533",41.6,DEM5A,地理院タイル 標高タイル 2026-10-08
S0eraqs6,今船,"135.50170,34.64297",3.0,DEM5A,地理院タイル 標高タイル 2026-10-08
S0erfo4p,宇部,"131.22220,34.00326",3.3,DEM5A,地理院タイル 標高タイル 2026-10-08
S0eri3ya,平岸,"142.12527,43.54129",74.3,DEM5A,地理院タイル 標高タイル 2026-10-08
S0es003y,南古谷,"139.51916,35.90318",9.2,DEM5A,地理院タイル 標高タイル 2026-10-08
S0es5cyi,磯ノ浦,"135.09462,34.26049",5.5,DEM5A,地理院タイル 標高タイル 2026-10-08
S0esbgo3,太東,"140.38129,35.32010",8.1,DEM5A,地理院タイル 標高タイル 2026-10-08
S0esro68,金谷沢,"141.24837,41.22897",6.1,DEM5A,地理院タイル 標高タイル 2026-10-08
S0et0xii,天神ノ森,"135.49770,34.62919",4.0,DEM5A,地理院タイル 標高タイル 2026-10-08
S0et7r6g,坂越,"134.41736,34.76872",4.9,DEM5A,地理院タイル 標高タイル 2026-10-08
S0etkdz4,糸崎,"133.10513,34.39174",2.1,DEM5A,地理院タイル 標高タイル 2026-10-08
S0eua4rk,墨染,"135.76910,34.94817",31.2,DEM5A,地理院タイル 標高タイル 2026-10-08
S0eufjn7,越中舟橋,"137.30655,36.70553",10.6,DEM5A,地理院タイル 標高タイル 2026-10-08
S0euhtbd,伊勢治田,"136.51475,35.13276",102.9,DEM5A,地理院タイル 標高タイル 2026-10-08
S0eumeis,上嘉川,"131.37904,34.07384",11.1,DEM5A,地理院タイル 標高タイル 2026-10-08
S0euuw7m,南橋本,"139.35242,35.58040",132.0,DEM5A,地理院タイル 標高タイル 2026-10-08
S0euwa2a,陸中山田,"141.95130,39.46359",4.1,DEM5A,地理院タイル 標高タイル 2026-10-08
S0euz569,末続,"140.99565,37.17215",16.4,DEM5A,地理院タイル 標高タイル 2026-10-08
S0ev7zsa,宮城野通,"140.88582,38.25805",32.2,DEM5A,地理院タイル 標高タイル 2026-10-08
S0evmon7,碇ヶ関,"140.62241,40.47902",140.1,DEM5A,地理院タイル 標高タイル 2026-10-08
S0evs992,安房小湊,"140.18977,35.12864",7.2,DEM5A,地理院タイル 標高タイル 2026-10-08
S0evtgk4,桜台,"130.54242,33.47161",37.5,DEM10B,地理院タイル 標高タイル 2026-10-08
S0evu6be,地下鉄成増,"139.63117,35.77674",31.6,DEM5A,地理院タイル 標高タイル 2026-10-08
S0evva2c,池尻,"130.80580,33.61301",39.0,DEM5A,地理院タイル 標高タイル 2026-10-08
S0ewvh4q,東尾道,"133.23320,34.43503",2.8,DEM5A,地理院タイル 標高タイル 2026-10-08
S0ewxz6y,湯尾,"136.19302,35.80334",97.5,DEM5A,地理院タイル 標高タイル 2026-10-08
S0ewzq2q,母野,"136.94193,35.59859",111.9,DEM5A,地理院タイル 標高タイル 2026-10-08
S0exav5p,渕高,"136.72735,35.21395",1.2,DEM5A,地理院タイル 標高タイル 2026-10-08
S0exqgog,要田,"140.52084,37.45417",364.3,DEM5A,地理院タイル 標高タイル 2026-10-08
S0ey6kuj,十勝清水,"142.87973,43.01302",166.4,DEM5A,地理院タイル 標高タイル 2026-10-08
S0eyezpv,下部温泉,"138.47247,35.42578",226.0,DEM5A,地理院タイル 標高タイル 2026-10-08
S0eyixxd,朝地,"131.43222,33.00426",220.9,DEM5A,地理院タイル 標高タイル 2026-10-08
S0eyp5sa,天神川,"132.49747,34.38976",3.5,DEM5A,地理院タイル 標高タイル 2026-10-08
S0eyrqc3,笹貫,"130.53378,31.53945",3.8,DEM5A,地理院タイル 標高タイル 2026-10-08
S0eyt6sq,大泉,"136.56999,35.09520",56.6,DEM5A,地理院タイル 標高タイル 2026-10-08
S0ezh9io,亀甲,"133.95919,34.99868",141.6,DEM5A,地理院タイル 標高タイル 2026-10-08
S0ezibo9,鹿児島,"130.56438,31.60228",3.2,DEM5A,地理院タイル 標高タイル 2026-10-08
S0ezsyz2,肥前旭,"130.49610,33.34977",8.4,DEM5A,地理院タイル 標高タイル 2026-10-08
S0f0a7j0,芦花公園,"139.60840,35.67055",46.1,DEM5A,地理院タイル 標高タイル 2026-10-08
S0f0josv,勝野,"130.71600,33.72834",10.5,DEM5A,地理院タイル 標高タイル 2026-10-08
S0f0ofx8,鶴羽,"134.27397,34.28001",2.7,DEM5A,地理院タイル 標高タイル 2026-10-08
S0f16g8l,志紀,"135.61591,34.60033",16.3,DEM5A,地理院タイル 標高タイル 2026-10-08
S0f1aim4,陸中川井,"141.68150,39.59734",185.4,DEM5A,地理院タイル 標高タイル 2026-10-08
S0f1ct3e,本庄,"139.18808,36.23633",56.8,DEM5A,地理院タイル 標高タイル 2026-10-08
S0f1d2vd,白沢渓谷,"136.97850,35.21593",39.8,DEM5A,地理院タイル 標高タイル 2026-10-08
S0f1dbvg,三木,"134.98188,34.79978",36.9,DEM5A,地理院タイル 標高タイル 2026-10-08
S0f1k3v5,御幸辻,"135.60206,34.33783",138.8,DEM5A,地理院タイル 標高タイル 2026-10-08
S0f1sf2f,祖谷口,"133.78042,33.97272",140.8,DEM5A,地理院タイル 標高タイル 2026-10-08
S0f1yhx0,稲荷,"135.77074,34.96675",32.3,DEM5A,地理院タイル 標高タイル 2026-10-08
S0f245lu,平和台,"139.65430,35.75756",34.7,DEM5A,地理院タイル 標高タイル 2026-10-08
S0f2v80h,羽衣,"135.44172,34.53431",3.1,DEM5A,地理院タイル 標高タイル 2026-10-08
S0f38p0s,新岩国,"132.14970,34.16485",16.7,DEM5A,地理院タイル 標高タイル 2026-10-08
S0f38xts,トマム,"142.61115,43.05604",536.8,DEM5A,地理院タイル 標高タイル 2026-10-08
S0f3bse3,遠浅,"141.76917,42.72926",12.4,DEM5A,地理院タイル 標高タイル 2026-10-08
S0f3lyav,高安,"135.62437,34.61966",11.7,DEM5A,地理院タイル 標高タイル 2026-10-08
S0f4mopi,鶴見,"139.67602,35.50824",5.2,DEM5A,地理院タイル 標高タイル 2026-10-08
S0f536zl,中之郷,"136.84541,34.47961",2.4,DEM5A,地理院タイル 標高タイル 2026-10-08
S0f5qkey,ちはら台,"140.17012,35.53369",29.7,DEM5A,地理院タイル 標高タイル 2026-10-08
S0f692l4,大入,"130.10558,33.50881",5.3,DEM5A,地理院タイル 標高タイル 2026-10-08
S0f6agxs,玉名,"130.54870,32.92598",7.3,DEM5A,地理院タイル 標高タイル 2026-10-08
S0f6jimx,汐留,"139.76070,35.66399",3.7,DEM5A,地理院タイル 標高タイル 2026-10-08
S0f6mews,北川,"131.69766,32.69043",19.5,DEM5A,地理院タイル 標高タイル 2026-10-08
S0f6rvur,下高井戸,"139.64179,35.66599",45.3,DEM5A,地理院タイル 標高タイル 2026-10-08
S0f6tare,中野東,"132.57874,34.40331",26.8,DEM5A,地理院タイル 標高タイル 2026-10-08
S0f77ukv,楡木,"139.74527,36.50688",104.1,DEM5A,地理院タイル 標高タイル 2026-10-08
S0f7khsz,県立美術館通,"133.57561,33.55886",0.4,DEM5A,地理院タイル 標高タイル 2026-10-08
S0f7wqkr,五稜郭,"140.73356,41.80353",5.2,DEM5A,地理院タイル 標高タイル 2026-10-08
S0f7yotg,細井川,"135.49116,34.60971",2.1,DEM5A,地理院タイル 標高タイル 2026-10-08
S0f8hzj4,中部天竜,"137.80285,35.08532",140.9,DEM5A,地理院タイル 標高タイル 2026-10-08
S0f8pg8t,大平下,"139.69725,36.34434",36.1,DEM5A,地理院タイル 標高タイル 2026-10-08
S0f93neg,舞松原,"130.45559,33.64469",20.6,DEM5A,地理院タイル 標高タイル 2026-10-08
S0f97lcc,西尾,"137.05784,34.86392",4.1,DEM5A,地理院タイル 標高タイル 2026-10-08
S0f9899n,本名,"139.49881,37.44477",307.5,DEM5A,地理院タイル 標高タイル 2026-10-08
S0f9914g,吉里吉里,"141.93864,39.36953",27.1,DEM5A,地理院タイル 標高タイル 2026-10-08
S0f9d63j,紀伊井田,"136.02396,33.75996",10.7,DEM5A,地理院タイル 標高タイル 2026-10-08
S0f9j63i,飯詰,"140.51527,39.40630",31.8,DEM5A,地理院タイル 標高タイル 2026-10-08
S0f9kkqk,八積,"140.34536,35.40396",6.8,DEM5A,地理院タイル 標高タイル 2026-10-08
S0f9vc27,勇知,"141.68517,45.25923",14.2,DEM5A,地理院タイル 標高タイル 2026-10-08
S0f9wf4b,布崎,"132.85501,35.45023",5.6,DEM5A,地理院タイル 標高タイル 2026-10-08
S0fadi90,伊保,"134.78702,34.76719",2.0,DEM5A,地理院タイル 標高タイル 2026-10-08
S0fajce1,東萩,"131.41059,34.41732",1.9,DEM5A,地理院タイル 標高タイル 2026-10-08
S0faktvo,東開聞,"130.54987,31.20094",35.4,DEM5A,地理院タイル 標高タイル 2026-10-08
S0fakxpf,平和島,"139.73493,35.57865",2.0,DEM5A,地理院タイル 標高タイル 2026-10-08
S0famm0b,宮城野原,"140.90477,38.26069",17.8,DEM5A,地理院タイル 標高タイル 2026-10-08
S0fbem2a,米子空港,"133.24789,35.50199",3.4,DEM5A,地理院タイル 標高タイル 2026-10-08
S0fbg0te,八柱,"139.93750,35.79142",29.2,DEM5A,地理院タイル 標高タイル 2026-10-08
S0fbslxw,豊栄,"139.21563,37.91955",2.8,DEM5A,地理院タイル 標高タイル 2026-10-08
S0fbsywm,桜町,"137.82976,35.52218",518.1,DEM5A,地理院タイル 標高タイル 2026-10-08
S0fbxns5,会津下郷,"139.86495,37.25518",478.1,DEM5A,地理院タイル 標高タイル 2026-10-08
S0fc0svb,荒砥,"140.09742,38.18803",184.7,DEM5A,地理院タイル 標高タイル 2026-10-08
S0fcrj4g,めじろ台,"139.30851,35.64364",155.0,DEM5A,地理院タイル 標高タイル 2026-10-08
S0fcw0b1,野馳,"133.31703,34.91505",375.5,DEM5A,地理院タイル 標高タイル 2026-10-08
S0feb5bw,相浦,"129.65711,33.19250",9.1,DEM5A,地理院タイル 標高タイル 2026-10-08
S0fef3zu,丹波口,"135.74227,34.99655",27.9,DEM5A,地理院タイル 標高タイル 2026-10-08
S0fefpxp,西長田ゆりの里,"136.20649,36.15358",4.4,DEM5A,地理院タイル 標高タイル 2026-10-08
S0ff5smz,大井町,"139.73446,35.60739",15.9,DEM5A,地理院タイル 標高タイル 2026-10-08
S0ff6rl7,獨協大学前,"139.80068,35.84330",3.1,DEM5A,地理院タイル 標高タイル 2026-10-08
S0ffliz0,加賀温泉,"136.35059,36.32043",7.1,DEM5A,地理院タイル 標高タイル 2026-10-08
S0fg0vsr,越後寒川,"139.49005,38.44877",9.5,DEM5A,地理院タイル 標高タイル 2026-10-08
S0fgdjv7,荒河かしの木台,"135.10577,35.31932",24.9,DEM5A,地理院タイル 標高タイル 2026-10-08
S0fgynq1,薩摩塩屋,"130.37620,31.25714",20.8,DEM5A,地理院タイル 標高タイル 2026-10-08
S0fh1el8,伊那小沢,"137.83475,35.25409",291.8,DEM5A,地理院タイル 標高タイル 2026-10-08
S0fhaaxl,西春,"136.87129,35.24478",6.0,DEM5A,地理院タイル 標高タイル 2026-10-08
S0fhrxlm,安部,"134.29165,35.37451",80.5,DEM5A,地理院タイル 標高タイル 2026-10-08
S0fhslgu,勅旨,"136.07313,34.89366",276.1,DEM5A,地理院タイル 標高タイル 2026-10-08
S0fhy9f3,千種,"136.93053,35.17079",12.3,DEM5A,地理院タイル 標高タイル 2026-10-08
S0fi1t8h,今川,"139.46838,38.41014",11.7,DEM5A,地理院タイル 標高タイル 2026-10-08
S0fi2f6u,赤堀,"136.61043,34.95923",2.6,DEM5A,地理院タイル 標高タイル 2026-10-08
S0fi589x,美咲が丘,"130.18581,33.55017",4.5,DEM5A,地理院タイル 標高タイル 2026-10-08
S0fiojh4,別府,"131.50026,33.27947",10.1,DEM5A,地理院タイル 標高タイル 2026-10-08
S0fiqkmw,三浦,"134.07808,35.14211",184.2,DEM5A,地理院タイル 標高タイル 2026-10-08
S0fixit0,入谷,"139.39187,35.47838",27.2,DEM5A,地理院タイル 標高タイル 2026-10-08
S0fjdy9l,相月,"137.85436,35.11491",197.1,DEM5A,地理院タイル 標高タイル 2026-10-08
S0fks34t,嘉川,"131.37054,34.06650",8.0,DEM5A,地理院タイル 標高タイル 2026-10-08
S0fkuvq9,三岡,"138.44844,36.30418",706.5,DEM5A,地理院タイル 標高タイル 2026-10-08
S0fkvucm,大谷,"135.49385,34.29860",67.2,DEM5A,地理院タイル 標高タイル 2026-10-08
S0fkw9l2,林崎,"140.48055,40.67525",17.8,DEM5A,地理院タイル 標高タイル 2026-10-08
S0flhkst,三国神社,"136.15833,36.21489",1.5,DEM5A,地理院タイル 標高タイル 2026-10-08
S0flm4sk,美祢,"131.20403,34.16908",89.3,DEM5A,地理院タイル 標高タイル 2026-10-08
S0flnq1f,佐古木,"136.75231,35.11948",-1.8,DEM5A,地理院タイル 標高タイル 2026-10-08
S0fm9b9p,神辺,"133.37866,34.53744",9.6,DEM5A,地理院タイル 標高タイル 2026-10-08
S0fmbz94,浦ノ崎,"129.79252,33.33528",4.0,DEM5A,地理院タイル 標高タイル 2026-10-08
S0fmos9f,根室,"145.58304,43.32679",30.3,DEM5A,地理院タイル 標高タイル 2026-10-08
S0fmt9tu,長船,"134.09849,34.69931",6.8,DEM5A,地理院タイル 標高タイル 2026-10-08
S0fn6a1t,端野,"143.94237,43.85137",42.4,DEM5A,地理院タイル 標高タイル 2026-10-08
S0fna7iz,徳力嵐山口,"130.86377,33.82470",26.3,DEM5A,地理院タイル 標高タイル 2026-10-08
S0fniwzd,上臼杵,"131.79296,33.11250",5.3,DEM5A,地理院タイル 標高タイル 2026-10-08
S0fnognb,南区役所前,"132.46713,34.38041",0.7,DEM5A,地理院タイル 標高タイル 2026-10-08
S0fnykoj,京成船橋,"139.98494,35.69996",3.6,DEM5A,地理院タイル 標高タイル 2026-10-08
S0fo25xi,高尾野,"130.30183,32.06249",46.3,DEM5A,地理院タイル 標高タイル 2026-10-08
S0foq4td,湖山,"134.18625,35.51351",3.0,DEM5A,地理院タイル 標高タイル 2026-10-08
S0foyz7q,八丁堀,"139.77781,35.67506",3.1,DEM5A,地理院タイル 標高タイル 2026-10-08
S0fp8nl6,藤が丘,"139.52758,35.54340",41.2,DEM5A,地理院タイル 標高タイル 2026-10-08
S0fpa9a8,伊香牛,"142.52535,43.87606",180.4,DEM10B,地理院タイル 標高タイル 2026-10-08
S0fph6v8,梅ヶ丘,"139.65355,35.65602",32.1,DEM5A,地理院タイル 標高タイル 2026-10-08
S0fpjjdl,上松川,"140.44107,37.78361",85.3,DEM5A,地理院タイル 標高タイル 2026-10-08
S0fpvo7e,つくし野,"139.48494,35.52707",63.9,DEM5A,地理院タイル 標高タイル 2026-10-08
S0fq2jyd,田町,"139.74760,35.64574",3.3,DEM5A,地理院タイル 標高タイル 2026-10-08
S0fq93x4,西武園ゆうえんち,"139.44019,35.76903",99.5,DEM5A,地理院タイル 標高タイル 2026-10-08
S0fq9pha,市場,"134.93257,34.81924",22.4,DEM5A,地理院タイル 標高タイル 2026-10-08
S0fqpv7y,伊予市,"132.70261,33.75556",3.3,DEM5A,地理院タイル 標高タイル 2026-10-08
S0fqxhri,川端,"141.89486,42.91468",89.0,DEM5A,地理院タイル 標高タイル 2026-10-08
S0friuux,三里,"136.53833,35.10725",66.8,DEM5A,地理院タイル 標高タイル 2026-10-08
S0fs96a9,城東,"139.08116,36.39117",99.9,DEM5A,地理院タイル 標高タイル 2026-10-08
S0fsbxab,鴨池,"130.55046,31.56535",3.4,DEM5A,地理院タイル 標高タイル 2026-10-08
S0fscwow,益田,"131.83895,34.67827",5.0,DEM5A,地理院タイル 標高タイル 2026-10-08
S0fsdlno,下総豊里,"140.72090,35.79301",10.0,DEM5A,地理院タイル 標高タイル 2026-10-08
S0fsenf6,福井駅,"136.22217,36.06211",7.7,DEM5A,地理院タイル 標高タイル 2026-10-08
S0fslx86,篠目,"131.56223,34.27913",243.9,DEM5A,地理院タイル 標高タイル 2026-10-08
S0fsx638,新開地,"135.16961,34.67651",5.8,DEM5A,地理院タイル 標高タイル 2026-10-08
S0fsy2f4,港山,"132.71340,33.86957",1.9,DEM5A,地理院タイル 標高タイル 2026-10-08
S0ftohot,水野,"137.06942,35.22420",84.5,DEM5A,地理院タイル 標高タイル 2026-10-08
S0ftt3qr,勝幡,"136.75037,35.19524",0.0,DEM5A,地理院タイル 標高タイル 2026-10-08
S0ftwqs5,昭和橋,"140.74126,41.77810",4.4,DEM5A,地理院タイル 標高タイル 2026-10-08
S0fu2y9s,アスモ前,"137.49417,34.72789",18.6,DEM5A,地理院タイル 標高タイル 2026-10-08
S0fu5ijw,東多良木,"130.95080,32.27224",166.3,DEM5A,地理院タイル 標高タイル 2026-10-08
S0fu7d18,相賀,"136.22713,34.11193",3.9,DEM5A,地理院タイル 標高タイル 2026-10-08
S0fumc6w,南平岸,"141.37134,43.02666",48.9,DEM5A,地理院タイル 標高タイル 2026-10-08
S0fuo076,卸町,"140.92091,38.25155",7.3,DEM5A,地理院タイル 標高タイル 2026-10-08
S0fvkiuf,大浦天主堂,"129.87097,32.73625",2.5,DEM5A,地理院タイル 標高タイル 2026-10-08
S0fvmm85,大同町,"136.90935,35.08026",0.6,DEM5A,地理院タイル 標高タイル 2026-10-08
S0fvpe0i,宇野辺,"135.55448,34.80804",16.0,DEM5A,地理院タイル 標高タイル 2026-10-08
S0fvr9x0,ポートターミナル,"135.20222,34.68145",2.2,DEM5A,地理院タイル 標高タイル 2026-10-08
S0fvubvg,下湯沢,"140.50253,39.19733",82.9,DEM5A,地理院タイル 標高タイル 2026-10-08
S0fw1zk4,代田橋,"139.65939,35.67108",47.5,DEM5A,地理院タイル 標高タイル 2026-10-08
S0fwaf0p,十字街,"140.71868,41.76408",2.5,DEM5A,地理院タイル 標高タイル 2026-10-08
S0fwmhxl,熊崎,"131.78767,33.13562",2.8,DEM5A,地理院タイル 標高タイル 2026-10-08
S0fx2xma,十島,"138.51587,35.23019",94.6,DEM5A,地理院タイル 標高タイル 2026-10-08
S0fx7u5y,結崎,"135.78484,34.58452",43.1,DEM5A,地理院タイル 標高タイル 2026-10-08
S0fxosh6,新広,"132.61444,34.23202",2.8,DEM5A,地理院タイル 標高タイル 2026-10-08
S0fxsnb4,上熊本,"130.69945,32.81780",12.3,DEM5A,地理院タイル 標高タイル 2026-10-08
S0fygzy2,金田一温泉,"141.30383,40.32310",84.1,DEM5A,地理院タイル 標高タイル 2026-10-08
S0fym70u,本宮,"137.39588,36.57495",349.6,DEM5A,地理院タイル 標高タイル 2026-10-08
S0fyy7mv,野中,"129.70846,33.21171",45.6,DEM5A,地理院タイル 標高タイル 2026-10-08
S0fz0m5i,相模原,"139.37062,35.58149",128.8,DEM5A,地理院タイル 標高タイル 2026-10-08
S0g08744,千早口,"135.59013,34.41170",184.1,DEM5A,地理院タイル 標高タイル 2026-10-08
S0g08ofs,関目,"135.54699,34.71263",4.6,DEM5A,地理院タイル 標高タイル 2026-10-08
S0g0eru7,上強羅,"139.03772,35.24714",711.7,DEM5A,地理院タイル 標高タイル 2026-10-08
S0g0ggzw,庶路,"144.15001,42.98359",3.4,DEM5A,地理院タイル 標高タイル 2026-10-08
S0g1oesg,中佐世保,"129.72272,33.17231",4.6,DEM5A,地理院タイル 標高タイル 2026-10-08
S0g272la,棚倉,"135.81602,34.77464",31.0,DEM5A,地理院タイル 標高タイル 2026-10-08
S0g2co5k,遠州病院,"137.73343,34.71059",5.2,DEM5A,地理院タイル 標高タイル 2026-10-08
S0g2cwtv,昆布盛,"145.54248,43.22857",38.5,DEM5A,地理院タイル 標高タイル 2026-10-08
S0g2sp53,二本木,"138.23271,36.98975",185.0,DEM5A,地理院タイル 標高タイル 2026-10-08
S0g2uwv2,ドーム前,"135.47867,34.67044",2.3,DEM5A,地理院タイル 標高タイル 2026-10-08
S0g2w0fg,津守,"135.48324,34.64708",-0.1,DEM5A,地理院タイル 標高タイル 2026-10-08
S0g3i4kf,南酒出,"140.49829,36.47705",34.9,DEM5A,地理院タイル 標高タイル 2026-10-08
S0g3jgcg,九品仏,"139.66101,35.60538",30.7,DEM5A,地理院タイル 標高タイル 2026-10-08
S0g4axna,岳南原田,"138.70460,35.16609",4.5,DEM5A,地理院タイル 標高タイル 2026-10-08
S0g4bk7g,荒本,"135.60499,34.67862",4.3,DEM5A,地理院タイル 標高タイル 2026-10-08
S0g4fxp3,金上,"140.53393,36.38243",23.3,DEM5A,地理院タイル 標高タイル 2026-10-08
S0g4gjuu,雨晴,"137.03739,36.81657",4.4,DEM5A,地理院タイル 標高タイル 2026-10-08
S0g4i5aj,大雄山,"139.10370,35.31904",44.3,DEM5A,地理院タイル 標高タイル 2026-10-08
S0g4z4ih,小湊,"140.95405,40.92965",4.2,DEM5A,地理院タイル 標高タイル 2026-10-08
S0g51mo5,自由が丘,"139.66884,35.60735",23.7,DEM5A,地理院タイル 標高タイル 2026-10-08
S0g5ag8r,魚住,"134.90611,34.69644",22.2,DEM5A,地理院タイル 標高タイル 2026-10-08
S0g5ah1a,六地蔵,"135.79323,34.93199",18.1,DEM5A,地理院タイル 標高タイル 2026-10-08
S0g5fcwt,源じいの森,"130.89548,33.61597",67.0,DEM5A,地理院タイル 標高タイル 2026-10-08
S0g5rbsi,淡輪,"135.17864,34.33137",18.5,DEM5A,地理院タイル 標高タイル 2026-10-08
S0g66jfg,ほっとゆだ,"140.77555,39.31443",245.9,DEM5A,地理院タイル 標高タイル 2026-10-08
S0g6d3rw,小垣江,"136.99552,34.96388",1.8,DEM5A,地理院タイル 標高タイル 2026-10-08
S0g6dm3l,間々田,"139.76111,36.25791",26.8,DEM5A,地理院タイル 標高タイル 2026-10-08
S0g6haqp,敷島,"139.03394,36.53755",233.9,DEM5A,地理院タイル 標高タイル 2026-10-08
S0g7jtdo,竜ヶ水,"130.60418,31.64744",13.2,DEM5A,地理院タイル 標高タイル 2026-10-08
S0g8zupv,玉淀,"139.20019,36.11696",93.8,DEM5A,地理院タイル 標高タイル 2026-10-08
S0g9jx7d,日向和田,"139.22953,35.78865",217.1,DEM5A,地理院タイル 標高タイル 2026-10-08
S0g9o1mf,市部,"136.14875,34.72646",145.4,DEM5A,地理院タイル 標高タイル 2026-10-08
S0gahn7w,西高須,"133.57314,33.55813",0.2,DEM5A,地理院タイル 標高タイル 2026-10-08
S0gb0d84,会津桧原,"139.67945,37.49191",266.6,DEM5A,地理院タイル 標高タイル 2026-10-08
S0gb7dq2,東酒田,"139.87527,38.90756",3.4,DEM5A,地理院タイル 標高タイル 2026-10-08
S0gbtxev,高野川,"132.65877,33.70164",33.7,DEM5A,地理院タイル 標高タイル 2026-10-08
S0gcf84i,漆山,"140.34767,38.31433",109.2,DEM5A,地理院タイル 標高タイル 2026-10-08
S0gcrqtr,河津,"138.99591,34.74744",8.3,DEM5A,地理院タイル 標高タイル 2026-10-08
S0gdanoh,池田,"130.70640,32.82717",23.6,DEM5A,地理院タイル 標高タイル 2026-10-08
S0gde4zq,小林,"140.19311,35.83074",6.4,DEM5A,地理院タイル 標高タイル 2026-10-08
S0gdgkrq,朝里,"141.06390,43.17686",6.5,DEM10B,地理院タイル 標高タイル 2026-10-08
S0gdodkw,平田町,"136.54238,34.87514",24.0,DEM5A,地理院タイル 標高タイル 2026-10-08
S0gedaow,前平公園,"137.00168,35.44976",74.9,DEM5A,地理院タイル 標高タイル 2026-10-08
S0gee9sg,追良瀬,"139.97001,40.68653",7.2,DEM5A,地理院タイル 標高タイル 2026-10-08
S0geevzz,雁ノ巣,"130.40279,33.68377",4.2,DEM5A,地理院タイル 標高タイル 2026-10-08
S0gelwvl,野崎,"139.95810,36.84381",228.3,DEM10B,地理院タイル 標高タイル 2026-10-08
S0gess14,磯原,"140.74644,36.79075",5.4,DEM5A,地理院タイル 標高タイル 2026-10-08
S0gf8u6l,御幸橋,"132.45934,34.37595",0.5,DEM5A,地理院タイル 標高タイル 2026-10-08
S0gf9be7,稲尾,"137.84261,36.55411",769.8,DEM5A,地理院タイル 標高タイル 2026-10-08
S0gfiriu,伊賀神戸,"136.15207,34.67399",173.8,DEM5A,地理院タイル 標高タイル 2026-10-08
S0gfprax,つつじヶ丘,"139.57519,35.65800",36.6,DEM5A,地理院タイル 標高タイル 2026-10-08
S0gfu8fz,赤目口,"136.07370,34.59934",203.7,DEM5A,地理院タイル 標高タイル 2026-10-08
S0gfuaw8,小柳,"136.61144,36.47067",72.0,DEM5A,地理院タイル 標高タイル 2026-10-08
S0gfzjgt,深戸,"136.96232,35.68648",165.0,DEM5A,地理院タイル 標高タイル 2026-10-08
S0ggty2r,新井口,"132.39124,34.37526",3.7,DEM5A,地理院タイル 標高タイル 2026-10-08
S0gh7txe,近鉄八田,"136.85434,35.14952",0.6,DEM5A,地理院タイル 標高タイル 2026-10-08
S0ghaevr,香芝,"135.70532,34.54377",51.4,DEM5A,地理院タイル 標高タイル 2026-10-08
S0ghdtgz,薬水,"135.74329,34.40778",133.2,DEM5A,地理院タイル 標高タイル 2026-10-08
S0ghwya4,和田塚,"139.54537,35.31374",9.7,DEM5A,地理院タイル 標高タイル 2026-10-08
S0gi12cy,京成大和田,"140.10863,35.71236",12.7,DEM5A,地理院タイル 標高タイル 2026-10-08
S0gi2s2u,屋島,"134.10958,34.33676",3.5,DEM5A,地理院タイル 標高タイル 2026-10-08
S0gishli,西小山,"139.69871,35.61543",24.0,DEM5A,地理院タイル 標高タイル 2026-10-08
S0gjghnd,白木,"136.83116,34.42921",16.2,DEM5A,地理院タイル 標高タイル 2026-10-08
S0gjjuiz,清陵高校前,"139.97631,36.54493",120.1,DEM5A,地理院タイル 標高タイル 2026-10-08
S0gjnu73,唐の原,"130.43447,33.68037",4.3,DEM5A,地理院タイル 標高タイル 2026-10-08
S0gjo6ar,東陽町,"139.81768,35.66959",-0.9,DEM5A,地理院タイル 標高タイル 2026-10-08
S0gjqpn7,西田平,"129.59050,33.34513",39.4,DEM5A,地理院タイル 標高タイル 2026-10-08
S0gk8ik7,市場,"134.94457,34.82431",30.3,DEM5A,地理院タイル 標高タイル 2026-10-08
S0gkg834,桑園,"141.33190,43.07076",13.7,DEM5A,地理院タイル 標高タイル 2026-10-08
S0gkuiy2,子守唄の里高屋,"133.43332,34.58173",30.5,DEM5A,地理院タイル 標高タイル 2026-10-08
S0gla4en,綾ノ町,"135.48320,34.58792",3.2,DEM5A,地理院タイル 標高タイル 2026-10-08
S0gld1n0,久田野,"140.26019,37.13752",325.2,DEM5A,地理院タイル 標高タイル 2026-10-08
S0gln8g8,平泉,"141.11781,38.98790",24.7,DEM5A,地理院タイル 標高タイル 2026-10-08
S0glrzwq,朝霞,"139.60030,35.79677",29.3,DEM5A,地理院タイル 標高タイル 2026-10-08
S0gmc1cq,西可児,"137.01066,35.40472",85.3,DEM5A,地理院タイル 標高タイル 2026-10-08
S0gmeu97,中加積,"137.35097,36.73534",11.1,DEM5A,地理院タイル 標高タイル 2026-10-08
S0gmykhr,美濃津屋,"136.56672,35.25139",18.4,DEM5A,地理院タイル 標高タイル 2026-10-08
S0gnhlmx,渡島当別,"140.57914,41.73732",5.5,DEM5A,地理院タイル 標高タイル 2026-10-08
S0gnpzd2,藤根,"141.03958,39.30110",88.0,DEM10B,地理院タイル 標高タイル 2026-10-08
S0go8q5h,弁天町,"135.46203,34.66926",0.8,DEM5A,地理院タイル 標高タイル 2026-10-08
S0gp875e,水沢,"141.14632,39.13923",50.6,DEM10B,地理院タイル 標高タイル 2026-10-08
S0gp8nrs,因幡船岡,"134.24921,35.39520",47.2,DEM5A,地理院タイル 標高タイル 2026-10-08
S0gpdmj2,羽ノ浦,"134.62616,33.95734",5.1,DEM5A,地理院タイル 標高タイル 2026-10-08
S0gpybou,本山,"136.96375,35.16338",25.0,DEM5A,地理院タイル 標高タイル 2026-10-08
S0gpzbbv,佐和,"140.54051,36.43047",33.0,DEM5A,地理院タイル 標高タイル 2026-10-08
S0gq2yhd,伊勢佐木長者町,"139.63266,35.44094",1.7,DEM5A,地理院タイル 標高タイル 2026-10-08
S0gqk7aq,会津豊川,"139.87682,37.63357",196.9,DEM5A,地理院タイル 標高タイル 2026-10-08
S0gqwu6f,赤坂見附,"139.73737,35.67683",8.8,DEM5A,地理院タイル 標高タイル 2026-10-08
S0gqzp4q,西別院,"136.22299,36.07525",7.8,DEM5A,地理院タイル 標高タイル 2026-10-08
S0gr9dx5,若林,"137.09584,35.02631",16.5,DEM5A,地理院タイル 標高タイル 2026-10-08
S0grm04l,名電山中,"137.24269,34.89952",89.2,DEM5A,地理院タイル 標高タイル 2026-10-08
S0grmlnz,御岳山,"139.15376,35.78963",825.9,DEM5A,地理院タイル 標高タイル 2026-10-08
S0gs3i2u,中野富士見町,"139.66816,35.69082",28.7,DEM5A,地理院タイル 標高タイル 2026-10-08
S0gsc1a3,宇奈月,"137.58563,36.81516",224.1,DEM5A,地理院タイル 標高タイル 2026-10-08
S0gsetel,平群,"135.70436,34.62927",61.3,DEM5A,地理院タイル 標高タイル 2026-10-08
S0gt449v,気山,"135.90966,35.58491",10.5,DEM10B,地理院タイル 標高タイル 2026-10-08
S0gtcp1y,名和,"133.49197,35.50729",21.6,DEM5A,地理院タイル 標高タイル 2026-10-08
S0gtg2pa,二上山,"135.68658,34.53868",98.3,DEM5A,地理院タイル 標高タイル 2026-10-08
S0gu0ei7,長門湯本,"131.17258,34.33447",37.6,DEM5A,地理院タイル 標高タイル 2026-10-08
S0gut9a3,光が丘,"139.62924,35.75847",36.6,DEM5A,地理院タイル 標高タイル 2026-10-08
S0gwe3t8,山都,"139.76656,37.63920",181.9,DEM5A,地理院タイル 標高タイル 2026-10-08
S0gwttsw,南平,"139.39257,35.65514",77.3,DEM5A,地理院タイル 標高タイル 2026-10-08
S0gx4zjo,新野,"134.60033,33.84680",29.8,DEM5A,地理院タイル 標高タイル 2026-10-08
S0gy3r6z,岩鼻,"131.22497,33.97904",7.4,DEM5A,地理院タイル 標高タイル 2026-10-08
S0gyrcvq,常澄,"140.55892,36.34071",3.3,DEM5A,地理院タイル 標高タイル 2026-10-08
S0gzstlj,大和八木,"135.79169,34.51312",66.0,DEM5A,地理院タイル 標高タイル 2026-10-08
S0gzyzz2,竹下,"130.43166,33.56864",7.2,DEM5A,地理院タイル 標高タイル 2026-10-08
S0h0r7i5,東京ビッグサイト,"139.79130,35.63021",5.8,DEM5A,地理院タイル 標高タイル 2026-10-08
S0h10rh6,久寿川,"135.35689,34.72702",1.3,DEM5A,地理院タイル 標高タイル 2026-10-08
S0h1j8w4,鶴瀬,"139.53931,35.84570",22.5,DEM5A,地理院タイル 標高タイル 2026-10-08
S0h1kik0,美章園,"135.52378,34.63863",5.6,DEM5A,地理院タイル 標高タイル 2026-10-08
S0h22d04,曙橋,"139.72258,35.69233",19.7,DEM5A,地理院タイル 標高タイル 2026-10-08
S0h24vna,くぬぎ山,"139.97567,35.78233",25.3,DEM5A,地理院タイル 標高タイル 2026-10-08
S0h28tqu,北河内,"134.53522,33.74322",4.8,DEM5A,地理院タイル 標高タイル 2026-10-08
S0h2miaq,旭橋,"127.67548,26.21195",2.6,DEM5A,地理院タイル 標高タイル 2026-10-08
S0h353q0,塩谷,"140.92451,43.20244",53.6,DEM10B,地理院タイル 標高タイル 2026-10-08
S0h3lwok,瑞江,"139.89781,35.69339",0.7,DEM5A,地理院タイル 標高タイル 2026-10-08
S0h3n11j,八郎潟,"140.07852,39.94783",3.9,DEM5A,地理院タイル 標高タイル 2026-10-08
S0h43xwm,尼ヶ辻,"135.78352,34.68111",74.8,DEM5A,地理院タイル 標高タイル 2026-10-08
S0h46hrl,勾金,"130.84203,33.65166",45.2,DEM5A,地理院タイル 標高タイル 2026-10-08
S0h48xau,本黒田,"134.99595,35.05295",77.7,DEM5A,地理院タイル 標高タイル 2026-10-08
S0h4e30j,林間田園都市,"135.60336,34.35550",191.6,DEM5A,地理院タイル 標高タイル 2026-10-08
S0h4ut5c,上郡,"134.35328,34.86615",28.6,DEM5A,地理院タイル 標高タイル 2026-10-08
S0h4yr84,追分,"135.83750,34.99135",102.8,DEM5A,地理院タイル 標高タイル 2026-10-08
S0h50ipc,武田尾,"135.30571,34.85551",166.8,DEM5A,地理院タイル 標高タイル 2026-10-08
S0h53g2r,陸中大橋,"141.71851,39.28043",252.4,DEM5A,地理院タイル 標高タイル 2026-10-08
S0h5if4d,下条,"138.78004,37.19839",111.1,DEM5A,地理院タイル 標高タイル 2026-10-08
S0h63gru,彦崎,"133.83515,34.55199",3.0,DEM5A,地理院タイル 標高タイル 2026-10-08
S0h64sm3,中山,"133.45245,33.55177",14.3,DEM5A,地理院タイル 標高タイル 2026-10-08
S0h6fn91,荒子川公園,"136.86130,35.10451",0.1,DEM5A,地理院タイル 標高タイル 2026-10-08
S0h6ix0z,新鎌ヶ谷,"139.99871,35.77981",28.7,DEM5A,地理院タイル 標高タイル 2026-10-08
S0h6qdb8,大川平,"140.50764,41.16316",16.6,DEM10B,地理院タイル 標高タイル 2026-10-08
S0h6v371,徳益,"130.42657,33.15544",2.7,DEM5A,地理院タイル 標高タイル 2026-10-08
S0h6wpdh,トロッコ嵯峨,"135.68044,35.01861",42.4,DEM5A,地理院タイル 標高タイル 2026-10-08
S0h6zc1m,茂市,"141.79930,39.62060",53.8,DEM5A,地理院タイル 標高タイル 2026-10-08
S0h7f5qu,高知商業前,"133.49756,33.55836",7.1,DEM5A,地理院タイル 標高タイル 2026-10-08
S0h7ouv5,五位堂,"135.71820,34.53469",55.9,DEM5A,地理院タイル 標高タイル 2026-10-08
S0h7w1yi,上町五丁目,"133.51730,33.55726",3.9,DEM5A,地理院タイル 標高タイル 2026-10-08
S0h7wwka,道徳,"136.90952,35.10570",-0.4,DEM5A,地理院タイル 標高タイル 2026-10-08
S0h82ouc,新津,"139.12121,37.80030",5.6,DEM5A,地理院タイル 標高タイル 2026-10-08
S0h8clcf,南巽,"135.55314,34.64274",3.2,DEM5A,地理院タイル 標高タイル 2026-10-08
S0h8fn8z,南郷7丁目,"141.41097,43.04026",33.6,DEM10B,地理院タイル 標高タイル 2026-10-08
S0h8o9s9,大野台,"140.34061,40.18691",67.1,DEM5A,地理院タイル 標高タイル 2026-10-08
S0h8pttf,京急田浦,"139.62521,35.30100",10.0,DEM5A,地理院タイル 標高タイル 2026-10-08
S0h8wbxa,西敦賀,"136.06776,35.61796",29.9,DEM5A,地理院タイル 標高タイル 2026-10-08
S0h98ukm,下吉田,"138.80376,35.49797",753.1,DEM5A,地理院タイル 標高タイル 2026-10-08
S0hacl2z,常盤,"131.29260,33.94088",8.6,DEM5A,地理院タイル 標高タイル 2026-10-08
S0hai115,大池いこいの森,"138.37344,37.18439",19.9,DEM10B,地理院タイル 標高タイル 2026-10-08
S0hajpgq,コスモスクエア,"135.41222,34.64258",2.0,DEM5A,地理院タイル 標高タイル 2026-10-08
S0haxod2,舌山,"137.48585,36.87201",59.7,DEM5A,地理院タイル 標高タイル 2026-10-08
S0hbjzne,大池遊園,"135.28532,34.20463",57.1,DEM5A,地理院タイル 標高タイル 2026-10-08
S0hbu34c,阿久比,"136.91845,34.93131",9.0,DEM5A,地理院タイル 標高タイル 2026-10-08
S0hbx5b5,森下,"139.79809,35.68802",0.6,DEM5A,地理院タイル 標高タイル 2026-10-08
S0hc3lot,村井,"137.95606,36.17433",629.0,DEM5A,地理院タイル 標高タイル 2026-10-08
S0hc9cza,翁島,"140.05400,37.55281",530.6,DEM5A,地理院タイル 標高タイル 2026-10-08
S0hcm84z,木崎,"139.31301,36.27139",39.0,DEM5A,地理院タイル 標高タイル 2026-10-08
S0hcw3be,備中神代,"133.40058,34.99460",254.7,DEM5A,地理院タイル 標高タイル 2026-10-08
S0hdbcyn,鮎貝,"140.07103,38.18257",187.8,DEM5A,地理院タイル 標高タイル 2026-10-08
S0hdwci6,尼子,"136.24618,35.21402",109.2,DEM5A,地理院タイル 標高タイル 2026-10-08
S0hez4nl,東比恵,"130.43125,33.58976",4.1,DEM5A,地理院タイル 標高タイル 2026-10-08
S0hf03p3,信濃平,"138.37849,36.88500",311.7,DEM5A,地理院タイル 標高タイル 2026-10-08
S0hf3lq1,善導寺,"130.60874,33.32003",18.2,DEM5A,地理院タイル 標高タイル 2026-10-08
S0hf6e1t,鷹ノ子,"132.81535,33.81253",51.7,DEM5A,地理院タイル 標高タイル 2026-10-08
S0hffy2w,長和,"140.83371,42.48828",5.0,DEM5A,地理院タイル 標高タイル 2026-10-08
S0hfhblb,有岡,"132.83305,32.96124",5.5,DEM5A,地理院タイル 標高タイル 2026-10-08
S0hfo7wo,小郡,"130.55317,33.39748",16.7,DEM5A,地理院タイル 標高タイル 2026-10-08
S0hfqtto,神田（交通局前）,"130.54057,31.57304",7.6,DEM5A,地理院タイル 標高タイル 2026-10-08
S0hh48zc,小国,"139.75017,38.06145",138.3,DEM5A,地理院タイル 標高タイル 2026-10-08
S0hhxf1e,足利市,"139.44818,36.32943",35.4,DEM5A,地理院タイル 標高タイル 2026-10-08
S0hihlan,田本,"137.83791,35.34896",348.5,DEM5A,地理院タイル 標高タイル 2026-10-08
S0hii18u,大網,"140.31131,35.52270",10.4,DEM5A,地理院タイル 標高タイル 2026-10-08
S0hjciid,大楽毛,"144.27390,43.00910",4.3,DEM5A,地理院タイル 標高タイル 2026-10-08
S0hjeqiq,小田急相模原,"139.42302,35.51555",86.4,DEM5A,地理院タイル 標高タイル 2026-10-08
S0hjuz29,田原坂,"130.65320,32.89934",50.0,DEM5A,地理院タイル 標高タイル 2026-10-08
S0hjx89q,豊田町,"137.81980,34.71209",7.5,DEM5A,地理院タイル 標高タイル 2026-10-08
S0hk5sm9,明峰,"136.46316,36.42531",3.9,DEM5A,地理院タイル 標高タイル 2026-10-08
S0hknk2p,千本,"134.49436,34.94250",83.8,DEM5A,地理院タイル 標高タイル 2026-10-08
S0hkqt1y,定光寺,"137.08095,35.27797",71.0,DEM5A,地理院タイル 標高タイル 2026-10-08
S0hkw9ze,豊前大熊,"130.78035,33.67261",17.2,DEM5A,地理院タイル 標高タイル 2026-10-08
S0hlhz6t,長崎,"129.86889,32.75243",2.8,DEM5A,地理院タイル 標高タイル 2026-10-08
S0hma2tb,鐘ヶ淵,"139.82037,35.73376",-0.5,DEM5A,地理院タイル 標高タイル 2026-10-08
S0hmd6e8,青原,"131.80065,34.56045",48.3,DEM5A,地理院タイル 標高タイル 2026-10-08
S0hn1c6b,岩瀬,"140.10874,36.35941",52.7,DEM5A,地理院タイル 標高タイル 2026-10-08
S0hn2kfw,蟹江,"136.79348,35.14198",-0.8,DEM5A,地理院タイル 標高タイル 2026-10-08
S0hn6tzf,南宍道,"132.91824,35.38002",52.1,DEM5A,地理院タイル 標高タイル 2026-10-08
S0hnczrg,香我美,"133.73736,33.53919",5.4,DEM5A,地理院タイル 標高タイル 2026-10-08
S0ho4xi5,甲子園口,"135.37439,34.73906",9.6,DEM5A,地理院タイル 標高タイル 2026-10-08
S0hoq9p2,石地,"138.68826,37.48412",37.3,DEM5A,地理院タイル 標高タイル 2026-10-08
S0hpvszn,旭ヶ丘,"137.03189,36.76331",5.5,DEM5A,地理院タイル 標高タイル 2026-10-08
S0hqgh9x,女満別,"144.17081,43.91596",3.6,DEM5A,地理院タイル 標高タイル 2026-10-08
S0hql51w,森,"135.38189,34.41418",54.0,DEM5A,地理院タイル 標高タイル 2026-10-08
S0hqmt0v,よしかわ,"133.71041,33.54596",5.8,DEM5A,地理院タイル 標高タイル 2026-10-08
S0hr2r9t,伊太祈曽,"135.25173,34.20412",10.0,DEM5A,地理院タイル 標高タイル 2026-10-08
S0hroyx8,野並,"136.95489,35.10260",8.3,DEM5A,地理院タイル 標高タイル 2026-10-08
S0hrqva5,徳田,"136.93028,37.00749",28.0,DEM5A,地理院タイル 標高タイル 2026-10-08
S0hrr5nw,諏訪川原,"137.20655,36.69232",7.0,DEM5A,地理院タイル 標高タイル 2026-10-08
S0hsryun,石和温泉,"138.63449,35.65752",271.3,DEM5A,地理院タイル 標高タイル 2026-10-08
S0ht4nqw,坂本,"130.65795,32.43512",25.9,DEM5A,地理院タイル 標高タイル 2026-10-08
S0ht7pc6,美作河井,"134.10712,35.20541",333.7,DEM5A,地理院タイル 標高タイル 2026-10-08
S0ht9x2d,山田川,"135.79388,34.73779",41.7,DEM5A,地理院タイル 標高タイル 2026-10-08
S0htsqnn,東浪見,"140.37665,35.34677",11.1,DEM5A,地理院タイル 標高タイル 2026-10-08
S0htzays,市塙,"140.11020,36.53812",95.9,DEM5A,地理院タイル 標高タイル 2026-10-08
S0hu2dsb,山鼻9条,"141.34976,43.04901",27.0,DEM5A,地理院タイル 標高タイル 2026-10-08
S0hv81u4,穴内,"133.86455,33.50633",23.4,DEM5A,地理院タイル 標高タイル 2026-10-08
S0hw6v5j,舎人,"139.77014,35.80572",3.8,DEM5A,地理院タイル 標高タイル 2026-10-08
S0hw945x,西麻植,"134.33650,34.07256",16.3,DEM5A,地理院タイル 標高タイル 2026-10-08
S0hwabuj,為栗,"137.84858,35.31175",319.7,DEM5A,地理院タイル 標高タイル 2026-10-08
S0hwnpyt,南大塚,"139.45419,35.88970",33.8,DEM5A,地理院タイル 標高タイル 2026-10-08
S0hx573w,面白山高原,"140.49723,38.33295",439.3,DEM5A,地理院タイル 標高タイル 2026-10-08
S0hxaqqk,宇多野,"135.70988,35.02705",68.3,DEM5A,地理院タイル 標高タイル 2026-10-08
S0hxb4hj,七井,"140.09434,36.49180",79.2,DEM5A,地理院タイル 標高タイル 2026-10-08
S0hxgajg,紙屋町西,"132.45692,34.39532",2.4,DEM5A,地理院タイル 標高タイル 2026-10-08
S0hxhbj2,逢妻,"136.99054,34.99824",4.8,DEM5A,地理院タイル 標高タイル 2026-10-08
S0hxnhuu,ふれあい生力,"130.76594,33.69976",23.8,DEM5A,地理院タイル 標高タイル 2026-10-08
S0hyr3rn,梅林,"130.35478,33.54565",23.5,DEM5A,地理院タイル 標高タイル 2026-10-08
S0hytjgc,信楽,"136.06137,34.87721",284.1,DEM5A,地理院タイル 標高タイル 2026-10-08
S0hzht1t,木ノ本,"136.22159,35.50618",114.5,DEM5A,地理院タイル 標高タイル 2026-10-08
S0hzosd8,韮川,"139.40251,36.30822",43.5,DEM5A,地理院タイル 標高タイル 2026-10-08
S0hzryaq,米津,"137.06107,34.89285",10.9,DEM5A,地理院タイル 標高タイル 2026-10-08
S0i06abc,水俣,"130.39616,32.20493",2.2,DEM5A,地理院タイル 標高タイル 2026-10-08
S0i0ali5,一社,"136.99599,35.16830",49.0,DEM5A,地理院タイル 標高タイル 2026-10-08
S0i0bclt,山口,"137.10170,35.19790",91.9,DEM5A,地理院タイル 標高タイル 2026-10-08
S0i1gj1u,北仙台,"140.86939,38.28203",49.4,DEM5A,地理院タイル 標高タイル 2026-10-08
S0i1oo2r,動物公園,"140.12550,35.64264",12.5,DEM5A,地理院タイル 標高タイル 2026-10-08
S0i20w6v,葉多,"134.91993,34.85012",34.2,DEM5A,地理院タイル 標高タイル 2026-10-08
S0i253gd,東武日光,"139.61993,36.74809",540.0,DEM5A,地理院タイル 標高タイル 2026-10-08
S0i2d4y7,東向島,"139.81933,35.72436",-0.3,DEM5A,地理院タイル 標高タイル 2026-10-08
S0i2evve,阿波大谷,"134.54022,34.15801",4.5,DEM5A,地理院タイル 標高タイル 2026-10-08
S0i2qi4o,伽羅橋,"135.43685,34.52873",2.8,DEM5A,地理院タイル 標高タイル 2026-10-08
S0i2rrt6,新田,"135.78073,34.87434",37.3,DEM5A,地理院タイル 標高タイル 2026-10-08
S0i2tv6s,四日市,"136.62988,34.96210",0.9,DEM5A,地理院タイル 標高タイル 2026-10-08
S0i36vol,浄水,"137.13732,35.12129",87.7,DEM5A,地理院タイル 標高タイル 2026-10-08
S0i39oqm,栄町,"137.23329,36.69113",11.5,DEM5A,地理院タイル 標高タイル 2026-10-08
S0i3ghrv,武雄温泉,"130.02328,33.19645",11.0,DEM5A,地理院タイル 標高タイル 2026-10-08
S0i3i983,西梅田,"135.49564,34.69944",-0.3,DEM5A,地理院タイル 標高タイル 2026-10-08
S0i3xatg,松塚,"135.76119,34.52059",57.1,DEM5A,地理院タイル 標高タイル 2026-10-08
S0i4h3la,六地蔵,"135.79688,34.93329",15.5,DEM5A,地理院タイル 標高タイル 2026-10-08
S0i4j6pz,新馬場,"139.74150,35.61666",2.5,DEM5A,地理院タイル 標高タイル 2026-10-08
S0i4no8j,林野,"134.15170,35.01393",84.0,DEM5A,地理院タイル 標高タイル 2026-10-08
S0i4q5cz,下松,"131.86795,34.00894",3.6,DEM5A,地理院タイル 標高タイル 2026-10-08
S0i5209f,紫香楽宮跡,"136.08796,34.91613",282.6,DEM5A,地理院タイル 標高タイル 2026-10-08
S0i57ocp,御崎,"140.99397,42.32885",2.8,DEM5A,地理院タイル 標高タイル 2026-10-08
S0i5x8cw,奥沢,"139.67241,35.60395",29.0,DEM5A,地理院タイル 標高タイル 2026-10-08
S0i63tme,鎌田,"132.72990,33.81012",7.0,DEM5A,地理院タイル 標高タイル 2026-10-08
S0i6axga,花堂,"136.21520,36.04093",8.1,DEM5A,地理院タイル 標高タイル 2026-10-08
S0i6ek0h,新日本橋,"139.77416,35.68899",4.6,DEM5A,地理院タイル 標高タイル 2026-10-08
S0i6qnmn,かるが浜,"132.51716,34.26414",8.5,DEM5A,地理院タイル 標高タイル 2026-10-08
S0i74as1,穴水,"136.90458,37.22803",3.6,DEM5A,地理院タイル 標高タイル 2026-10-08
S0i7b2ye,蓮沼,"139.70860,35.56396",3.9,DEM5A,地理院タイル 標高タイル 2026-10-08
S0i7h16d,有馬温泉,"135.24563,34.79946",357.1,DEM5A,地理院タイル 標高タイル 2026-10-08
S0i80jlh,西海鹿島,"140.86022,35.72508",25.2,DEM5A,地理院タイル 標高タイル 2026-10-08
S0i8ci0u,上町,"139.64638,35.64360",34.1,DEM5A,地理院タイル 標高タイル 2026-10-08
S0i8hmbj,向ヶ丘,"137.36767,34.70614",15.2,DEM5A,地理院タイル 標高タイル 2026-10-08
S0iahqtf,球場前,"133.74723,34.59119",6.2,DEM5A,地理院タイル 標高タイル 2026-10-08
S0iaj55t,豊頃,"143.53875,42.81748",13.2,DEM5A,地理院タイル 標高タイル 2026-10-08
S0iamusd,山下,"140.88898,37.96632",4.1,DEM5A,地理院タイル 標高タイル 2026-10-08
S0iapovj,花園,"135.71789,35.01859",40.7,DEM5A,地理院タイル 標高タイル 2026-10-08
S0iatmqo,三河内,"129.82910,33.15031",23.8,DEM5A,地理院タイル 標高タイル 2026-10-08
S0iau2kp,石屋川,"135.24941,34.71332",8.4,DEM5A,地理院タイル 標高タイル 2026-10-08
S0iaud9k,小岩川,"139.56597,38.59041",9.2,DEM5A,地理院タイル 標高タイル 2026-10-08
S0iazpep,野矢,"131.25190,33.24039",543.5,DEM5A,地理院タイル 標高タイル 2026-10-08
S0ib5i25,知寄町一丁目,"133.55671,33.55835",0.1,DEM5A,地理院タイル 標高タイル 2026-10-08
S0ibfvbb,三田,"135.22996,34.88853",146.8,DEM5A,地理院タイル 標高タイル 2026-10-08
S0ibj5rb,細谷,"139.34899,36.28298",43.1,DEM5A,地理院タイル 標高タイル 2026-10-08
S0ibnavc,千厩,"141.34563,38.92486",96.5,DEM5A,地理院タイル 標高タイル 2026-10-08
S0ibwh24,三陸,"141.80997,39.11724",19.5,DEM5A,地理院タイル 標高タイル 2026-10-08
S0ic3ix8,小田,"133.54241,34.60601",25.7,DEM5A,地理院タイル 標高タイル 2026-10-08
S0ic4jvt,紀伊山田,"135.58411,34.31298",104.5,DEM5A,地理院タイル 標高タイル 2026-10-08
S0icfe8i,岩屋橋,"129.86238,32.78234",10.1,DEM5A,地理院タイル 標高タイル 2026-10-08
S0ichi2z,美里,"138.45024,36.29230",704.8,DEM5A,地理院タイル 標高タイル 2026-10-08
S0icj6ib,北飯山,"138.36386,36.85882",317.6,DEM5A,地理院タイル 標高タイル 2026-10-08
S0id14se,十日市町,"132.44719,34.39700",2.6,DEM5A,地理院タイル 標高タイル 2026-10-08
S0id7to9,海岸寺,"133.72975,34.25370",2.7,DEM5A,地理院タイル 標高タイル 2026-10-08
S0ideqgz,徳重・名古屋芸大,"136.87336,35.25574",7.4,DEM5A,地理院タイル 標高タイル 2026-10-08
S0idljtt,下小代,"139.71395,36.65111",242.3,DEM5A,地理院タイル 標高タイル 2026-10-08
S0idwf19,伊豆急下田,"138.94429,34.67969",2.6,DEM5A,地理院タイル 標高タイル 2026-10-08
S0ie7dbo,風早,"132.79573,34.30311",12.5,DEM5A,地理院タイル 標高タイル 2026-10-08
S0ifrpba,嬉野温泉,"129.99895,33.10661",45.1,DEM5A,地理院タイル 標高タイル 2026-10-08
S0ig898j,上神梅,"139.25772,36.47007",224.4,DEM5A,地理院タイル 標高タイル 2026-10-08
S0igb9ae,松阪,"136.53593,34.57700",4.9,DEM5A,地理院タイル 標高タイル 2026-10-08
S0igdk5p,永田,"139.25951,36.13538",70.8,DEM5A,地理院タイル 標高タイル 2026-10-08
S0igmwv3,園,"132.86813,35.45614",3.1,DEM5A,地理院タイル 標高タイル 2026-10-08
S0igth6g,三国が丘,"130.56317,33.43668",34.5,DEM5A,地理院タイル 標高タイル 2026-10-08
S0ih0zv1,売布神社,"135.36185,34.81631",51.3,DEM5A,地理院タイル 標高タイル 2026-10-08
S0ih7w5f,五百石,"137.31417,36.66541",65.2,DEM5A,地理院タイル 標高タイル 2026-10-08
S0ihj9fx,志摩磯部,"136.80579,34.36956",1.1,DEM5A,地理院タイル 標高タイル 2026-10-08
S0ihqoaa,老津,"137.33496,34.69222",5.1,DEM5A,地理院タイル 標高タイル 2026-10-08
S0ihwgws,北永山,"142.45448,43.82675",140.5,DEM5A,地理院タイル 標高タイル 2026-10-08
S0iij2gz,井関,"136.41279,34.64258",33.3,DEM5A,地理院タイル 標高タイル 2026-10-08
S0iilkec,北12条,"141.34850,43.07470",13.7,DEM5A,地理院タイル 標高タイル 2026-10-08
S0iivlx0,入間市,"139.39032,35.84288",83.3,DEM5A,地理院タイル 標高タイル 2026-10-08
S0ij2xwy,羽犬塚,"130.49765,33.20993",13.0,DEM5A,地理院タイル 標高タイル 2026-10-08
S0ikxa25,島本,"135.66251,34.88037",13.7,DEM5A,地理院タイル 標高タイル 2026-10-08
S0iky5pf,穂積,"136.69364,35.39626",12.4,DEM5A,地理院タイル 標高タイル 2026-10-08
S0il6z0o,新倉敷,"133.67859,34.56500",0.7,DEM5A,地理院タイル 標高タイル 2026-10-08
S0ilc57k,今井,"138.14508,36.59488",359.1,DEM5A,地理院タイル 標高タイル 2026-10-08
S0im6b82,津久田,"139.04287,36.56103",255.6,DEM5A,地理院タイル 標高タイル 2026-10-08
S0imemyr,池下,"136.94602,35.16783",21.4,DEM5A,地理院タイル 標高タイル 2026-10-08
S0imf5vo,舟入町,"132.44503,34.38940",1.5,DEM5A,地理院タイル 標高タイル 2026-10-08
S0imi8pp,東松原,"139.65576,35.66264",39.7,DEM5A,地理院タイル 標高タイル 2026-10-08
S0imu8rt,都田,"137.71830,34.82826",21.4,DEM5A,地理院タイル 標高タイル 2026-10-08
S0in4ovy,中深川,"132.53339,34.48110",21.6,DEM5A,地理院タイル 標高タイル 2026-10-08
S0in5ael,曳馬,"137.74146,34.73322",7.2,DEM5A,地理院タイル 標高タイル 2026-10-08
S0in8thq,楢原,"134.18919,35.01968",133.0,DEM5A,地理院タイル 標高タイル 2026-10-08
S0io93os,道成寺,"135.17582,33.91114",8.7,DEM5A,地理院タイル 標高タイル 2026-10-08
S0iorpf7,世田谷,"139.65084,35.64350",36.9,DEM5A,地理院タイル 標高タイル 2026-10-08
S0iou0ej,北浜,"135.50710,34.69122",3.9,DEM5A,地理院タイル 標高タイル 2026-10-08
S0ip1h5p,越部,"135.80288,34.38612",146.4,DEM5A,地理院タイル 標高タイル 2026-10-08
S0ip8ytx,九度山,"135.56450,34.28779",96.2,DEM5A,地理院タイル 標高タイル 2026-10-08
S0ipopd4,大屋,"138.29713,36.36959",482.2,DEM5A,地理院タイル 標高タイル 2026-10-08
S0ipq8tf,豊前善光寺,"131.32298,33.56644",5.9,DEM5A,地理院タイル 標高タイル 2026-10-08
S0ipxtt6,鹿児島中央,"130.54172,31.58411",6.0,DEM5A,地理院タイル 標高タイル 2026-10-08
S0iq2i9o,荒川一中前,"139.78880,35.73369",2.0,DEM5A,地理院タイル 標高タイル 2026-10-08
S0iqf9c1,海岸通,"132.46310,34.35515",-0.1,DEM5A,地理院タイル 標高タイル 2026-10-08
S0iqj6yo,西日野,"136.59119,34.95295",10.0,DEM5A,地理院タイル 標高タイル 2026-10-08
S0ir6oec,湯谷温泉,"137.61303,34.97050",102.9,DEM5A,地理院タイル 標高タイル 2026-10-08
S0ir98p9,水戸,"140.47720,36.37093",8.5,DEM5A,地理院タイル 標高タイル 2026-10-08
S0irniso,前橋大島,"139.10920,36.37079",88.5,DEM5A,地理院タイル 標高タイル 2026-10-08
S0irycuh,札弦,"144.53162,43.78652",61.9,DEM5A,地理院タイル 標高タイル 2026-10-08
S0is0m9t,植田,"136.98855,35.12850",16.2,DEM5A,地理院タイル 標高タイル 2026-10-08
S0isf4em,土佐佐賀,"133.10142,33.08128",7.3,DEM5A,地理院タイル 標高タイル 2026-10-08
S0isiscy,幌南小学校前,"141.35191,43.03229",39.6,DEM5A,地理院タイル 標高タイル 2026-10-08
S0it833q,犬吠,"140.86093,35.70625",23.3,DEM5A,地理院タイル 標高タイル 2026-10-08
S0iu5i8q,北千里,"135.51103,34.81990",50.6,DEM5A,地理院タイル 標高タイル 2026-10-08
S0iu5x5u,西燕,"138.90926,37.67979",5.9,DEM5A,地理院タイル 標高タイル 2026-10-08
S0iuvqfb,石才,"135.36814,34.43059",29.9,DEM5A,地理院タイル 標高タイル 2026-10-08
S0iv9cco,長原,"139.69797,35.60223",33.6,DEM5A,地理院タイル 標高タイル 2026-10-08
S0ivljzn,御陵,"135.80188,34.99598",58.5,DEM5A,地理院タイル 標高タイル 2026-10-08
S0ivpogq,五反野,"139.80963,35.76590",0.0,DEM5A,地理院タイル 標高タイル 2026-10-08
S0iw7l8k,朝日ヶ丘,"132.98778,35.48096",7.2,DEM5A,地理院タイル 標高タイル 2026-10-08
S0iwa9ot,大森海岸,"139.73531,35.58741",2.0,DEM5A,地理院タイル 標高タイル 2026-10-08
S0iwp56t,野木沢,"140.42100,37.17521",291.9,DEM5A,地理院タイル 標高タイル 2026-10-08
S0iwqkun,前栽,"135.81609,34.60115",55.7,DEM5A,地理院タイル 標高タイル 2026-10-08
S0ix1m2g,湘南町屋,"139.52272,35.33785",22.5,DEM5A,地理院タイル 標高タイル 2026-10-08
S0ix37jx,越中泉,"137.32728,36.69989",13.2,DEM5A,地理院タイル 標高タイル 2026-10-08
S0ix7ntl,滝本,"139.16155,35.79603",398.7,DEM5A,地理院タイル 標高タイル 2026-10-08
S0ix8p9v,鶯巣,"137.83267,35.26743",309.2,DEM5A,地理院タイル 標高タイル 2026-10-08
S0ixkxm6,関屋,"139.01515,37.90613",4.1,DEM5A,地理院タイル 標高タイル 2026-10-08
S0ixzytd,小竹,"130.71032,33.69721",11.3,DEM5A,地理院タイル 標高タイル 2026-10-08
S0iy9opb,夕日ヶ浦木津温泉,"134.97248,35.65002",5.8,DEM5A,地理院タイル 標高タイル 2026-10-08
S0iycpbj,黒田,"136.77751,35.35019",8.1,DEM5A,地理院タイル 標高タイル 2026-10-08
S0iyg5uf,蚕ノ社,"135.71300,35.01171",34.6,DEM5A,地理院タイル 標高タイル 2026-10-08
S0iyz2zq,新宿御苑前,"139.71091,35.68852",34.3,DEM5A,地理院タイル 標高タイル 2026-10-08
S0iz6ff9,日進,"142.46716,44.38190",99.3,DEM5A,地理院タイル 標高タイル 2026-10-08
S0izsbnn,北美瑛,"142.47965,43.61791",214.1,DEM5A,地理院タイル 標高タイル 2026-10-08
S0j05paq,角茂谷,"133.69252,33.69573",336.0,DEM5A,地理院タイル 標高タイル 2026-10-08
S0j06y2h,米山,"138.43146,37.31686",6.5,DEM5A,地理院タイル 標高タイル 2026-10-08
S0j0aiua,守恒,"130.87300,33.83659",19.5,DEM5A,地理院タイル 標高タイル 2026-10-08
S0j0n1ay,守山,"135.99646,35.05094",99.9,DEM5A,地理院タイル 標高タイル 2026-10-08
S0j1bnd0,新瀬戸,"137.07769,35.22552",90.0,DEM5A,地理院タイル 標高タイル 2026-10-08
S0j1j466,持田,"139.44160,36.13761",20.1,DEM5A,地理院タイル 標高タイル 2026-10-08
S0j1nbyw,学園前,"140.15840,35.56047",18.8,DEM5A,地理院タイル 標高タイル 2026-10-08
S0j1tzyr,中公園,"135.20752,34.67310",2.8,DEM5A,地理院タイル 標高タイル 2026-10-08
S0j2et7j,大富,"134.07090,34.66141",2.0,DEM5A,地理院タイル 標高タイル 2026-10-08
S0j2q6gg,七和,"136.61549,35.06912",20.8,DEM5A,地理院タイル 標高タイル 2026-10-08
S0j346qx,富良野,"142.39143,43.34720",171.6,DEM5A,地理院タイル 標高タイル 2026-10-08
S0j3kezl,大甕,"140.61948,36.51300",26.7,DEM5A,地理院タイル 標高タイル 2026-10-08
S0j3vyzk,欅平,"137.65814,36.69679",601.3,DEM5A,地理院タイル 標高タイル 2026-10-08
S0j478bi,宮内,"140.13530,38.07086",239.7,DEM5A,地理院タイル 標高タイル 2026-10-08
S0j4av4r,羽倉崎,"135.30009,34.39952",6.4,DEM5A,地理院タイル 標高タイル 2026-10-08
S0j4bl6s,三次,"132.85602,34.80269",156.7,DEM5A,地理院タイル 標高タイル 2026-10-08
S0j4cjvq,比地大,"133.69036,34.16696",20.7,DEM5A,地理院タイル 標高タイル 2026-10-08
S0j4jud5,西川原,"133.93802,34.67894",6.0,DEM5A,地理院タイル 標高タイル 2026-10-08
S0j4oyb1,東八町,"137.40072,34.76586",8.4,DEM5A,地理院タイル 標高タイル 2026-10-08
S0j6kbx6,アプトいちしろ,"138.14467,35.16758",396.2,DEM5A,地理院タイル 標高タイル 2026-10-08
S0j6tzhb,吉浜,"136.98944,34.94671",2.5,DEM5A,地理院タイル 標高タイル 2026-10-08
S0j72xtt,花隈,"135.18124,34.68646",5.0,DEM5A,地理院タイル 標高タイル 2026-10-08
S0j7gdl3,加太,"136.34027,34.84257",159.8,DEM5A,地理院タイル 標高タイル 2026-10-08
S0j7hkvm,南熊本,"130.71177,32.78512",10.9,DEM5A,地理院タイル 標高タイル 2026-10-08
S0j7mfvb,普代,"141.88630,40.00270",11.8,DEM5A,地理院タイル 標高タイル 2026-10-08
S0j7z8e6,日本へそ公園,"134.99767,35.00205",63.6,DEM5A,地理院タイル 標高タイル 2026-10-08
S0j7zlq7,西鉄銀水,"130.45817,33.05096",5.3,DEM5A,地理院タイル 標高タイル 2026-10-08
S0j8f0sr,段原一丁目,"132.47361,34.38996",1.8,DEM5A,地理院タイル 標高タイル 2026-10-08
S0j8qrvv,時庭,"140.02960,38.07667",209.7,DEM5A,地理院タイル 標高タイル 2026-10-08
S0j9e6lt,肥前鹿島,"130.09805,33.11339",6.3,DEM5A,地理院タイル 標高タイル 2026-10-08
S0j9fylc,高槻,"135.61711,34.85124",13.3,DEM5A,地理院タイル 標高タイル 2026-10-08
S0j9oiuc,北習志野,"140.04232,35.72151",27.6,DEM5A,地理院タイル 標高タイル 2026-10-08
S0ja3eap,北俣,"130.96003,31.74498",208.2,DEM5A,地理院タイル 標高タイル 2026-10-08
S0jad2x9,中庄,"133.80820,34.62645",2.2,DEM5A,地理院タイル 標高タイル 2026-10-08
S0jaukkf,大宮,"139.62356,35.90653",13.1,DEM5A,地理院タイル 標高タイル 2026-10-08
S0jb6yt6,芳賀・高根沢工業団地,"140.01205,36.57848",134.9,DEM5A,地理院タイル 標高タイル 2026-10-08
S0jc6eki,万富,"134.08057,34.75825",13.9,DEM5A,地理院タイル 標高タイル 2026-10-08
S0jcr4jf,ひばりヶ丘,"139.54576,35.75144",55.6,DEM5A,地理院タイル 標高タイル 2026-10-08
S0jcsmb8,羽後牛島,"140.11650,39.69586",6.5,DEM5A,地理院タイル 標高タイル 2026-10-08
S0jctgsf,羽前前波,"140.20950,38.74771",50.1,DEM5A,地理院タイル 標高タイル 2026-10-08
S0jd0gip,東中央町,"133.92625,34.65466",2.3,DEM5A,地理院タイル 標高タイル 2026-10-08
S0jde8zx,肥前長野,"129.97099,33.29565",23.4,DEM5A,地理院タイル 標高タイル 2026-10-08
S0jdmslo,江部乙,"141.93592,43.62763",34.7,DEM5A,地理院タイル 標高タイル 2026-10-08
S0jdt92r,美濃青柳,"136.60388,35.34362",4.8,DEM5A,地理院タイル 標高タイル 2026-10-08
S0je256h,桐生球場前,"139.29787,36.41918",149.8,DEM5A,地理院タイル 標高タイル 2026-10-08
S0jegba8,大白川,"139.12091,37.34163",302.1,DEM5A,地理院タイル 標高タイル 2026-10-08
S0jei0o5,南久留米,"130.53216,33.30280",21.0,DEM5A,地理院タイル 標高タイル 2026-10-08
S0jelo8h,薬師堂,"140.90606,38.24958",12.9,DEM5A,地理院タイル 標高タイル 2026-10-08
S0jeu7hs,大嵐,"137.81852,35.19046",283.2,DEM5A,地理院タイル 標高タイル 2026-10-08
S0jevj95,西太子堂,"139.66635,35.64452",31.1,DEM5A,地理院タイル 標高タイル 2026-10-08
S0jf1jdl,大寺,"132.78743,35.40442",5.5,DEM5A,地理院タイル 標高タイル 2026-10-08
S0jf3a4w,大滝温泉,"140.63962,40.20978",79.1,DEM5A,地理院タイル 標高タイル 2026-10-08
S0jf57ne,郷戸,"139.70992,37.51634",256.1,DEM5A,地理院タイル 標高タイル 2026-10-08
S0jf5jag,油津,"131.39604,31.58687",4.2,DEM5A,地理院タイル 標高タイル 2026-10-08
S0jf8k0k,岩館,"139.96629,40.40620",28.8,DEM10B,地理院タイル 標高タイル 2026-10-08
S0jfjiqb,播磨高岡,"134.65872,34.84199",15.6,DEM5A,地理院タイル 標高タイル 2026-10-08
S0jfvmby,東高崎,"131.06502,31.84097",157.2,DEM5A,地理院タイル 標高タイル 2026-10-08
S0jg3iez,綾里,"141.79935,39.05418",31.6,DEM5A,地理院タイル 標高タイル 2026-10-08
S0jgha06,野上原,"140.38996,36.60578",67.2,DEM5A,地理院タイル 標高タイル 2026-10-08
S0jh00qm,五香,"139.96577,35.79729",28.0,DEM5A,地理院タイル 標高タイル 2026-10-08
S0jhgkpe,桜山,"136.93331,35.14004",15.5,DEM5A,地理院タイル 標高タイル 2026-10-08
S0jhlkfj,木津川台,"135.79605,34.74670",38.6,DEM5A,地理院タイル 標高タイル 2026-10-08
S0jhsloa,三滝,"132.44744,34.41726",7.9,DEM5A,地理院タイル 標高タイル 2026-10-08
S0jhuk03,小繋,"141.26042,40.12311",328.6,DEM5A,地理院タイル 標高タイル 2026-10-08
S0jiui7o,赤川,"141.20923,41.26794",3.8,DEM10B,地理院タイル 標高タイル 2026-10-08
S0jiz3cr,新川,"132.70440,33.77216",2.6,DEM5A,地理院タイル 標高タイル 2026-10-08
S0jjd6hi,妙法寺,"138.74211,37.56645",19.6,DEM5A,地理院タイル 標高タイル 2026-10-08
S0jjh3ga,石上,"139.48558,35.33246",8.7,DEM5A,地理院タイル 標高タイル 2026-10-08
S0jjkkod,富沢,"140.87060,38.21415",12.6,DEM5A,地理院タイル 標高タイル 2026-10-08
S0jk3mon,宇和島,"132.56771,33.22619",2.5,DEM5A,地理院タイル 標高タイル 2026-10-08
S0jkatfw,永山,"142.43439,43.81419",133.6,DEM5A,地理院タイル 標高タイル 2026-10-08
S0jl95bx,双岩,"132.45789,33.42428",120.3,DEM5A,地理院タイル 標高タイル 2026-10-08
S0jll1g4,伊尾木,"133.92923,33.49086",7.6,DEM5A,地理院タイル 標高タイル 2026-10-08
S0jlq8pl,陸奥森田,"140.33917,40.78170",9.0,DEM5A,地理院タイル 標高タイル 2026-10-08
S0jlutaf,西焼津,"138.28560,34.85981",10.6,DEM5A,地理院タイル 標高タイル 2026-10-08
S0jmb31j,大正,"130.22563,32.86040",7.6,DEM5A,地理院タイル 標高タイル 2026-10-08
S0jmek40,えびの上江,"130.85003,32.03561",261.6,DEM5A,地理院タイル 標高タイル 2026-10-08
S0jmkkji,南万騎が原,"139.52635,35.45255",59.5,DEM5A,地理院タイル 標高タイル 2026-10-08
S0jmn9vw,立野,"130.53928,33.41255",31.8,DEM5A,地理院タイル 標高タイル 2026-10-08
S0jnjjd4,豊川,"135.52671,34.83464",50.5,DEM5A,地理院タイル 標高タイル 2026-10-08
S0jnnu37,米野,"136.87962,35.16126",1.1,DEM5A,地理院タイル 標高タイル 2026-10-08
S0joe5a3,磯山,"136.56887,34.81265",0.9,DEM5A,地理院タイル 標高タイル 2026-10-08
S0joo5ss,奈井江,"141.88927,43.42401",28.0,DEM5A,地理院タイル 標高タイル 2026-10-08
S0jovq6z,大久保,"135.77706,34.87463",29.4,DEM5A,地理院タイル 標高タイル 2026-10-08
S0jp7ngd,荘原,"132.86826,35.39363",2.6,DEM5A,地理院タイル 標高タイル 2026-10-08
S0jpb4qo,岩倉,"131.36008,34.02336",11.9,DEM5A,地理院タイル 標高タイル 2026-10-08
S0jpbgr6,鍋倉,"131.69407,34.37824",281.9,DEM5A,地理院タイル 標高タイル 2026-10-08
S0jpxwkv,いよ立花,"132.77295,33.82782",22.7,DEM5A,地理院タイル 標高タイル 2026-10-08
S0jq6rtt,北野桝塚,"137.13949,34.99629",32.2,DEM5A,地理院タイル 標高タイル 2026-10-08
S0jqd8pe,駿河小山,"138.99758,35.35924",254.5,DEM5A,地理院タイル 標高タイル 2026-10-08
S0jqf1on,安芸,"133.90643,33.50480",11.0,DEM5A,地理院タイル 標高タイル 2026-10-08
S0jqmrij,新川橋,"136.85262,35.19525",3.3,DEM5A,地理院タイル 標高タイル 2026-10-08
S0jqtv4a,美馬牛,"142.44714,43.53744",282.9,DEM5A,地理院タイル 標高タイル 2026-10-08
S0jr4bw6,鷺ノ宮,"139.63985,35.72262",38.1,DEM5A,地理院タイル 標高タイル 2026-10-08
S0jr4vop,目時,"141.28958,40.35205",69.2,DEM5A,地理院タイル 標高タイル 2026-10-08
S0jrfany,県立美術館前,"138.43809,34.99751",24.3,DEM5A,地理院タイル 標高タイル 2026-10-08
S0jrlne8,足羽,"136.25356,36.02082",13.9,DEM5A,地理院タイル 標高タイル 2026-10-08
S0jrqpjd,高岡,"137.01487,36.74092",10.8,DEM5A,地理院タイル 標高タイル 2026-10-08
S0jrtghe,伊勢八太,"136.44701,34.64733",17.0,DEM5A,地理院タイル 標高タイル 2026-10-08
S0jrvjdz,二ツ杁,"136.85978,35.19466",2.9,DEM5A,地理院タイル 標高タイル 2026-10-08
S0jryigx,荒子,"136.86193,35.14005",6.3,DEM5A,地理院タイル 標高タイル 2026-10-08
S0js60xm,藪原,"137.78428,35.92990",924.5,DEM5A,地理院タイル 標高タイル 2026-10-08
S0js9too,御影,"135.25551,34.71491",10.6,DEM5A,地理院タイル 標高タイル 2026-10-08
S0jsdg8d,木太東口,"134.07959,34.31972",3.0,DEM5A,地理院タイル 標高タイル 2026-10-08
S0jss48y,境港,"133.22301,35.54469",1.6,DEM5A,地理院タイル 標高タイル 2026-10-08
S0jsup1e,聖天坂,"135.49946,34.63305",3.7,DEM5A,地理院タイル 標高タイル 2026-10-08
S0jtiip0,洲先,"135.37796,34.70900",0.8,DEM5A,地理院タイル 標高タイル 2026-10-08
S0ju5re0,光珠内,"141.84468,43.29267",24.8,DEM5A,地理院タイル 標高タイル 2026-10-08
S0ju977h,北一已,"142.01474,43.74208",50.2,DEM5A,地理院タイル 標高タイル 2026-10-08
S0juu9tw,新上挙母,"137.15118,35.07179",42.4,DEM5A,地理院タイル 標高タイル 2026-10-08
S0jv7ify,香春,"130.84690,33.66593",43.2,DEM5A,地理院タイル 標高タイル 2026-10-08
S0jv9159,国見,"132.88396,32.97879",9.8,DEM5A,地理院タイル 標高タイル 2026-10-08
S0jvdcax,籠原,"139.33026,36.17442",38.5,DEM5A,地理院タイル 標高タイル 2026-10-08
S0jvx6tt,二俣本町,"137.81277,34.85940",41.6,DEM5A,地理院タイル 標高タイル 2026-10-08
S0jwhgdr,南福岡,"130.46035,33.54217",19.7,DEM5A,地理院タイル 標高タイル 2026-10-08
S0jxcnyw,グリーンスタジアム前,"139.98247,36.55580",123.1,DEM5A,地理院タイル 標高タイル 2026-10-08
S0jxuj06,巣鴨新田,"139.72791,35.73516",18.9,DEM5A,地理院タイル 標高タイル 2026-10-08
S0jybfwf,府中,"134.48298,34.07429",7.6,DEM5A,地理院タイル 標高タイル 2026-10-08
S0jyfoyd,東京テレポート,"139.77806,35.62709",6.1,DEM5A,地理院タイル 標高タイル 2026-10-08
S0jyor56,谷河原,"140.52507,36.51975",9.2,DEM5A,地理院タイル 標高タイル 2026-10-08
S0jyzt3r,小海,"138.48289,36.08868",865.7,DEM5A,地理院タイル 標高タイル 2026-10-08
S0jzun0f,赤羽岩淵,"139.72211,35.78336",2.5,DEM5A,地理院タイル 標高タイル 2026-10-08
S0k045ll,大波止,"129.87206,32.74564",2.3,DEM5A,地理院タイル 標高タイル 2026-10-08
S0k07lq0,土佐加茂,"133.32110,33.52356",22.8,DEM5A,地理院タイル 標高タイル 2026-10-08
S0k0b3y9,長島ダム,"138.15714,35.16893",485.6,DEM5A,地理院タイル 標高タイル 2026-10-08
S0k0l29j,新森古市,"135.55826,34.71525",1.2,DEM5A,地理院タイル 標高タイル 2026-10-08
S0k0mmtp,東山田,"139.60604,35.55421",6.5,DEM5A,地理院タイル 標高タイル 2026-10-08
S0k0wm50,新守山,"136.95024,35.20604",14.4,DEM5A,地理院タイル 標高タイル 2026-10-08
S0k18adw,西大寺町・岡山芸術創造劇場ハレノワ前,"133.93058,34.65865",4.6,DEM5A,地理院タイル 標高タイル 2026-10-08
S0k2gron,北鎌倉,"139.54457,35.33794",21.8,DEM5A,地理院タイル 標高タイル 2026-10-08
S0k2lqfp,北高崎,"139.00266,36.33841",97.6,DEM5A,地理院タイル 標高タイル 2026-10-08
S0k2ql7i,青砥,"139.85627,35.74587",0.5,DEM5A,地理院タイル 標高タイル 2026-10-08
S0k2xidl,JR五位堂,"135.71885,34.52730",59.8,DEM5A,地理院タイル 標高タイル 2026-10-08
S0k30e77,神泉,"139.69325,35.65718",33.4,DEM5A,地理院タイル 標高タイル 2026-10-08
S0k3btk6,浅利,"132.27406,35.03701",10.2,DEM5A,地理院タイル 標高タイル 2026-10-08
S0k3e9ac,井荻,"139.61555,35.72466",42.3,DEM5A,地理院タイル 標高タイル 2026-10-08
S0k3gog0,梶原,"139.74730,35.75107",3.0,DEM5A,地理院タイル 標高タイル 2026-10-08
S0k4a787,市川大野,"139.95128,35.75541",11.1,DEM5A,地理院タイル 標高タイル 2026-10-08
S0k4ndgv,木曽川堤,"136.77051,35.36501",14.3,DEM5A,地理院タイル 標高タイル 2026-10-08
S0k50sq0,堀切,"139.81738,35.74334",1.1,DEM5A,地理院タイル 標高タイル 2026-10-08
S0k586hb,逆井,"139.98370,35.82328",26.6,DEM5A,地理院タイル 標高タイル 2026-10-08
S0k59gg7,曽根田,"140.45949,37.76032",72.3,DEM5A,地理院タイル 標高タイル 2026-10-08
S0k5hnyv,原谷,"137.95498,34.80846",38.5,DEM5A,地理院タイル 標高タイル 2026-10-08
S0k5oya4,谷浜,"138.17391,37.16239",5.1,DEM5A,地理院タイル 標高タイル 2026-10-08
S0k620gd,花田口,"135.47693,34.58176",4.7,DEM5A,地理院タイル 標高タイル 2026-10-08
S0k7c7c2,三つ峠,"138.84537,35.52425",616.6,DEM5A,地理院タイル 標高タイル 2026-10-08
S0k7s4pk,北24条,"141.34482,43.08961",9.0,DEM5A,地理院タイル 標高タイル 2026-10-08
S0k7u24r,宇久井,"135.97229,33.66273",10.6,DEM5A,地理院タイル 標高タイル 2026-10-08
S0k82mxw,北海道医療大学,"141.55014,43.23110",11.2,DEM5A,地理院タイル 標高タイル 2026-10-08
S0k8q9to,須ヶ口,"136.84575,35.19893",2.7,DEM5A,地理院タイル 標高タイル 2026-10-08
S0k9cbae,東多久,"130.14317,33.28541",23.4,DEM5A,地理院タイル 標高タイル 2026-10-08
S0k9f2aw,奈半利,"134.01825,33.42524",4.0,DEM5A,地理院タイル 標高タイル 2026-10-08
S0ka5t2r,堀田,"136.92000,35.12022",1.3,DEM5A,地理院タイル 標高タイル 2026-10-08
S0ka5t2r-2,堀田,"136.92146,35.11646",0.5,DEM5A,地理院タイル 標高タイル 2026-10-08
S0kaa0am,阿木,"137.45913,35.39959",444.6,DEM5A,地理院タイル 標高タイル 2026-10-08
S0kaedpk,松陰神社前,"139.65499,35.64388",37.8,DEM5A,地理院タイル 標高タイル 2026-10-08
S0kao5d9,岩村田,"138.47243,36.27448",706.2,DEM5A,地理院タイル 標高タイル 2026-10-08
S0karahp,武佐,"136.13064,35.11487",100.9,DEM5A,地理院タイル 標高タイル 2026-10-08
S0kb9jpk,湯島,"139.76998,35.70679",4.4,DEM5A,地理院タイル 標高タイル 2026-10-08
S0kbn9ag,北伊丹,"135.41949,34.80115",15.2,DEM5A,地理院タイル 標高タイル 2026-10-08
S0kbp0b4,武州長瀬,"139.32619,35.94199",64.1,DEM5A,地理院タイル 標高タイル 2026-10-08
S0kbp0b6,日詰,"141.16055,39.53863",100.2,DEM5A,地理院タイル 標高タイル 2026-10-08
S0kbv1r3,高野下,"135.56636,34.27181",107.2,DEM5A,地理院タイル 標高タイル 2026-10-08
S0kc42e9,通津,"132.20495,34.06810",4.8,DEM5A,地理院タイル 標高タイル 2026-10-08
S0kcflfx,荻布,"137.03575,36.76680",2.8,DEM5A,地理院タイル 標高タイル 2026-10-08
S0kcjhly,小沢,"140.67765,42.97188",51.9,DEM10B,地理院タイル 標高タイル 2026-10-08
S0kcv099,富根,"140.17266,40.21798",13.5,DEM5A,地理院タイル 標高タイル 2026-10-08
S0kd5nlb,立川目,"140.99724,39.30781",107.5,DEM5A,地理院タイル 標高タイル 2026-10-08
S0kddcvb,秋鹿町,"132.95673,35.47723",2.7,DEM5A,地理院タイル 標高タイル 2026-10-08
S0keb9uu,西熊本,"130.68306,32.76251",5.9,DEM5A,地理院タイル 標高タイル 2026-10-08
S0kegybe,那良口,"130.66746,32.24365",90.8,DEM5A,地理院タイル 標高タイル 2026-10-08
S0kehzfn,四ツ谷,"139.73009,35.68532",23.2,DEM5A,地理院タイル 標高タイル 2026-10-08
S0kfijsh,会津本郷,"139.89257,37.46343",225.5,DEM5A,地理院タイル 標高タイル 2026-10-08
S0kfo3w0,公園下,"139.04603,35.25008",568.2,DEM5A,地理院タイル 標高タイル 2026-10-08
S0kftmlh,長尾,"134.16916,34.26665",35.7,DEM5A,地理院タイル 標高タイル 2026-10-08
S0kfz1uv,中菰野,"136.50424,35.01230",78.5,DEM5A,地理院タイル 標高タイル 2026-10-08
S0kg1v7p,中津川,"137.50281,35.50015",299.1,DEM5A,地理院タイル 標高タイル 2026-10-08
S0kgbelt,下新田,"139.31509,36.40778",123.7,DEM5A,地理院タイル 標高タイル 2026-10-08
S0kgfczr,新三河島,"139.77417,35.73734",3.1,DEM5A,地理院タイル 標高タイル 2026-10-08
S0kgjqd3,三ノ輪橋,"139.79151,35.73222",1.8,DEM5A,地理院タイル 標高タイル 2026-10-08
S0kgvm5k,御岳堂,"141.26474,38.60574",5.6,DEM5A,地理院タイル 標高タイル 2026-10-08
S0kgza4e,豊橋,"137.38229,34.76228",8.1,DEM5A,地理院タイル 標高タイル 2026-10-08
S0kh1h8q,尼崎,"135.43178,34.73186",1.4,DEM5A,地理院タイル 標高タイル 2026-10-08
S0kh66zw,犀潟,"138.30496,37.21010",7.1,DEM5A,地理院タイル 標高タイル 2026-10-08
S0kho7d5,川崎新町,"139.69926,35.51832",1.7,DEM5A,地理院タイル 標高タイル 2026-10-08
S0khsk8d,高水,"131.97300,34.05544",63.2,DEM5A,地理院タイル 標高タイル 2026-10-08
S0khtwze,桂台,"144.27323,44.01697",12.8,DEM5A,地理院タイル 標高タイル 2026-10-08
S0kiyitj,猫又,"137.64174,36.74956",358.1,DEM5A,地理院タイル 標高タイル 2026-10-08
S0kj08z1,広野,"135.19143,34.92855",156.3,DEM5A,地理院タイル 標高タイル 2026-10-08
S0kjjubh,東岡山,"133.98720,34.68559",3.4,DEM5A,地理院タイル 標高タイル 2026-10-08
S0kjlyu2,並木中央,"139.64299,35.36545",3.3,DEM5A,地理院タイル 標高タイル 2026-10-08
S0kjoo3e,油木,"133.11927,35.04460",589.4,DEM5A,地理院タイル 標高タイル 2026-10-08
S0klenn6,甲立,"132.76006,34.69259",192.3,DEM5A,地理院タイル 標高タイル 2026-10-08
S0kmcsee,久美浜,"134.89499,35.60227",3.5,DEM5A,地理院タイル 標高タイル 2026-10-08
S0kme3oh,九条,"135.75975,34.97912",24.1,DEM5A,地理院タイル 標高タイル 2026-10-08
S0kn66if,大江橋,"135.50097,34.69436",1.2,DEM5A,地理院タイル 標高タイル 2026-10-08
S0knaukm,稲荷山,"138.10809,36.55265",359.3,DEM5A,地理院タイル 標高タイル 2026-10-08
S0knooya,日本橋,"135.50625,34.66684",3.3,DEM5A,地理院タイル 標高タイル 2026-10-08
S0knpv63,鵜飼,"133.24455,34.56800",28.5,DEM5A,地理院タイル 標高タイル 2026-10-08
S0knqq5b,岡花,"133.35127,33.52992",19.2,DEM5A,地理院タイル 標高タイル 2026-10-08
S0kntiuc,中村橋,"139.63717,35.73667",42.4,DEM5A,地理院タイル 標高タイル 2026-10-08
S0ko2apl,和泉府中,"135.42387,34.48799",18.3,DEM5A,地理院タイル 標高タイル 2026-10-08
S0koh2fw,苧ヶ瀬,"136.91238,35.40330",55.1,DEM5A,地理院タイル 標高タイル 2026-10-08
S0koxsrp,亀岡,"135.58232,35.01680",89.5,DEM5A,地理院タイル 標高タイル 2026-10-08
S0kp0we2,原町,"130.47120,33.61185",16.8,DEM5A,地理院タイル 標高タイル 2026-10-08
S0kp5hf6,御代田,"138.50632,36.31899",818.9,DEM5A,地理院タイル 標高タイル 2026-10-08
S0kp5rw6,志都美,"135.70195,34.56204",46.6,DEM5A,地理院タイル 標高タイル 2026-10-08
S0kpgppt,三戸,"141.27316,40.39574",35.9,DEM5A,地理院タイル 標高タイル 2026-10-08
S0kpms1d,南与野,"139.63106,35.86736",6.2,DEM5A,地理院タイル 標高タイル 2026-10-08
S0kps66d,佐久海ノ口,"138.49082,36.02119",1039.9,DEM5A,地理院タイル 標高タイル 2026-10-08
S0kpt6oi,早岐,"129.79931,33.13390",2.9,DEM5A,地理院タイル 標高タイル 2026-10-08
S0kpxeac,治良門橋,"139.34136,36.33302",63.9,DEM5A,地理院タイル 標高タイル 2026-10-08
S0kq855b,林崎松江海岸,"134.96508,34.65228",12.3,DEM5A,地理院タイル 標高タイル 2026-10-08
S0kq9ir5,安城,"137.08642,34.96044",18.4,DEM5A,地理院タイル 標高タイル 2026-10-08
S0kqn92o,深日港,"135.14127,34.31743",2.9,DEM5A,地理院タイル 標高タイル 2026-10-08
S0kqsyjm,山口団地,"141.93324,39.64630",25.2,DEM5A,地理院タイル 標高タイル 2026-10-08
S0kqthql,庄内,"131.40191,33.18510",207.1,DEM5A,地理院タイル 標高タイル 2026-10-08
S0krfhd0,丹後神崎,"135.29368,35.50653",1.8,DEM5A,地理院タイル 標高タイル 2026-10-08
S0krhkdd,国際会議場前,"137.21137,36.69162",8.2,DEM5A,地理院タイル 標高タイル 2026-10-08
S0krpnem,八幡浜,"132.43618,33.45803",6.4,DEM5A,地理院タイル 標高タイル 2026-10-08
S0krq4kh,島高松,"137.93162,36.24633",589.7,DEM5A,地理院タイル 標高タイル 2026-10-08
S0krryl5,鬼瀬,"131.48547,33.19571",71.4,DEM5A,地理院タイル 標高タイル 2026-10-08
S0ks4zie,東武ワールドスクウェア,"139.70902,36.80837",366.3,DEM5A,地理院タイル 標高タイル 2026-10-08
S0ks7gv6,上町二丁目,"133.52305,33.55729",3.6,DEM5A,地理院タイル 標高タイル 2026-10-08
S0ks8v94,霞ヶ丘,"135.68335,34.68109",517.8,DEM5A,地理院タイル 標高タイル 2026-10-08
S0ksa8f0,正雀,"135.54566,34.77550",6.4,DEM5A,地理院タイル 標高タイル 2026-10-08
S0ksowkb,東浦和,"139.70454,35.86406",14.2,DEM5A,地理院タイル 標高タイル 2026-10-08
S0ktiroj,高松,"136.72897,36.76849",26.1,DEM5A,地理院タイル 標高タイル 2026-10-08
S0ktow4f,西木津,"135.80245,34.73813",35.4,DEM5A,地理院タイル 標高タイル 2026-10-08
S0ktqpq9,海瀬,"138.48594,36.15578",756.4,DEM5A,地理院タイル 標高タイル 2026-10-08
S0kuc7mi,武蔵藤沢,"139.41276,35.82085",87.5,DEM5A,地理院タイル 標高タイル 2026-10-08
S0kul2zl,小諸,"138.42282,36.32566",663.7,DEM5A,地理院タイル 標高タイル 2026-10-08
S0kussvr,日本大通り,"139.64273,35.44680",3.3,DEM5A,地理院タイル 標高タイル 2026-10-08
S0kuubv0,高橋,"130.04237,33.20810",4.4,DEM5A,地理院タイル 標高タイル 2026-10-08
S0kvp8oe,桟橋通二丁目,"133.54691,33.54908",0.7,DEM5A,地理院タイル 標高タイル 2026-10-08
S0kvprs6,やながわ希望の森公園前,"140.61565,37.85787",58.3,DEM5A,地理院タイル 標高タイル 2026-10-08
S0kvtlvd,玖波,"132.22819,34.25540",4.1,DEM5A,地理院タイル 標高タイル 2026-10-08
S0kvyqt6,北浦,"141.02313,38.55987",13.6,DEM5A,地理院タイル 標高タイル 2026-10-08
S0kvz10q,河辺の森,"136.19622,35.13533",118.9,DEM5A,地理院タイル 標高タイル 2026-10-08
S0kw1lrm,大宮公園,"139.63308,35.92388",13.7,DEM5A,地理院タイル 標高タイル 2026-10-08
S0kwa6lj,前川,"138.82390,37.40176",28.7,DEM5A,地理院タイル 標高タイル 2026-10-08
S0kwdbru,潮来,"140.54969,35.93745",1.6,DEM5A,地理院タイル 標高タイル 2026-10-08
S0kwl65n,油川,"140.69062,40.85664",2.4,DEM5A,地理院タイル 標高タイル 2026-10-08
S0kwnoj0,新山口,"131.39646,34.09381",2.7,DEM5A,地理院タイル 標高タイル 2026-10-08
S0kwpvig,西大垣,"136.60338,35.36029",6.5,DEM5A,地理院タイル 標高タイル 2026-10-08
S0kwtl0t,浦上車庫,"129.86142,32.77954",8.6,DEM5A,地理院タイル 標高タイル 2026-10-08
S0kwv116,十国峠山頂,"139.04083,35.12768",765.2,DEM5A,地理院タイル 標高タイル 2026-10-08
S0kx8qy1,程久保,"139.41075,35.65523",79.1,DEM5A,地理院タイル 標高タイル 2026-10-08
S0kxa672,青森,"140.73465,40.83032",1.9,DEM5A,地理院タイル 標高タイル 2026-10-08
S0kxjo6a,霞ヶ関,"139.44385,35.92546",23.1,DEM5A,地理院タイル 標高タイル 2026-10-08
S0kxru8f,船橋,"139.98422,35.70195",3.9,DEM5A,地理院タイル 標高タイル 2026-10-08
S0kxsmm6,黄金町,"139.62256,35.43970",3.7,DEM5A,地理院タイル 標高タイル 2026-10-08
S0kyi1p0,常陸大宮,"140.41267,36.54708",55.8,DEM5A,地理院タイル 標高タイル 2026-10-08
S0kzgyjq,有井川,"133.07098,33.03941",3.4,DEM5A,地理院タイル 標高タイル 2026-10-08
S0kzi1u8,高松築港,"134.04936,34.35073",2.5,DEM5A,地理院タイル 標高タイル 2026-10-08
S0kzss3j,内原,"140.35263,36.37004",36.9,DEM5A,地理院タイル 標高タイル 2026-10-08
S0l0yl66,岳南江尾,"138.75183,35.15525",2.6,DEM5A,地理院タイル 標高タイル 2026-10-08
S0l1elwp,新八日市,"136.19208,35.11048",125.9,DEM5A,地理院タイル 標高タイル 2026-10-08
S0l1fvtw,広野ゴルフ場前,"135.02323,34.77005",150.9,DEM5A,地理院タイル 標高タイル 2026-10-08
S0l1nihr,戸畑,"130.82092,33.89742",5.7,DEM5A,地理院タイル 標高タイル 2026-10-08
S0l1r6c9,神宮丸太町,"135.77224,35.01850",45.5,DEM5A,地理院タイル 標高タイル 2026-10-08
S0l2z6js,岩舟,"139.65792,36.32657",30.7,DEM5A,地理院タイル 標高タイル 2026-10-08
S0l3igyd,浦安,"133.69324,35.49966",17.7,DEM5A,地理院タイル 標高タイル 2026-10-08
S0l3ox1o,仁川,"135.35687,34.77508",36.4,DEM5A,地理院タイル 標高タイル 2026-10-08
S0l3u22z,初島,"135.11563,34.10006",3.2,DEM5A,地理院タイル 標高タイル 2026-10-08
S0l3uj1v,東金,"140.36360,35.56009",7.5,DEM5A,地理院タイル 標高タイル 2026-10-08
S0l3uk7b,十文字,"140.52649,39.22136",89.4,DEM5A,地理院タイル 標高タイル 2026-10-08
S0l3z1if,ふじみ野,"139.52309,35.86075",17.5,DEM5A,地理院タイル 標高タイル 2026-10-08
S0l40ged,JR難波,"135.49529,34.66636",2.6,DEM5A,地理院タイル 標高タイル 2026-10-08
S0l415wg,西15丁目,"141.33523,43.05624",19.7,DEM5A,地理院タイル 標高タイル 2026-10-08
S0l423ob,守口市,"135.56514,34.73524",2.5,DEM5A,地理院タイル 標高タイル 2026-10-08
S0l4gjhc,玖珂,"132.08187,34.09713",64.8,DEM5A,地理院タイル 標高タイル 2026-10-08
S0l4ohcg,磐城塙,"140.41202,36.95873",195.8,DEM5A,地理院タイル 標高タイル 2026-10-08
S0l4qoem,茅場町,"139.77950,35.67973",2.7,DEM5A,地理院タイル 標高タイル 2026-10-08
S0l4v0ej,平岸,"141.36837,43.03462",42.7,DEM5A,地理院タイル 標高タイル 2026-10-08
S0l4w9bt,牧野,"135.66550,34.84377",14.7,DEM5A,地理院タイル 標高タイル 2026-10-08
S0l5ipwf,相模大野,"139.43788,35.53220",89.9,DEM5A,地理院タイル 標高タイル 2026-10-08
S0l5kd47,経塚,"127.72852,26.23670",100.9,DEM5A,地理院タイル 標高タイル 2026-10-08
S0l5pkpq,水郷,"140.57018,35.88546",6.5,DEM5A,地理院タイル 標高タイル 2026-10-08
S0l5tz4q,成島,"139.50557,36.24908",24.2,DEM5A,地理院タイル 標高タイル 2026-10-08
S0l5uxoj,東上,"137.45536,34.87616",27.5,DEM5A,地理院タイル 標高タイル 2026-10-08
S0l5xzmi,大雲寺前,"133.92632,34.65662",3.0,DEM5A,地理院タイル 標高タイル 2026-10-08
S0l6eym8,天王町,"139.60253,35.45401",2.1,DEM5A,地理院タイル 標高タイル 2026-10-08
S0l6ic0s,東大崎,"140.89706,38.60567",37.0,DEM5A,地理院タイル 標高タイル 2026-10-08
S0l6k4el,似内,"141.14094,39.40686",74.9,DEM5A,地理院タイル 標高タイル 2026-10-08
S0l6wn77,七宝,"136.80596,35.19579",0.3,DEM5A,地理院タイル 標高タイル 2026-10-08
S0l7aso8,宮木,"137.99050,35.97626",720.8,DEM5A,地理院タイル 標高タイル 2026-10-08
S0l7cu7j,新鶴羽,"130.96621,32.27544",181.9,DEM5A,地理院タイル 標高タイル 2026-10-08
S0l7he1h,久我山,"139.59932,35.68814",44.2,DEM5A,地理院タイル 標高タイル 2026-10-08
S0l7hltq,伊佐領,"139.82265,38.05105",205.0,DEM5A,地理院タイル 標高タイル 2026-10-08
S0l7m1sd,本笠寺,"136.93344,35.09908",12.5,DEM5A,地理院タイル 標高タイル 2026-10-08
S0l8328p,智北,"142.39527,44.46124",84.5,DEM5A,地理院タイル 標高タイル 2026-10-08
S0l86g6w,千里丘,"135.55142,34.79144",11.1,DEM5A,地理院タイル 標高タイル 2026-10-08
S0l8fuyw,六甲山上,"135.23691,34.75178",733.9,DEM5A,地理院タイル 標高タイル 2026-10-08
S0l8hryq,祖母島,"138.95706,36.54073",241.4,DEM5A,地理院タイル 標高タイル 2026-10-08
S0l8ks0s,上諏訪,"138.11626,36.04676",761.4,DEM5A,地理院タイル 標高タイル 2026-10-08
S0l8mu9i,羽後中里,"140.60276,39.77114",190.8,DEM5A,地理院タイル 標高タイル 2026-10-08
S0l8qxo2,出雲神西,"132.70271,35.32527",3.7,DEM5A,地理院タイル 標高タイル 2026-10-08
S0l970fq,河野原円心,"134.35266,34.91881",50.2,DEM5A,地理院タイル 標高タイル 2026-10-08
S0la6bic,山名,"139.03810,36.27770",84.9,DEM5A,地理院タイル 標高タイル 2026-10-08
S0lad5ib,信濃境,"138.27553,35.88490",921.8,DEM5A,地理院タイル 標高タイル 2026-10-08
S0laojhz,中斜里,"144.65910,43.87447",6.3,DEM5A,地理院タイル 標高タイル 2026-10-08
S0lasehk,龍安寺,"135.72143,35.02784",63.9,DEM5A,地理院タイル 標高タイル 2026-10-08
S0lau6c4,国定,"139.24246,36.35901",97.2,DEM5A,地理院タイル 標高タイル 2026-10-08
S0lay59v,能登鹿島,"136.89785,37.17979",10.0,DEM5A,地理院タイル 標高タイル 2026-10-08
S0lb45yg,ナゴヤドーム前矢田,"136.94399,35.19093",10.1,DEM5A,地理院タイル 標高タイル 2026-10-08
S0lb8d6v,高井田中央,"135.57240,34.67883",3.0,DEM5A,地理院タイル 標高タイル 2026-10-08
S0lb95dp,讃岐牟礼,"134.14771,34.33636",9.3,DEM5A,地理院タイル 標高タイル 2026-10-08
S0lbey23,大森,"137.50970,34.73787",5.6,DEM5A,地理院タイル 標高タイル 2026-10-08
S0lbg0zb,網走,"144.25418,44.01991",3.4,DEM5A,地理院タイル 標高タイル 2026-10-08
S0lbovqo,清輝橋,"133.92586,34.65174",2.3,DEM5A,地理院タイル 標高タイル 2026-10-08
S0lcf25g,衣摺加美北,"135.56712,34.63843",4.9,DEM5A,地理院タイル 標高タイル 2026-10-08
S0lcgean,松江,"133.06396,35.46409",1.9,DEM5A,地理院タイル 標高タイル 2026-10-08
S0lchudm,東郷,"130.52884,33.79449",19.3,DEM5A,地理院タイル 標高タイル 2026-10-08
S0lcnuob,大乗,"132.94522,34.34063",4.8,DEM5A,地理院タイル 標高タイル 2026-10-08
S0ld3xnh,黒部,"137.43440,36.86954",7.6,DEM5A,地理院タイル 標高タイル 2026-10-08
S0ld4glq,織笠,"141.95526,39.45376",9.1,DEM5A,地理院タイル 標高タイル 2026-10-08
S0ldh6x0,岡本,"133.98958,34.27032",59.5,DEM5A,地理院タイル 標高タイル 2026-10-08
S0ldi2kg,上本郷,"139.91583,35.78938",26.3,DEM5A,地理院タイル 標高タイル 2026-10-08
S0ldn485,高岡やぶなみ,"136.98871,36.73723",11.0,DEM5A,地理院タイル 標高タイル 2026-10-08
S0ldo31j,宍戸,"140.28854,36.34468",33.1,DEM5A,地理院タイル 標高タイル 2026-10-08
S0lduv0g,川越富洲原,"136.65976,35.01624",1.5,DEM5A,地理院タイル 標高タイル 2026-10-08
S0le5iyr,大塚・帝京大学,"139.41645,35.63686",70.9,DEM5A,地理院タイル 標高タイル 2026-10-08
S0le63b9,周船寺,"130.24640,33.57073",9.4,DEM5A,地理院タイル 標高タイル 2026-10-08
S0ledcfn,苔縄,"134.35387,34.89639",39.8,DEM5A,地理院タイル 標高タイル 2026-10-08
S0lek8al,川中島,"138.15070,36.61409",362.8,DEM5A,地理院タイル 標高タイル 2026-10-08
S0lewfa9,薩摩川尻,"130.56553,31.19478",50.6,DEM5A,地理院タイル 標高タイル 2026-10-08
S0lf9roe,湊,"135.46009,34.57062",1.9,DEM5A,地理院タイル 標高タイル 2026-10-08
S0lfc88t,芦別,"142.18425,43.51666",95.0,DEM5A,地理院タイル 標高タイル 2026-10-08
S0lfstnr,沼南,"139.62352,35.97102",11.0,DEM5A,地理院タイル 標高タイル 2026-10-08
S0lfwma9,戸田小浜,"131.73785,34.67303",6.4,DEM10B,地理院タイル 標高タイル 2026-10-08
S0lfwwlv,水田,"134.09253,34.30305",9.0,DEM5A,地理院タイル 標高タイル 2026-10-08
S0lg1myj,末広,"140.73732,40.22989",100.6,DEM5A,地理院タイル 標高タイル 2026-10-08
S0lg89ed,上浜,"139.90290,39.16469",17.5,DEM5A,地理院タイル 標高タイル 2026-10-08
S0lgj2ow,上州一ノ宮,"138.86406,36.25311",183.6,DEM5A,地理院タイル 標高タイル 2026-10-08
S0lgk3uv,豊後中村,"131.20764,33.22579",438.4,DEM5A,地理院タイル 標高タイル 2026-10-08
S0lgnzdr,南部市場,"139.63321,35.38018",2.5,DEM5A,地理院タイル 標高タイル 2026-10-08
S0lgz2qj,西原,"132.47477,34.44333",8.2,DEM5A,地理院タイル 標高タイル 2026-10-08
S0lhd23x,阿仁前田温泉,"140.41783,40.06150",64.3,DEM5A,地理院タイル 標高タイル 2026-10-08
S0lhl8f6,飯田橋,"139.74461,35.70151",8.4,DEM5A,地理院タイル 標高タイル 2026-10-08
S0li0mlx,八乙女,"140.88402,38.31303",20.6,DEM5A,地理院タイル 標高タイル 2026-10-08
S0li0u8g,企救丘,"130.87760,33.81970",42.0,DEM5A,地理院タイル 標高タイル 2026-10-08
S0li6tmo,鳥居,"137.55163,34.92075",70.7,DEM5A,地理院タイル 標高タイル 2026-10-08
S0likznf,鴨方,"133.58770,34.52723",11.9,DEM5A,地理院タイル 標高タイル 2026-10-08
S0ljab3t,平成,"130.70343,32.78151",8.2,DEM5A,地理院タイル 標高タイル 2026-10-08
S0ljefau,都留文科大学前,"138.89663,35.54259",502.1,DEM5A,地理院タイル 標高タイル 2026-10-08
S0ljgmcn,北山形,"140.33247,38.26569",125.1,DEM5A,地理院タイル 標高タイル 2026-10-08
S0ljkns4,白浜,"135.38744,33.67620",7.6,DEM5A,地理院タイル 標高タイル 2026-10-08
S0ljktcm,宇治,"135.80633,34.89516",18.1,DEM5A,地理院タイル 標高タイル 2026-10-08
S0lkfvrd,中百舌鳥,"135.50496,34.55629",23.3,DEM5A,地理院タイル 標高タイル 2026-10-08
S0lkmc7x,伏見桃山,"135.76436,34.93250",19.9,DEM5A,地理院タイル 標高タイル 2026-10-08
S0lkpabm,仁保津,"131.41562,34.12899",8.0,DEM5A,地理院タイル 標高タイル 2026-10-08
S0lkpex7,蒲須坂,"139.95044,36.72062",181.6,DEM5A,地理院タイル 標高タイル 2026-10-08
S0lkpqri,鴻池新田,"135.59764,34.69886",1.8,DEM5A,地理院タイル 標高タイル 2026-10-08
S0ll3rnf,ナゴヤドーム前矢田,"136.94742,35.19020",11.1,DEM5A,地理院タイル 標高タイル 2026-10-08
S0llpseq,亀山,"134.67675,34.81065",4.9,DEM5A,地理院タイル 標高タイル 2026-10-08
S0lmg6qv,関西空港,"135.24320,34.43590",0.4,DEM5A,地理院タイル 標高タイル 2026-10-08
S0lmr8iy,札内,"143.25620,42.91271",32.4,DEM5A,地理院タイル 標高タイル 2026-10-08
S0ln18o4,相良藩願成寺,"130.76963,32.21836",115.9,DEM5A,地理院タイル 標高タイル 2026-10-08
S0lne7je,下深川,"132.52466,34.48871",16.6,DEM5A,地理院タイル 標高タイル 2026-10-08
S0lo8450,大聖寺,"136.31385,36.30009",5.2,DEM5A,地理院タイル 標高タイル 2026-10-08
S0loav36,空港第2ビル,"140.38761,35.77296",38.4,DEM5A,地理院タイル 標高タイル 2026-10-08
S0lob5cx,京王永山,"139.44816,35.63025",80.2,DEM5A,地理院タイル 標高タイル 2026-10-08
S0losray,森田,"136.22251,36.10932",8.4,DEM5A,地理院タイル 標高タイル 2026-10-08
S0lovdn0,大滝,"140.32018,38.97147",198.0,DEM5A,地理院タイル 標高タイル 2026-10-08
S0lp7joq,天拝山,"130.53058,33.48161",39.6,DEM5A,地理院タイル 標高タイル 2026-10-08
S0lphu3i,草津,"132.40392,34.38150",3.2,DEM5A,地理院タイル 標高タイル 2026-10-08
S0lpm90t,新御茶ノ水,"139.76545,35.69693",10.6,DEM5A,地理院タイル 標高タイル 2026-10-08
S0lq2933,寺内,"139.98012,36.41090",68.3,DEM5A,地理院タイル 標高タイル 2026-10-08
S0lqb0sm,トロッコ亀岡,"135.60664,35.01305",86.2,DEM5A,地理院タイル 標高タイル 2026-10-08
S0lqhvpj,紫,"130.52256,33.49603",35.2,DEM5A,地理院タイル 標高タイル 2026-10-08
S0lqwjkx,小歩危,"133.75874,33.92336",171.8,DEM5A,地理院タイル 標高タイル 2026-10-08
S0lqwr2z,加島,"135.45359,34.72776",0.6,DEM5A,地理院タイル 標高タイル 2026-10-08
S0lr3oct,小泉,"137.10056,35.34916",114.0,DEM5A,地理院タイル 標高タイル 2026-10-08
S0lr65oa,喜多方,"139.86811,37.64386",203.4,DEM5A,地理院タイル 標高タイル 2026-10-08
S0lrf7vv,六万寺,"134.13425,34.34260",7.5,DEM5A,地理院タイル 標高タイル 2026-10-08
S0lrlnp5,笹塚,"139.66717,35.67366",42.1,DEM5A,地理院タイル 標高タイル 2026-10-08
S0lrp6pc,西古川,"140.89546,38.57816",26.5,DEM5A,地理院タイル 標高タイル 2026-10-08
S0lrpc44,球場前,"133.89157,33.50269",14.1,DEM5A,地理院タイル 標高タイル 2026-10-08
S0lrs1g6,飛騨一ノ宮,"137.24776,36.08840",645.7,DEM5A,地理院タイル 標高タイル 2026-10-08
S0lrwx47,浦上,"129.86328,32.76544",2.0,DEM5A,地理院タイル 標高タイル 2026-10-08
S0ls1knk,谷町九丁目,"135.51616,34.66663",20.3,DEM5A,地理院タイル 標高タイル 2026-10-08
S0ls68bs,馬車道,"139.63620,35.45007",2.3,DEM5A,地理院タイル 標高タイル 2026-10-08
S0ltairl,江坂,"135.49710,34.75875",2.2,DEM5A,地理院タイル 標高タイル 2026-10-08
S0ltk9z1,松ヶ崎,"136.51895,34.59643",3.1,DEM5A,地理院タイル 標高タイル 2026-10-08
S0lttici,所沢,"139.47336,35.78675",73.1,DEM5A,地理院タイル 標高タイル 2026-10-08
S0ltxyb9,遠野,"141.53067,39.33255",266.8,DEM5A,地理院タイル 標高タイル 2026-10-08
S0lum9zq,西新宿,"139.69256,35.69452",37.3,DEM5A,地理院タイル 標高タイル 2026-10-08
S0lumok9,高井戸,"139.61523,35.68326",41.4,DEM5A,地理院タイル 標高タイル 2026-10-08
S0luog5e,武州中川,"139.03544,35.95837",275.1,DEM5A,地理院タイル 標高タイル 2026-10-08
S0lusri3,前後,"136.99592,35.05208",17.3,DEM5A,地理院タイル 標高タイル 2026-10-08
S0lvwf6q,三好ヶ丘,"137.11141,35.12700",74.9,DEM5A,地理院タイル 標高タイル 2026-10-08
S0lw7el2,須恵中央,"130.50504,33.58752",27.2,DEM5A,地理院タイル 標高タイル 2026-10-08
S0lw8mj4,初石,"139.91791,35.88384",17.9,DEM5A,地理院タイル 標高タイル 2026-10-08
S0lwc042,陸奥沢辺,"139.89500,40.58617",38.0,DEM5A,地理院タイル 標高タイル 2026-10-08
S0lx4y89,宇宿,"130.53622,31.54406",5.6,DEM5A,地理院タイル 標高タイル 2026-10-08
S0lx75z4,陸前高砂,"140.96777,38.27355",4.0,DEM5A,地理院タイル 標高タイル 2026-10-08
S0lxbz8n,万能倉,"133.33842,34.55104",14.6,DEM5A,地理院タイル 標高タイル 2026-10-08
S0lxia2g,西黒崎,"130.76168,33.86633",1.6,DEM5A,地理院タイル 標高タイル 2026-10-08
S0ly5isw,旭前,"137.01975,35.21415",50.3,DEM5A,地理院タイル 標高タイル 2026-10-08
S0ly9vz7,七飯,"140.68856,41.88701",31.3,DEM5A,地理院タイル 標高タイル 2026-10-08
S0lycrct,町屋二丁目,"139.77642,35.74392",1.9,DEM5A,地理院タイル 標高タイル 2026-10-08
S0lyn4bk,安房天津,"140.15474,35.12579",12.5,DEM5A,地理院タイル 標高タイル 2026-10-08
S0lzacfl,初台,"139.68827,35.68142",41.6,DEM5A,地理院タイル 標高タイル 2026-10-08
S0lzgfp9,阿波川島,"134.32106,34.06188",25.0,DEM5A,地理院タイル 標高タイル 2026-10-08
S0lzjuox,附属中学前,"138.24790,36.66284",338.3,DEM5A,地理院タイル 標高タイル 2026-10-08
S0lzt2rn,寄畑,"138.47500,35.26483",138.5,DEM5A,地理院タイル 標高タイル 2026-10-08
S0m0620r,宇治,"135.80081,34.89038",21.1,DEM5A,地理院タイル 標高タイル 2026-10-08
S0m07ek8,青山,"139.00088,37.89857",15.7,DEM5A,地理院タイル 標高タイル 2026-10-08
S0m0aap8,富山大学前,"137.19081,36.69897",9.2,DEM5A,地理院タイル 標高タイル 2026-10-08
S0m0ardi,安部山公園,"130.90444,33.84401",16.6,DEM5A,地理院タイル 標高タイル 2026-10-08
S0m1gg1s,吉塚,"130.42371,33.60720",4.2,DEM5A,地理院タイル 標高タイル 2026-10-08
S0m1ovtm,二中通,"130.55373,31.57740",3.8,DEM5A,地理院タイル 標高タイル 2026-10-08
S0m1ozvo,桜,"136.93463,35.10605",13.2,DEM5A,地理院タイル 標高タイル 2026-10-08
S0m1yzdv,小倉台,"140.17184,35.62781",27.4,DEM5A,地理院タイル 標高タイル 2026-10-08
S0m213b5,下松,"135.39694,34.45743",19.3,DEM5A,地理院タイル 標高タイル 2026-10-08
S0m2706o,高崎新田,"131.06265,31.87589",141.5,DEM5A,地理院タイル 標高タイル 2026-10-08
S0m27czc,河内堅上,"135.66318,34.57436",36.4,DEM5A,地理院タイル 標高タイル 2026-10-08
S0m2l00s,市川大門,"138.49320,35.56047",246.1,DEM5A,地理院タイル 標高タイル 2026-10-08
S0m2sjlr,加治木,"130.67067,31.73925",8.7,DEM5A,地理院タイル 標高タイル 2026-10-08
S0m2tm8c,八栗,"134.12245,34.34463",3.7,DEM5A,地理院タイル 標高タイル 2026-10-08
S0m3aw1o,三才,"138.24385,36.68648",345.4,DEM5A,地理院タイル 標高タイル 2026-10-08
S0m3biro,東天下茶屋,"135.50849,34.63251",13.9,DEM5A,地理院タイル 標高タイル 2026-10-08
S0m3hw75,中萩,"133.25324,33.92624",46.3,DEM5A,地理院タイル 標高タイル 2026-10-08
S0m4kcdw,方谷,"133.55647,34.87682",113.1,DEM5A,地理院タイル 標高タイル 2026-10-08
S0m4o59g,廿日市市役所前（平良）,"132.32992,34.35315",5.5,DEM5A,地理院タイル 標高タイル 2026-10-08
S0m4ybkd,千石,"139.74474,35.72796",23.3,DEM5A,地理院タイル 標高タイル 2026-10-08
S0m4yt83,熊川,"139.33573,35.72829",119.5,DEM5A,地理院タイル 標高タイル 2026-10-08
S0m5l37z,大張野,"140.27414,39.66358",33.1,DEM5A,地理院タイル 標高タイル 2026-10-08
S0m5wdq8,浜崎,"130.03731,33.44689",2.5,DEM5A,地理院タイル 標高タイル 2026-10-08
S0m60yqi,駒場東大前,"139.68408,35.65867",33.6,DEM5A,地理院タイル 標高タイル 2026-10-08
S0m6aler,尾上高校前,"140.57703,40.62665",34.7,DEM5A,地理院タイル 標高タイル 2026-10-08
S0m6nown,菜園場町,"133.54856,33.55901",1.2,DEM5A,地理院タイル 標高タイル 2026-10-08
S0m6w3v3,芦原,"137.38015,34.71835",4.3,DEM5A,地理院タイル 標高タイル 2026-10-08
S0m75h8b,金石原,"129.93503,33.26542",37.3,DEM5A,地理院タイル 標高タイル 2026-10-08
S0m7agcu,中野,"139.31716,36.52428",296.9,DEM5A,地理院タイル 標高タイル 2026-10-08
S0m7cdtk,別府大学,"131.49936,33.31327",10.1,DEM5A,地理院タイル 標高タイル 2026-10-08
S0m7ctq0,南富山駅前,"137.22041,36.67062",19.1,DEM5A,地理院タイル 標高タイル 2026-10-08
S0m803co,家久,"136.17074,35.92601",24.2,DEM5A,地理院タイル 標高タイル 2026-10-08
S0m8goig,閑蔵,"138.19424,35.19174",579.1,DEM5A,地理院タイル 標高タイル 2026-10-08
S0m8ym40,薩摩板敷,"130.33108,31.26227",37.9,DEM5A,地理院タイル 標高タイル 2026-10-08
S0m8z747,和歌山港,"135.14648,34.21728",7.1,DEM5A,地理院タイル 標高タイル 2026-10-08
S0m9a1m9,上大岡,"139.59629,35.40928",9.8,DEM5A,地理院タイル 標高タイル 2026-10-08
S0m9l4te,東山北,"139.10773,35.35761",81.5,DEM5A,地理院タイル 標高タイル 2026-10-08
S0m9qote,岐波,"131.34781,33.98974",5.3,DEM5A,地理院タイル 標高タイル 2026-10-08
S0m9tueq,港南中央,"139.59122,35.40123",12.2,DEM5A,地理院タイル 標高タイル 2026-10-08
S0ma1jbs,医王寺前,"140.44633,37.81603",102.8,DEM5A,地理院タイル 標高タイル 2026-10-08
S0ma4j4c,有峰口,"137.38024,36.57297",319.8,DEM5A,地理院タイル 標高タイル 2026-10-08
S0maj2aq,健軍町,"130.76107,32.77835",13.4,DEM5A,地理院タイル 標高タイル 2026-10-08
S0mao5kt,品井沼,"141.08232,38.43149",6.9,DEM5A,地理院タイル 標高タイル 2026-10-08
S0mba2xn,東船岡,"140.78982,38.05013",11.2,DEM5A,地理院タイル 標高タイル 2026-10-08
S0mbaq3h,新飯塚,"130.69431,33.64428",18.4,DEM5A,地理院タイル 標高タイル 2026-10-08
S0mbnt43,大多羅,"134.00647,34.66553",2.5,DEM5A,地理院タイル 標高タイル 2026-10-08
S0mbw4c5,綾瀬,"139.82491,35.76223",-0.1,DEM5A,地理院タイル 標高タイル 2026-10-08
S0mc0loj,踊場,"139.51858,35.40555",59.8,DEM5A,地理院タイル 標高タイル 2026-10-08
S0mce3fg,十条,"135.75246,34.97400",21.3,DEM5A,地理院タイル 標高タイル 2026-10-08
S0mcihwo,陸前赤崎,"141.74105,39.06852",4.9,DEM5A,地理院タイル 標高タイル 2026-10-08
S0mciivn,礼文,"140.59502,42.58044",5.9,DEM5A,地理院タイル 標高タイル 2026-10-08
S0mdcn33,横田,"140.02013,35.38620",15.3,DEM5A,地理院タイル 標高タイル 2026-10-08
S0mdrq2f,磐城太田,"140.99148,37.60510",8.3,DEM5A,地理院タイル 標高タイル 2026-10-08
S0mdwwhj,西28丁目,"141.31456,43.06097",15.3,DEM5A,地理院タイル 標高タイル 2026-10-08
S0medgpr,深田,"132.66039,33.26763",126.0,DEM5A,地理院タイル 標高タイル 2026-10-08
S0mefdau,まつもと町屋,"136.22886,36.07697",8.0,DEM5A,地理院タイル 標高タイル 2026-10-08
S0mewplp,飯岡,"140.68335,35.72938",9.7,DEM5A,地理院タイル 標高タイル 2026-10-08
S0mez4m8,栗林公園,"134.05108,34.32852",5.7,DEM5A,地理院タイル 標高タイル 2026-10-08
S0mf7t6p,西金沢,"136.62112,36.55314",9.0,DEM5A,地理院タイル 標高タイル 2026-10-08
S0mfd0kc,阿蘇下田城,"131.02455,32.84434",371.9,DEM5A,地理院タイル 標高タイル 2026-10-08
S0mfpl9o,野間,"136.86075,34.77230",5.2,DEM5A,地理院タイル 標高タイル 2026-10-08
S0mfuuku,飾磨,"134.67547,34.79971",2.1,DEM5A,地理院タイル 標高タイル 2026-10-08
S0mh1oni,館腰,"140.88016,38.14308",2.6,DEM5A,地理院タイル 標高タイル 2026-10-08
S0mh3d0m,黒井,"135.09733,35.16852",87.0,DEM5A,地理院タイル 標高タイル 2026-10-08
S0mh7mc2,御幣島,"135.45561,34.71269",-1.4,DEM5A,地理院タイル 標高タイル 2026-10-08
S0mhoaar,和田浦,"140.01961,35.04171",12.0,DEM5A,地理院タイル 標高タイル 2026-10-08
S0mhvcox,中田,"134.56949,34.01030",3.8,DEM10B,地理院タイル 標高タイル 2026-10-08
S0mi0wrk,千林,"135.55482,34.72405",6.2,DEM5A,地理院タイル 標高タイル 2026-10-08
S0mie3k8,愛別,"142.58220,43.89867",217.7,DEM10B,地理院タイル 標高タイル 2026-10-08
S0misgiv,長浦,"139.99543,35.45029",6.0,DEM5A,地理院タイル 標高タイル 2026-10-08
S0mj1pbs,上総興津,"140.25047,35.13721",4.7,DEM5A,地理院タイル 標高タイル 2026-10-08
S0mkcwrv,県庁前,"133.53226,33.55804",2.0,DEM5A,地理院タイル 標高タイル 2026-10-08
S0mkptm5,狩留家,"132.57906,34.48636",49.8,DEM5A,地理院タイル 標高タイル 2026-10-08
S0ml374c,川棚,"129.86408,33.06837",4.0,DEM5A,地理院タイル 標高タイル 2026-10-08
S0mlb2xa,石越,"141.15916,38.76882",9.3,DEM5A,地理院タイル 標高タイル 2026-10-08
S0mlhm45,川根両国,"138.14059,35.11681",309.1,DEM5A,地理院タイル 標高タイル 2026-10-08
S0mlhs4o,八栗新道,"134.14747,34.33687",7.0,DEM5A,地理院タイル 標高タイル 2026-10-08
S0mlkq5n,但馬,"135.76834,34.56943",43.3,DEM5A,地理院タイル 標高タイル 2026-10-08
S0mllepd,峠,"140.23586,37.81206",621.7,DEM5A,地理院タイル 標高タイル 2026-10-08
S0mm2pg1,東海神,"139.98056,35.70596",6.4,DEM5A,地理院タイル 標高タイル 2026-10-08
S0mmeqn8,伊部,"134.16111,34.73859",16.1,DEM5A,地理院タイル 標高タイル 2026-10-08
S0mmur7p,ゆだ錦秋湖,"140.83531,39.29554",244.7,DEM5A,地理院タイル 標高タイル 2026-10-08
S0mmvi1g,昭和島,"139.74993,35.57067",4.0,DEM5A,地理院タイル 標高タイル 2026-10-08
S0mn43gl,小坂井,"137.36310,34.79760",7.1,DEM5A,地理院タイル 標高タイル 2026-10-08
S0mnb5jk,里見,"140.14552,35.33723",49.5,DEM5A,地理院タイル 標高タイル 2026-10-08
S0mnl59m,谷町四丁目,"135.51761,34.68167",15.7,DEM5A,地理院タイル 標高タイル 2026-10-08
S0mnrajf,多気,"136.57311,34.51590",17.2,DEM5A,地理院タイル 標高タイル 2026-10-08
S0mo8x6s,西中野,"137.21665,36.68086",13.8,DEM5A,地理院タイル 標高タイル 2026-10-08
S0moecae,三ノ宮,"135.19504,34.69479",12.5,DEM5A,地理院タイル 標高タイル 2026-10-08
S0moh1nw,千葉ニュータウン中央,"140.11626,35.80022",16.8,DEM5A,地理院タイル 標高タイル 2026-10-08
S0mp3sv0,加茂,"139.04896,37.65884",12.2,DEM5A,地理院タイル 標高タイル 2026-10-08
S0mp3t7j,押部谷,"135.03939,34.75658",99.7,DEM5A,地理院タイル 標高タイル 2026-10-08
S0mp40v6,新黒部,"137.48121,36.87305",54.2,DEM5A,地理院タイル 標高タイル 2026-10-08
S0mp8whr,市役所前,"137.39307,34.76727",10.0,DEM5A,地理院タイル 標高タイル 2026-10-08
S0mp8zqi,合格,"138.12083,34.84484",79.8,DEM5A,地理院タイル 標高タイル 2026-10-08
S0mpadqp,東あずま,"139.83159,35.70737",-1.2,DEM5A,地理院タイル 標高タイル 2026-10-08
S0mpi6a0,汐入,"139.66252,35.28032",8.5,DEM5A,地理院タイル 標高タイル 2026-10-08
S0mpjvto,関根,"140.14627,37.86460",306.8,DEM5A,地理院タイル 標高タイル 2026-10-08
S0mq2utx,来宮,"139.06557,35.09872",70.6,DEM5A,地理院タイル 標高タイル 2026-10-08
S0mq51dn,北佐世保,"129.72037,33.18720",38.6,DEM5A,地理院タイル 標高タイル 2026-10-08
S0mq6sdt,東八森,"140.03250,40.33212",12.3,DEM10B,地理院タイル 標高タイル 2026-10-08
S0mqcin0,梅津寺,"132.70763,33.87462",4.5,DEM5A,地理院タイル 標高タイル 2026-10-08
S0mqe4wm,三潴,"130.46947,33.25603",8.4,DEM5A,地理院タイル 標高タイル 2026-10-08
S0mqoega,箸蔵,"133.84876,34.04031",138.3,DEM5A,地理院タイル 標高タイル 2026-10-08
S0mqrlqw,中野,"139.66572,35.70575",39.6,DEM5A,地理院タイル 標高タイル 2026-10-08
S0mqxjr1,国府,"137.32814,34.83745",19.9,DEM5A,地理院タイル 標高タイル 2026-10-08
S0mr2099,双葉,"141.00585,37.45374",11.4,DEM5A,地理院タイル 標高タイル 2026-10-08
S0mr3kla,片倉,"139.34116,35.63967",105.3,DEM5A,地理院タイル 標高タイル 2026-10-08
S0mra8sk,勢野北口,"135.70102,34.60610",46.3,DEM5A,地理院タイル 標高タイル 2026-10-08
S0mru4ss,与野,"139.63899,35.88437",13.3,DEM5A,地理院タイル 標高タイル 2026-10-08
S0mt6kcu,新石切,"135.64110,34.68010",12.2,DEM5A,地理院タイル 標高タイル 2026-10-08
S0mu2ica,北大石田,"140.37125,38.62961",71.2,DEM5A,地理院タイル 標高タイル 2026-10-08
S0mu4oom,若松,"130.80519,33.90033",2.0,DEM5A,地理院タイル 標高タイル 2026-10-08
S0mv50yd,荒畑,"136.92523,35.14960",10.1,DEM5A,地理院タイル 標高タイル 2026-10-08
S0mvlnoa,筑紫,"130.55296,33.46281",27.2,DEM5A,地理院タイル 標高タイル 2026-10-08
S0mvm8h5,神田,"129.67134,33.26135",29.3,DEM5A,地理院タイル 標高タイル 2026-10-08
S0mvpcfl,新庄田中,"137.24108,36.69792",10.9,DEM5A,地理院タイル 標高タイル 2026-10-08
S0mw2kwx,臼杵,"131.80765,33.11856",2.7,DEM5A,地理院タイル 標高タイル 2026-10-08
S0mwbeqs,長瀞,"139.11231,36.09550",141.6,DEM5A,地理院タイル 標高タイル 2026-10-08
S0mwc9hg,大洗,"140.56267,36.31536",13.2,DEM5A,地理院タイル 標高タイル 2026-10-08
S0mxlx73,萩山,"139.47687,35.74076",74.2,DEM5A,地理院タイル 標高タイル 2026-10-08
S0mxq25q,高岩,"129.63718,33.29775",11.2,DEM5A,地理院タイル 標高タイル 2026-10-08
S0mxt8p6,薬師堂,"140.04885,39.36808",10.5,DEM5A,地理院タイル 標高タイル 2026-10-08
S0my8p6u,志和地,"132.80393,34.74049",176.0,DEM5A,地理院タイル 標高タイル 2026-10-08
S0myiywm,福知山市民病院口,"135.10863,35.30658",16.8,DEM5A,地理院タイル 標高タイル 2026-10-08
S0mz1god,東石黒,"136.89854,36.57621",61.7,DEM5A,地理院タイル 標高タイル 2026-10-08
S0mzci99,長者ヶ浜潮騒はまなす公園前,"140.61885,36.03129",36.1,DEM5A,地理院タイル 標高タイル 2026-10-08
S0mzprqt,原ノ町,"140.97111,37.63796",23.5,DEM5A,地理院タイル 標高タイル 2026-10-08
S0n0az6q,平野,"135.54853,34.62118",4.7,DEM5A,地理院タイル 標高タイル 2026-10-08
S0n0gnbz,穴山,"138.41389,35.75103",519.1,DEM5A,地理院タイル 標高タイル 2026-10-08
S0n0lyn1,西岡崎,"137.12315,34.94662",11.9,DEM5A,地理院タイル 標高タイル 2026-10-08
S0n1dkh6,鮎喰,"134.50624,34.07746",7.2,DEM5A,地理院タイル 標高タイル 2026-10-08
S0n1ec7x,河原町,"130.70084,32.79489",12.4,DEM5A,地理院タイル 標高タイル 2026-10-08
S0n1odzs,釜ノ鼻,"130.13554,32.83405",1.8,DEM5A,地理院タイル 標高タイル 2026-10-08
S0n26t5r,馬橋,"139.91718,35.81189",4.2,DEM5A,地理院タイル 標高タイル 2026-10-08
S0n2n5eu,小原,"133.96205,34.96822",182.3,DEM5A,地理院タイル 標高タイル 2026-10-08
S0n3e801,西条,"138.01249,36.40046",662.3,DEM5A,地理院タイル 標高タイル 2026-10-08
S0n3l3xt,下落合,"139.69529,35.71569",16.7,DEM5A,地理院タイル 標高タイル 2026-10-08
S0n3v2hg,大畑,"130.78780,32.16497",294.4,DEM5A,地理院タイル 標高タイル 2026-10-08
S0n4bpvf,御嶽山,"139.68242,35.58515",20.3,DEM5A,地理院タイル 標高タイル 2026-10-08
S0n4coqh,高師浜,"135.43204,34.52734",2.5,DEM5A,地理院タイル 標高タイル 2026-10-08
S0n4h9av,あすなろう四日市,"136.61857,34.96697",2.7,DEM5A,地理院タイル 標高タイル 2026-10-08
S0n4k82n,讃岐相生,"134.42438,34.21193",3.0,DEM5A,地理院タイル 標高タイル 2026-10-08
S0n4meco,辰野,"137.99718,35.98452",722.8,DEM5A,地理院タイル 標高タイル 2026-10-08
S0n4yja4,越谷,"139.78624,35.88753",4.9,DEM5A,地理院タイル 標高タイル 2026-10-08
S0n5awxs,伊賀上津,"136.20431,34.68256",221.9,DEM5A,地理院タイル 標高タイル 2026-10-08
S0n5h7vx,久屋大通,"136.90799,35.17377",14.7,DEM5A,地理院タイル 標高タイル 2026-10-08
S0n5l8iq,深郷田,"140.44110,40.95129",3.4,DEM5A,地理院タイル 標高タイル 2026-10-08
S0n5pcng,名越,"135.37507,34.42144",42.1,DEM5A,地理院タイル 標高タイル 2026-10-08
S0n62i5s,矢野口,"139.52043,35.64173",33.0,DEM5A,地理院タイル 標高タイル 2026-10-08
S0n6cwid,十条,"135.75971,34.97249",21.4,DEM5A,地理院タイル 標高タイル 2026-10-08
S0n6xkbf,安比高原,"140.99732,40.01264",502.7,DEM5A,地理院タイル 標高タイル 2026-10-08
S0n78wqd,清水町,"132.76426,33.84924",24.4,DEM5A,地理院タイル 標高タイル 2026-10-08
S0n7f8mz,八栗山上,"134.13957,34.35791",225.2,DEM5A,地理院タイル 標高タイル 2026-10-08
S0n8ec0m,浜吉田,"140.89008,38.00223",1.8,DEM5A,地理院タイル 標高タイル 2026-10-08
S0n8motw,呉服町,"130.69690,32.79555",12.2,DEM5A,地理院タイル 標高タイル 2026-10-08
S0n8rxm5,和泉砂川,"135.28119,34.36024",36.4,DEM5A,地理院タイル 標高タイル 2026-10-08
S0n8vaqa,西岐阜,"136.72326,35.40452",8.4,DEM5A,地理院タイル 標高タイル 2026-10-08
S0n92dsz,久米川,"139.47269,35.74952",75.0,DEM5A,地理院タイル 標高タイル 2026-10-08
S0n9l10f,東藤原,"136.49884,35.14742",140.6,DEM5A,地理院タイル 標高タイル 2026-10-08
S0n9nh2o,上石神井,"139.59229,35.72619",50.6,DEM5A,地理院タイル 標高タイル 2026-10-08
S0n9nx35,奈古,"131.47297,34.50311",4.7,DEM10B,地理院タイル 標高タイル 2026-10-08
S0na19no,八田,"136.85272,35.14856",1.3,DEM5A,地理院タイル 標高タイル 2026-10-08
S0na969x,木屋瀬,"130.72495,33.77846",5.5,DEM5A,地理院タイル 標高タイル 2026-10-08
S0nafn73,虎ノ門,"139.75012,35.67016",6.2,DEM5A,地理院タイル 標高タイル 2026-10-08
S0nanusj,中富良野,"142.42092,43.40572",190.4,DEM5A,地理院タイル 標高タイル 2026-10-08
S0nap2yu,上総山田,"140.12616,35.45410",17.7,DEM5A,地理院タイル 標高タイル 2026-10-08
S0navznk,大清水,"137.35886,34.69595",27.3,DEM5A,地理院タイル 標高タイル 2026-10-08
S0nc1xlz,高島平,"139.66129,35.78894",3.3,DEM5A,地理院タイル 標高タイル 2026-10-08
S0nc8u35,岡本,"135.27594,34.72917",32.7,DEM5A,地理院タイル 標高タイル 2026-10-08
S0ncpncb,金ヶ崎,"141.11294,39.19958",60.6,DEM5A,地理院タイル 標高タイル 2026-10-08
S0ndgsps,佐伯,"131.90181,32.97264",1.7,DEM5A,地理院タイル 標高タイル 2026-10-08
S0ndiqdc,野辺山,"138.47449,35.95532",1346.4,DEM5A,地理院タイル 標高タイル 2026-10-08
S0ndt5b2,五十市,"131.03391,31.71848",165.2,DEM10B,地理院タイル 標高タイル 2026-10-08
S0nduk7h,南米沢,"140.10827,37.89605",260.6,DEM5A,地理院タイル 標高タイル 2026-10-08
S0ndvwwy,JR長瀬,"135.57034,34.64997",4.8,DEM5A,地理院タイル 標高タイル 2026-10-08
S0ner44r,苗穂,"141.37371,43.06860",15.5,DEM5A,地理院タイル 標高タイル 2026-10-08
S0nf0oki,亀戸水神,"139.83339,35.69994",-2.4,DEM5A,地理院タイル 標高タイル 2026-10-08
S0nf5256,矢代田,"139.09550,37.74889",5.5,DEM5A,地理院タイル 標高タイル 2026-10-08
S0nf5jiv,入曽,"139.42719,35.83239",74.3,DEM5A,地理院タイル 標高タイル 2026-10-08
S0nf79fa,花原市,"141.86142,39.63041",20.5,DEM5A,地理院タイル 標高タイル 2026-10-08
S0nfcqa4,八幡前,"135.12180,34.25254",7.0,DEM5A,地理院タイル 標高タイル 2026-10-08
S0nfnk3u,西帯広,"143.12635,42.92394",57.9,DEM5A,地理院タイル 標高タイル 2026-10-08
S0nfuk5w,北池野,"136.57372,35.44337",29.4,DEM5A,地理院タイル 標高タイル 2026-10-08
S0ng4f2x,滑津,"138.47501,36.23871",665.5,DEM5A,地理院タイル 標高タイル 2026-10-08
S0ngihv1,石刀,"136.78537,35.32619",7.9,DEM5A,地理院タイル 標高タイル 2026-10-08
S0ngwxi2,伊予長浜,"132.48707,33.61501",14.1,DEM5A,地理院タイル 標高タイル 2026-10-08
S0nh9syq,宗太郎,"131.70666,32.78634",102.9,DEM5A,地理院タイル 標高タイル 2026-10-08
S0nhihqo,県,"139.47236,36.29062",26.2,DEM5A,地理院タイル 標高タイル 2026-10-08
S0nhj31i,清児,"135.37221,34.42500",36.7,DEM5A,地理院タイル 標高タイル 2026-10-08
S0nhydgp,内牧,"131.04376,32.94214",495.9,DEM5A,地理院タイル 標高タイル 2026-10-08
S0ni6x36,津福,"130.49773,33.29650",11.2,DEM5A,地理院タイル 標高タイル 2026-10-08
S0nivu0s,美山,"136.36505,35.99848",79.0,DEM5A,地理院タイル 標高タイル 2026-10-08
S0nj2a2z,乙原,"131.48299,33.27445",185.1,DEM5A,地理院タイル 標高タイル 2026-10-08
S0njsa11,琴電志度,"134.17251,34.32246",1.6,DEM5A,地理院タイル 標高タイル 2026-10-08
S0nk6h2z,国会議事堂前,"139.74420,35.67419",27.7,DEM5A,地理院タイル 標高タイル 2026-10-08
S0nk7nx1,広域公園前,"132.40012,34.43544",105.5,DEM5A,地理院タイル 標高タイル 2026-10-08
S0nk89lu,平川,"130.51384,31.44917",24.1,DEM5A,地理院タイル 標高タイル 2026-10-08
S0nl7gi0,新八柱,"139.93856,35.79129",28.1,DEM5A,地理院タイル 標高タイル 2026-10-08
S0nljz8e,南越谷,"139.79136,35.87605",4.5,DEM5A,地理院タイル 標高タイル 2026-10-08
S0nmrgg5,県庁前,"132.76635,33.84117",23.3,DEM5A,地理院タイル 標高タイル 2026-10-08
S0nmv2v2,球泉洞,"130.60817,32.26796",76.7,DEM5A,地理院タイル 標高タイル 2026-10-08
S0nmzuhp,伊予白滝,"132.52653,33.57844",6.8,DEM5A,地理院タイル 標高タイル 2026-10-08
S0nne0m3,烏森,"136.86381,35.15281",2.3,DEM5A,地理院タイル 標高タイル 2026-10-08
S0nnm7tx,越後川口,"138.86184,37.27292",68.9,DEM5A,地理院タイル 標高タイル 2026-10-08
S0no9kac,西白井,"140.03175,35.78444",20.9,DEM5A,地理院タイル 標高タイル 2026-10-08
S0npha4z,安善,"139.70125,35.49984",2.5,DEM5A,地理院タイル 標高タイル 2026-10-08
S0nphw3f,駅前,"137.38313,34.76363",8.7,DEM5A,地理院タイル 標高タイル 2026-10-08
S0npjlu3,上戸手,"133.28196,34.55155",19.7,DEM5A,地理院タイル 標高タイル 2026-10-08
S0nq4jhj,泉崎,"140.29909,37.15829",299.5,DEM5A,地理院タイル 標高タイル 2026-10-08
S0nqiiqa,大平台,"139.07386,35.23906",313.4,DEM5A,地理院タイル 標高タイル 2026-10-08
S0nql7xu,上富良野,"142.46881,43.46412",212.2,DEM5A,地理院タイル 標高タイル 2026-10-08
S0nqtmr7,釜谷,"140.53714,41.71213",7.4,DEM5A,地理院タイル 標高タイル 2026-10-08
S0nr1bfx,祐天寺,"139.69075,35.63717",29.7,DEM5A,地理院タイル 標高タイル 2026-10-08
S0nrs8y7,中松,"131.05361,32.82733",424.2,DEM5A,地理院タイル 標高タイル 2026-10-08
S0nsc8ru,小川郷,"140.86253,37.12645",30.9,DEM5A,地理院タイル 標高タイル 2026-10-08
S0nsg1j4,高石,"135.43282,34.52148",2.8,DEM5A,地理院タイル 標高タイル 2026-10-08
S0nsoig1,大篠津町,"133.25590,35.48889",4.2,DEM5A,地理院タイル 標高タイル 2026-10-08
S0nsxemn,若狭有田,"135.86837,35.48557",42.9,DEM5A,地理院タイル 標高タイル 2026-10-08
S0nt31pu,谷町六丁目,"135.51754,34.67562",16.7,DEM5A,地理院タイル 標高タイル 2026-10-08
S0nt8s1d,東山,"135.70860,34.64870",111.5,DEM5A,地理院タイル 標高タイル 2026-10-08
S0ntiejt,太田川,"136.89257,35.02031",1.2,DEM5A,地理院タイル 標高タイル 2026-10-08
S0ntx0gb,蓮ヶ池,"131.44273,31.96007",9.2,DEM5A,地理院タイル 標高タイル 2026-10-08
S0nulxhu,浦山口,"139.05814,35.96392",246.9,DEM5A,地理院タイル 標高タイル 2026-10-08
S0nuoxu6,名古屋港,"136.88191,35.09320",1.8,DEM5A,地理院タイル 標高タイル 2026-10-08
S0nuwzc1,松田,"139.13914,35.34600",60.5,DEM5A,地理院タイル 標高タイル 2026-10-08
S0nuxq1q,栃屋,"137.50597,36.86977",84.5,DEM5A,地理院タイル 標高タイル 2026-10-08
S0nvhdi7,赤羽,"139.72105,35.77754",5.7,DEM5A,地理院タイル 標高タイル 2026-10-08
S0nvt4p8,辛皮,"135.17332,35.46257",141.8,DEM5A,地理院タイル 標高タイル 2026-10-08
S0nvxl2g,道後公園,"132.78495,33.84833",38.4,DEM5A,地理院タイル 標高タイル 2026-10-08
S0nw5m0o,川井,"139.16431,35.81377",266.4,DEM5A,地理院タイル 標高タイル 2026-10-08
S0nw8w39,網野,"135.02559,35.66732",7.2,DEM5A,地理院タイル 標高タイル 2026-10-08
S0nwsmbu,摂津本山,"135.27757,34.72680",20.1,DEM5A,地理院タイル 標高タイル 2026-10-08
S0nwz61w,熱田,"136.91067,35.12980",2.0,DEM5A,地理院タイル 標高タイル 2026-10-08
S0nx2l50,大堰,"130.62406,33.37222",12.7,DEM5A,地理院タイル 標高タイル 2026-10-08
S0nx2q27,あしかがフラワーパーク,"139.51846,36.31517",26.1,DEM5A,地理院タイル 標高タイル 2026-10-08
S0nx67rx,京成幕張,"140.05600,35.66056",6.3,DEM5A,地理院タイル 標高タイル 2026-10-08
S0nx6ajr,三瀬,"139.67340,38.69946",23.1,DEM5A,地理院タイル 標高タイル 2026-10-08
S0nxoc8j,田尻,"141.05903,38.59627",11.1,DEM5A,地理院タイル 標高タイル 2026-10-08
S0nxpi6e,巻向,"135.84089,34.54537",76.9,DEM5A,地理院タイル 標高タイル 2026-10-08
S0nxreho,五郎丸,"130.53994,33.33047",8.0,DEM5A,地理院タイル 標高タイル 2026-10-08
S0ny04fj,東広島,"132.75946,34.38919",225.6,DEM5A,地理院タイル 標高タイル 2026-10-08
S0nyxzud,二名,"132.62903,33.29151",142.5,DEM5A,地理院タイル 標高タイル 2026-10-08
S0nzf6lo,伊豆大川,"139.07407,34.84335",37.7,DEM5A,地理院タイル 標高タイル 2026-10-08
S0nzowgd,吉良吉田,"137.07125,34.79428",0.6,DEM5A,地理院タイル 標高タイル 2026-10-08
S0nzv607,白山,"139.03005,37.91184",3.6,DEM5A,地理院タイル 標高タイル 2026-10-08
S0o1nriu,海の公園柴口,"139.63591,35.34212",3.1,DEM5A,地理院タイル 標高タイル 2026-10-08
S0o1r33c,碧南,"136.98562,34.87401",1.5,DEM5A,地理院タイル 標高タイル 2026-10-08
S0o1zq7y,鞍手,"130.69941,33.79804",4.8,DEM5A,地理院タイル 標高タイル 2026-10-08
S0o2a10n,酒殿,"130.48633,33.60262",18.1,DEM5A,地理院タイル 標高タイル 2026-10-08
S0o2kdab,国際センター,"140.85683,38.26020",41.3,DEM5A,地理院タイル 標高タイル 2026-10-08
S0o2t4xs,粟ヶ崎,"136.63844,36.63032",2.6,DEM10B,地理院タイル 標高タイル 2026-10-08
S0o37kmm,横倉,"140.77605,37.99699",13.1,DEM5A,地理院タイル 標高タイル 2026-10-08
S0o38bcx,五条,"135.75973,34.99522",32.1,DEM5A,地理院タイル 標高タイル 2026-10-08
S0o3971i,近鉄奈良,"135.82785,34.68397",83.1,DEM5A,地理院タイル 標高タイル 2026-10-08
S0o3ch13,同志社前,"135.77841,34.80559",34.2,DEM5A,地理院タイル 標高タイル 2026-10-08
S0o3qrbz,夫婦石,"129.85063,33.23703",23.1,DEM5A,地理院タイル 標高タイル 2026-10-08
S0o3yq81,薩摩高城,"130.22056,31.89254",9.8,DEM5A,地理院タイル 標高タイル 2026-10-08
S0o3zd1u,大中,"136.86845,35.85379",327.3,DEM5A,地理院タイル 標高タイル 2026-10-08
S0o44hn2,西幡豆,"137.12135,34.79248",14.4,DEM5A,地理院タイル 標高タイル 2026-10-08
S0o493ro,新千葉,"140.10862,35.61247",13.1,DEM5A,地理院タイル 標高タイル 2026-10-08
S0o4u1bq,伊予桜井,"133.03555,34.01204",2.4,DEM5A,地理院タイル 標高タイル 2026-10-08
S0o4xtcb,坂出,"133.85679,34.31319",1.2,DEM5A,地理院タイル 標高タイル 2026-10-08
S0o4zwet,祇園橋,"130.69482,32.79281",11.1,DEM5A,地理院タイル 標高タイル 2026-10-08
S0o57ixm,磐城石井,"140.41533,36.90465",172.4,DEM5A,地理院タイル 標高タイル 2026-10-08
S0o5o8au,庚申塚,"139.72956,35.73913",24.6,DEM5A,地理院タイル 標高タイル 2026-10-08
S0o60dsj,久喜,"139.67749,36.06568",9.1,DEM5A,地理院タイル 標高タイル 2026-10-08
S0o6a6io,勝川,"136.95334,35.22803",14.6,DEM5A,地理院タイル 標高タイル 2026-10-08
S0o6es58,峰吉川,"140.32304,39.56674",23.4,DEM5A,地理院タイル 標高タイル 2026-10-08
S0o6iru3,前浜,"129.73593,33.35875",3.1,DEM5A,地理院タイル 標高タイル 2026-10-08
S0o6mzdr,山城多賀,"135.80626,34.81759",27.3,DEM5A,地理院タイル 標高タイル 2026-10-08
S0o6qtgy,角川,"137.11336,36.29991",443.8,DEM5A,地理院タイル 標高タイル 2026-10-08
S0o6tyq8,多治見,"137.12028,35.33483",95.1,DEM5A,地理院タイル 標高タイル 2026-10-08
S0o769xm,東別府,"131.51053,33.26775",7.3,DEM5A,地理院タイル 標高タイル 2026-10-08
S0o7med6,花園,"134.05911,34.33461",2.4,DEM5A,地理院タイル 標高タイル 2026-10-08
S0o864sy,石橋,"129.87240,32.73448",2.6,DEM5A,地理院タイル 標高タイル 2026-10-08
S0o8eh5o,杉戸高野台,"139.71454,36.05135",7.2,DEM5A,地理院タイル 標高タイル 2026-10-08
S0o8hr8e,旦過,"130.88019,33.88062",2.4,DEM5A,地理院タイル 標高タイル 2026-10-08
S0o8q3uj,高遠原,"137.90054,35.64463",666.3,DEM5A,地理院タイル 標高タイル 2026-10-08
S0o8ribv,本中野,"139.46954,36.25845",24.0,DEM5A,地理院タイル 標高タイル 2026-10-08
S0o9pgpb,栄,"136.90861,35.16973",12.7,DEM5A,地理院タイル 標高タイル 2026-10-08
S0o9vtf8,中の島,"141.36120,43.03745",34.4,DEM5A,地理院タイル 標高タイル 2026-10-08
S0oah8q5,河曲,"136.56804,34.89789",16.0,DEM5A,地理院タイル 標高タイル 2026-10-08
S0ob8twk,極楽,"137.43251,35.37966",482.3,DEM5A,地理院タイル 標高タイル 2026-10-08
S0obdh70,国府,"134.80005,35.49638",8.9,DEM5A,地理院タイル 標高タイル 2026-10-08
S0obqra5,大沢内,"140.43739,40.94018",4.0,DEM10B,地理院タイル 標高タイル 2026-10-08
S0obrkn2,国際センター,"136.88897,35.17206",2.2,DEM5A,地理院タイル 標高タイル 2026-10-08
S0oca80v,小村神社前,"133.39267,33.53983",20.5,DEM5A,地理院タイル 標高タイル 2026-10-08
S0ocmyd2,西日暮里,"139.76727,35.73275",5.1,DEM5A,地理院タイル 標高タイル 2026-10-08
S0ocqusa,大門,"139.75520,35.65670",2.4,DEM5A,地理院タイル 標高タイル 2026-10-08
S0ocu7cb,花山,"135.18723,34.76962",281.0,DEM5A,地理院タイル 標高タイル 2026-10-08
S0od25ul,小林,"130.97609,31.99072",197.0,DEM5A,地理院タイル 標高タイル 2026-10-08
S0odeadl,千路,"136.80107,36.92814",4.9,DEM5A,地理院タイル 標高タイル 2026-10-08
S0odsp45,大庭,"137.94126,36.22696",589.7,DEM5A,地理院タイル 標高タイル 2026-10-08
S0odziv4,猪谷,"137.23784,36.47181",215.9,DEM5A,地理院タイル 標高タイル 2026-10-08
S0oek8fu,本町三丁目,"132.75869,33.84513",20.8,DEM5A,地理院タイル 標高タイル 2026-10-08
S0ofa11b,阿波橘,"134.65138,33.88850",1.8,DEM5A,地理院タイル 標高タイル 2026-10-08
S0ogpyn8,南阿佐ヶ谷,"139.63557,35.69946",44.1,DEM5A,地理院タイル 標高タイル 2026-10-08
S0oh2wdb,川西能勢口,"135.41314,34.82751",27.4,DEM5A,地理院タイル 標高タイル 2026-10-08
S0oh3ngh,広島港（宇品）,"132.45577,34.35269",3.1,DEM5A,地理院タイル 標高タイル 2026-10-08
S0ohib2c,本輪西,"140.97756,42.35874",2.6,DEM5A,地理院タイル 標高タイル 2026-10-08
S0ohmn5i,梶が谷,"139.60572,35.59378",33.5,DEM5A,地理院タイル 標高タイル 2026-10-08
S0ohsbom,瑞浪,"137.25191,35.36912",158.0,DEM5A,地理院タイル 標高タイル 2026-10-08
S0oi4tdo,岡山,"133.91798,34.66669",3.0,DEM5A,地理院タイル 標高タイル 2026-10-08
S0oibb6q,信濃町,"139.72129,35.67994",27.2,DEM5A,地理院タイル 標高タイル 2026-10-08
S0oifz2u,阿夫利神社,"139.23759,35.43180",700.7,DEM5A,地理院タイル 標高タイル 2026-10-08
S0oik4sz,御代志,"130.74987,32.88316",85.0,DEM5A,地理院タイル 標高タイル 2026-10-08
S0oinwuo,鯨波,"138.51736,37.35585",10.2,DEM5A,地理院タイル 標高タイル 2026-10-08
S0ojfigu,木田,"136.78801,35.19530",-0.2,DEM5A,地理院タイル 標高タイル 2026-10-08
S0oji0s9,洗馬橋,"130.69886,32.79917",11.5,DEM5A,地理院タイル 標高タイル 2026-10-08
S0oke1lj,ふるさと公園,"139.85903,37.24327",497.2,DEM5A,地理院タイル 標高タイル 2026-10-08
S0olltmw,小宮,"139.36848,35.68586",97.7,DEM5A,地理院タイル 標高タイル 2026-10-08
S0olojfl,滝,"134.96240,34.94879",54.0,DEM5A,地理院タイル 標高タイル 2026-10-08
S0olxill,大宮,"135.74952,35.00365",32.5,DEM5A,地理院タイル 標高タイル 2026-10-08
S0om530p,関口,"136.92889,35.47996",53.7,DEM5A,地理院タイル 標高タイル 2026-10-08
S0ombeit,黒崎駅前,"130.76521,33.86638",2.0,DEM5A,地理院タイル 標高タイル 2026-10-08
S0omndjx,兜沼,"141.69747,45.22031",12.8,DEM5A,地理院タイル 標高タイル 2026-10-08
S0on0fmw,鬼塚,"129.98711,33.42110",3.8,DEM5A,地理院タイル 標高タイル 2026-10-08
S0onvp3x,川村,"136.96874,35.21417",13.5,DEM5A,地理院タイル 標高タイル 2026-10-08
S0onwpj2,春日部,"139.75259,35.98003",6.3,DEM5A,地理院タイル 標高タイル 2026-10-08
S0onx6k3,天竜峡,"137.81734,35.44110",381.4,DEM5A,地理院タイル 標高タイル 2026-10-08
S0ony2w0,高角,"136.55446,34.98320",26.2,DEM5A,地理院タイル 標高タイル 2026-10-08
S0ooq0rr,大学前,"138.21514,36.37130",456.6,DEM5A,地理院タイル 標高タイル 2026-10-08
S0oot3l2,ひろせ野鳥の森,"139.35187,36.14617",38.0,DEM5A,地理院タイル 標高タイル 2026-10-08
S0op5iii,神戸,"135.17822,34.67922",2.3,DEM5A,地理院タイル 標高タイル 2026-10-08
S0opc35e,福島,"140.45950,37.75414",70.4,DEM5A,地理院タイル 標高タイル 2026-10-08
S0opjknu,折渡,"140.09113,39.47639",39.1,DEM5A,地理院タイル 標高タイル 2026-10-08
S0oply40,高取,"132.43841,34.47524",31.2,DEM5A,地理院タイル 標高タイル 2026-10-08
S0optekc,求名,"140.39617,35.57984",7.2,DEM5A,地理院タイル 標高タイル 2026-10-08
S0oq68ir,宮守,"141.35029,39.35108",190.8,DEM5A,地理院タイル 標高タイル 2026-10-08
S0oqgokc,都野津,"132.18740,34.98954",4.0,DEM5A,地理院タイル 標高タイル 2026-10-08
S0oqsj49,新丸子,"139.66194,35.58046",8.2,DEM5A,地理院タイル 標高タイル 2026-10-08
S0or4e30,白鷺,"135.51334,34.55011",27.8,DEM5A,地理院タイル 標高タイル 2026-10-08
S0oriatm,光の森,"130.78603,32.85742",82.9,DEM5A,地理院タイル 標高タイル 2026-10-08
S0orw2m4,河芸,"136.53099,34.78099",4.6,DEM5A,地理院タイル 標高タイル 2026-10-08
S0os06m4,矢祭山,"140.39540,36.84994",151.9,DEM5A,地理院タイル 標高タイル 2026-10-08
S0osf0dg,うらがわら,"138.41900,37.15930",31.8,DEM5A,地理院タイル 標高タイル 2026-10-08
S0osf31p,伊野商業前,"133.44424,33.55038",14.7,DEM5A,地理院タイル 標高タイル 2026-10-08
S0osr5zt,須屋,"130.73644,32.85810",41.8,DEM5A,地理院タイル 標高タイル 2026-10-08
S0osydmk,知波田,"137.51209,34.75380",3.3,DEM5A,地理院タイル 標高タイル 2026-10-08
S0ot3aji,香春口三萩野,"130.88059,33.87318",3.2,DEM5A,地理院タイル 標高タイル 2026-10-08
S0otdvbi,塩屋,"134.15501,34.33560",1.0,DEM5A,地理院タイル 標高タイル 2026-10-08
S0otnmmt,南荒子,"136.86193,35.13164",6.2,DEM5A,地理院タイル 標高タイル 2026-10-08
S0otru4x,阿田和,"136.04241,33.80474",16.4,DEM5A,地理院タイル 標高タイル 2026-10-08
S0ou8umk,漕代,"136.60106,34.54098",10.9,DEM5A,地理院タイル 標高タイル 2026-10-08
S0ouk0ia,大手モール,"137.21133,36.68952",8.3,DEM5A,地理院タイル 標高タイル 2026-10-08
S0oum5yl,加納,"136.76611,35.40517",9.8,DEM5A,地理院タイル 標高タイル 2026-10-08
S0ov3b1d,浜山公園北口,"132.70813,35.38907",8.3,DEM5A,地理院タイル 標高タイル 2026-10-08
S0ovm60v,小野,"135.81272,34.96123",28.4,DEM5A,地理院タイル 標高タイル 2026-10-08
S0ovmw0x,箕浦,"133.61951,34.04803",4.3,DEM5A,地理院タイル 標高タイル 2026-10-08
S0ow9mv9,大月,"138.94205,35.61288",358.6,DEM5A,地理院タイル 標高タイル 2026-10-08
S0owz6d4,美作加茂,"134.06220,35.16947",215.1,DEM5A,地理院タイル 標高タイル 2026-10-08
S0ox6uki,光明池,"135.47501,34.47440",66.6,DEM5A,地理院タイル 標高タイル 2026-10-08
S0oxeiij,羽前長崎,"140.27307,38.33291",92.2,DEM5A,地理院タイル 標高タイル 2026-10-08
S0oxk0xx,長田,"135.59196,34.67876",1.3,DEM5A,地理院タイル 標高タイル 2026-10-08
S0oxo16m,鴨部,"133.49658,33.55208",7.9,DEM5A,地理院タイル 標高タイル 2026-10-08
S0oxvrzu,白石,"141.41407,43.05476",18.0,DEM10B,地理院タイル 標高タイル 2026-10-08
S0oyb329,箱石,"141.62581,39.61711",236.9,DEM5A,地理院タイル 標高タイル 2026-10-08
S0oymrxe,葛西臨海公園,"139.86148,35.64417",4.6,DEM5A,地理院タイル 標高タイル 2026-10-08
S0oyqidq,用瀬,"134.20460,35.34314",70.1,DEM5A,地理院タイル 標高タイル 2026-10-08
S0oz222l,益生,"136.67858,35.05779",5.4,DEM5A,地理院タイル 標高タイル 2026-10-08
S0ozb5rf,東富岡,"138.90168,36.26082",158.6,DEM5A,地理院タイル 標高タイル 2026-10-08
S0ozunkd,土沢,"141.23254,39.38330",105.3,DEM5A,地理院タイル 標高タイル 2026-10-08
S0p07coe,上野御徒町,"139.77291,35.70797",4.3,DEM5A,地理院タイル 標高タイル 2026-10-08
S0p08kqs,つきみ野,"139.45856,35.51052",71.8,DEM5A,地理院タイル 標高タイル 2026-10-08
S0p08zll,勝川,"136.95646,35.22990",15.0,DEM5A,地理院タイル 標高タイル 2026-10-08
S0p0a90b,西浦上,"129.85901,32.79026",22.6,DEM5A,地理院タイル 標高タイル 2026-10-08
S0p0mjc8,東寺,"135.75260,34.97998",23.4,DEM5A,地理院タイル 標高タイル 2026-10-08
S0p17rri,長沢,"140.36576,38.70978",110.9,DEM5A,地理院タイル 標高タイル 2026-10-08
S0p19aut,小屋浦,"132.50656,34.30229",4.9,DEM5A,地理院タイル 標高タイル 2026-10-08
S0p19fap,新長田,"135.14556,34.65771",6.3,DEM5A,地理院タイル 標高タイル 2026-10-08
S0p1qop1,郡中,"132.70415,33.76071",3.0,DEM5A,地理院タイル 標高タイル 2026-10-08
S0p20byc,弁天橋,"139.68948,35.49580",3.1,DEM5A,地理院タイル 標高タイル 2026-10-08
S0p24ww2,周防久保,"131.91903,34.02911",61.5,DEM5A,地理院タイル 標高タイル 2026-10-08
S0p2aoc8,オークスカナルパークホテル富山前,"137.21460,36.70367",5.9,DEM5A,地理院タイル 標高タイル 2026-10-08
S0p2pc30,黄金,"136.87080,35.15628",1.1,DEM5A,地理院タイル 標高タイル 2026-10-08
S0p37c8o,下大利,"130.48918,33.52249",24.4,DEM5A,地理院タイル 標高タイル 2026-10-08
S0p38nyp,新正,"136.61843,34.95638",1.3,DEM5A,地理院タイル 標高タイル 2026-10-08
S0p3cmyr,西山,"130.73242,33.83006",22.7,DEM5A,地理院タイル 標高タイル 2026-10-08
S0p3h79h,新入,"130.71420,33.76338",9.1,DEM5A,地理院タイル 標高タイル 2026-10-08
S0p3xl2r,平岡,"137.85365,35.27362",325.0,DEM5A,地理院タイル 標高タイル 2026-10-08
S0p4979o,東成岩,"136.92349,34.87430",1.8,DEM5A,地理院タイル 標高タイル 2026-10-08
S0p4e9bu,肥前久保,"130.00015,33.35572",18.4,DEM5A,地理院タイル 標高タイル 2026-10-08
S0p4nfnv,春日井,"136.93624,35.25036",17.2,DEM5A,地理院タイル 標高タイル 2026-10-08
S0p4twsc,伊上,"131.01133,34.37034",1.9,DEM5A,地理院タイル 標高タイル 2026-10-08
S0p55byl,端間,"130.55082,33.37884",11.1,DEM5A,地理院タイル 標高タイル 2026-10-08
S0p5i90t,立田,"133.67042,33.57063",15.8,DEM5A,地理院タイル 標高タイル 2026-10-08
S0p5mepp,平沼橋,"139.61647,35.45985",2.0,DEM5A,地理院タイル 標高タイル 2026-10-08
S0p5su8g,上二田,"140.00409,39.86897",6.1,DEM5A,地理院タイル 標高タイル 2026-10-08
S0p6au03,崇禅寺,"135.51017,34.73101",3.2,DEM5A,地理院タイル 標高タイル 2026-10-08
S0p6bggf,緋牛内,"143.99971,43.88050",53.7,DEM5A,地理院タイル 標高タイル 2026-10-08
S0p6ev4p,新富士,"138.66301,35.14207",7.2,DEM5A,地理院タイル 標高タイル 2026-10-08
S0p785r9,大鶴,"130.88548,33.36698",100.3,DEM5A,地理院タイル 標高タイル 2026-10-08
S0p7vdot,白石,"141.39570,43.04635",24.3,DEM5A,地理院タイル 標高タイル 2026-10-08
S0p7vxfe,浜田山,"139.62758,35.68158",44.0,DEM5A,地理院タイル 標高タイル 2026-10-08
S0p7ymom,福島学院前,"140.48859,37.79875",62.9,DEM5A,地理院タイル 標高タイル 2026-10-08
S0p94kdl,人吉温泉,"130.75382,32.21614",106.7,DEM5A,地理院タイル 標高タイル 2026-10-08
S0p9pt5w,会津中川,"139.53223,37.47381",302.1,DEM5A,地理院タイル 標高タイル 2026-10-08
S0p9qzg4,小栗山,"140.48667,40.56430",72.2,DEM5A,地理院タイル 標高タイル 2026-10-08
S0p9so8k,宇多津,"133.81375,34.30632",5.2,DEM5A,地理院タイル 標高タイル 2026-10-08
S0pa0on0,虎杖浜,"141.21518,42.46489",8.1,DEM5A,地理院タイル 標高タイル 2026-10-08
S0padwgz,羽場,"136.92156,35.40119",60.1,DEM5A,地理院タイル 標高タイル 2026-10-08
S0paiz5n,舟戸,"133.59967,33.57022",2.0,DEM5A,地理院タイル 標高タイル 2026-10-08
S0pal5dc,土佐大津,"133.61199,33.57659",4.8,DEM5A,地理院タイル 標高タイル 2026-10-08
S0paqsab,堀川,"130.72533,32.84900",35.0,DEM5A,地理院タイル 標高タイル 2026-10-08
S0pb5ztv,向山,"141.37025,40.63023",41.5,DEM5A,地理院タイル 標高タイル 2026-10-08
S0pbe4jt,柏木平,"141.37985,39.30606",237.1,DEM5A,地理院タイル 標高タイル 2026-10-08
S0pbef3o,青郷,"135.49989,35.48159",27.7,DEM5A,地理院タイル 標高タイル 2026-10-08
S0pbnj96,烏丸御池,"135.75963,35.01050",42.0,DEM5A,地理院タイル 標高タイル 2026-10-08
S0pc6oh5,指扇,"139.56497,35.91696",9.6,DEM5A,地理院タイル 標高タイル 2026-10-08
S0pcjsa7,西大宮,"139.57897,35.92198",16.6,DEM5A,地理院タイル 標高タイル 2026-10-08
S0pd18qi,田舎館,"140.57127,40.63687",33.8,DEM5A,地理院タイル 標高タイル 2026-10-08
S0pe291g,八木崎,"139.74230,35.97857",7.1,DEM5A,地理院タイル 標高タイル 2026-10-08
S0pe2uei,中野,"138.19332,36.36051",480.5,DEM5A,地理院タイル 標高タイル 2026-10-08
S0pedyos,西11丁目,"141.34140,43.05868",18.5,DEM5A,地理院タイル 標高タイル 2026-10-08
S0pesdj0,天童南,"140.36572,38.34197",111.4,DEM5A,地理院タイル 標高タイル 2026-10-08
S0pf8omu,竜舞,"139.40910,36.27885",34.7,DEM5A,地理院タイル 標高タイル 2026-10-08
S0pf8ony,弓削,"133.95779,34.92565",127.5,DEM5A,地理院タイル 標高タイル 2026-10-08
S0pg5o6y,中八木,"134.93616,34.67080",16.4,DEM5A,地理院タイル 標高タイル 2026-10-08
S0pg9895,上丸渕,"136.73252,35.23387",2.5,DEM5A,地理院タイル 標高タイル 2026-10-08
S0pgc4np,鹿瀬,"139.48023,37.69596",63.2,DEM5A,地理院タイル 標高タイル 2026-10-08
S0pguz7x,高麗,"139.30434,35.88206",111.5,DEM5A,地理院タイル 標高タイル 2026-10-08
S0phdlx5,天満町,"132.44104,34.39515",1.9,DEM5A,地理院タイル 標高タイル 2026-10-08
S0phw99i,榴ヶ岡,"140.89380,38.25875",31.1,DEM5A,地理院タイル 標高タイル 2026-10-08
S0pi13o5,播州赤穂,"134.39305,34.75663",2.7,DEM5A,地理院タイル 標高タイル 2026-10-08
S0pikw1p,神山,"139.24484,37.86287",5.5,DEM5A,地理院タイル 標高タイル 2026-10-08
S0piowel,城下,"138.24265,36.39247",445.5,DEM5A,地理院タイル 標高タイル 2026-10-08
S0piqwx9,伊野,"133.42946,33.54797",15.8,DEM5A,地理院タイル 標高タイル 2026-10-08
S0piwfnz,美旗,"136.13301,34.66300",213.5,DEM5A,地理院タイル 標高タイル 2026-10-08
S0piwsk6,追分,"140.05782,39.80996",15.6,DEM10B,地理院タイル 標高タイル 2026-10-08
S0pj3uod,沼津,"138.86020,35.10312",8.2,DEM5A,地理院タイル 標高タイル 2026-10-08
S0pj856r,篠山口,"135.17749,35.05620",197.7,DEM5A,地理院タイル 標高タイル 2026-10-08
S0pjclxi,北長野,"138.22265,36.66507",365.7,DEM5A,地理院タイル 標高タイル 2026-10-08
S0pjj6xo,蒲原,"138.58283,35.11404",8.1,DEM5A,地理院タイル 標高タイル 2026-10-08
S0pjn6lt,上総三又,"140.12676,35.46592",14.7,DEM5A,地理院タイル 標高タイル 2026-10-08
S0pjs1yu,古高松,"134.11243,34.34092",1.1,DEM5A,地理院タイル 標高タイル 2026-10-08
S0pk4izq,千里山,"135.50551,34.77898",39.0,DEM5A,地理院タイル 標高タイル 2026-10-08
S0pk89yl,徳力公団前,"130.86759,33.83038",23.1,DEM5A,地理院タイル 標高タイル 2026-10-08
S0pk9i8t,砂田橋,"136.95442,35.18874",13.6,DEM5A,地理院タイル 標高タイル 2026-10-08
S0pkbr0f,竹橋,"139.75767,35.69044",4.0,DEM5A,地理院タイル 標高タイル 2026-10-08
S0pkc8ui,簗場,"137.84483,36.59491",827.3,DEM5A,地理院タイル 標高タイル 2026-10-08
S0pkrfts,韓々坂,"130.70183,32.82408",11.6,DEM5A,地理院タイル 標高タイル 2026-10-08
S0pkw015,天台,"140.11284,35.63147",21.9,DEM5A,地理院タイル 標高タイル 2026-10-08
S0pkzsv0,浮鞭,"133.02975,33.03939",5.1,DEM5A,地理院タイル 標高タイル 2026-10-08
S0pl4odo,伊那市,"137.95926,35.83845",639.1,DEM5A,地理院タイル 標高タイル 2026-10-08
S0plf82c,伊豆熱川,"139.06945,34.81721",45.5,DEM5A,地理院タイル 標高タイル 2026-10-08
S0plpqel,市城,"138.88239,36.57058",308.6,DEM5A,地理院タイル 標高タイル 2026-10-08
S0pm1o55,本町,"135.49889,34.68278",1.3,DEM5A,地理院タイル 標高タイル 2026-10-08
S0pm561o,富貴,"136.91676,34.82932",4.7,DEM5A,地理院タイル 標高タイル 2026-10-08
S0pm9ejj,学門,"135.15666,33.89625",4.2,DEM5A,地理院タイル 標高タイル 2026-10-08
S0pmnty2,東雲,"135.28494,35.47501",5.0,DEM5A,地理院タイル 標高タイル 2026-10-08
S0pms21m,三妻,"139.98310,36.07346",13.4,DEM5A,地理院タイル 標高タイル 2026-10-08
S0pmuido,梅屋敷,"135.68675,34.68312",400.0,DEM5A,地理院タイル 標高タイル 2026-10-08
S0pn0pe5,剣吉,"141.34673,40.44897",17.3,DEM5A,地理院タイル 標高タイル 2026-10-08
S0pn1ocn,伊予出石,"132.49885,33.59636",7.9,DEM5A,地理院タイル 標高タイル 2026-10-08
S0pn85xr,十弗,"143.50084,42.85580",11.2,DEM5A,地理院タイル 標高タイル 2026-10-08
S0pn8mlr,西吉井,"138.96587,36.25578",125.4,DEM5A,地理院タイル 標高タイル 2026-10-08
S0po8os7,上野原,"139.11541,35.61845",186.6,DEM5A,地理院タイル 標高タイル 2026-10-08
S0pojhvc,蒲生四丁目,"135.54702,34.70078",0.1,DEM5A,地理院タイル 標高タイル 2026-10-08
S0pomggm,涸沼,"140.52741,36.26612",3.0,DEM5A,地理院タイル 標高タイル 2026-10-08
S0porxht,天神山,"131.43891,33.18702",130.4,DEM5A,地理院タイル 標高タイル 2026-10-08
S0pp3jvz,追分,"136.59614,34.93391",9.1,DEM5A,地理院タイル 標高タイル 2026-10-08
S0pp5rhr,山谷,"129.84912,33.22912",27.6,DEM5A,地理院タイル 標高タイル 2026-10-08
S0ppbdin,卸町,"140.47948,37.79545",66.9,DEM5A,地理院タイル 標高タイル 2026-10-08
S0ppepj7,美佐島,"138.78992,37.13094",196.7,DEM5A,地理院タイル 標高タイル 2026-10-08
S0pq3hp8,大阪難波,"135.49903,34.66706",2.1,DEM5A,地理院タイル 標高タイル 2026-10-08
S0pq3q1o,鯖江,"136.18892,35.94348",18.6,DEM5A,地理院タイル 標高タイル 2026-10-08
S0pq933c,美合,"137.19634,34.92370",49.9,DEM5A,地理院タイル 標高タイル 2026-10-08
S0pq95ho,泉ケ丘,"135.51141,34.49703",71.5,DEM5A,地理院タイル 標高タイル 2026-10-08
S0pq9buh,河口湖,"138.76938,35.49798",856.5,DEM5A,地理院タイル 標高タイル 2026-10-08
S0pqb5ji,丸山,"139.62454,35.97960",10.9,DEM5A,地理院タイル 標高タイル 2026-10-08
S0pqg5pv,東一身田,"136.51210,34.75874",1.4,DEM5A,地理院タイル 標高タイル 2026-10-08
S0pqgcmi,林道,"134.07324,34.32332",2.7,DEM5A,地理院タイル 標高タイル 2026-10-08
S0pqhu2d,住吉,"130.59793,32.70204",3.1,DEM5A,地理院タイル 標高タイル 2026-10-08
S0pqnq7m,羽黒下,"138.48964,36.16640",741.0,DEM5A,地理院タイル 標高タイル 2026-10-08
S0pr15nm,肥後伊倉,"130.58677,32.91327",33.7,DEM5A,地理院タイル 標高タイル 2026-10-08
S0prbdr1,群馬藤岡,"139.08346,36.25032",83.6,DEM5A,地理院タイル 標高タイル 2026-10-08
S0prfidv,上町四丁目,"133.51982,33.55727",3.7,DEM5A,地理院タイル 標高タイル 2026-10-08
S0prj9tl,佐敷,"130.49731,32.30242",1.9,DEM5A,地理院タイル 標高タイル 2026-10-08
S0prpau2,小高,"140.99638,37.56312",3.4,DEM5A,地理院タイル 標高タイル 2026-10-08
S0prpmat,箸尾,"135.75126,34.57028",42.2,DEM5A,地理院タイル 標高タイル 2026-10-08
S0prth2b,サッポロビール庭園,"141.60543,42.86697",26.6,DEM10B,地理院タイル 標高タイル 2026-10-08
S0ps3ikp,東工業前,"133.63763,33.57625",9.9,DEM5A,地理院タイル 標高タイル 2026-10-08
S0pslr3l,菅谷,"140.64459,37.35048",462.0,DEM5A,地理院タイル 標高タイル 2026-10-08
S0psumb6,青野山,"131.80322,34.48094",132.0,DEM5A,地理院タイル 標高タイル 2026-10-08
S0pt22o2,市川,"139.90817,35.72887",3.1,DEM5A,地理院タイル 標高タイル 2026-10-08
S0ptfz8b,越中八尾,"137.13829,36.59170",62.6,DEM5A,地理院タイル 標高タイル 2026-10-08
S0ptkd08,渡島砂原,"140.68940,42.12167",35.5,DEM5A,地理院タイル 標高タイル 2026-10-08
S0ptouib,宿戸,"141.74685,40.36608",24.1,DEM5A,地理院タイル 標高タイル 2026-10-08
S0puc6w8,七条,"135.76764,34.99010",30.9,DEM5A,地理院タイル 標高タイル 2026-10-08
S0pusqyo,焼石,"137.20061,35.72563",280.6,DEM5A,地理院タイル 標高タイル 2026-10-08
S0puts8y,坪井川公園,"130.71905,32.82142",11.8,DEM5A,地理院タイル 標高タイル 2026-10-08
S0pvf0vj,西出水,"130.33928,32.07538",41.2,DEM5A,地理院タイル 標高タイル 2026-10-08
S0pvlwec,有年,"134.39556,34.82927",19.9,DEM5A,地理院タイル 標高タイル 2026-10-08
S0pwdhsj,田奈,"139.50459,35.53592",24.2,DEM5A,地理院タイル 標高タイル 2026-10-08
S0pwhsmf,高知橋,"133.54337,33.56389",2.6,DEM10B,地理院タイル 標高タイル 2026-10-08
S0pwj6ji,日登,"132.93113,35.27647",71.1,DEM5A,地理院タイル 標高タイル 2026-10-08
S0pwkshz,折生迫,"131.46748,31.78939",8.1,DEM5A,地理院タイル 標高タイル 2026-10-08
S0pwpedo,諏訪町,"137.37044,34.82354",13.0,DEM5A,地理院タイル 標高タイル 2026-10-08
S0pwpmyd,東岸和田,"135.38583,34.44933",22.5,DEM5A,地理院タイル 標高タイル 2026-10-08
S0px5ysl,旭ヶ丘,"131.68134,32.52847",6.3,DEM5A,地理院タイル 標高タイル 2026-10-08
S0px95r0,薬院,"130.40201,33.58183",2.9,DEM5A,地理院タイル 標高タイル 2026-10-08
S0pyncw5,東武竹沢,"139.23761,36.07525",111.3,DEM5A,地理院タイル 標高タイル 2026-10-08
S0pyuzsp,梅郷,"139.89110,35.93158",16.4,DEM5A,地理院タイル 標高タイル 2026-10-08
S0pz6ona,平津,"136.61843,35.02844",18.7,DEM5A,地理院タイル 標高タイル 2026-10-08
S0pzi1pk,野江,"135.54334,34.70730",3.4,DEM5A,地理院タイル 標高タイル 2026-10-08
S0pzijt6,甲府,"138.56956,35.66683",276.0,DEM5A,地理院タイル 標高タイル 2026-10-08
S0pzlcva,比婆山,"133.12329,34.96628",353.6,DEM5A,地理院タイル 標高タイル 2026-10-08
S0pzmwcn,明智,"137.08772,35.43335",103.8,DEM5A,地理院タイル 標高タイル 2026-10-08
S0pznryq,樅山,"139.74174,36.53333",122.7,DEM5A,地理院タイル 標高タイル 2026-10-08
S0pzqfe1,長崎駅前,"129.87182,32.75256",2.7,DEM5A,地理院タイル 標高タイル 2026-10-08
S0q03r8v,野町,"136.64418,36.55369",15.8,DEM5A,地理院タイル 標高タイル 2026-10-08
S0q076s9,柚木,"138.40617,34.98210",11.9,DEM5A,地理院タイル 標高タイル 2026-10-08
S0q09gdz,森岳,"140.07081,40.10321",8.5,DEM5A,地理院タイル 標高タイル 2026-10-08
S0q0b2ez,四条畷,"135.63924,34.73040",7.3,DEM5A,地理院タイル 標高タイル 2026-10-08
S0q0ebrm,川内,"141.59761,39.64077",297.3,DEM5A,地理院タイル 標高タイル 2026-10-08
S0q0hvzz,東久根別,"140.67971,41.82608",4.3,DEM5A,地理院タイル 標高タイル 2026-10-08
S0q0w9k4,原木中山,"139.94191,35.70330",1.1,DEM5A,地理院タイル 標高タイル 2026-10-08
S0q0xp6s,千旦,"135.24567,34.24165",9.1,DEM5A,地理院タイル 標高タイル 2026-10-08
S0q0yvw1,鈴鹿サーキット稲生,"136.55522,34.84110",11.6,DEM5A,地理院タイル 標高タイル 2026-10-08
S0q13mba,山陽塩屋,"135.08204,34.63361",3.1,DEM5A,地理院タイル 標高タイル 2026-10-08
S0q1bplc,足羽山公園口,"136.21507,36.05777",8.4,DEM5A,地理院タイル 標高タイル 2026-10-08
S0q1p79m,松森,"136.91541,35.52678",78.6,DEM5A,地理院タイル 標高タイル 2026-10-08
S0q1x9bh,長田,"135.14955,34.68163",70.1,DEM5A,地理院タイル 標高タイル 2026-10-08
S0q20jii,中岡崎,"137.15278,34.95634",16.7,DEM5A,地理院タイル 標高タイル 2026-10-08
S0q2141i,一身田,"136.49939,34.76277",5.5,DEM5A,地理院タイル 標高タイル 2026-10-08
S0q26xao,金光,"133.62100,34.54100",3.0,DEM5A,地理院タイル 標高タイル 2026-10-08
S0q3695r,青堀,"139.85888,35.33056",9.4,DEM5A,地理院タイル 標高タイル 2026-10-08
S0q3c73l,しんざ,"138.76840,37.13968",160.0,DEM5A,地理院タイル 標高タイル 2026-10-08
S0q3j9ku,徳永,"136.90355,35.80486",270.6,DEM5A,地理院タイル 標高タイル 2026-10-08
S0q3pa1m,川村,"130.79535,32.20723",114.9,DEM5A,地理院タイル 標高タイル 2026-10-08
S0q4fk2i,元田中,"135.78163,35.03502",60.0,DEM5A,地理院タイル 標高タイル 2026-10-08
S0q4lkzv,渋川,"139.00879,36.49123",181.6,DEM5A,地理院タイル 標高タイル 2026-10-08
S0q4sn4s,土岐市,"137.18213,35.35974",133.5,DEM5A,地理院タイル 標高タイル 2026-10-08
S0q4spuu,下川辺,"133.20526,34.55434",51.4,DEM5A,地理院タイル 標高タイル 2026-10-08
S0q4vbta,上有住,"141.68153,39.24199",399.6,DEM5A,地理院タイル 標高タイル 2026-10-08
S0q4z78y,寒河,"134.29773,34.74616",13.4,DEM5A,地理院タイル 標高タイル 2026-10-08
S0q6c4bh,江戸川,"139.89587,35.73783",2.6,DEM5A,地理院タイル 標高タイル 2026-10-08
S0q6yx0a,大国町,"135.49786,34.65630",1.4,DEM5A,地理院タイル 標高タイル 2026-10-08
S0q72r3d,国道,"139.67571,35.50077",2.1,DEM5A,地理院タイル 標高タイル 2026-10-08
S0q73vlu,掛澗,"140.64611,42.11925",18.3,DEM5A,地理院タイル 標高タイル 2026-10-08
S0q78z4o,代官山,"139.70349,35.64825",24.1,DEM5A,地理院タイル 標高タイル 2026-10-08
S0q7ak81,吉野,"135.85356,34.37700",203.0,DEM5A,地理院タイル 標高タイル 2026-10-08
S0q7buws,東新湊,"137.09905,36.77786",1.2,DEM5A,地理院タイル 標高タイル 2026-10-08
S0q7oimu,東銀座,"139.76728,35.66949",2.8,DEM5A,地理院タイル 標高タイル 2026-10-08
S0q7p4be,東清川,"139.98582,35.39000",10.6,DEM5A,地理院タイル 標高タイル 2026-10-08
S0q8anyy,御来屋,"133.50305,35.51217",19.2,DEM5A,地理院タイル 標高タイル 2026-10-08
S0q8bxk8,若狭本郷,"135.61904,35.48271",1.6,DEM5A,地理院タイル 標高タイル 2026-10-08
S0q8mls9,櫛原,"130.52433,33.31950",13.0,DEM5A,地理院タイル 標高タイル 2026-10-08
S0q8qco1,土佐入野,"133.01158,33.02394",4.5,DEM5A,地理院タイル 標高タイル 2026-10-08
S0qa2zky,肥後長浜,"130.56065,32.69075",4.6,DEM5A,地理院タイル 標高タイル 2026-10-08
S0qa41vw,五ノ三,"136.71143,35.12935",-2.2,DEM5A,地理院タイル 標高タイル 2026-10-08
S0qak2tl,鶴崎,"131.68693,33.24282",5.0,DEM5A,地理院タイル 標高タイル 2026-10-08
S0qb4buo,井川,"138.22114,35.21227",691.0,DEM5A,地理院タイル 標高タイル 2026-10-08
S0qb60f8,出町柳,"135.77309,35.03048",54.2,DEM5A,地理院タイル 標高タイル 2026-10-08
S0qbupxx,山下,"135.41230,34.89297",89.8,DEM5A,地理院タイル 標高タイル 2026-10-08
S0qca8f3,糸貫,"136.66977,35.46317",25.4,DEM5A,地理院タイル 標高タイル 2026-10-08
S0qcld5s,今泉,"140.04423,38.05670",215.0,DEM5A,地理院タイル 標高タイル 2026-10-08
S0qcqefp,貝田,"140.58098,37.90811",181.8,DEM5A,地理院タイル 標高タイル 2026-10-08
S0qcsg9c,小菅,"139.81265,35.75868",0.2,DEM5A,地理院タイル 標高タイル 2026-10-08
S0qct9e9,杉崎,"137.16899,36.24990",485.5,DEM5A,地理院タイル 標高タイル 2026-10-08
S0qdp8r0,谷田川,"140.43124,37.31363",266.5,DEM5A,地理院タイル 標高タイル 2026-10-08
S0qdyse3,福原,"140.18728,36.35153",60.0,DEM5A,地理院タイル 標高タイル 2026-10-08
S0qe0rpf,山上,"130.79519,33.84674",565.9,DEM5A,地理院タイル 標高タイル 2026-10-08
S0qe6wtq,筑豊直方,"130.72640,33.75356",8.7,DEM5A,地理院タイル 標高タイル 2026-10-08
S0qek80b,長与,"129.87951,32.81892",14.8,DEM5A,地理院タイル 標高タイル 2026-10-08
S0qemwco,河原田,"136.59910,34.91115",13.7,DEM5A,地理院タイル 標高タイル 2026-10-08
S0qenb5j,港区役所,"136.88479,35.10650",0.5,DEM5A,地理院タイル 標高タイル 2026-10-08
S0qeunn7,戸越公園,"139.71839,35.60893",22.5,DEM5A,地理院タイル 標高タイル 2026-10-08
S0qezdfb,平山城址公園,"139.37990,35.64731",85.4,DEM5A,地理院タイル 標高タイル 2026-10-08
S0qfr6yp,田県神社前,"136.94378,35.31740",33.2,DEM5A,地理院タイル 標高タイル 2026-10-08
S0qg1gvk,伊予中山,"132.71191,33.64920",179.4,DEM5A,地理院タイル 標高タイル 2026-10-08
S0qg9l6d,箕島,"135.12404,34.08609",2.7,DEM5A,地理院タイル 標高タイル 2026-10-08
S0qggn06,伊那田島,"137.91024,35.62745",634.8,DEM5A,地理院タイル 標高タイル 2026-10-08
S0qgiosf,明智,"137.38737,35.30597",444.3,DEM5A,地理院タイル 標高タイル 2026-10-08
S0qgpoj1,土崎,"140.07345,39.75890",7.9,DEM5A,地理院タイル 標高タイル 2026-10-08
S0qgty2f,荻野,"139.72225,37.61756",162.8,DEM5A,地理院タイル 標高タイル 2026-10-08
S0qh8eto,別府,"130.36928,33.57397",3.0,DEM5A,地理院タイル 標高タイル 2026-10-08
S0qhgnrp,板持,"131.17663,34.35330",18.5,DEM5A,地理院タイル 標高タイル 2026-10-08
S0qi82g2,豊田本町,"136.91082,35.11362",-0.3,DEM5A,地理院タイル 標高タイル 2026-10-08
S0qia7dx,近鉄蟹江,"136.79522,35.12965",-1.0,DEM5A,地理院タイル 標高タイル 2026-10-08
S0qic8w2,瀬高,"130.48544,33.15698",7.6,DEM5A,地理院タイル 標高タイル 2026-10-08
S0qiqdc6,辺川,"134.43488,33.69470",30.4,DEM5A,地理院タイル 標高タイル 2026-10-08
S0qj7n1d,下平,"137.89591,35.57258",441.5,DEM5A,地理院タイル 標高タイル 2026-10-08
S0qje81b,串,"132.56306,33.64706",24.8,DEM5A,地理院タイル 標高タイル 2026-10-08
S0qjkffa,西平内,"140.91311,40.91815",13.2,DEM5A,地理院タイル 標高タイル 2026-10-08
S0qjmafi,谷山,"130.52350,31.53017",2.7,DEM5A,地理院タイル 標高タイル 2026-10-08
S0qjmafi-2,谷山,"130.51898,31.52709",3.7,DEM5A,地理院タイル 標高タイル 2026-10-08
S0qjmdzt,本郷,"138.20409,36.66261",377.1,DEM5A,地理院タイル 標高タイル 2026-10-08
S0qjqwby,大桑,"139.71358,36.76082",326.2,DEM5A,地理院タイル 標高タイル 2026-10-08
S0qjw2d6,青葉山,"140.83534,38.25515",155.3,DEM5A,地理院タイル 標高タイル 2026-10-08
S0qk1zu4,大河原,"135.98824,34.77195",68.3,DEM5A,地理院タイル 標高タイル 2026-10-08
S0qkbgxo,館林,"139.52781,36.24661",22.8,DEM5A,地理院タイル 標高タイル 2026-10-08
S0qkbn1x,伊那松島,"137.98866,35.91385",677.3,DEM5A,地理院タイル 標高タイル 2026-10-08
S0qkes62,上月,"134.32252,34.98347",82.9,DEM5A,地理院タイル 標高タイル 2026-10-08
S0ql4ah1,暘谷,"131.53063,33.37016",18.1,DEM5A,地理院タイル 標高タイル 2026-10-08
S0qlgkwb,桜川,"136.18758,35.06495",127.1,DEM5A,地理院タイル 標高タイル 2026-10-08
S0qlvca2,新町口,"137.08432,36.77864",0.6,DEM5A,地理院タイル 標高タイル 2026-10-08
S0qmk16f,流山おおたかの森,"139.92536,35.87192",18.2,DEM5A,地理院タイル 標高タイル 2026-10-08
S0qmtw21,久代,"132.13918,34.94956",18.3,DEM5A,地理院タイル 標高タイル 2026-10-08
S0qn5k5y,駒鳴,"129.97239,33.31942",17.1,DEM5A,地理院タイル 標高タイル 2026-10-08
S0qn6iy7,賀来,"131.56262,33.21307",16.5,DEM5A,地理院タイル 標高タイル 2026-10-08
S0qnfzzt,西川口,"139.70436,35.81551",3.9,DEM5A,地理院タイル 標高タイル 2026-10-08
S0qniduf,伊里,"134.22453,34.74155",3.7,DEM5A,地理院タイル 標高タイル 2026-10-08
S0qnkk0t,市役所前,"140.10759,35.60697",4.8,DEM10B,地理院タイル 標高タイル 2026-10-08
S0qnrxda,坂祝,"136.97681,35.42639",61.7,DEM5A,地理院タイル 標高タイル 2026-10-08
S0qnwllt,東小諸,"138.43209,36.31701",675.6,DEM5A,地理院タイル 標高タイル 2026-10-08
S0qo7opn,JR淡路,"135.51981,34.74080",6.2,DEM5A,地理院タイル 標高タイル 2026-10-08
S0qo88md,森宮野原,"138.57745,36.98945",290.1,DEM5A,地理院タイル 標高タイル 2026-10-08
S0qoqyr6,邑久,"134.09098,34.66843",3.6,DEM5A,地理院タイル 標高タイル 2026-10-08
S0qp2ed1,伊達紋別,"140.85580,42.46936",2.5,DEM5A,地理院タイル 標高タイル 2026-10-08
S0qp633j,家城,"136.31922,34.62585",68.8,DEM5A,地理院タイル 標高タイル 2026-10-08
S0qp7gt0,有松,"136.97110,35.06769",13.7,DEM5A,地理院タイル 標高タイル 2026-10-08
S0qp861q,福島今町,"131.20339,31.45686",5.9,DEM5A,地理院タイル 標高タイル 2026-10-08
S0qpoe5r,山手,"139.64647,35.42680",16.8,DEM5A,地理院タイル 標高タイル 2026-10-08
S0qpz0w2,新旭川,"142.38476,43.78021",116.1,DEM5A,地理院タイル 標高タイル 2026-10-08
S0qq2nhx,武蔵溝ノ口,"139.61138,35.59882",14.5,DEM5A,地理院タイル 標高タイル 2026-10-08
S0qq7xpa,紀ノ川,"135.16590,34.25493",2.6,DEM5A,地理院タイル 標高タイル 2026-10-08
S0qqib9k,比良,"136.90293,35.22860",6.1,DEM5A,地理院タイル 標高タイル 2026-10-08
S0qqjfz9,奥武山公園,"127.67524,26.20066",2.3,DEM5A,地理院タイル 標高タイル 2026-10-08
S0qqpfwk,長町南,"140.87699,38.22472",11.1,DEM5A,地理院タイル 標高タイル 2026-10-08
S0qqsbgi,南港東,"135.43832,34.61380",3.1,DEM5A,地理院タイル 標高タイル 2026-10-08
S0qr98sk,上塩屋,"130.52960,31.53560",2.4,DEM5A,地理院タイル 標高タイル 2026-10-08
S0qr9ina,村崎野,"141.12049,39.32265",83.8,DEM5A,地理院タイル 標高タイル 2026-10-08
S0qrcdkh,新庄,"140.30611,38.76252",103.5,DEM5A,地理院タイル 標高タイル 2026-10-08
S0qs0o7k,鯉川,"140.07754,39.99634",15.3,DEM5A,地理院タイル 標高タイル 2026-10-08
S0qs5zfy,新井宿,"139.73811,35.84295",19.5,DEM5A,地理院タイル 標高タイル 2026-10-08
S0qsmxgu,七尾,"136.96422,37.04178",2.8,DEM5A,地理院タイル 標高タイル 2026-10-08
S0qsn5z5,米野木,"137.06699,35.12370",75.9,DEM5A,地理院タイル 標高タイル 2026-10-08
S0qsw6fk,石見福光,"132.32890,35.07659",6.1,DEM5A,地理院タイル 標高タイル 2026-10-08
S0qt206l,三条,"138.96088,37.62123",10.3,DEM5A,地理院タイル 標高タイル 2026-10-08
S0qt2p1z,玉川上水,"139.41826,35.73191",98.8,DEM5A,地理院タイル 標高タイル 2026-10-08
S0qt93vu,東金沢,"136.66948,36.59345",7.2,DEM5A,地理院タイル 標高タイル 2026-10-08
S0qtsa3q,早月加積,"137.37160,36.78372",20.8,DEM5A,地理院タイル 標高タイル 2026-10-08
S0qtw7zi,青山一丁目,"139.72406,35.67286",32.1,DEM5A,地理院タイル 標高タイル 2026-10-08
S0qu3hej,袖ヶ浦,"139.95721,35.43191",2.9,DEM5A,地理院タイル 標高タイル 2026-10-08
S0qu4qov,鯖瀬,"134.38536,33.64647",4.0,DEM5A,地理院タイル 標高タイル 2026-10-08
S0qu83yq,布田,"139.55172,35.64986",33.6,DEM5A,地理院タイル 標高タイル 2026-10-08
S0quf0qe,京阪山科,"135.81696,34.99202",65.4,DEM5A,地理院タイル 標高タイル 2026-10-08
S0qum2s6,足守,"133.80276,34.69800",13.9,DEM5A,地理院タイル 標高タイル 2026-10-08
S0qumqku,広大附属学校前,"132.46460,34.37156",-0.2,DEM5A,地理院タイル 標高タイル 2026-10-08
S0quxsmu,新王寺,"135.70470,34.59768",36.3,DEM5A,地理院タイル 標高タイル 2026-10-08
S0qv2fue,生山,"133.32191,35.17070",288.0,DEM5A,地理院タイル 標高タイル 2026-10-08
S0qv56ft,新木場,"139.82668,35.64587",5.2,DEM5A,地理院タイル 標高タイル 2026-10-08
S0qv7d3m,上尾幌,"144.61245,43.03294",39.0,DEM5A,地理院タイル 標高タイル 2026-10-08
S0qvjxfl,糸島高校前,"130.21360,33.56078",7.8,DEM5A,地理院タイル 標高タイル 2026-10-08
S0qvkrpj,下市,"133.56637,35.51881",28.8,DEM5A,地理院タイル 標高タイル 2026-10-08
S0qvn399,神戸,"139.35656,36.53751",334.8,DEM5A,地理院タイル 標高タイル 2026-10-08
S0qvoiz6,春日井,"136.98495,35.24296",20.9,DEM5A,地理院タイル 標高タイル 2026-10-08
S0qvp350,馬込沢,"139.99221,35.74166",17.1,DEM5A,地理院タイル 標高タイル 2026-10-08
S0qw8jgv,伊勢田,"135.77900,34.88216",28.2,DEM5A,地理院タイル 標高タイル 2026-10-08
S0qwrre5,甲東中学校前,"130.55288,31.58594",2.9,DEM5A,地理院タイル 標高タイル 2026-10-08
S0qwvktd,石清水八幡宮,"135.69982,34.88472",12.1,DEM5A,地理院タイル 標高タイル 2026-10-08
S0qwzcg7,十村,"135.89667,35.51604",25.4,DEM10B,地理院タイル 標高タイル 2026-10-08
S0qx6ufu,本銚子,"140.84730,35.73094",24.7,DEM5A,地理院タイル 標高タイル 2026-10-08
S0qxl5oj,稲城長沼,"139.50261,35.64428",37.4,DEM5A,地理院タイル 標高タイル 2026-10-08
S0qxqyej,徳宿,"140.51448,36.19034",23.1,DEM5A,地理院タイル 標高タイル 2026-10-08
S0qxt41j,津,"136.51056,34.73439",3.4,DEM5A,地理院タイル 標高タイル 2026-10-08
S0qy14qh,嵐電天神川,"135.71482,35.01018",32.7,DEM5A,地理院タイル 標高タイル 2026-10-08
S0qyaizh,越後曽根,"138.91109,37.79350",3.1,DEM5A,地理院タイル 標高タイル 2026-10-08
S0qyrqbh,明星,"136.64253,34.53140",8.0,DEM5A,地理院タイル 標高タイル 2026-10-08
S0qyrr48,美濃松山,"136.63268,35.16091",1.2,DEM5A,地理院タイル 標高タイル 2026-10-08
S0qyta5e,辻,"133.87386,34.02917",84.6,DEM5A,地理院タイル 標高タイル 2026-10-08
S0qz95mj,県病院前,"132.46486,34.36850",0.3,DEM5A,地理院タイル 標高タイル 2026-10-08
S0qzdgr2,千鳥橋,"135.45776,34.68538",-0.4,DEM5A,地理院タイル 標高タイル 2026-10-08
S0qzdve2,上新庄,"135.53302,34.75006",3.5,DEM5A,地理院タイル 標高タイル 2026-10-08
S0qzli0k,南長井,"140.03455,38.09762",201.9,DEM5A,地理院タイル 標高タイル 2026-10-08
S0qzv3j2,四街道,"140.16520,35.66291",30.7,DEM5A,地理院タイル 標高タイル 2026-10-08
S0r07mvc,淡路町,"139.76746,35.69487",4.9,DEM5A,地理院タイル 標高タイル 2026-10-08
S0r07uhn,角の浜,"141.68177,40.44446",22.1,DEM5A,地理院タイル 標高タイル 2026-10-08
S0r0dfnk,根小屋,"139.01906,36.29115",81.9,DEM5A,地理院タイル 標高タイル 2026-10-08
S0r0pepu,梓橋,"137.91808,36.25018",594.6,DEM5A,地理院タイル 標高タイル 2026-10-08
S0r14io0,岡場,"135.22248,34.82178",225.1,DEM5A,地理院タイル 標高タイル 2026-10-08
S0r2419s,松虫,"135.50985,34.63549",15.6,DEM5A,地理院タイル 標高タイル 2026-10-08
S0r2701z,阿仁合,"140.40123,40.00008",102.6,DEM5A,地理院タイル 標高タイル 2026-10-08
S0r2jfrt,湯野,"133.38700,34.55286",13.8,DEM5A,地理院タイル 標高タイル 2026-10-08
S0r2jrfj,松丸,"132.70889,33.22825",85.3,DEM5A,地理院タイル 標高タイル 2026-10-08
S0r2p46u,下鴨生,"130.72834,33.61474",29.5,DEM5A,地理院タイル 標高タイル 2026-10-08
S0r31ml4,山瀬,"134.25626,34.06018",27.6,DEM5A,地理院タイル 標高タイル 2026-10-08
S0r37z9e,土気,"140.26982,35.53090",79.8,DEM5A,地理院タイル 標高タイル 2026-10-08
S0r39hqb,石打ダム,"130.50682,32.64242",37.4,DEM5A,地理院タイル 標高タイル 2026-10-08
S0r3bu92,大岡,"138.88176,35.11604",21.9,DEM5A,地理院タイル 標高タイル 2026-10-08
S0r3cp0p,雑司が谷,"139.71472,35.72020",28.9,DEM5A,地理院タイル 標高タイル 2026-10-08
S0r3ndu4,美作大崎,"134.06753,35.04532",101.6,DEM5A,地理院タイル 標高タイル 2026-10-08
S0r3q276,舟入幸町,"132.44128,34.38336",0.7,DEM5A,地理院タイル 標高タイル 2026-10-08
S0r3wjxf,安栖里,"135.38538,35.26623",110.0,DEM5A,地理院タイル 標高タイル 2026-10-08
S0r3wskj,井高野,"135.54726,34.76012",3.1,DEM5A,地理院タイル 標高タイル 2026-10-08
S0r3yp3h,上州新屋,"138.95183,36.25603",134.1,DEM5A,地理院タイル 標高タイル 2026-10-08
S0r404fw,鳴子北,"136.96616,35.10270",19.3,DEM5A,地理院タイル 標高タイル 2026-10-08
S0r49l0a,蚊爪,"136.64309,36.62519",0.5,DEM5A,地理院タイル 標高タイル 2026-10-08
S0r4ete4,鹿又,"141.28331,38.48586",1.7,DEM5A,地理院タイル 標高タイル 2026-10-08
S0r4lmxn,桜木,"137.97274,34.77824",20.0,DEM5A,地理院タイル 標高タイル 2026-10-08
S0r4m4y2,祇園,"130.41439,33.59407",5.4,DEM5A,地理院タイル 標高タイル 2026-10-08
S0r4p66p,井野,"139.02327,36.35744",97.9,DEM5A,地理院タイル 標高タイル 2026-10-08
S0r4ujb9,深堀町,"140.76991,41.78712",17.4,DEM5A,地理院タイル 標高タイル 2026-10-08
S0r5fzah,味鋺,"136.93627,35.22281",10.5,DEM5A,地理院タイル 標高タイル 2026-10-08
S0r5l3qr,月田,"133.66669,35.04796",207.7,DEM5A,地理院タイル 標高タイル 2026-10-08
S0r5rxcb,上総湊,"139.87099,35.22183",12.0,DEM5A,地理院タイル 標高タイル 2026-10-08
S0r5wc5z,北熊本,"130.72187,32.82760",13.1,DEM5A,地理院タイル 標高タイル 2026-10-08
S0r60o0n,三崎口,"139.63336,35.17822",32.6,DEM5A,地理院タイル 標高タイル 2026-10-08
S0r63vfl,大津港,"140.77801,36.84607",7.2,DEM5A,地理院タイル 標高タイル 2026-10-08
S0r6i4ur,江尾,"133.48486,35.28303",145.9,DEM5A,地理院タイル 標高タイル 2026-10-08
S0r6k4ex,豊田,"139.38149,35.65947",91.8,DEM5A,地理院タイル 標高タイル 2026-10-08
S0r6s9gc,長泉なめり,"138.89933,35.14735",75.9,DEM5A,地理院タイル 標高タイル 2026-10-08
S0r7j3nv,鵜の木,"139.68055,35.57538",5.6,DEM5A,地理院タイル 標高タイル 2026-10-08
S0r7ncfl,山方宿,"140.40107,36.62447",43.3,DEM5A,地理院タイル 標高タイル 2026-10-08
S0r7t1te,西線14条,"141.33643,43.04064",29.6,DEM5A,地理院タイル 標高タイル 2026-10-08
S0r7xuhu,新屋,"140.08775,39.67744",6.4,DEM5A,地理院タイル 標高タイル 2026-10-08
S0r8b9z6,神城,"137.84661,36.65822",746.1,DEM5A,地理院タイル 標高タイル 2026-10-08
S0r8crhs,住道,"135.62168,34.70629",2.5,DEM5A,地理院タイル 標高タイル 2026-10-08
S0r8rqkj,高田橋,"136.81153,35.39840",14.8,DEM5A,地理院タイル 標高タイル 2026-10-08
S0r8simo,向ヶ丘遊園,"139.56461,35.61728",22.2,DEM5A,地理院タイル 標高タイル 2026-10-08
S0r8v5t2,旗の台,"139.70276,35.60503",26.4,DEM5A,地理院タイル 標高タイル 2026-10-08
S0r9bhh5,釜ヶ淵,"137.31931,36.63332",132.8,DEM5A,地理院タイル 標高タイル 2026-10-08
S0r9c8fi,剛志,"139.22388,36.29541",51.5,DEM5A,地理院タイル 標高タイル 2026-10-08
S0r9gpws,横間,"141.02717,40.10751",326.8,DEM5A,地理院タイル 標高タイル 2026-10-08
S0r9iu1r,幸田,"137.16446,34.85965",14.5,DEM5A,地理院タイル 標高タイル 2026-10-08
S0r9lk93,上総鶴舞,"140.16506,35.38130",36.5,DEM5A,地理院タイル 標高タイル 2026-10-08
S0ra0uvk,一分,"135.70798,34.67542",116.6,DEM5A,地理院タイル 標高タイル 2026-10-08
S0ra2dak,聖蹟桜ヶ丘,"139.44687,35.65079",52.7,DEM5A,地理院タイル 標高タイル 2026-10-08
S0rael21,山田西町,"133.67733,33.60457",37.3,DEM5A,地理院タイル 標高タイル 2026-10-08
S0raxiw4,高野,"134.06594,35.08047",116.1,DEM5A,地理院タイル 標高タイル 2026-10-08
S0rbep7o,矢口渡,"139.70034,35.56245",4.9,DEM5A,地理院タイル 標高タイル 2026-10-08
S0rbkhv3,田原,"134.86684,34.86548",33.6,DEM5A,地理院タイル 標高タイル 2026-10-08
S0rc70n6,三河川合,"137.66399,35.00173",154.5,DEM5A,地理院タイル 標高タイル 2026-10-08
S0rc7scq,熱郛,"140.37514,42.67570",53.5,DEM5A,地理院タイル 標高タイル 2026-10-08
S0rcdpoa,桂川,"130.66256,33.58465",34.4,DEM5A,地理院タイル 標高タイル 2026-10-08
S0rcxbw9,福用,"138.09010,34.90182",120.8,DEM5A,地理院タイル 標高タイル 2026-10-08
S0rd5yde,桃山,"135.77193,34.93256",39.1,DEM5A,地理院タイル 標高タイル 2026-10-08
S0rdru31,金城ふ頭,"136.84924,35.04888",4.2,DEM5A,地理院タイル 標高タイル 2026-10-08
S0rdx3rr,三本松,"134.33416,34.25174",4.0,DEM5A,地理院タイル 標高タイル 2026-10-08
S0re0b3d,三河安城,"137.06063,34.96975",17.5,DEM5A,地理院タイル 標高タイル 2026-10-08
S0refx5p,古市,"135.15495,35.02196",214.2,DEM5A,地理院タイル 標高タイル 2026-10-08
S0rerjrz,築地口,"136.88320,35.09994",-0.2,DEM5A,地理院タイル 標高タイル 2026-10-08
S0reubln,樽見,"136.61580,35.63517",166.7,DEM5A,地理院タイル 標高タイル 2026-10-08
S0rezuos,鎌倉高校前,"139.50050,35.30676",11.9,DEM5A,地理院タイル 標高タイル 2026-10-08
S0rfh6vd,柿生,"139.49755,35.58957",36.6,DEM5A,地理院タイル 標高タイル 2026-10-08
S0rfm8pv,鍼灸大学前,"135.48952,35.17953",170.0,DEM5A,地理院タイル 標高タイル 2026-10-08
S0rfqmea,天竜川,"137.77940,34.71706",7.1,DEM5A,地理院タイル 標高タイル 2026-10-08
S0rg7e65,住吉,"135.49190,34.61425",2.2,DEM5A,地理院タイル 標高タイル 2026-10-08
S0rgwah4,角館,"140.57118,39.59179",60.5,DEM5A,地理院タイル 標高タイル 2026-10-08
S0rhgmbd,馬道,"136.67640,35.06061",7.3,DEM5A,地理院タイル 標高タイル 2026-10-08
S0rhh001,名寄,"142.46542,44.34935",98.7,DEM5A,地理院タイル 標高タイル 2026-10-08
S0rhhc24,五所川原,"140.44798,40.80881",8.0,DEM5A,地理院タイル 標高タイル 2026-10-08
S0rhmtxe,九品寺交差点,"130.71653,32.80065",14.5,DEM5A,地理院タイル 標高タイル 2026-10-08
S0rhmv3k,スクリーン,"136.26718,35.23331",108.9,DEM5A,地理院タイル 標高タイル 2026-10-08
S0rhrnue,津ノ井,"134.24860,35.46115",8.9,DEM5A,地理院タイル 標高タイル 2026-10-08
S0ri284n,江川崎,"132.78318,33.17822",52.0,DEM5A,地理院タイル 標高タイル 2026-10-08
S0rig1i2,神奈川新町,"139.64017,35.48152",5.6,DEM5A,地理院タイル 標高タイル 2026-10-08
S0rj201w,滝原,"136.41204,34.36016",107.7,DEM5A,地理院タイル 標高タイル 2026-10-08
S0rjdv80,藪塚,"139.31582,36.35872",89.8,DEM5A,地理院タイル 標高タイル 2026-10-08
S0rk9nzl,日生,"134.27651,34.73517",5.0,DEM5A,地理院タイル 標高タイル 2026-10-08
S0rl1en2,新富士,"144.35081,43.00160",3.3,DEM5A,地理院タイル 標高タイル 2026-10-08
S0rl2v58,南高崎,"139.01236,36.31242",93.5,DEM5A,地理院タイル 標高タイル 2026-10-08
S0rlak47,貴生川,"136.15385,34.95218",165.4,DEM5A,地理院タイル 標高タイル 2026-10-08
S0rlt6fd,新豊田,"137.15354,35.08788",36.7,DEM5A,地理院タイル 標高タイル 2026-10-08
S0rm1rxc,私市,"135.68657,34.76763",52.1,DEM5A,地理院タイル 標高タイル 2026-10-08
S0rm4ueb,馬喰町,"139.78239,35.69334",4.6,DEM5A,地理院タイル 標高タイル 2026-10-08
S0rmhm77,二階堂,"135.79616,34.60203",46.4,DEM5A,地理院タイル 標高タイル 2026-10-08
S0rmu3jg,北間,"136.64110,36.62289",1.4,DEM5A,地理院タイル 標高タイル 2026-10-08
S0rn36d4,升形,"140.24426,38.75158",68.5,DEM5A,地理院タイル 標高タイル 2026-10-08
S0rn4i1p,足立,"133.38384,35.03840",322.6,DEM5A,地理院タイル 標高タイル 2026-10-08
S0rn5tn7,因幡社,"134.19656,35.31239",106.9,DEM5A,地理院タイル 標高タイル 2026-10-08
S0rn986f,高瀬,"133.71080,34.18360",9.1,DEM5A,地理院タイル 標高タイル 2026-10-08
S0rngrit,向原,"139.72481,35.72877",29.7,DEM5A,地理院タイル 標高タイル 2026-10-08
S0rnh4er,滝谷,"139.69796,37.49433",255.3,DEM5A,地理院タイル 標高タイル 2026-10-08
S0rnvum9,萱草,"140.41240,39.95854",148.3,DEM10B,地理院タイル 標高タイル 2026-10-08
S0rody8e,友江,"136.60067,35.32639",3.4,DEM5A,地理院タイル 標高タイル 2026-10-08
S0rop2a0,えちご押上ひすい海岸,"137.87840,37.04824",5.7,DEM5A,地理院タイル 標高タイル 2026-10-08
S0row4x7,名張,"136.09574,34.62161",205.3,DEM5A,地理院タイル 標高タイル 2026-10-08
S0rowctj,千代県庁口,"130.41416,33.60231",3.3,DEM5A,地理院タイル 標高タイル 2026-10-08
S0rp89gb,大阪上本町,"135.51999,34.66589",17.9,DEM5A,地理院タイル 標高タイル 2026-10-08
S0rpgrxl,上中里,"139.74629,35.74689",13.8,DEM5A,地理院タイル 標高タイル 2026-10-08
S0rqde7s,小机,"139.59962,35.50863",6.2,DEM5A,地理院タイル 標高タイル 2026-10-08
S0rqlduo,王子公園,"135.21864,34.71034",41.2,DEM5A,地理院タイル 標高タイル 2026-10-08
S0rqr4ty,国英,"134.21787,35.37319",49.4,DEM5A,地理院タイル 標高タイル 2026-10-08
S0rr71i5,篠原,"136.07176,35.09928",99.3,DEM5A,地理院タイル 標高タイル 2026-10-08
S0rs4qqq,第一イン新湊クロスベイ前,"137.07841,36.78120",1.4,DEM5A,地理院タイル 標高タイル 2026-10-08
S0rsripc,中央図書館前,"141.34008,43.03042",39.7,DEM5A,地理院タイル 標高タイル 2026-10-08
S0rss3yo,観音,"140.83984,35.72890",11.3,DEM5A,地理院タイル 標高タイル 2026-10-08
S0rsx7u3,牛渕団地前,"132.84626,33.79771",75.9,DEM5A,地理院タイル 標高タイル 2026-10-08
S0rsz0xi,栗熊,"133.88449,34.23412",36.0,DEM5A,地理院タイル 標高タイル 2026-10-08
S0rtec49,城北,"132.45895,34.40538",3.4,DEM5A,地理院タイル 標高タイル 2026-10-08
S0rtf15w,小天橋,"134.92848,35.63012",4.2,DEM5A,地理院タイル 標高タイル 2026-10-08
S0rtn5ji,今出川,"135.75933,35.03006",55.1,DEM5A,地理院タイル 標高タイル 2026-10-08
S0rtrzik,仁愛女子高校,"136.21807,36.06932",7.2,DEM5A,地理院タイル 標高タイル 2026-10-08
S0rv9ooj,武庫之荘,"135.39386,34.75165",5.4,DEM5A,地理院タイル 標高タイル 2026-10-08
S0rvettl,鈴蘭台西口,"135.14076,34.72653",304.5,DEM5A,地理院タイル 標高タイル 2026-10-08
S0rvm31a,忍海,"135.73201,34.47597",90.3,DEM5A,地理院タイル 標高タイル 2026-10-08
S0rvmlvw,南阿蘇水の生まれる里白水高原,"131.04009,32.83422",400.7,DEM5A,地理院タイル 標高タイル 2026-10-08
S0rvwot8,下狛,"135.78856,34.78057",35.0,DEM5A,地理院タイル 標高タイル 2026-10-08
S0rwufoz,公園東口,"135.53959,34.81059",33.4,DEM5A,地理院タイル 標高タイル 2026-10-08
S0rww485,門司港,"130.96051,33.94405",3.4,DEM5A,地理院タイル 標高タイル 2026-10-08
S0rxcvar,田畑,"137.97783,35.86080",648.5,DEM5A,地理院タイル 標高タイル 2026-10-08
S0rxprz2,牛田,"139.81177,35.74455",0.7,DEM5A,地理院タイル 標高タイル 2026-10-08
S0rxqbxj,湊川,"135.16611,34.67928",10.9,DEM5A,地理院タイル 標高タイル 2026-10-08
S0rxsec3,伊予宮野下,"132.60585,33.28881",149.2,DEM5A,地理院タイル 標高タイル 2026-10-08
S0rxxyul,南浦和,"139.66878,35.84796",8.3,DEM5A,地理院タイル 標高タイル 2026-10-08
S0ryvtsa,竜田,"141.00277,37.28231",23.6,DEM5A,地理院タイル 標高タイル 2026-10-08
S0rzcgbz,物井,"140.20031,35.68572",7.5,DEM5A,地理院タイル 標高タイル 2026-10-08
S0rzv8l9,古山,"141.79402,42.97525",46.8,DEM5A,地理院タイル 標高タイル 2026-10-08
S0rzxqxk,佐奈,"136.53904,34.47846",44.4,DEM5A,地理院タイル 標高タイル 2026-10-08
S0s06yyt,千葉公園,"140.11798,35.61971",17.1,DEM5A,地理院タイル 標高タイル 2026-10-08
S0s0d8zr,北須坂,"138.30871,36.67839",364.9,DEM5A,地理院タイル 標高タイル 2026-10-08
S0s0i3v9,矢田,"135.53295,34.60590",7.5,DEM5A,地理院タイル 標高タイル 2026-10-08
S0s0ilob,山東,"135.26218,34.20576",17.8,DEM5A,地理院タイル 標高タイル 2026-10-08
S0s0kj7s,大泊,"136.11807,33.90224",10.3,DEM5A,地理院タイル 標高タイル 2026-10-08
S0s1i6fq,六原,"141.09781,39.22783",73.4,DEM5A,地理院タイル 標高タイル 2026-10-08
S0s1mll8,新大宮,"135.81069,34.68543",64.5,DEM5A,地理院タイル 標高タイル 2026-10-08
S0s1ppra,服部川,"135.64116,34.62645",32.0,DEM5A,地理院タイル 標高タイル 2026-10-08
S0s1q2kc,日野,"136.21946,35.01225",159.1,DEM5A,地理院タイル 標高タイル 2026-10-08
S0s24yzb,御室仁和寺,"135.71439,35.02636",63.3,DEM5A,地理院タイル 標高タイル 2026-10-08
S0s2ovro,白石,"140.62625,38.00313",47.0,DEM5A,地理院タイル 標高タイル 2026-10-08
S0s2wnbx,栗林,"134.05339,34.33233",4.3,DEM5A,地理院タイル 標高タイル 2026-10-08
S0s2ynfd,桜木,"140.16099,35.63140",27.8,DEM5A,地理院タイル 標高タイル 2026-10-08
S0s34k7r,東海通,"136.88604,35.11348",-0.0,DEM5A,地理院タイル 標高タイル 2026-10-08
S0s34vpc,牛ノ谷,"136.28186,36.25969",41.1,DEM5A,地理院タイル 標高タイル 2026-10-08
S0s3ces0,横浜,"139.62208,35.46585",3.4,DEM5A,地理院タイル 標高タイル 2026-10-08
S0s3eocr,横手,"140.56044,39.31028",62.8,DEM5A,地理院タイル 標高タイル 2026-10-08
S0s3gxt0,伊予横田,"132.72710,33.77285",10.6,DEM5A,地理院タイル 標高タイル 2026-10-08
S0s3md5g,妹尾,"133.87181,34.60842",2.7,DEM5A,地理院タイル 標高タイル 2026-10-08
S0s42jwe,伊予北条,"132.77534,33.97290",3.0,DEM5A,地理院タイル 標高タイル 2026-10-08
S0s469oj,新白岡,"139.67189,36.03825",9.5,DEM5A,地理院タイル 標高タイル 2026-10-08
S0s47dog,北三条,"138.95562,37.63276",8.3,DEM5A,地理院タイル 標高タイル 2026-10-08
S0s4cmew,美栄橋,"127.68442,26.21916",2.4,DEM5A,地理院タイル 標高タイル 2026-10-08
S0s4d6ki,笑内,"140.41311,39.93506",164.7,DEM10B,地理院タイル 標高タイル 2026-10-08
S0s4dfsd,赤坂,"139.73644,35.67211",10.4,DEM5A,地理院タイル 標高タイル 2026-10-08
S0s4ir8o,会津水沼,"139.56054,37.48298",262.6,DEM5A,地理院タイル 標高タイル 2026-10-08
S0s4ourv,武生,"136.17097,35.90331",32.2,DEM5A,地理院タイル 標高タイル 2026-10-08
S0s4vv95,戸狩野沢温泉,"138.39294,36.91666",315.0,DEM5A,地理院タイル 標高タイル 2026-10-08
S0s5dy3v,糒,"130.79917,33.66481",18.7,DEM5A,地理院タイル 標高タイル 2026-10-08
S0s5f08p,二子,"136.76569,35.28376",5.0,DEM5A,地理院タイル 標高タイル 2026-10-08
S0s5n96r,近津,"140.39377,37.00051",223.7,DEM5A,地理院タイル 標高タイル 2026-10-08
S0s5rz5d,木曽福島,"137.69340,35.84372",775.4,DEM5A,地理院タイル 標高タイル 2026-10-08
S0s65eu4,中村公園,"136.85493,35.16773",1.0,DEM5A,地理院タイル 標高タイル 2026-10-08
S0s6b4y6,讃岐白鳥,"134.36619,34.24361",2.2,DEM5A,地理院タイル 標高タイル 2026-10-08
S0s6dlgt,房前,"134.15845,34.33235",2.2,DEM5A,地理院タイル 標高タイル 2026-10-08
S0s6jguj,南方,"131.43453,31.85945",5.1,DEM5A,地理院タイル 標高タイル 2026-10-08
S0s75p0h,大阪ビジネスパーク,"135.52976,34.69187",4.3,DEM5A,地理院タイル 標高タイル 2026-10-08
S0s7c51i,谷塚,"139.80147,35.81486",3.1,DEM5A,地理院タイル 標高タイル 2026-10-08
S0s7cnti,本町一丁目,"132.75865,33.84076",18.5,DEM5A,地理院タイル 標高タイル 2026-10-08
S0s7pckz,波田須,"136.13810,33.91011",25.0,DEM5A,地理院タイル 標高タイル 2026-10-08
S0s8dz5o,今別,"140.49057,41.17967",6.2,DEM5A,地理院タイル 標高タイル 2026-10-08
S0s8eumc,舞岡,"139.55127,35.40254",24.2,DEM5A,地理院タイル 標高タイル 2026-10-08
S0s8gdza,みなと元町,"135.18391,34.68585",2.5,DEM5A,地理院タイル 標高タイル 2026-10-08
S0s8t8l8,上道,"134.02065,34.69931",3.6,DEM5A,地理院タイル 標高タイル 2026-10-08
S0s8u493,曽波神,"141.28785,38.46581",0.7,DEM5A,地理院タイル 標高タイル 2026-10-08
S0s8xf42,大府,"136.96180,35.00870",10.1,DEM5A,地理院タイル 標高タイル 2026-10-08
S0s8zqbm,茶志内,"141.87336,43.36980",27.6,DEM5A,地理院タイル 標高タイル 2026-10-08
S0s96ow5,鵡川,"141.92396,42.57896",7.4,DEM5A,地理院タイル 標高タイル 2026-10-08
S0s9l0ek,水尻,"132.49899,34.31986",4.2,DEM5A,地理院タイル 標高タイル 2026-10-08
S0s9vasi,碧南中央,"136.98944,34.88731",7.3,DEM5A,地理院タイル 標高タイル 2026-10-08
S0sa9tjg,福島町,"132.43406,34.39483",3.1,DEM5A,地理院タイル 標高タイル 2026-10-08
S0saaytc,中之島,"135.48790,34.69170",1.0,DEM5A,地理院タイル 標高タイル 2026-10-08
S0sarkj8,積志,"137.76341,34.76808",11.2,DEM5A,地理院タイル 標高タイル 2026-10-08
S0saspsc,上小川,"140.37869,36.71927",75.1,DEM5A,地理院タイル 標高タイル 2026-10-08
S0sauf5y,大安,"136.54576,35.09155",53.1,DEM5A,地理院タイル 標高タイル 2026-10-08
S0saysea,相老,"139.30416,36.41047",135.4,DEM5A,地理院タイル 標高タイル 2026-10-08
S0sb1o1j,吉川,"139.84318,35.87665",2.8,DEM5A,地理院タイル 標高タイル 2026-10-08
S0sbb6b1,赤瀬,"130.51011,32.65315",46.8,DEM5A,地理院タイル 標高タイル 2026-10-08
S0sbdryz,茅ヶ崎,"139.40719,35.33055",8.3,DEM5A,地理院タイル 標高タイル 2026-10-08
S0sbk6mc,久が原,"139.68567,35.57946",15.7,DEM5A,地理院タイル 標高タイル 2026-10-08
S0sbsoia,追分,"141.81070,42.87328",47.6,DEM10B,地理院タイル 標高タイル 2026-10-08
S0sc742h,車道,"136.92949,35.17341",12.8,DEM5A,地理院タイル 標高タイル 2026-10-08
S0schkm5,小牧口,"136.92770,35.28175",18.0,DEM5A,地理院タイル 標高タイル 2026-10-08
S0scs7pl,新大牟田,"130.48875,33.07132",16.6,DEM5A,地理院タイル 標高タイル 2026-10-08
S0scyemy,古井,"137.04766,35.45743",90.5,DEM5A,地理院タイル 標高タイル 2026-10-08
S0sdcgt3,川間,"139.83454,35.97919",14.3,DEM5A,地理院タイル 標高タイル 2026-10-08
S0sdeny2,我孫子町,"135.50704,34.60229",9.3,DEM5A,地理院タイル 標高タイル 2026-10-08
S0sdrjr4,薊野,"133.56043,33.57837",2.7,DEM5A,地理院タイル 標高タイル 2026-10-08
S0sdvibi,西堀端,"132.75808,33.84030",18.6,DEM5A,地理院タイル 標高タイル 2026-10-08
S0sdwla8,東新庄,"137.25298,36.69870",14.6,DEM5A,地理院タイル 標高タイル 2026-10-08
S0seqvjm,岩間,"140.27650,36.29544",41.0,DEM5A,地理院タイル 標高タイル 2026-10-08
S0sesig2,大麻生,"139.33191,36.14462",43.4,DEM5A,地理院タイル 標高タイル 2026-10-08
S0seswq3,醒ヶ井,"136.34519,35.32771",116.3,DEM5A,地理院タイル 標高タイル 2026-10-08
S0sfr2cu,錦糸町,"139.81479,35.69722",1.9,DEM5A,地理院タイル 標高タイル 2026-10-08
S0sg6nfa,八幡,"130.79515,33.86927",12.1,DEM5A,地理院タイル 標高タイル 2026-10-08
S0sgeeuy,田野,"134.00761,33.43042",3.8,DEM5A,地理院タイル 標高タイル 2026-10-08
S0sginmr,玉川,"135.47636,34.68933",-1.1,DEM5A,地理院タイル 標高タイル 2026-10-08
S0sgqebj,越後片貝,"139.62241,38.07077",81.8,DEM5A,地理院タイル 標高タイル 2026-10-08
S0sgrmxw,安田,"138.61217,37.34112",16.5,DEM5A,地理院タイル 標高タイル 2026-10-08
S0sgt2iy,西鉄渡瀬,"130.45880,33.08672",4.8,DEM5A,地理院タイル 標高タイル 2026-10-08
S0sh0ckb,大倉山,"139.62983,35.52243",10.0,DEM5A,地理院タイル 標高タイル 2026-10-08
S0sh7ml3,みの,"133.71065,34.20560",3.2,DEM5A,地理院タイル 標高タイル 2026-10-08
S0shuu9i,天王宿,"139.30815,36.41492",134.8,DEM5A,地理院タイル 標高タイル 2026-10-08
S0si0znz,小俣,"139.37443,36.37499",72.2,DEM5A,地理院タイル 標高タイル 2026-10-08
S0sibcd8,学研奈良登美ヶ丘,"135.74916,34.72639",108.4,DEM5A,地理院タイル 標高タイル 2026-10-08
S0sjrv23,磐城守山,"140.40653,37.33072",240.5,DEM5A,地理院タイル 標高タイル 2026-10-08
S0sk1a84,十二所,"140.66818,40.21434",84.4,DEM5A,地理院タイル 標高タイル 2026-10-08
S0sk746c,東別院,"136.90457,35.14993",6.6,DEM5A,地理院タイル 標高タイル 2026-10-08
S0skk4ma,富田,"136.65316,35.00816",1.7,DEM5A,地理院タイル 標高タイル 2026-10-08
S0skkvzg,南大東,"132.92799,35.30790",43.3,DEM5A,地理院タイル 標高タイル 2026-10-08
S0skp5ba,佐土原,"131.47742,32.02253",11.0,DEM5A,地理院タイル 標高タイル 2026-10-08
S0sku3yk,千歳烏山,"139.60038,35.66783",47.6,DEM5A,地理院タイル 標高タイル 2026-10-08
S0skvjc4,原宿,"139.70271,35.67132",29.0,DEM5A,地理院タイル 標高タイル 2026-10-08
S0slfqea,えびの飯野,"130.87120,32.03032",279.8,DEM5A,地理院タイル 標高タイル 2026-10-08
S0sll2on,桜岡,"142.48704,43.80194",142.1,DEM5A,地理院タイル 標高タイル 2026-10-08
S0smosk8,西脇市,"134.96893,34.97167",58.2,DEM5A,地理院タイル 標高タイル 2026-10-08
S0smwee6,勝山町,"132.77482,33.84175",28.7,DEM5A,地理院タイル 標高タイル 2026-10-08
S0sn0yjg,美作滝尾,"134.07140,35.12358",156.5,DEM5A,地理院タイル 標高タイル 2026-10-08
S0snd9qa,上星川,"139.58045,35.46737",8.7,DEM5A,地理院タイル 標高タイル 2026-10-08
S0snj8oc,粟生津,"138.87350,37.65397",7.5,DEM5A,地理院タイル 標高タイル 2026-10-08
S0so9514,下野代,"136.64723,35.11590",11.4,DEM5A,地理院タイル 標高タイル 2026-10-08
S0sob132,松尾八幡平,"141.04394,39.96924",287.5,DEM5A,地理院タイル 標高タイル 2026-10-08
S0soho6r,信太山,"135.43296,34.50026",12.3,DEM5A,地理院タイル 標高タイル 2026-10-08
S0sp5pc2,立石,"131.47715,33.48193",115.3,DEM5A,地理院タイル 標高タイル 2026-10-08
S0sp7s0a,工機前,"140.52465,36.38813",25.1,DEM5A,地理院タイル 標高タイル 2026-10-08
S0sqdmkr,蓮根,"139.67906,35.78406",2.6,DEM5A,地理院タイル 標高タイル 2026-10-08
S0sqhek9,下庄,"136.47961,34.81426",42.4,DEM5A,地理院タイル 標高タイル 2026-10-08
S0sqr0kr,東淀川,"135.50400,34.73921",2.4,DEM5A,地理院タイル 標高タイル 2026-10-08
S0srdewk,東神奈川,"139.63316,35.47787",5.2,DEM5A,地理院タイル 標高タイル 2026-10-08
S0srdm96,日前宮,"135.20186,34.22642",4.3,DEM5A,地理院タイル 標高タイル 2026-10-08
S0srhhvb,藤崎宮前,"130.71325,32.80901",15.8,DEM5A,地理院タイル 標高タイル 2026-10-08
S0srie8p,笹原田,"140.14474,36.53396",118.7,DEM5A,地理院タイル 標高タイル 2026-10-08
S0srr70z,筒井,"135.78066,34.62024",48.7,DEM5A,地理院タイル 標高タイル 2026-10-08
S0ss85oz,甘地,"134.75856,34.98815",84.6,DEM5A,地理院タイル 標高タイル 2026-10-08
S0ssh52u,余部,"134.64275,34.85625",21.2,DEM5A,地理院タイル 標高タイル 2026-10-08
S0ssnhri,丹波大山,"135.16857,35.07240",200.2,DEM5A,地理院タイル 標高タイル 2026-10-08
S0stmny3,城下,"133.92977,34.66557",4.9,DEM5A,地理院タイル 標高タイル 2026-10-08
S0stmpxe,宮の沢,"141.27776,43.08953",26.9,DEM5A,地理院タイル 標高タイル 2026-10-08
S0storzk,松山市駅,"132.76234,33.83603",20.7,DEM5A,地理院タイル 標高タイル 2026-10-08
S0su9ksi,河原,"134.22310,35.39754",33.3,DEM5A,地理院タイル 標高タイル 2026-10-08
S0sv2pyq,延方,"140.58881,35.95810",2.3,DEM5A,地理院タイル 標高タイル 2026-10-08
S0svdhms,南仙台,"140.88330,38.19722",8.0,DEM5A,地理院タイル 標高タイル 2026-10-08
S0svhmwn,海士有木,"140.12430,35.48173",13.8,DEM5A,地理院タイル 標高タイル 2026-10-08
S0svjsf3,御着,"134.73533,34.81701",9.7,DEM5A,地理院タイル 標高タイル 2026-10-08
S0svmlv0,梅戸井,"136.55720,35.07505",36.4,DEM5A,地理院タイル 標高タイル 2026-10-08
S0svsbl6,甘露寺前,"135.30137,34.21330",52.0,DEM5A,地理院タイル 標高タイル 2026-10-08
S0svvni3,加治屋町,"130.54763,31.58705",3.9,DEM5A,地理院タイル 標高タイル 2026-10-08
S0svxb0k,修大協創中高前,"132.37423,34.36818",4.1,DEM5A,地理院タイル 標高タイル 2026-10-08
S0swblh1,吉見ノ里,"135.28988,34.39150",5.1,DEM5A,地理院タイル 標高タイル 2026-10-08
S0swkyxr,家地川,"133.07475,33.16141",186.5,DEM5A,地理院タイル 標高タイル 2026-10-08
S0swlnmr,上州富岡,"138.89193,36.26051",164.7,DEM5A,地理院タイル 標高タイル 2026-10-08
S0sxigjw,志井公園,"130.87973,33.81827",38.5,DEM5A,地理院タイル 標高タイル 2026-10-08
S0sy6e3c,水口松尾,"136.18644,34.98022",173.8,DEM5A,地理院タイル 標高タイル 2026-10-08
S0sy8orw,西新井大師西,"139.77014,35.78116",2.3,DEM5A,地理院タイル 標高タイル 2026-10-08
S0sydxll,鬼怒川公園,"139.72283,36.84157",403.7,DEM5A,地理院タイル 標高タイル 2026-10-08
S0szacxa,免田,"136.74747,36.79562",6.1,DEM5A,地理院タイル 標高タイル 2026-10-08
S0t03266,祇園,"139.94839,35.39162",9.0,DEM5A,地理院タイル 標高タイル 2026-10-08
S0t05dmu,水落,"136.18312,35.96228",27.8,DEM5A,地理院タイル 標高タイル 2026-10-08
S0t05g2z,川東,"129.86388,33.26736",3.0,DEM5A,地理院タイル 標高タイル 2026-10-08
S0t0cjn3,田並,"135.71913,33.48808",8.2,DEM5A,地理院タイル 標高タイル 2026-10-08
S0t0gj49,東札幌,"141.38472,43.05179",19.4,DEM10B,地理院タイル 標高タイル 2026-10-08
S0t0mta7,地下鉄赤塚,"139.64360,35.77022",34.4,DEM5A,地理院タイル 標高タイル 2026-10-08
S0t0sugq,遠矢,"144.45826,43.04751",3.9,DEM5A,地理院タイル 標高タイル 2026-10-08
S0t1kqlg,喜多,"135.18777,35.50921",21.9,DEM5A,地理院タイル 標高タイル 2026-10-08
S0t1uuh3,多田,"135.41671,34.86057",42.2,DEM5A,地理院タイル 標高タイル 2026-10-08
S0t1xres,てだこ浦西,"127.74192,26.24174",71.8,DEM5A,地理院タイル 標高タイル 2026-10-08
S0t24sly,朝倉駅前,"133.48582,33.55080",10.8,DEM5A,地理院タイル 標高タイル 2026-10-08
S0t2o2o4,神沢,"136.98940,35.09863",42.6,DEM5A,地理院タイル 標高タイル 2026-10-08
S0t3guy9,千丈,"132.45734,33.46543",26.5,DEM5A,地理院タイル 標高タイル 2026-10-08
S0t3kaxi,南鹿児島駅前,"130.54389,31.55476",4.8,DEM5A,地理院タイル 標高タイル 2026-10-08
S0t3m714,西鉄平尾,"130.40631,33.57381",4.5,DEM5A,地理院タイル 標高タイル 2026-10-08
S0t4458m,御崎公園,"135.16527,34.65472",1.9,DEM5A,地理院タイル 標高タイル 2026-10-08
S0t49y2q,富山,"137.21324,36.70161",7.3,DEM5A,地理院タイル 標高タイル 2026-10-08
S0t4cnit,蕨,"139.69042,35.82793",4.8,DEM5A,地理院タイル 標高タイル 2026-10-08
S0t4f38p,津軽二股,"140.51425,41.14590",32.8,DEM10B,地理院タイル 標高タイル 2026-10-08
S0t50cn5,平安通,"136.92980,35.19605",7.2,DEM5A,地理院タイル 標高タイル 2026-10-08
S0t51t81,笹谷,"140.43973,37.78735",92.2,DEM5A,地理院タイル 標高タイル 2026-10-08
S0t5buz5,中山宿,"140.21949,37.49569",425.3,DEM5A,地理院タイル 標高タイル 2026-10-08
S0t5d0su,有明,"139.79334,35.63455",9.1,DEM5A,地理院タイル 標高タイル 2026-10-08
S0t5t608,宮町,"136.69857,34.49784",3.6,DEM5A,地理院タイル 標高タイル 2026-10-08
S0t5y5rr,揖屋,"133.14906,35.42784",3.1,DEM5A,地理院タイル 標高タイル 2026-10-08
S0t5yl2i,ゆめが丘,"139.48236,35.40564",36.6,DEM5A,地理院タイル 標高タイル 2026-10-08
S0t60kjh,彦根口,"136.25859,35.25519",97.5,DEM5A,地理院タイル 標高タイル 2026-10-08
S0t6hc3j,金浜,"141.63732,40.47601",27.1,DEM5A,地理院タイル 標高タイル 2026-10-08
S0t6l02s,東向日,"135.70466,34.95392",18.0,DEM5A,地理院タイル 標高タイル 2026-10-08
S0t71wic,新月,"141.48889,38.91561",87.1,DEM5A,地理院タイル 標高タイル 2026-10-08
S0t774rg,熊取,"135.34122,34.40629",23.9,DEM5A,地理院タイル 標高タイル 2026-10-08
S0t82zzo,成東,"140.41028,35.60854",6.6,DEM5A,地理院タイル 標高タイル 2026-10-08
S0t860he,向瀬上,"140.51033,37.80658",60.1,DEM5A,地理院タイル 標高タイル 2026-10-08
S0t86jw6,おもちゃのまち,"139.82953,36.46675",75.1,DEM5A,地理院タイル 標高タイル 2026-10-08
S0t8dwds,本陣,"136.86724,35.17699",1.8,DEM5A,地理院タイル 標高タイル 2026-10-08
S0t8qup2,東佐野,"135.35004,34.41663",28.3,DEM5A,地理院タイル 標高タイル 2026-10-08
S0t92ixd,松島二丁目,"134.06474,34.34002",1.0,DEM5A,地理院タイル 標高タイル 2026-10-08
S0t9aqu2,鳴滝,"135.70580,35.02353",58.4,DEM5A,地理院タイル 標高タイル 2026-10-08
S0t9rfri,驫木,"139.98326,40.70738",8.9,DEM5A,地理院タイル 標高タイル 2026-10-08
S0ta3854,階上,"141.66492,40.45690",20.9,DEM5A,地理院タイル 標高タイル 2026-10-08
S0ta61yh,美袋,"133.65425,34.71984",37.9,DEM5A,地理院タイル 標高タイル 2026-10-08
S0taaww7,多摩動物公園,"139.40476,35.64909",102.3,DEM5A,地理院タイル 標高タイル 2026-10-08
S0tabhev,浪花,"140.37913,35.22263",14.4,DEM5A,地理院タイル 標高タイル 2026-10-08
S0tala5r,井田川,"136.49258,34.86827",32.5,DEM5A,地理院タイル 標高タイル 2026-10-08
S0tbjfvs,妻鹿,"134.69346,34.79210",6.0,DEM5A,地理院タイル 標高タイル 2026-10-08
S0tbos9h,蔵宿,"129.85059,33.20199",45.3,DEM5A,地理院タイル 標高タイル 2026-10-08
S0tbsn7b,交通局前,"130.71982,32.79774",13.1,DEM5A,地理院タイル 標高タイル 2026-10-08
S0tc06s4,西片上,"134.18426,34.74524",8.4,DEM5A,地理院タイル 標高タイル 2026-10-08
S0tc3prb,戸頭,"140.01430,35.92936",21.2,DEM5A,地理院タイル 標高タイル 2026-10-08
S0td4hsb,大神宮下,"139.99137,35.69397",1.7,DEM5A,地理院タイル 標高タイル 2026-10-08
S0td924k,大釜,"141.07194,39.71153",138.7,DEM5A,地理院タイル 標高タイル 2026-10-08
S0tdsx6t,花泉,"141.18001,38.83337",27.8,DEM5A,地理院タイル 標高タイル 2026-10-08
S0te2ibz,高儀,"136.93610,36.60659",62.2,DEM5A,地理院タイル 標高タイル 2026-10-08
S0teeyg0,柳ヶ浦,"131.36270,33.56503",4.1,DEM5A,地理院タイル 標高タイル 2026-10-08
S0teonxo,乃木,"133.04871,35.44595",3.6,DEM5A,地理院タイル 標高タイル 2026-10-08
S0tewyg2,伊予西条,"133.18825,33.91257",4.3,DEM5A,地理院タイル 標高タイル 2026-10-08
S0teyh1u,備後八幡,"133.23205,34.93818",408.0,DEM5A,地理院タイル 標高タイル 2026-10-08
S0tf4ef7,中筋,"132.47694,34.45177",7.5,DEM5A,地理院タイル 標高タイル 2026-10-08
S0tf5p7t,有珠,"140.79400,42.51324",6.8,DEM5A,地理院タイル 標高タイル 2026-10-08
S0tfiv0a,西尾口,"137.06270,34.87074",5.1,DEM5A,地理院タイル 標高タイル 2026-10-08
S0tflnzl,大更,"141.10085,39.91410",254.1,DEM5A,地理院タイル 標高タイル 2026-10-08
S0tfpzi6,流山,"139.90183,35.85580",5.8,DEM5A,地理院タイル 標高タイル 2026-10-08
S0tfqj6w,旭駅前通,"133.50965,33.55595",6.0,DEM5A,地理院タイル 標高タイル 2026-10-08
S0tftr43,南栄,"137.38583,34.73557",19.5,DEM5A,地理院タイル 標高タイル 2026-10-08
S0tg5ewp,下馬,"141.01499,38.30584",15.9,DEM5A,地理院タイル 標高タイル 2026-10-08
S0tg5nsx,東三日市,"137.45091,36.87468",22.2,DEM5A,地理院タイル 標高タイル 2026-10-08
S0tgj3ty,東青梅,"139.27281,35.78981",188.7,DEM5A,地理院タイル 標高タイル 2026-10-08
S0tgomi4,武蔵小山,"139.70447,35.62051",28.0,DEM5A,地理院タイル 標高タイル 2026-10-08
S0tgt9ac,会津若松,"139.93017,37.50895",213.1,DEM5A,地理院タイル 標高タイル 2026-10-08
S0tgzuw7,オレンジタウン,"134.18072,34.30235",25.4,DEM5A,地理院タイル 標高タイル 2026-10-08
S0th7izu,千歳,"141.65194,42.82819",13.7,DEM5A,地理院タイル 標高タイル 2026-10-08
S0thn75o,宗吾参道,"140.28071,35.75235",10.1,DEM5A,地理院タイル 標高タイル 2026-10-08
S0tib6cg,ハーモニーホール,"136.20537,36.01411",8.4,DEM5A,地理院タイル 標高タイル 2026-10-08
S0tjvc4p,新崎,"139.15837,37.92242",2.8,DEM5A,地理院タイル 標高タイル 2026-10-08
S0tjzreo,芽室,"143.04811,42.90986",85.7,DEM5A,地理院タイル 標高タイル 2026-10-08
S0tk21oq,御厨,"137.88563,34.71866",10.7,DEM5A,地理院タイル 標高タイル 2026-10-08
S0tkarrn,北新井,"138.25771,37.05290",34.5,DEM5A,地理院タイル 標高タイル 2026-10-08
S0tkeynj,六名,"137.15188,34.94129",13.3,DEM5A,地理院タイル 標高タイル 2026-10-08
S0tkpuin,久宝寺口,"135.59056,34.63459",8.3,DEM5A,地理院タイル 標高タイル 2026-10-08
S0tlbxts,飯塚,"130.68956,33.62847",16.6,DEM5A,地理院タイル 標高タイル 2026-10-08
S0tliju3,東北福祉大前,"140.84280,38.28044",113.3,DEM5A,地理院タイル 標高タイル 2026-10-08
S0tluk6g,竹鼻,"136.70644,35.32677",6.2,DEM5A,地理院タイル 標高タイル 2026-10-08
S0tlvhzl,穴吹,"134.16396,34.05578",45.2,DEM5A,地理院タイル 標高タイル 2026-10-08
S0tmk5cs,白木原,"130.48281,33.52857",22.4,DEM5A,地理院タイル 標高タイル 2026-10-08
S0tnhjgp,備中高梁,"133.61654,34.78862",61.3,DEM5A,地理院タイル 標高タイル 2026-10-08
S0tnit2r,大輪田,"135.72038,34.58917",47.9,DEM5A,地理院タイル 標高タイル 2026-10-08
S0too3g3,浜金谷,"139.82226,35.16819",6.6,DEM5A,地理院タイル 標高タイル 2026-10-08
S0toontk,萩原,"130.74917,33.86114",9.7,DEM5A,地理院タイル 標高タイル 2026-10-08
S0top42g,大住,"135.74990,34.83080",37.6,DEM5A,地理院タイル 標高タイル 2026-10-08
S0toznyy,町屋,"139.78084,35.74225",2.2,DEM5A,地理院タイル 標高タイル 2026-10-08
S0tpcvi8,七隈,"130.36170,33.55293",13.0,DEM5A,地理院タイル 標高タイル 2026-10-08
S0tpgn0b,逸見,"139.65261,35.28062",9.7,DEM5A,地理院タイル 標高タイル 2026-10-08
S0tpvs9t,汐ノ宮,"135.57911,34.46701",91.6,DEM5A,地理院タイル 標高タイル 2026-10-08
S0tpw42v,千早,"130.44068,33.64941",3.5,DEM5A,地理院タイル 標高タイル 2026-10-08
S0tpwmd1,元町・中華街,"139.65074,35.44230",5.1,DEM5A,地理院タイル 標高タイル 2026-10-08
S0tqfrig,阿波大宮,"134.44866,34.17871",86.5,DEM5A,地理院タイル 標高タイル 2026-10-08
S0tqwc0u,春木,"135.39214,34.47763",8.1,DEM5A,地理院タイル 標高タイル 2026-10-08
S0tr2a5q,芦沢,"140.36106,38.65546",78.4,DEM5A,地理院タイル 標高タイル 2026-10-08
S0trbsaq,川原石,"132.54117,34.24880",9.3,DEM5A,地理院タイル 標高タイル 2026-10-08
S0trd6kq,襟野々,"133.30052,33.48873",95.1,DEM5A,地理院タイル 標高タイル 2026-10-08
S0trg5qs,松神,"139.94664,40.53518",6.7,DEM5A,地理院タイル 標高タイル 2026-10-08
S0trij3k,用土,"139.20063,36.15387",90.1,DEM5A,地理院タイル 標高タイル 2026-10-08
S0tsr7td,築地,"139.77255,35.66799",1.8,DEM5A,地理院タイル 標高タイル 2026-10-08
S0ttcy5c,袖崎,"140.39136,38.54827",77.8,DEM5A,地理院タイル 標高タイル 2026-10-08
S0ttgsj8,菊間,"132.84108,34.03338",4.0,DEM5A,地理院タイル 標高タイル 2026-10-08
S0tttbbx,土居,"135.55979,34.73063",6.0,DEM5A,地理院タイル 標高タイル 2026-10-08
S0ttwc65,日宇,"129.75831,33.15742",10.1,DEM5A,地理院タイル 標高タイル 2026-10-08
S0tty6tx,大前,"138.52901,36.51358",839.8,DEM5A,地理院タイル 標高タイル 2026-10-08
S0tu0zmx,成瀬,"139.47297,35.53538",64.0,DEM5A,地理院タイル 標高タイル 2026-10-08
S0tucof3,行啓通,"141.35067,43.04167",32.0,DEM5A,地理院タイル 標高タイル 2026-10-08
S0tujhad,二田,"139.98732,39.88143",6.3,DEM5A,地理院タイル 標高タイル 2026-10-08
S0tusfri,平原,"138.45391,36.30864",707.0,DEM5A,地理院タイル 標高タイル 2026-10-08
S0tv3hrv,脇田,"130.53784,31.54455",4.3,DEM5A,地理院タイル 標高タイル 2026-10-08
S0tv460z,多摩川,"139.66873,35.58949",11.2,DEM5A,地理院タイル 標高タイル 2026-10-08
S0tvke6e,航空公園,"139.46559,35.79834",73.6,DEM5A,地理院タイル 標高タイル 2026-10-08
S0tw6zy3,多摩境,"139.36697,35.60180",145.8,DEM5A,地理院タイル 標高タイル 2026-10-08
S0twysiv,大橋,"129.86151,32.77757",8.8,DEM5A,地理院タイル 標高タイル 2026-10-08
S0tx22jz,人丸前,"135.00260,34.64755",5.8,DEM5A,地理院タイル 標高タイル 2026-10-08
S0txa94y,下曽根,"130.93492,33.83214",5.2,DEM5A,地理院タイル 標高タイル 2026-10-08
S0txdag3,藪神,"138.97588,37.25684",106.7,DEM5A,地理院タイル 標高タイル 2026-10-08
S0txyfp2,西京極,"135.71852,34.99254",27.1,DEM5A,地理院タイル 標高タイル 2026-10-08
S0ty1u5z,若江岩田,"135.60835,34.66311",4.4,DEM5A,地理院タイル 標高タイル 2026-10-08
S0ty43gs,太田,"134.04595,34.29908",23.1,DEM5A,地理院タイル 標高タイル 2026-10-08
S0ty9793,玉川村,"140.37452,36.57925",66.0,DEM5A,地理院タイル 標高タイル 2026-10-08
S0tyr0jc,仁山,"140.63520,41.93003",86.6,DEM5A,地理院タイル 標高タイル 2026-10-08
S0tys70r,平和,"141.43800,43.04700",14.4,DEM5A,地理院タイル 標高タイル 2026-10-08
S0tyze5j,北真岡,"140.01402,36.44907",68.0,DEM5A,地理院タイル 標高タイル 2026-10-08
S0u1olii,左石,"129.72201,33.20891",61.2,DEM5A,地理院タイル 標高タイル 2026-10-08
S0u1tqoo,相野々,"140.61870,39.27811",108.4,DEM5A,地理院タイル 標高タイル 2026-10-08
S0u1yxps,一橋学園,"139.48006,35.72210",77.3,DEM5A,地理院タイル 標高タイル 2026-10-08
S0u25d6o,生駒山上,"135.68054,34.67948",616.6,DEM5A,地理院タイル 標高タイル 2026-10-08
S0u25t7v,日和田,"140.38836,37.44596",231.5,DEM5A,地理院タイル 標高タイル 2026-10-08
S0u26l6x,世田谷代田,"139.66160,35.65836",42.8,DEM5A,地理院タイル 標高タイル 2026-10-08
S0u26mx6,根知,"137.86712,36.96666",89.2,DEM5A,地理院タイル 標高タイル 2026-10-08
S0u28vn4,木花,"131.43704,31.83111",3.4,DEM5A,地理院タイル 標高タイル 2026-10-08
S0u2oqmf,西鉄中島,"130.44008,33.12250",3.5,DEM5A,地理院タイル 標高タイル 2026-10-08
S0u2x10m,日田,"130.93813,33.31788",87.1,DEM5A,地理院タイル 標高タイル 2026-10-08
S0u37rrt,川跡,"132.77641,35.39514",5.4,DEM5A,地理院タイル 標高タイル 2026-10-08
S0u3824b,余子,"133.23656,35.52128",4.1,DEM5A,地理院タイル 標高タイル 2026-10-08
S0u3dnwu,植松,"133.82800,34.55081",1.1,DEM5A,地理院タイル 標高タイル 2026-10-08
S0u3ni0x,佐伯区役所前,"132.36178,34.36548",1.6,DEM5A,地理院タイル 標高タイル 2026-10-08
S0u3w0n7,古市,"132.47537,34.45752",10.9,DEM5A,地理院タイル 標高タイル 2026-10-08
S0u411u5,万博記念公園,"135.53016,34.80678",37.8,DEM5A,地理院タイル 標高タイル 2026-10-08
S0u480x2,美唄,"141.86213,43.33067",27.0,DEM5A,地理院タイル 標高タイル 2026-10-08
S0u49xei,陸中松川,"141.23804,38.97723",25.6,DEM5A,地理院タイル 標高タイル 2026-10-08
S0u4ae7e,轟,"136.36110,36.08684",57.4,DEM5A,地理院タイル 標高タイル 2026-10-08
S0u4bz83,宝殿,"134.81253,34.78464",4.4,DEM5A,地理院タイル 標高タイル 2026-10-08
S0u4h2z6,大久保,"139.69744,35.70063",38.2,DEM5A,地理院タイル 標高タイル 2026-10-08
S0u51y0e,郡山,"135.79040,34.64822",51.2,DEM5A,地理院タイル 標高タイル 2026-10-08
S0u55rv1,門田屋敷,"133.93899,34.65617",3.3,DEM5A,地理院タイル 標高タイル 2026-10-08
S0u5m6tw,大田市,"132.49936,35.20088",17.7,DEM5A,地理院タイル 標高タイル 2026-10-08
S0u5xze6,志染,"135.00759,34.78249",129.3,DEM5A,地理院タイル 標高タイル 2026-10-08
S0u611m5,塩沢,"138.84843,37.04149",189.9,DEM5A,地理院タイル 標高タイル 2026-10-08
S0u69c5g,比土,"136.16063,34.67625",169.5,DEM5A,地理院タイル 標高タイル 2026-10-08
S0u6khgc,東区役所前,"141.36527,43.07822",11.7,DEM5A,地理院タイル 標高タイル 2026-10-08
S0u74jpv,国見,"140.83328,38.27477",142.2,DEM5A,地理院タイル 標高タイル 2026-10-08
S0u755lr,小絹,"139.98335,35.98114",20.0,DEM5A,地理院タイル 標高タイル 2026-10-08
S0u76put,小和田,"137.83599,35.20990",286.8,DEM5A,地理院タイル 標高タイル 2026-10-08
S0u77mgv,小室,"140.07606,35.78704",12.6,DEM5A,地理院タイル 標高タイル 2026-10-08
S0u7eo8s,愛し野,"143.93281,43.84141",47.0,DEM5A,地理院タイル 標高タイル 2026-10-08
S0u7i3br,打保,"137.18200,36.38394",330.6,DEM5A,地理院タイル 標高タイル 2026-10-08
S0u7yqar,森町病院前,"137.91772,34.82613",35.6,DEM5A,地理院タイル 標高タイル 2026-10-08
S0u88n8b,柳生橋,"137.38859,34.75488",4.4,DEM5A,地理院タイル 標高タイル 2026-10-08
S0u8w4hv,高津,"139.61766,35.60346",13.2,DEM5A,地理院タイル 標高タイル 2026-10-08
S0u9gkiq,京王片倉,"139.33696,35.64436",127.4,DEM5A,地理院タイル 標高タイル 2026-10-08
S0u9qu4z,ほしみ,"141.19150,43.13346",8.3,DEM10B,地理院タイル 標高タイル 2026-10-08
S0u9xlw6,樋越,"139.17327,36.41548",172.0,DEM5A,地理院タイル 標高タイル 2026-10-08
S0ua1l3m,上下,"133.11776,34.69467",384.2,DEM5A,地理院タイル 標高タイル 2026-10-08
S0uaia9z,下滝,"135.09417,35.08787",127.0,DEM5A,地理院タイル 標高タイル 2026-10-08
S0uajhhr,倶利伽羅,"136.79161,36.67248",34.1,DEM5A,地理院タイル 標高タイル 2026-10-08
S0uatjsn,鴨島,"134.35608,34.07372",14.9,DEM5A,地理院タイル 標高タイル 2026-10-08
S0ub3f8j,巽ヶ丘,"136.91567,34.96229",18.7,DEM5A,地理院タイル 標高タイル 2026-10-08
S0ub56tk,潮見,"139.81717,35.65886",3.3,DEM5A,地理院タイル 標高タイル 2026-10-08
S0ub74xt,鎌瀬,"130.65462,32.39105",44.1,DEM5A,地理院タイル 標高タイル 2026-10-08
S0ub8coy,豊後荻,"131.29762,32.92692",513.3,DEM5A,地理院タイル 標高タイル 2026-10-08
S0ubeau6,新浜松,"137.73246,34.70341",4.8,DEM5A,地理院タイル 標高タイル 2026-10-08
S0ubjdw5,唐浜,"133.96649,33.44594",7.8,DEM5A,地理院タイル 標高タイル 2026-10-08
S0ubtjzu,松ヶ崎,"135.77632,35.05159",68.6,DEM5A,地理院タイル 標高タイル 2026-10-08
S0uc2pzm,櫟本,"135.82615,34.62111",66.3,DEM5A,地理院タイル 標高タイル 2026-10-08
S0uc2xq3,阿字ヶ浦,"140.61235,36.38343",29.3,DEM5A,地理院タイル 標高タイル 2026-10-08
S0uc46sj,東山,"135.77982,35.00944",43.5,DEM5A,地理院タイル 標高タイル 2026-10-08
S0uc5af7,延徳,"138.36250,36.72674",334.8,DEM5A,地理院タイル 標高タイル 2026-10-08
S0uch4lq,北上,"141.12183,39.28174",58.7,DEM5A,地理院タイル 標高タイル 2026-10-08
S0ucra3y,豊岡,"137.83976,34.83715",32.7,DEM5A,地理院タイル 標高タイル 2026-10-08
S0ud3zg1,揖斐,"136.57251,35.47029",40.9,DEM5A,地理院タイル 標高タイル 2026-10-08
S0udgtma,美乃浜学園,"140.61691,36.37211",26.1,DEM5A,地理院タイル 標高タイル 2026-10-08
S0udjsr7,東逗子,"139.60182,35.29877",9.8,DEM5A,地理院タイル 標高タイル 2026-10-08
S0udlcth,恵美須町,"135.50528,34.65456",2.5,DEM5A,地理院タイル 標高タイル 2026-10-08
S0ue1gjb,彦根,"136.26355,35.27233",88.3,DEM5A,地理院タイル 標高タイル 2026-10-08
S0uegyvs,江田,"139.55141,35.55853",27.3,DEM5A,地理院タイル 標高タイル 2026-10-08
S0ufgfto,若栗,"137.49322,36.87114",67.8,DEM5A,地理院タイル 標高タイル 2026-10-08
S0ufj3nw,塚目,"140.93709,38.57249",20.0,DEM5A,地理院タイル 標高タイル 2026-10-08
S0ufk4u4,東宿毛,"132.72858,32.93364",2.4,DEM5A,地理院タイル 標高タイル 2026-10-08
S0ugrzw9,霞ヶ丘,"135.04272,34.63032",17.4,DEM5A,地理院タイル 標高タイル 2026-10-08
S0ugts4g,神領,"137.01047,35.25659",28.7,DEM5A,地理院タイル 標高タイル 2026-10-08
S0ugxqid,田浦,"139.63753,35.29284",3.7,DEM5A,地理院タイル 標高タイル 2026-10-08
S0uhe8tc,ケーブル延暦寺,"135.84419,35.06652",651.1,DEM5A,地理院タイル 標高タイル 2026-10-08
S0uhygsn,北34条,"141.34213,43.10010",7.8,DEM5A,地理院タイル 標高タイル 2026-10-08
S0ui5i9j,新瑞橋,"136.93680,35.11832",2.5,DEM5A,地理院タイル 標高タイル 2026-10-08
S0ui88m4,光善寺,"135.63017,34.79776",6.8,DEM5A,地理院タイル 標高タイル 2026-10-08
S0uioa0g,金橋,"135.76535,34.50966",61.5,DEM5A,地理院タイル 標高タイル 2026-10-08
S0uiqswp,西吾野,"139.20242,35.92699",245.3,DEM5A,地理院タイル 標高タイル 2026-10-08
S0uir4j7,折口,"130.21750,32.06094",5.6,DEM5A,地理院タイル 標高タイル 2026-10-08
S0uit6n1,アイランド北口,"135.26872,34.69294",3.7,DEM5A,地理院タイル 標高タイル 2026-10-08
S0ujb7k9,倶知安,"140.74549,42.90169",176.8,DEM5A,地理院タイル 標高タイル 2026-10-08
S0ujdc5n,岡田,"132.72436,33.79917",5.2,DEM5A,地理院タイル 標高タイル 2026-10-08
S0ujhtpo,磯分内,"144.55417,43.37953",50.2,DEM5A,地理院タイル 標高タイル 2026-10-08
S0ukc19z,元町,"141.37178,43.09404",7.5,DEM5A,地理院タイル 標高タイル 2026-10-08
S0ukxrll,行川アイランド,"140.22571,35.11825",33.5,DEM5A,地理院タイル 標高タイル 2026-10-08
S0ul2p55,倉橋,"140.71399,35.73775",34.6,DEM5A,地理院タイル 標高タイル 2026-10-08
S0ulb7fb,鶴岡,"139.83539,38.74009",15.2,DEM5A,地理院タイル 標高タイル 2026-10-08
S0ulv2y6,立川,"139.41396,35.69793",83.3,DEM5A,地理院タイル 標高タイル 2026-10-08
S0umiaee,西新発田,"139.30675,37.94136",9.2,DEM5A,地理院タイル 標高タイル 2026-10-08
S0umonnc,東船橋,"140.00424,35.69981",17.9,DEM5A,地理院タイル 標高タイル 2026-10-08
S0ump7ic,平野,"140.44275,37.80509",94.0,DEM5A,地理院タイル 標高タイル 2026-10-08
S0umqat8,白井,"140.05408,35.78475",17.3,DEM5A,地理院タイル 標高タイル 2026-10-08
S0unkpwo,荒町,"137.21578,36.69149",9.6,DEM5A,地理院タイル 標高タイル 2026-10-08
S0uohlp9,太子堂,"140.88370,38.21763",9.6,DEM5A,地理院タイル 標高タイル 2026-10-08
S0uojtwb,上州七日市,"138.87456,36.25863",173.8,DEM5A,地理院タイル 標高タイル 2026-10-08
S0upa9ni,新郷,"139.51049,36.17126",19.1,DEM5A,地理院タイル 標高タイル 2026-10-08
S0upq79p,鶴間,"139.45064,35.49057",73.0,DEM5A,地理院タイル 標高タイル 2026-10-08
S0upu6gi,太地,"135.92748,33.59128",11.1,DEM5A,地理院タイル 標高タイル 2026-10-08
S0upyi1b,稲枝,"136.19446,35.20332",93.7,DEM5A,地理院タイル 標高タイル 2026-10-08
S0uqivne,幌向,"141.65556,43.15156",8.5,DEM5A,地理院タイル 標高タイル 2026-10-08
S0uqxpq8,北野,"139.35415,35.64450",96.7,DEM5A,地理院タイル 標高タイル 2026-10-08
S0urn6no,牛田,"132.46464,34.41704",7.0,DEM5A,地理院タイル 標高タイル 2026-10-08
S0usg02j,新松戸,"139.92115,35.82546",7.1,DEM5A,地理院タイル 標高タイル 2026-10-08
S0usiyi0,真室川,"140.25486,38.85831",77.5,DEM5A,地理院タイル 標高タイル 2026-10-08
S0usrpbs,田布施,"132.04391,33.95876",6.9,DEM5A,地理院タイル 標高タイル 2026-10-08
S0usyj5r,和田,"140.21875,39.65087",19.2,DEM5A,地理院タイル 標高タイル 2026-10-08
S0uts3bk,婦中鵜坂,"137.16861,36.67781",10.8,DEM5A,地理院タイル 標高タイル 2026-10-08
S0utw7vu,上幌向,"141.71526,43.18181",11.9,DEM5A,地理院タイル 標高タイル 2026-10-08
S0uucvks,中佐都,"138.45361,36.28088",699.3,DEM5A,地理院タイル 標高タイル 2026-10-08
S0uux0xn,伊予氷見,"133.13108,33.89675",12.6,DEM5A,地理院タイル 標高タイル 2026-10-08
S0uuy4le,美川,"136.48973,36.48600",5.3,DEM5A,地理院タイル 標高タイル 2026-10-08
S0uuz875,徳沢,"139.60288,37.66691",122.6,DEM5A,地理院タイル 標高タイル 2026-10-08
S0uvdf3v,松原湖,"138.47055,36.06099",967.7,DEM5A,地理院タイル 標高タイル 2026-10-08
S0uvu3b0,天塩中川,"142.07536,44.81195",22.4,DEM5A,地理院タイル 標高タイル 2026-10-08
S0uvz86o,平館,"141.08521,39.95087",262.1,DEM5A,地理院タイル 標高タイル 2026-10-08
S0uw0lc8,蔵王,"140.30336,38.20589",127.6,DEM5A,地理院タイル 標高タイル 2026-10-08
S0uw8wrf,原,"134.16367,34.32652",1.7,DEM5A,地理院タイル 標高タイル 2026-10-08
S0uwatrt,平田,"132.79503,32.95566",8.9,DEM5A,地理院タイル 標高タイル 2026-10-08
S0uwl5d9,泉岳寺,"139.73973,35.63813",4.0,DEM5A,地理院タイル 標高タイル 2026-10-08
S0uwr62c,七戸十和田,"141.15391,40.71993",41.4,DEM5A,地理院タイル 標高タイル 2026-10-08
S0uwva7t,桃山台,"135.49719,34.79329",47.9,DEM5A,地理院タイル 標高タイル 2026-10-08
S0uwxalu,本千葉,"140.12153,35.60039",3.0,DEM10B,地理院タイル 標高タイル 2026-10-08
S0uxainr,名電長沢,"137.28839,34.87147",78.2,DEM5A,地理院タイル 標高タイル 2026-10-08
S0uxcbue,美術館図書館前,"140.45538,37.76713",76.0,DEM5A,地理院タイル 標高タイル 2026-10-08
S0uxnx6o,左京山,"136.96038,35.07052",8.4,DEM5A,地理院タイル 標高タイル 2026-10-08
S0uynvht,経田,"137.41619,36.84883",6.2,DEM5A,地理院タイル 標高タイル 2026-10-08
S0uysv5t,土市,"138.72943,37.09748",178.1,DEM5A,地理院タイル 標高タイル 2026-10-08
S0uzanee,久手,"132.50851,35.22982",5.1,DEM5A,地理院タイル 標高タイル 2026-10-08
S0uzc2sc,七ツ屋,"136.65181,36.58314",6.4,DEM5A,地理院タイル 標高タイル 2026-10-08
S0uzk8aa,後藤,"133.33148,35.43987",6.4,DEM5A,地理院タイル 標高タイル 2026-10-08
S0uzp5p8,美濃高田,"136.56365,35.30910",6.6,DEM5A,地理院タイル 標高タイル 2026-10-08
S0uzwu29,平山,"140.06465,35.27430",50.0,DEM5A,地理院タイル 標高タイル 2026-10-08
S0v044ty,武蔵野台,"139.51130,35.66414",44.9,DEM5A,地理院タイル 標高タイル 2026-10-08
S0v05hdt,鹿児,"133.59710,33.56701",2.8,DEM5A,地理院タイル 標高タイル 2026-10-08
S0v0dg5j,三河槙原,"137.62090,34.98855",119.6,DEM5A,地理院タイル 標高タイル 2026-10-08
S0v0fdx1,弥生が丘,"130.52866,33.40277",20.4,DEM5A,地理院タイル 標高タイル 2026-10-08
S0v0n9e3,穴川,"140.11189,35.63954",27.7,DEM5A,地理院タイル 標高タイル 2026-10-08
S0v0w04m,向井原,"132.69569,33.73589",25.4,DEM5A,地理院タイル 標高タイル 2026-10-08
S0v0wh95,商工会議所前,"136.21500,36.05358",7.3,DEM5A,地理院タイル 標高タイル 2026-10-08
S0v115fu,宮ノ下,"139.06303,35.24199",436.0,DEM5A,地理院タイル 標高タイル 2026-10-08
S0v19q3u,台原,"140.87817,38.28818",68.1,DEM5A,地理院タイル 標高タイル 2026-10-08
S0v1x1r7,羽前山辺,"140.27158,38.29460",99.5,DEM5A,地理院タイル 標高タイル 2026-10-08
S0v1yys0,新中川町,"129.89055,32.75221",22.0,DEM5A,地理院タイル 標高タイル 2026-10-08
S0v26pgr,草津南,"132.39847,34.37810",3.3,DEM5A,地理院タイル 標高タイル 2026-10-08
S0v2jz3n,川崎大師,"139.72600,35.53577",1.9,DEM5A,地理院タイル 標高タイル 2026-10-08
S0v2m17b,須原,"137.69494,35.69785",563.1,DEM5A,地理院タイル 標高タイル 2026-10-08
S0v2o72c,上総一ノ宮,"140.36552,35.37468",3.8,DEM5A,地理院タイル 標高タイル 2026-10-08
S0v2w762,中井侍,"137.83494,35.23592",288.3,DEM5A,地理院タイル 標高タイル 2026-10-08
S0v30cgd,泉田,"140.31006,38.81181",144.0,DEM5A,地理院タイル 標高タイル 2026-10-08
S0v38o8o,中ノ庄,"135.89154,34.99082",91.8,DEM5A,地理院タイル 標高タイル 2026-10-08
S0v3hcs5,岡崎,"137.15723,34.92578",16.0,DEM5A,地理院タイル 標高タイル 2026-10-08
S0v3kp7o,西高屋,"132.78822,34.44622",211.2,DEM5A,地理院タイル 標高タイル 2026-10-08
S0v42u3i,東長沢,"140.38217,38.71891",116.5,DEM5A,地理院タイル 標高タイル 2026-10-08
S0v45oh9,芳養,"135.35536,33.74724",9.5,DEM5A,地理院タイル 標高タイル 2026-10-08
S0v588z5,上安,"132.44501,34.47571",36.2,DEM5A,地理院タイル 標高タイル 2026-10-08
S0v5dq15,下里,"135.92210,33.58212",3.3,DEM5A,地理院タイル 標高タイル 2026-10-08
S0v5gxpg,福吉,"130.08042,33.50165",4.5,DEM5A,地理院タイル 標高タイル 2026-10-08
S0v5ibg0,下野宮,"140.37552,36.81577",126.7,DEM5A,地理院タイル 標高タイル 2026-10-08
S0v6gh6f,伊奈,"137.35479,34.80285",6.9,DEM5A,地理院タイル 標高タイル 2026-10-08
S0v6kckz,瓢箪山,"135.63897,34.66201",10.6,DEM5A,地理院タイル 標高タイル 2026-10-08
S0v6mmz2,検見川,"140.06676,35.65251",5.0,DEM5A,地理院タイル 標高タイル 2026-10-08
S0v6svp3,柏林台,"143.16454,42.92890",43.7,DEM5A,地理院タイル 標高タイル 2026-10-08
S0v76ayd,伊豆稲取,"139.03737,34.77455",20.6,DEM5A,地理院タイル 標高タイル 2026-10-08
S0v7a1zb,宇田郷,"131.54879,34.57187",7.5,DEM10B,地理院タイル 標高タイル 2026-10-08
S0v7aiox,神楽坂,"139.73452,35.70387",24.6,DEM5A,地理院タイル 標高タイル 2026-10-08
S0v7amui,金木,"140.45995,40.90295",15.3,DEM5A,地理院タイル 標高タイル 2026-10-08
S0v7bpcl,唐丹,"141.86120,39.20185",15.7,DEM5A,地理院タイル 標高タイル 2026-10-08
S0v7pa9t,六丁の目,"140.93568,38.25093",5.9,DEM5A,地理院タイル 標高タイル 2026-10-08
S0v88npx,ソシオ流通センター,"139.42451,36.13651",20.1,DEM5A,地理院タイル 標高タイル 2026-10-08
S0v88ohk,湯田温泉,"131.46061,34.15987",17.7,DEM5A,地理院タイル 標高タイル 2026-10-08
S0v8e998,愛子,"140.76144,38.27263",111.7,DEM5A,地理院タイル 標高タイル 2026-10-08
S0v8hvgp,大池,"135.19889,34.78101",354.7,DEM5A,地理院タイル 標高タイル 2026-10-08
S0v8tfeq,浜小清水,"144.45313,43.93403",6.7,DEM5A,地理院タイル 標高タイル 2026-10-08
S0v9f0d8,鳥居前,"135.69592,34.69206",156.8,DEM5A,地理院タイル 標高タイル 2026-10-08
S0v9faiy,稲戸井,"140.02269,35.92612",22.9,DEM5A,地理院タイル 標高タイル 2026-10-08
S0v9hc1k,弥五島,"139.88998,37.26634",458.3,DEM5A,地理院タイル 標高タイル 2026-10-08
S0v9n4gk,東山梨,"138.70306,35.69434",365.8,DEM5A,地理院タイル 標高タイル 2026-10-08
S0v9rfui,衣山,"132.74399,33.85245",16.2,DEM5A,地理院タイル 標高タイル 2026-10-08
S0v9up7a,多賀大社前,"136.28413,35.22642",121.9,DEM5A,地理院タイル 標高タイル 2026-10-08
S0va6e3c,庄内緑地公園,"136.88662,35.21502",12.5,DEM5A,地理院タイル 標高タイル 2026-10-08
S0va84fv,津久井浜,"139.66485,35.19812",16.7,DEM5A,地理院タイル 標高タイル 2026-10-08
S0vacxsg,奥阿仁,"140.48842,39.91098",232.6,DEM10B,地理院タイル 標高タイル 2026-10-08
S0vamdto,陸奥湊,"141.52740,40.52317",8.6,DEM5A,地理院タイル 標高タイル 2026-10-08
S0vavcd3,羽後岩谷,"140.08937,39.44162",13.6,DEM5A,地理院タイル 標高タイル 2026-10-08
S0vb9jjh,稚内,"141.67730,45.41616",1.5,DEM5A,地理院タイル 標高タイル 2026-10-08
S0vbcc7k,出雲大社前,"132.68766,35.39326",3.2,DEM5A,地理院タイル 標高タイル 2026-10-08
S0vbfogu,名立,"138.09234,37.15570",17.8,DEM5A,地理院タイル 標高タイル 2026-10-08
S0vcms85,渚,"137.95609,36.22713",585.8,DEM5A,地理院タイル 標高タイル 2026-10-08
S0vcteha,江口,"133.97368,34.03715",71.7,DEM5A,地理院タイル 標高タイル 2026-10-08
S0vduwp9,東大垣,"136.64662,35.37539",8.4,DEM5A,地理院タイル 標高タイル 2026-10-08
S0vemw0m,呉,"132.55756,34.24464",3.4,DEM5A,地理院タイル 標高タイル 2026-10-08
S0veog2d,黒崎,"130.76656,33.86691",2.4,DEM5A,地理院タイル 標高タイル 2026-10-08
S0veoly6,畦野,"135.41560,34.88502",99.2,DEM5A,地理院タイル 標高タイル 2026-10-08
S0veptwp,滝水,"131.24284,32.93330",652.6,DEM5A,地理院タイル 標高タイル 2026-10-08
S0vf1yep,鰭ヶ崎,"139.91111,35.84097",4.8,DEM5A,地理院タイル 標高タイル 2026-10-08
S0vfeatf,東矢本,"141.22228,38.42800",2.2,DEM5A,地理院タイル 標高タイル 2026-10-08
S0vfsi2x,中滑川,"137.33992,36.76191",3.5,DEM5A,地理院タイル 標高タイル 2026-10-08
S0vfwl7v,御成門,"139.75149,35.66098",3.2,DEM5A,地理院タイル 標高タイル 2026-10-08
S0vg5f6t,土佐北川,"133.68632,33.71477",310.5,DEM5A,地理院タイル 標高タイル 2026-10-08
S0vgl4p3,城見ヶ丘,"140.25247,35.29172",23.5,DEM5A,地理院タイル 標高タイル 2026-10-08
S0vgxv6k,小浜,"135.74564,35.49164",2.6,DEM5A,地理院タイル 標高タイル 2026-10-08
S0vhmmpc,多磨,"139.51715,35.67683",45.6,DEM5A,地理院タイル 標高タイル 2026-10-08
S0vhtm5h,沢目,"140.03779,40.29606",20.5,DEM10B,地理院タイル 標高タイル 2026-10-08
S0vhxm92,堀ノ内,"139.68704,35.26315",13.0,DEM5A,地理院タイル 標高タイル 2026-10-08
S0vi138u,りんくう常滑,"136.82810,34.87962",4.1,DEM5A,地理院タイル 標高タイル 2026-10-08
S0vi5pao,立花,"135.39960,34.73788",3.7,DEM5A,地理院タイル 標高タイル 2026-10-08
S0vill08,思川,"139.78113,36.35105",37.4,DEM5A,地理院タイル 標高タイル 2026-10-08
S0vimo3a,興津,"138.52191,35.05251",6.4,DEM5A,地理院タイル 標高タイル 2026-10-08
S0vjpiu4,寺尾,"138.97395,37.87920",15.5,DEM5A,地理院タイル 標高タイル 2026-10-08
S0vjw5u5,観音町,"132.43871,34.39554",2.3,DEM5A,地理院タイル 標高タイル 2026-10-08
S0vjysfr,稲穂,"141.22244,43.12840",8.6,DEM10B,地理院タイル 標高タイル 2026-10-08
S0vkba20,穴生,"130.74492,33.85737",10.4,DEM5A,地理院タイル 標高タイル 2026-10-08
S0vkjo75,小金井,"139.84228,36.37448",51.4,DEM5A,地理院タイル 標高タイル 2026-10-08
S0vklhe7,有明湯江,"130.32852,32.85798",7.4,DEM5A,地理院タイル 標高タイル 2026-10-08
S0vkmwqz,豊津上野,"136.54308,34.78525",2.5,DEM5A,地理院タイル 標高タイル 2026-10-08
S0vkp76u,山越,"140.32672,42.23112",5.6,DEM5A,地理院タイル 標高タイル 2026-10-08
S0vlmm4g,西鉄柳川,"130.41924,33.16511",3.4,DEM5A,地理院タイル 標高タイル 2026-10-08
S0vls88e,鳥取大学前,"134.17386,35.51816",10.1,DEM5A,地理院タイル 標高タイル 2026-10-08
S0vm4x3g,桜ノ宮,"135.52103,34.70505",7.1,DEM5A,地理院タイル 標高タイル 2026-10-08
S0vm5scb,市大医学部,"139.65013,35.34390",3.1,DEM5A,地理院タイル 標高タイル 2026-10-08
S0vm6bxz,袋,"130.37427,32.16557",41.1,DEM5A,地理院タイル 標高タイル 2026-10-08
S0vm70i1,比奈,"138.71363,35.16148",3.6,DEM5A,地理院タイル 標高タイル 2026-10-08
S0vmctp1,春賀,"132.55531,33.55565",9.2,DEM5A,地理院タイル 標高タイル 2026-10-08
S0vmit66,名古屋大学,"136.96658,35.15451",41.7,DEM5A,地理院タイル 標高タイル 2026-10-08
S0vn841q,石切,"135.65511,34.68487",104.2,DEM5A,地理院タイル 標高タイル 2026-10-08
S0vngbjj,和田町,"139.58638,35.46371",6.4,DEM5A,地理院タイル 標高タイル 2026-10-08
S0vnij52,教会前,"134.57720,34.16759",2.3,DEM5A,地理院タイル 標高タイル 2026-10-08
S0vnpxpd,安登,"132.72266,34.25431",46.2,DEM5A,地理院タイル 標高タイル 2026-10-08
S0vo20fl,西滑川,"137.33461,36.75552",4.0,DEM5A,地理院タイル 標高タイル 2026-10-08
S0voknja,武蔵高萩,"139.37125,35.90170",60.0,DEM5A,地理院タイル 標高タイル 2026-10-08
S0vp6u1r,県立体育館前,"130.69907,32.81506",9.8,DEM5A,地理院タイル 標高タイル 2026-10-08
S0vpp5gv,山川,"130.63000,31.21161",8.4,DEM5A,地理院タイル 標高タイル 2026-10-08
S0vpxs7g,佃,"133.85766,34.03245",93.2,DEM5A,地理院タイル 標高タイル 2026-10-08
S0vqmykf,雑色,"139.71504,35.54977",3.2,DEM5A,地理院タイル 標高タイル 2026-10-08
S0vqqp6n,ケーブル八幡宮山上,"135.69987,34.88093",93.9,DEM5A,地理院タイル 標高タイル 2026-10-08
S0vqscpj,江迎鹿町,"129.62709,33.30678",2.8,DEM5A,地理院タイル 標高タイル 2026-10-08
S0vr42ga,ししぶ,"130.45734,33.72093",7.5,DEM5A,地理院タイル 標高タイル 2026-10-08
S0vreajw,新大久保,"139.70025,35.70093",34.9,DEM5A,地理院タイル 標高タイル 2026-10-08
S0vrziph,青部,"138.11557,35.08956",268.6,DEM5A,地理院タイル 標高タイル 2026-10-08
S0vsxqbm,小倉,"130.88288,33.88680",2.6,DEM5A,地理院タイル 標高タイル 2026-10-08
S0vt5oiv,けやき台,"130.53336,33.43411",45.4,DEM5A,地理院タイル 標高タイル 2026-10-08
S0vti279,新柴又,"139.87982,35.75135",2.4,DEM5A,地理院タイル 標高タイル 2026-10-08
S0vtlpz7,安倍川,"138.36410,34.94121",10.6,DEM5A,地理院タイル 標高タイル 2026-10-08
S0vu8na7,南大分,"131.58629,33.21401",12.2,DEM5A,地理院タイル 標高タイル 2026-10-08
S0vuflrt,泉郷,"140.40557,37.21449",258.0,DEM5A,地理院タイル 標高タイル 2026-10-08
S0vv91ih,東岩瀬,"137.23050,36.75194",3.0,DEM5A,地理院タイル 標高タイル 2026-10-08
S0vvde6a,神明町,"135.48046,34.58552",3.7,DEM5A,地理院タイル 標高タイル 2026-10-08
S0vvzo9q,本妙寺入口,"130.69849,32.81375",9.7,DEM5A,地理院タイル 標高タイル 2026-10-08
S0vwcjhc,久世,"133.74508,35.08100",148.6,DEM5A,地理院タイル 標高タイル 2026-10-08
S0vwcqt9,宍道,"132.90922,35.40687",3.7,DEM5A,地理院タイル 標高タイル 2026-10-08
S0vwd7fw,万石浦,"141.36873,38.42886",2.1,DEM5A,地理院タイル 標高タイル 2026-10-08
S0vxd38b,鶴里,"136.94420,35.10556",4.1,DEM5A,地理院タイル 標高タイル 2026-10-08
S0vxo2qg,西都城,"131.05700,31.72333",140.5,DEM5A,地理院タイル 標高タイル 2026-10-08
S0vxpdre,上毛高原,"138.97760,36.69299",440.3,DEM5A,地理院タイル 標高タイル 2026-10-08
S0vyiklx,越中大門,"137.05576,36.73392",8.0,DEM5A,地理院タイル 標高タイル 2026-10-08
S0vymzbl,有楽町,"139.76280,35.67550",2.8,DEM5A,地理院タイル 標高タイル 2026-10-08
S0vynio6,前郷,"140.11284,39.31282",16.8,DEM5A,地理院タイル 標高タイル 2026-10-08
S0vyoy0q,戸越,"139.71637,35.61442",19.2,DEM5A,地理院タイル 標高タイル 2026-10-08
S0vyr03b,新相ノ木,"137.34232,36.70316",18.6,DEM5A,地理院タイル 標高タイル 2026-10-08
S0vzhzot,岩山,"133.51273,35.02269",287.9,DEM5A,地理院タイル 標高タイル 2026-10-08
S0vzoc6r,浦川,"137.76357,35.05634",154.5,DEM5A,地理院タイル 標高タイル 2026-10-08
S0vzyx65,大久喜,"141.62295,40.49513",27.3,DEM5A,地理院タイル 標高タイル 2026-10-08
S0w08wmm,愛知御津,"137.31659,34.81258",7.6,DEM5A,地理院タイル 標高タイル 2026-10-08
S0w0u8h8,京急川崎,"139.70094,35.53301",1.9,DEM5A,地理院タイル 標高タイル 2026-10-08
S0w1c6ye,仁井田,"140.02963,36.65727",140.2,DEM5A,地理院タイル 標高タイル 2026-10-08
S0w1ng8r,一乗谷,"136.29738,36.01367",29.6,DEM5A,地理院タイル 標高タイル 2026-10-08
S0w1vdb4,鳥沢,"139.00349,35.60804",314.6,DEM5A,地理院タイル 標高タイル 2026-10-08
S0w21cko,西聖和,"142.41512,43.66903",157.6,DEM5A,地理院タイル 標高タイル 2026-10-08
S0w24oho,お花茶屋,"139.83989,35.74762",-0.9,DEM5A,地理院タイル 標高タイル 2026-10-08
S0w2ezik,沢井,"139.19340,35.80595",239.1,DEM5A,地理院タイル 標高タイル 2026-10-08
S0w328ub,東諫早,"130.06161,32.85280",6.5,DEM5A,地理院タイル 標高タイル 2026-10-08
S0w3c3l2,北舟岡,"140.88032,42.45055",3.6,DEM5A,地理院タイル 標高タイル 2026-10-08
S0w3d5mq,西若松,"139.91413,37.48598",215.0,DEM5A,地理院タイル 標高タイル 2026-10-08
S0w3rfsa,荒川車庫前,"139.75280,35.75086",2.6,DEM5A,地理院タイル 標高タイル 2026-10-08
S0w486ia,笈川,"139.89534,37.57914",180.1,DEM5A,地理院タイル 標高タイル 2026-10-08
S0w48b73,門真市,"135.58281,34.73770",2.4,DEM5A,地理院タイル 標高タイル 2026-10-08
S0w48f5h,陸前浜田,"141.04170,38.35086",2.2,DEM5A,地理院タイル 標高タイル 2026-10-08
S0w49grg,大牟田,"130.44377,33.02977",3.7,DEM5A,地理院タイル 標高タイル 2026-10-08
S0w4f01s,肥後大津,"130.86631,32.87749",115.2,DEM5A,地理院タイル 標高タイル 2026-10-08
S0w4pbe1,新御徒町,"139.78211,35.70694",2.2,DEM5A,地理院タイル 標高タイル 2026-10-08
S0w4ps8v,加斗,"135.66618,35.48071",16.1,DEM5A,地理院タイル 標高タイル 2026-10-08
S0w507m4,新関,"139.16239,37.76823",11.7,DEM5A,地理院タイル 標高タイル 2026-10-08
S0w53kgr,原木,"138.94370,35.06549",11.3,DEM5A,地理院タイル 標高タイル 2026-10-08
S0w5hris,大城,"130.60781,33.35099",11.4,DEM5A,地理院タイル 標高タイル 2026-10-08
S0w5s6ta,香川,"139.39983,35.35660",8.5,DEM5A,地理院タイル 標高タイル 2026-10-08
S0w5ub7d,串間,"131.23065,31.46280",3.4,DEM5A,地理院タイル 標高タイル 2026-10-08
S0w5uzko,波川,"133.41398,33.54375",16.4,DEM5A,地理院タイル 標高タイル 2026-10-08
S0w67dtr,伊勢中原,"136.49794,34.61474",1.7,DEM5A,地理院タイル 標高タイル 2026-10-08
S0w67urt,西羽生,"139.52446,36.17659",17.2,DEM5A,地理院タイル 標高タイル 2026-10-08
S0w6xr9r,名谷,"135.09438,34.67927",97.7,DEM5A,地理院タイル 標高タイル 2026-10-08
S0w786ml,東枇杷島,"136.87032,35.18994",2.5,DEM5A,地理院タイル 標高タイル 2026-10-08
S0w79bwk,大鰐,"140.56693,40.52181",74.3,DEM5A,地理院タイル 標高タイル 2026-10-08
S0w7t3nm,御影,"135.25188,34.72457",45.0,DEM5A,地理院タイル 標高タイル 2026-10-08
S0w85d3y,陸前原ノ町,"140.91085,38.26609",20.2,DEM5A,地理院タイル 標高タイル 2026-10-08
S0w8kihg,備中川面,"133.58851,34.85018",94.0,DEM5A,地理院タイル 標高タイル 2026-10-08
S0w90qj4,錦,"135.88577,34.99762",96.0,DEM5A,地理院タイル 標高タイル 2026-10-08
S0w96fgc,伏見,"136.89736,35.16913",9.8,DEM5A,地理院タイル 標高タイル 2026-10-08
S0w9lxvd,藤島,"139.89407,38.76864",12.0,DEM5A,地理院タイル 標高タイル 2026-10-08
S0wag92r,新習志野,"140.01298,35.66740",4.0,DEM5A,地理院タイル 標高タイル 2026-10-08
S0wak3w8,西高島平,"139.64568,35.79189",5.0,DEM5A,地理院タイル 標高タイル 2026-10-08
S0wat2tk,寝屋川市,"135.62079,34.76400",4.9,DEM5A,地理院タイル 標高タイル 2026-10-08
S0waz18v,天応,"132.51970,34.28125",3.7,DEM5A,地理院タイル 標高タイル 2026-10-08
S0wbcru0,桜台,"139.66240,35.73875",38.9,DEM5A,地理院タイル 標高タイル 2026-10-08
S0wbr834,深江橋,"135.55706,34.67916",1.3,DEM5A,地理院タイル 標高タイル 2026-10-08
S0wc1pou,京成関屋,"139.81185,35.74397",5.2,DEM5A,地理院タイル 標高タイル 2026-10-08
S0wckaw0,津新町,"136.49990,34.71554",2.9,DEM5A,地理院タイル 標高タイル 2026-10-08
S0wdibbc,中瀬古,"136.54305,34.81215",15.5,DEM5A,地理院タイル 標高タイル 2026-10-08
S0wdim2x,松山市,"132.76185,33.83563",20.5,DEM5A,地理院タイル 標高タイル 2026-10-08
S0we707k,本郷三丁目,"139.76041,35.70716",21.5,DEM5A,地理院タイル 標高タイル 2026-10-08
S0webhaw,海の王迎,"133.04705,33.04051",22.0,DEM5A,地理院タイル 標高タイル 2026-10-08
S0wem569,日ノ出町,"139.62666,35.44563",10.2,DEM5A,地理院タイル 標高タイル 2026-10-08
S0wem6is,本町六丁目,"132.75853,33.85330",21.3,DEM5A,地理院タイル 標高タイル 2026-10-08
S0weu05r,御井,"130.56266,33.31267",16.3,DEM5A,地理院タイル 標高タイル 2026-10-08
S0wf2nnw,牧志,"127.69256,26.21711",4.9,DEM5A,地理院タイル 標高タイル 2026-10-08
S0wf5q1f,上総久保,"140.15445,35.36745",39.4,DEM5A,地理院タイル 標高タイル 2026-10-08
S0wfn8ho,築地市場,"139.76675,35.66496",2.9,DEM5A,地理院タイル 標高タイル 2026-10-08
S0wfzywd,御領,"133.40221,34.56469",18.3,DEM5A,地理院タイル 標高タイル 2026-10-08
S0wg2skz,北方,"130.87807,33.84909",10.4,DEM5A,地理院タイル 標高タイル 2026-10-08
S0wgk4qj,南柏,"139.95419,35.84464",22.6,DEM5A,地理院タイル 標高タイル 2026-10-08
S0wgth8p,犀川,"130.93930,33.65058",25.5,DEM5A,地理院タイル 標高タイル 2026-10-08
S0whdy5j,みなみ寄居,"139.23647,36.09138",122.8,DEM5A,地理院タイル 標高タイル 2026-10-08
S0whui6i,田端,"139.76157,35.73748",6.0,DEM5A,地理院タイル 標高タイル 2026-10-08
S0wijloa,本納,"140.30757,35.48216",9.1,DEM5A,地理院タイル 標高タイル 2026-10-08
S0wiq9pn,和歌山,"135.19152,34.23244",4.3,DEM5A,地理院タイル 標高タイル 2026-10-08
S0wj2qj3,北品川,"139.73931,35.62243",8.7,DEM5A,地理院タイル 標高タイル 2026-10-08
S0wj2sj4,南豊科,"137.90349,36.29099",561.7,DEM5A,地理院タイル 標高タイル 2026-10-08
S0wj4uck,肥前浜,"130.11679,33.09541",5.2,DEM5A,地理院タイル 標高タイル 2026-10-08
S0wj782q,茶山・京都芸術大学,"135.78465,35.03840",64.7,DEM5A,地理院タイル 標高タイル 2026-10-08
S0wjbfv1,氷見,"136.99076,36.84953",3.6,DEM5A,地理院タイル 標高タイル 2026-10-08
S0wjsk9h,海山道,"136.62296,34.94332",1.4,DEM5A,地理院タイル 標高タイル 2026-10-08
S0wjx0zd,谷峨,"139.03835,35.36647",166.4,DEM5A,地理院タイル 標高タイル 2026-10-08
S0wjz379,本竜野,"134.55534,34.86268",26.1,DEM5A,地理院タイル 標高タイル 2026-10-08
S0wjzlpj,吉成,"134.53080,34.11853",3.1,DEM5A,地理院タイル 標高タイル 2026-10-08
S0wk05h7,新栄町,"130.44990,33.03843",3.6,DEM5A,地理院タイル 標高タイル 2026-10-08
S0wkdyq8,種差海岸,"141.60734,40.50692",24.9,DEM5A,地理院タイル 標高タイル 2026-10-08
S0wktii2,沼田,"139.03564,36.64229",333.0,DEM5A,地理院タイル 標高タイル 2026-10-08
S0wkwhcg,福渡,"133.90404,34.87030",63.6,DEM5A,地理院タイル 標高タイル 2026-10-08
S0wlti1g,城戸南蔵院前,"130.57209,33.61796",113.3,DEM5A,地理院タイル 標高タイル 2026-10-08
S0wm43ja,出雲大東,"132.95799,35.32573",46.1,DEM5A,地理院タイル 標高タイル 2026-10-08
S0wmpqrk,柚須,"130.44416,33.61333",3.8,DEM5A,地理院タイル 標高タイル 2026-10-08
S0wmr2s1,味岡,"136.94034,35.30938",30.6,DEM5A,地理院タイル 標高タイル 2026-10-08
S0wmsu5g,長江,"132.97431,35.47984",7.5,DEM5A,地理院タイル 標高タイル 2026-10-08
S0wmwp66,壬生川,"133.08558,33.92965",3.1,DEM5A,地理院タイル 標高タイル 2026-10-08
S0wn1u87,鳥栖,"130.51984,33.37422",16.3,DEM5A,地理院タイル 標高タイル 2026-10-08
S0wn7ptw,上総川間,"140.15102,35.38806",32.9,DEM5A,地理院タイル 標高タイル 2026-10-08
S0wnra05,入善,"137.49910,36.94128",19.8,DEM5A,地理院タイル 標高タイル 2026-10-08
S0wnvnkv,干拓の里,"130.09316,32.83615",2.9,DEM5A,地理院タイル 標高タイル 2026-10-08
S0wnx2w6,県庁通り,"133.93051,34.66268",4.2,DEM5A,地理院タイル 標高タイル 2026-10-08
S0wojhnu,水原,"139.21719,37.83656",7.8,DEM5A,地理院タイル 標高タイル 2026-10-08
S0woyy5k,中津,"131.19092,33.59920",4.9,DEM5A,地理院タイル 標高タイル 2026-10-08
S0wp6e5g,折尾,"130.71287,33.86388",2.9,DEM5A,地理院タイル 標高タイル 2026-10-08
S0wpb75u,柳井,"132.10616,33.96572",1.3,DEM5A,地理院タイル 標高タイル 2026-10-08
S0wpft60,柳瀬川,"139.56246,35.83056",11.4,DEM5A,地理院タイル 標高タイル 2026-10-08
S0wpk4r4,池戸,"134.11945,34.27903",17.6,DEM5A,地理院タイル 標高タイル 2026-10-08
S0wpuk1f,武庫川団地前,"135.37485,34.70493",0.7,DEM5A,地理院タイル 標高タイル 2026-10-08
S0wq1if0,神町,"140.37849,38.41231",112.0,DEM5A,地理院タイル 標高タイル 2026-10-08
S0wq5imj,蓮台寺,"138.94129,34.69947",17.8,DEM5A,地理院タイル 標高タイル 2026-10-08
S0wqunu9,新郷,"133.36781,35.08210",426.7,DEM5A,地理院タイル 標高タイル 2026-10-08
S0wr6ltp,大久保,"134.93918,34.68198",19.2,DEM5A,地理院タイル 標高タイル 2026-10-08
S0wrkx2o,高城,"131.65572,33.24285",5.5,DEM5A,地理院タイル 標高タイル 2026-10-08
S0wt1pdk,原田,"137.95290,34.82017",48.6,DEM5A,地理院タイル 標高タイル 2026-10-08
S0wthnir,江ノ島,"139.48763,35.31103",4.8,DEM5A,地理院タイル 標高タイル 2026-10-08
S0wtqs0c,戸綿,"137.93114,34.83137",42.5,DEM5A,地理院タイル 標高タイル 2026-10-08
S0wtsi2w,小田渕,"137.34563,34.81476",10.0,DEM5A,地理院タイル 標高タイル 2026-10-08
S0wu4eu5,登戸,"139.56980,35.62080",20.8,DEM5A,地理院タイル 標高タイル 2026-10-08
S0wu7mlm,北浦和,"139.64575,35.87220",14.0,DEM5A,地理院タイル 標高タイル 2026-10-08
S0wuj0cj,大成,"143.06972,42.91604",74.6,DEM5A,地理院タイル 標高タイル 2026-10-08
S0wuntxm,万場,"136.88325,35.83344",303.8,DEM5A,地理院タイル 標高タイル 2026-10-08
S0wuuuuz,千徳,"141.91196,39.63225",8.4,DEM5A,地理院タイル 標高タイル 2026-10-08
S0wuy9rd,井戸,"134.15590,34.26663",32.4,DEM5A,地理院タイル 標高タイル 2026-10-08
S0ww5rxk,能登中島,"136.85361,37.10925",1.8,DEM5A,地理院タイル 標高タイル 2026-10-08
S0wwfsdz,円田,"137.90757,34.82084",37.3,DEM5A,地理院タイル 標高タイル 2026-10-08
S0wwmke0,京急富岡,"139.62976,35.36671",19.5,DEM5A,地理院タイル 標高タイル 2026-10-08
S0wwvfu8,八森,"140.01790,40.37130",22.5,DEM10B,地理院タイル 標高タイル 2026-10-08
S0wwvymd,江戸橋,"136.51402,34.74444",1.4,DEM5A,地理院タイル 標高タイル 2026-10-08
S0www3ur,中萱,"137.90330,36.27388",581.2,DEM5A,地理院タイル 標高タイル 2026-10-08
S0wyeai3,払川,"141.93282,39.56440",10.5,DEM5A,地理院タイル 標高タイル 2026-10-08
S0wyk417,国分,"130.76361,31.74382",6.7,DEM5A,地理院タイル 標高タイル 2026-10-08
S0wyng9r,大泉学園,"139.58665,35.74941",48.5,DEM5A,地理院タイル 標高タイル 2026-10-08
S0wyplcp,桂瀬,"140.41780,40.10142",62.3,DEM5A,地理院タイル 標高タイル 2026-10-08
S0wyr96i,東海大学前,"139.27094,35.37291",24.3,DEM5A,地理院タイル 標高タイル 2026-10-08
S0wys5rf,長万部,"140.37522,42.51264",4.4,DEM5A,地理院タイル 標高タイル 2026-10-08
S0wz4g2f,寄居,"139.19360,36.11758",99.0,DEM5A,地理院タイル 標高タイル 2026-10-08
S0wz7hle,津軽飯詰,"140.47941,40.82959",17.9,DEM5A,地理院タイル 標高タイル 2026-10-08
S0wzflf2,八軒,"141.31919,43.08607",10.1,DEM5A,地理院タイル 標高タイル 2026-10-08
S0wztfwx,浜松,"137.73525,34.70391",4.3,DEM5A,地理院タイル 標高タイル 2026-10-08
S0x02h99,津軽浜名,"140.47183,41.18055",9.8,DEM10B,地理院タイル 標高タイル 2026-10-08
S0x0nf5r,奥田中学校前,"137.22360,36.70357",7.5,DEM5A,地理院タイル 標高タイル 2026-10-08
S0x0ruce,洲原,"136.94482,35.58883",98.2,DEM5A,地理院タイル 標高タイル 2026-10-08
S0x0ry50,三松,"135.52050,35.48866",8.4,DEM5A,地理院タイル 標高タイル 2026-10-08
S0x0ztf2,岡谷,"138.04512,36.05676",766.7,DEM5A,地理院タイル 標高タイル 2026-10-08
S0x1kvh5,江端,"136.21248,36.02842",7.5,DEM5A,地理院タイル 標高タイル 2026-10-08
S0x1y0aa,上野尻,"139.63390,37.62503",143.9,DEM5A,地理院タイル 標高タイル 2026-10-08
S0x1y8b1,金野,"137.81717,35.41915",389.0,DEM5A,地理院タイル 標高タイル 2026-10-08
S0x1zekm,南松本,"137.96961,36.21071",594.1,DEM5A,地理院タイル 標高タイル 2026-10-08
S0x28owy,高見馬場,"130.54987,31.58815",3.7,DEM5A,地理院タイル 標高タイル 2026-10-08
S0x2afbk,桜新町,"139.64537,35.63170",42.1,DEM5A,地理院タイル 標高タイル 2026-10-08
S0x2ftbv,家山,"138.07777,34.94008",142.8,DEM5A,地理院タイル 標高タイル 2026-10-08
S0x2u7fc,吉原本町,"138.68973,35.16077",4.2,DEM5A,地理院タイル 標高タイル 2026-10-08
S0x33w10,堀内公園,"137.08965,34.92762",11.0,DEM5A,地理院タイル 標高タイル 2026-10-08
S0x36tm2,信濃浅野,"138.29449,36.72177",341.3,DEM5A,地理院タイル 標高タイル 2026-10-08
S0x3cve8,旭町三丁目,"133.50634,33.55562",6.5,DEM5A,地理院タイル 標高タイル 2026-10-08
S0x3ds3o,関目高殿,"135.54565,34.71527",1.7,DEM5A,地理院タイル 標高タイル 2026-10-08
S0x3huz3,伊奈中央,"139.61703,35.99945",15.3,DEM5A,地理院タイル 標高タイル 2026-10-08
S0x47q3f,新鹿,"136.14419,33.92793",17.8,DEM5A,地理院タイル 標高タイル 2026-10-08
S0x4b17w,鯰田,"130.70312,33.66933",15.5,DEM5A,地理院タイル 標高タイル 2026-10-08
S0x4jlip,豊津,"130.96295,33.68759",13.0,DEM5A,地理院タイル 標高タイル 2026-10-08
S0x4kv8b,長門古市,"131.10165,34.38850",28.4,DEM5A,地理院タイル 標高タイル 2026-10-08
S0x4rix2,金島,"138.97651,36.52951",223.7,DEM5A,地理院タイル 標高タイル 2026-10-08
S0x53cp4,総合リハビリセンター,"136.95448,35.13050",32.5,DEM5A,地理院タイル 標高タイル 2026-10-08
S0x5hpnc,稀府,"140.89887,42.42562",12.4,DEM5A,地理院タイル 標高タイル 2026-10-08
S0x6vlru,さいたま新都心,"139.63390,35.89359",11.5,DEM5A,地理院タイル 標高タイル 2026-10-08
S0x6ygu1,京町温泉,"130.76792,32.04541",220.8,DEM5A,地理院タイル 標高タイル 2026-10-08
S0x6zyh8,中京競馬場前,"136.98089,35.06150",29.5,DEM5A,地理院タイル 標高タイル 2026-10-08
S0x74gy2,敷戸,"131.61513,33.18811",14.8,DEM5A,地理院タイル 標高タイル 2026-10-08
S0x7fkhc,勝間田,"134.11875,35.03587",100.1,DEM5A,地理院タイル 標高タイル 2026-10-08
S0x7hruv,新在家,"135.24057,34.71061",8.9,DEM5A,地理院タイル 標高タイル 2026-10-08
S0x7zd08,上盛岡,"141.14800,39.71148",128.9,DEM5A,地理院タイル 標高タイル 2026-10-08
S0x7zpil,高槻市,"135.62314,34.84983",8.6,DEM5A,地理院タイル 標高タイル 2026-10-08
S0x83m7w,遠州小松,"137.77784,34.78423",16.4,DEM5A,地理院タイル 標高タイル 2026-10-08
S0x85f5k,真鶴,"139.13213,35.15675",55.5,DEM5A,地理院タイル 標高タイル 2026-10-08
S0x899uo,桐原,"138.79251,37.60177",13.0,DEM5A,地理院タイル 標高タイル 2026-10-08
S0x8gzrm,富士根,"138.63561,35.20527",72.2,DEM5A,地理院タイル 標高タイル 2026-10-08
S0x8o7bx,矢本,"141.20910,38.42045",2.5,DEM5A,地理院タイル 標高タイル 2026-10-08
S0x8pi9h,織部,"136.66709,35.49965",44.4,DEM5A,地理院タイル 標高タイル 2026-10-08
S0x8z118,上野間,"136.86681,34.80727",7.3,DEM5A,地理院タイル 標高タイル 2026-10-08
S0x9ksfx,桟橋車庫前,"133.55223,33.54129",1.7,DEM5A,地理院タイル 標高タイル 2026-10-08
S0x9z9sf,本牟田部,"129.99669,33.37212",7.6,DEM5A,地理院タイル 標高タイル 2026-10-08
S0xa7rrh,岩原スキー場前,"138.83956,36.92425",406.4,DEM5A,地理院タイル 標高タイル 2026-10-08
S0xa8akl,永和,"136.76441,35.13284",-0.9,DEM5A,地理院タイル 標高タイル 2026-10-08
S0xab2ax,舞田,"138.18278,36.35965",489.1,DEM5A,地理院タイル 標高タイル 2026-10-08
S0xasm4a,湯檜曽,"138.98588,36.80299",585.1,DEM5A,地理院タイル 標高タイル 2026-10-08
S0xawbhw,草加,"139.80346,35.82838",3.7,DEM5A,地理院タイル 標高タイル 2026-10-08
S0xb83vc,樟葉,"135.67534,34.86185",15.1,DEM5A,地理院タイル 標高タイル 2026-10-08
S0xb9s2p,東静岡,"138.41292,34.98408",10.3,DEM5A,地理院タイル 標高タイル 2026-10-08
S0xbp2li,白神岳登山口,"139.95036,40.51349",11.8,DEM5A,地理院タイル 標高タイル 2026-10-08
S0xc8ltg,安堂,"135.62912,34.58020",18.6,DEM5A,地理院タイル 標高タイル 2026-10-08
S0xc929g,尾山台,"139.65412,35.60694",27.4,DEM5A,地理院タイル 標高タイル 2026-10-08
S0xcf8ev,吉備真備,"133.69217,34.62682",10.0,DEM5A,地理院タイル 標高タイル 2026-10-08
S0xcri6y,三厩,"140.44446,41.18541",9.4,DEM5A,地理院タイル 標高タイル 2026-10-08
S0xcw7za,打越,"130.71383,32.82373",14.3,DEM5A,地理院タイル 標高タイル 2026-10-08
S0xcwvbx,新疋田,"136.10069,35.59421",96.3,DEM5A,地理院タイル 標高タイル 2026-10-08
S0xd3kyk,あき亀山,"132.49623,34.51720",29.0,DEM5A,地理院タイル 標高タイル 2026-10-08
S0xd7r0o,志布志,"131.09853,31.47314",6.2,DEM5A,地理院タイル 標高タイル 2026-10-08
S0xdctnn,寝屋川公園,"135.65335,34.75550",44.2,DEM5A,地理院タイル 標高タイル 2026-10-08
S0xdj03t,飛騨萩原,"137.21397,35.87441",430.7,DEM5A,地理院タイル 標高タイル 2026-10-08
S0xdru63,釜淵,"140.26398,38.93299",145.4,DEM5A,地理院タイル 標高タイル 2026-10-08
S0xdupdl,清和学園前,"133.61255,33.57468",10.7,DEM5A,地理院タイル 標高タイル 2026-10-08
S0xeun1f,筑後吉井,"130.75283,33.34096",31.7,DEM5A,地理院タイル 標高タイル 2026-10-08
S0xf3rmb,神武寺,"139.59289,35.30628",7.0,DEM5A,地理院タイル 標高タイル 2026-10-08
S0xf9zmi,磐城常葉,"140.60584,37.42076",419.7,DEM5A,地理院タイル 標高タイル 2026-10-08
S0xfkqfo,長門三隅,"131.23641,34.36617",7.3,DEM5A,地理院タイル 標高タイル 2026-10-08
S0xfts1v,東浦,"136.97070,34.94960",4.1,DEM5A,地理院タイル 標高タイル 2026-10-08
S0xgbkgs,浦田,"133.74970,34.56152",3.3,DEM5A,地理院タイル 標高タイル 2026-10-08
S0xgcol2,竹浦,"141.26031,42.49294",4.7,DEM5A,地理院タイル 標高タイル 2026-10-08
S0xguran,小鳥谷,"141.30774,40.17112",180.0,DEM5A,地理院タイル 標高タイル 2026-10-08
S0xgyttd,表参道,"139.71210,35.66528",33.5,DEM5A,地理院タイル 標高タイル 2026-10-08
S0xhfbyh,白井海岸,"141.88324,40.03258",52.3,DEM5A,地理院タイル 標高タイル 2026-10-08
S0xhic4y,東田平,"129.62315,33.35775",52.0,DEM5A,地理院タイル 標高タイル 2026-10-08
S0xhn3g3,あつみ温泉,"139.58791,38.62425",10.8,DEM5A,地理院タイル 標高タイル 2026-10-08
S0xi0m0g,沼久保,"138.58425,35.19929",115.1,DEM5A,地理院タイル 標高タイル 2026-10-08
S0xicupv,三好町,"138.23554,36.39168",444.0,DEM5A,地理院タイル 標高タイル 2026-10-08
S0xif7wm,成城学園前,"139.59908,35.64014",43.5,DEM5A,地理院タイル 標高タイル 2026-10-08
S0xiuys8,平針,"137.00722,35.12270",25.4,DEM5A,地理院タイル 標高タイル 2026-10-08
S0xiwbyw,多々良,"139.50032,36.27368",24.9,DEM5A,地理院タイル 標高タイル 2026-10-08
S0xiz8ab,青海,"139.78132,35.62480",2.4,DEM5A,地理院タイル 標高タイル 2026-10-08
S0xj3bo5,大和小泉,"135.76345,34.62219",52.6,DEM5A,地理院タイル 標高タイル 2026-10-08
S0xjl6rj,小野町,"134.91847,34.83358",25.0,DEM5A,地理院タイル 標高タイル 2026-10-08
S0xjm08f,高座渋谷,"139.46471,35.43214",47.2,DEM5A,地理院タイル 標高タイル 2026-10-08
S0xjtf2m,海崎,"131.88793,32.99608",3.3,DEM5A,地理院タイル 標高タイル 2026-10-08
S0xk3ufu,博労町,"133.33972,35.43162",5.0,DEM5A,地理院タイル 標高タイル 2026-10-08
S0xl26hy,土佐白浜,"133.09734,33.05695",23.9,DEM5A,地理院タイル 標高タイル 2026-10-08
S0xll39x,三ツ境,"139.50257,35.46778",75.8,DEM5A,地理院タイル 標高タイル 2026-10-08
S0xlxx0r,森下,"130.74105,33.85392",10.8,DEM5A,地理院タイル 標高タイル 2026-10-08
S0xm2su2,西諫早,"130.02133,32.83964",1.8,DEM5A,地理院タイル 標高タイル 2026-10-08
S0xmu3ea,岡崎公園前,"137.15347,34.95491",17.8,DEM5A,地理院タイル 標高タイル 2026-10-08
S0xn9zr8,武蔵浦和,"139.64740,35.84573",7.3,DEM5A,地理院タイル 標高タイル 2026-10-08
S0xnb6u9,大保,"130.55812,33.41146",18.8,DEM5A,地理院タイル 標高タイル 2026-10-08
S0xnji0o,下北条,"133.80901,35.48197",5.4,DEM5A,地理院タイル 標高タイル 2026-10-08
S0xnt9go,渋沢,"139.18455,35.37405",165.1,DEM5A,地理院タイル 標高タイル 2026-10-08
S0xnx7ae,武蔵五日市,"139.22812,35.73215",180.6,DEM5A,地理院タイル 標高タイル 2026-10-08
S0xpdn01,赤坂,"139.11734,36.39724",106.5,DEM5A,地理院タイル 標高タイル 2026-10-08
S0xpme4o,焼津,"138.31848,34.87228",3.3,DEM5A,地理院タイル 標高タイル 2026-10-08
S0xpmq7h,飯羽間,"137.43752,35.38726",473.1,DEM5A,地理院タイル 標高タイル 2026-10-08
S0xqa60u,下赤塚,"139.64485,35.77049",33.9,DEM5A,地理院タイル 標高タイル 2026-10-08
S0xqridb,多度,"136.64066,35.13374",15.3,DEM5A,地理院タイル 標高タイル 2026-10-08
S0xr03z1,玉戸,"139.93855,36.29857",37.6,DEM5A,地理院タイル 標高タイル 2026-10-08
S0xs1f8f,東川口,"139.74378,35.87588",6.7,DEM5A,地理院タイル 標高タイル 2026-10-08
S0xsiocg,藤沢本町,"139.47584,35.34821",13.3,DEM5A,地理院タイル 標高タイル 2026-10-08
S0xsyjq3,松が谷,"139.42203,35.63179",95.8,DEM5A,地理院タイル 標高タイル 2026-10-08
S0xsyud0,新宮,"135.99445,33.72433",4.7,DEM5A,地理院タイル 標高タイル 2026-10-08
S0xt92xn,福地,"137.04855,34.84469",2.5,DEM5A,地理院タイル 標高タイル 2026-10-08
S0xu7tl4,新豊橋,"137.38338,34.76226",8.2,DEM5A,地理院タイル 標高タイル 2026-10-08
S0xuczw5,日出谷,"139.53400,37.70572",96.1,DEM5A,地理院タイル 標高タイル 2026-10-08
S0xuq1fv,くびき,"138.36164,37.19814",12.8,DEM5A,地理院タイル 標高タイル 2026-10-08
S0xuqna9,警察署前,"132.77536,33.84462",31.3,DEM5A,地理院タイル 標高タイル 2026-10-08
S0xut2az,鎌ヶ谷,"139.99731,35.76378",26.9,DEM5A,地理院タイル 標高タイル 2026-10-08
S0xv760c,瑞穂区役所,"136.93439,35.13203",11.3,DEM5A,地理院タイル 標高タイル 2026-10-08
S0xv82im,神戸三宮,"135.19365,34.69337",10.9,DEM5A,地理院タイル 標高タイル 2026-10-08
S0xvc8p0,五十崎,"132.63636,33.53807",69.6,DEM5A,地理院タイル 標高タイル 2026-10-08
S0xw0jd4,鰺ヶ沢,"140.22070,40.77535",2.7,DEM5A,地理院タイル 標高タイル 2026-10-08
S0xwpwsc,岩野目,"140.43069,39.92117",177.2,DEM10B,地理院タイル 標高タイル 2026-10-08
S0xwx9sa,宮内,"138.84011,37.42213",25.2,DEM5A,地理院タイル 標高タイル 2026-10-08
S0xxdxzh,鎌取,"140.17867,35.56271",39.4,DEM5A,地理院タイル 標高タイル 2026-10-08
S0xxpy5v,鵠沼,"139.48267,35.32140",5.7,DEM5A,地理院タイル 標高タイル 2026-10-08
S0xxriue,渚,"137.28795,36.00145",613.1,DEM5A,地理院タイル 標高タイル 2026-10-08
S0xxzime,笹原,"130.44869,33.55326",13.2,DEM5A,地理院タイル 標高タイル 2026-10-08
S0xy0w1m,稲子,"138.53693,35.23054",86.6,DEM5A,地理院タイル 標高タイル 2026-10-08
S0xy2tob,府屋,"139.53043,38.51348",10.7,DEM5A,地理院タイル 標高タイル 2026-10-08
S0xy9vng,久留米大学前,"130.54761,33.31080",25.7,DEM5A,地理院タイル 標高タイル 2026-10-08
S0xyoqz0,須津,"138.73392,35.16047",12.7,DEM5A,地理院タイル 標高タイル 2026-10-08
S0xyqwfa,吉川美南,"139.85812,35.86809",3.2,DEM5A,地理院タイル 標高タイル 2026-10-08
S0xza6eu,百草園,"139.43138,35.65738",59.0,DEM5A,地理院タイル 標高タイル 2026-10-08
S0xzjw3q,尾崎,"135.24011,34.36099",6.9,DEM5A,地理院タイル 標高タイル 2026-10-08
S0y00og7,高森,"131.12243,32.81938",540.2,DEM5A,地理院タイル 標高タイル 2026-10-08
S0y16z1f,函南,"138.97098,35.10872",69.2,DEM5A,地理院タイル 標高タイル 2026-10-08
S0y1by3q,沼部,"139.67317,35.58249",7.1,DEM5A,地理院タイル 標高タイル 2026-10-08
S0y1jn4n,小月,"131.03286,34.06782",2.5,DEM5A,地理院タイル 標高タイル 2026-10-08
S0y1nuyb,下野花岡,"140.00868,36.64999",140.6,DEM5A,地理院タイル 標高タイル 2026-10-08
S0y1op3u,天下茶屋,"135.49682,34.63708",2.6,DEM5A,地理院タイル 標高タイル 2026-10-08
S0y27u96,スタジアムシティノース,"129.86570,32.76132",1.9,DEM5A,地理院タイル 標高タイル 2026-10-08
S0y328fg,長篠城,"137.56528,34.92605",62.5,DEM5A,地理院タイル 標高タイル 2026-10-08
S0y3rnj7,矢倉,"138.78435,36.55272",424.4,DEM5A,地理院タイル 標高タイル 2026-10-08
S0y3wl3x,三加茂,"133.94918,34.03581",70.4,DEM5A,地理院タイル 標高タイル 2026-10-08
S0y4l51l,間島,"139.45025,38.27305",6.7,DEM5A,地理院タイル 標高タイル 2026-10-08
S0y59h3a,宝永町,"133.55367,33.55859",0.0,DEM5A,地理院タイル 標高タイル 2026-10-08
S0y5arb5,早口,"140.44746,40.27133",44.8,DEM5A,地理院タイル 標高タイル 2026-10-08
S0y61ucj,長門粟野,"130.97009,34.35739",3.5,DEM5A,地理院タイル 標高タイル 2026-10-08
S0y66z6d,安子ヶ島,"140.31056,37.47190",276.9,DEM5A,地理院タイル 標高タイル 2026-10-08
S0y6s2i5,上井草,"139.60296,35.72525",49.7,DEM5A,地理院タイル 標高タイル 2026-10-08
S0y6zhjo,新芝浦,"139.70013,35.49191",2.3,DEM5A,地理院タイル 標高タイル 2026-10-08
S0y71a61,野々市工大前,"136.62177,36.53265",18.1,DEM5A,地理院タイル 標高タイル 2026-10-08
S0y75c3l,母恋,"140.98982,42.31730",6.6,DEM5A,地理院タイル 標高タイル 2026-10-08
S0y7gt2o,錦江,"130.65330,31.73688",7.3,DEM5A,地理院タイル 標高タイル 2026-10-08
S0y7ph5y,宮崎,"131.43201,31.91581",6.4,DEM5A,地理院タイル 標高タイル 2026-10-08
S0y81zge,交野市,"135.67564,34.78692",20.1,DEM5A,地理院タイル 標高タイル 2026-10-08
S0y86lzj,平田,"141.88600,39.24571",15.6,DEM5A,地理院タイル 標高タイル 2026-10-08
S0y87ewz,石橋,"139.86651,36.43624",68.3,DEM5A,地理院タイル 標高タイル 2026-10-08
S0y88p9x,前空,"132.28928,34.30112",12.1,DEM5A,地理院タイル 標高タイル 2026-10-08
S0y8jf9p,川俣,"139.52650,36.20889",18.7,DEM5A,地理院タイル 標高タイル 2026-10-08
S0y8l94e,金屋,"136.95675,35.20249",15.1,DEM5A,地理院タイル 標高タイル 2026-10-08
S0y8rech,おごと温泉,"135.89456,35.09690",105.0,DEM5A,地理院タイル 標高タイル 2026-10-08
S0y8vm96,北鈴蘭台,"135.15194,34.73946",357.3,DEM5A,地理院タイル 標高タイル 2026-10-08
S0y8zx4q,高岳,"136.91619,35.17417",10.8,DEM5A,地理院タイル 標高タイル 2026-10-08
S0y9nayy,佐賀,"130.29737,33.26412",3.9,DEM5A,地理院タイル 標高タイル 2026-10-08
S0ya5clc,宿河原,"139.57954,35.61542",18.9,DEM5A,地理院タイル 標高タイル 2026-10-08
S0ya74ec,狩川,"139.97676,38.79369",19.5,DEM5A,地理院タイル 標高タイル 2026-10-08
S0yae734,波多浦,"130.48793,32.61524",2.6,DEM5A,地理院タイル 標高タイル 2026-10-08
S0yag9y2,慶徳校前,"130.70250,32.79704",12.2,DEM5A,地理院タイル 標高タイル 2026-10-08
S0yagngb,尼ヶ坂,"136.91917,35.18780",7.7,DEM5A,地理院タイル 標高タイル 2026-10-08
S0yaimir,六実,"139.99925,35.79371",27.9,DEM5A,地理院タイル 標高タイル 2026-10-08
S0yarz0g,領石通,"133.60791,33.57382",25.8,DEM5A,地理院タイル 標高タイル 2026-10-08
S0yb4185,富士宮,"138.61548,35.22120",118.4,DEM5A,地理院タイル 標高タイル 2026-10-08
S0yb9h3f,飯井,"131.29483,34.37910",13.6,DEM5A,地理院タイル 標高タイル 2026-10-08
S0ybdyqm,石田,"135.80388,34.94055",16.6,DEM5A,地理院タイル 標高タイル 2026-10-08
S0ybmzuq,神保原,"139.14901,36.25362",60.8,DEM5A,地理院タイル 標高タイル 2026-10-08
S0ybt2k3,向能代,"140.03922,40.22568",20.1,DEM5A,地理院タイル 標高タイル 2026-10-08
S0yct83s,久那土,"138.46743,35.48150",235.5,DEM5A,地理院タイル 標高タイル 2026-10-08
S0yct9b0,真駒内,"141.35854,42.99118",93.5,DEM5A,地理院タイル 標高タイル 2026-10-08
S0yd5jz7,新越谷,"139.78982,35.87557",4.5,DEM5A,地理院タイル 標高タイル 2026-10-08
S0yd8hsl,上総村上,"140.10043,35.49612",8.4,DEM5A,地理院タイル 標高タイル 2026-10-08
S0yddtt3,上町一丁目,"133.52510,33.55732",3.2,DEM5A,地理院タイル 標高タイル 2026-10-08
S0ydzkec,刑部,"133.56602,35.07626",337.3,DEM5A,地理院タイル 標高タイル 2026-10-08
S0ye5vdw,各務原市役所前,"136.84733,35.40084",31.5,DEM5A,地理院タイル 標高タイル 2026-10-08
S0ye9o48,岡本,"139.94425,36.59826",140.8,DEM5A,地理院タイル 標高タイル 2026-10-08
S0yecfk7,勇払,"141.72765,42.63282",3.0,DEM5A,地理院タイル 標高タイル 2026-10-08
S0yecjvn,高根公団,"140.02944,35.73042",28.4,DEM5A,地理院タイル 標高タイル 2026-10-08
S0yezd5q,渕東,"137.83994,36.19519",694.6,DEM5A,地理院タイル 標高タイル 2026-10-08
S0yf0783,讃岐財田,"133.81468,34.11741",151.9,DEM5A,地理院タイル 標高タイル 2026-10-08
S0yf405r,舞浜,"139.88372,35.63616",2.6,DEM5A,地理院タイル 標高タイル 2026-10-08
S0yf4dlk,山本,"135.38849,34.82195",48.3,DEM5A,地理院タイル 標高タイル 2026-10-08
S0yfh7jn,下之郷,"138.21720,36.36324",465.0,DEM5A,地理院タイル 標高タイル 2026-10-08
S0yfm1z0,桶川,"139.56421,35.99844",20.5,DEM5A,地理院タイル 標高タイル 2026-10-08
S0yftsgt,若井,"133.10584,33.18805",202.5,DEM5A,地理院タイル 標高タイル 2026-10-08
S0yfvkgo,美田園,"140.91744,38.15969",2.1,DEM5A,地理院タイル 標高タイル 2026-10-08
S0ygdzmt,赤湯,"140.14901,38.04723",221.8,DEM5A,地理院タイル 標高タイル 2026-10-08
S0yh85dd,黒田庄,"134.99255,35.02274",74.2,DEM5A,地理院タイル 標高タイル 2026-10-08
S0yh89wt,新板橋,"139.71937,35.74884",28.0,DEM5A,地理院タイル 標高タイル 2026-10-08
S0yhhpmo,鳴子温泉,"140.71596,38.74336",166.7,DEM5A,地理院タイル 標高タイル 2026-10-08
S0yhlgv8,静,"140.43821,36.50611",44.4,DEM5A,地理院タイル 標高タイル 2026-10-08
S0yhno6d,榊原温泉口,"136.34880,34.67484",80.6,DEM5A,地理院タイル 標高タイル 2026-10-08
S0yi00vx,信濃川島,"137.97188,36.01368",764.9,DEM5A,地理院タイル 標高タイル 2026-10-08
S0yiipuy,山前,"139.41127,36.34739",48.3,DEM5A,地理院タイル 標高タイル 2026-10-08
S0yix6yw,緒川,"136.97190,34.98139",1.7,DEM5A,地理院タイル 標高タイル 2026-10-08
S0yj55ew,武蔵引田,"139.27008,35.72969",170.5,DEM5A,地理院タイル 標高タイル 2026-10-08
S0yj5s49,上本町,"137.21576,36.68639",11.3,DEM5A,地理院タイル 標高タイル 2026-10-08
S0yjb4qe,鼎,"137.82836,35.50670",447.1,DEM5A,地理院タイル 標高タイル 2026-10-08
S0yjj229,関ノ宮,"136.33961,34.63770",52.8,DEM5A,地理院タイル 標高タイル 2026-10-08
S0ykbe90,和木,"132.22771,34.20406",2.5,DEM5A,地理院タイル 標高タイル 2026-10-08
S0ykdc3x,牛込神楽坂,"139.73604,35.70092",17.9,DEM5A,地理院タイル 標高タイル 2026-10-08
S0ykfzwq,姶良,"130.62323,31.71524",6.5,DEM5A,地理院タイル 標高タイル 2026-10-08
S0yku8aw,三河田原,"137.26902,34.66694",2.5,DEM5A,地理院タイル 標高タイル 2026-10-08
S0ykvqvb,牧,"135.10168,35.33781",21.3,DEM5A,地理院タイル 標高タイル 2026-10-08
S0yle1yk,神鉄六甲,"135.20616,34.78525",321.9,DEM5A,地理院タイル 標高タイル 2026-10-08
S0ym01cb,竹松,"129.95303,32.94006",28.3,DEM5A,地理院タイル 標高タイル 2026-10-08
S0ym46ea,安浦,"132.74445,34.28393",1.2,DEM5A,地理院タイル 標高タイル 2026-10-08
S0yme7o0,瀬峰,"141.07386,38.65561",8.8,DEM5A,地理院タイル 標高タイル 2026-10-08
S0ymep5n,臼田,"138.48824,36.19400",709.7,DEM5A,地理院タイル 標高タイル 2026-10-08
S0ymfxcz,神俣,"140.65966,37.32475",450.8,DEM5A,地理院タイル 標高タイル 2026-10-08
S0yo73or,田野口,"138.09548,35.05133",236.0,DEM5A,地理院タイル 標高タイル 2026-10-08
S0yoahzk,香登,"134.12021,34.72791",9.3,DEM5A,地理院タイル 標高タイル 2026-10-08
S0yofl06,田山,"140.94408,40.13973",307.0,DEM10B,地理院タイル 標高タイル 2026-10-08
S0yogjgj,印西牧の原,"140.16713,35.80363",19.1,DEM5A,地理院タイル 標高タイル 2026-10-08
S0yp3ytb,飯森,"137.85016,36.67061",718.3,DEM5A,地理院タイル 標高タイル 2026-10-08
S0ypb363,大分大学前,"131.61941,33.17679",28.6,DEM5A,地理院タイル 標高タイル 2026-10-08
S0ypiumo,於福,"131.20773,34.23633",128.2,DEM5A,地理院タイル 標高タイル 2026-10-08
S0ypr423,テクノさかき,"138.18820,36.44058",410.2,DEM5A,地理院タイル 標高タイル 2026-10-08
S0yq3ly9,土佐昭和,"132.89756,33.22002",128.4,DEM5A,地理院タイル 標高タイル 2026-10-08
S0yqbhha,月岡,"139.27246,37.88934",3.8,DEM5A,地理院タイル 標高タイル 2026-10-08
S0yqetb3,北延岡,"131.69018,32.63087",7.8,DEM5A,地理院タイル 標高タイル 2026-10-08
S0yqy1zm,藤が丘,"137.02185,35.18238",58.6,DEM5A,地理院タイル 標高タイル 2026-10-08
S0yr0f4q,津和野,"131.77376,34.47254",154.7,DEM5A,地理院タイル 標高タイル 2026-10-08
S0yr1wng,立間,"132.53947,33.29673",15.6,DEM5A,地理院タイル 標高タイル 2026-10-08
S0yr3e9z,古津賀,"132.96231,32.98591",2.3,DEM5A,地理院タイル 標高タイル 2026-10-08
S0yr4v0z,三木上の丸,"134.98881,34.79997",43.5,DEM5A,地理院タイル 標高タイル 2026-10-08
S0yrt4fk,守谷,"139.99207,35.95042",20.7,DEM5A,地理院タイル 標高タイル 2026-10-08
S0yrytag,小田急多摩センター,"139.42437,35.62493",86.2,DEM5A,地理院タイル 標高タイル 2026-10-08
S0ys33sg,船岡,"135.49180,35.13349",138.7,DEM5A,地理院タイル 標高タイル 2026-10-08
S0yscork,目白,"139.70628,35.72039",24.9,DEM5A,地理院タイル 標高タイル 2026-10-08
S0yswvlf,九重,"139.91139,34.99751",21.8,DEM5A,地理院タイル 標高タイル 2026-10-08
S0ysznv7,下市口,"135.78690,34.38402",150.3,DEM5A,地理院タイル 標高タイル 2026-10-08
S0yu0n7z,財光寺,"131.62762,32.40585",6.0,DEM5A,地理院タイル 標高タイル 2026-10-08
S0yul1ji,船平山,"131.73413,34.42137",308.0,DEM5A,地理院タイル 標高タイル 2026-10-08
S0yvn9i4,青梅街道,"139.47657,35.73099",76.0,DEM5A,地理院タイル 標高タイル 2026-10-08
S0yvq579,ウェスパ椿山,"139.87127,40.59305",65.4,DEM5A,地理院タイル 標高タイル 2026-10-08
S0yvrigd,二和向台,"140.02373,35.75388",29.5,DEM5A,地理院タイル 標高タイル 2026-10-08
S0yvv9zo,箱崎宮前,"130.41936,33.61608",2.5,DEM5A,地理院タイル 標高タイル 2026-10-08
S0ywelxc,涌谷,"141.12729,38.53800",5.3,DEM5A,地理院タイル 標高タイル 2026-10-08
S0ywithl,新宿西口,"139.69916,35.69316",34.2,DEM5A,地理院タイル 標高タイル 2026-10-08
S0ywl643,羽前豊里,"140.24230,38.83675",69.0,DEM5A,地理院タイル 標高タイル 2026-10-08
S0yx0wml,清水五条,"135.76870,34.99656",34.1,DEM5A,地理院タイル 標高タイル 2026-10-08
S0yx8iv5,燕,"138.92848,37.66764",8.0,DEM5A,地理院タイル 標高タイル 2026-10-08
S0yxkd1g,松飛台,"139.95757,35.77533",16.0,DEM5A,地理院タイル 標高タイル 2026-10-08
S0yy3qku,黒川,"136.91016,35.19716",4.9,DEM5A,地理院タイル 標高タイル 2026-10-08
S0yyf0a6,飛騨宮田,"137.23555,35.92844",497.2,DEM5A,地理院タイル 標高タイル 2026-10-08
S0yyj4fz,安立町,"135.49009,34.60546",2.3,DEM5A,地理院タイル 標高タイル 2026-10-08
S0yyjh0e,梅本,"132.83903,33.80122",69.3,DEM5A,地理院タイル 標高タイル 2026-10-08
S0yyofk7,東光寺,"138.94295,37.59303",11.0,DEM5A,地理院タイル 標高タイル 2026-10-08
S0yytvi0,椋野,"132.03350,34.19367",40.3,DEM5A,地理院タイル 標高タイル 2026-10-08
S0yyvxnr,河佐,"133.16673,34.58995",142.2,DEM5A,地理院タイル 標高タイル 2026-10-08
S0yzcxdq,姫川,"137.86097,37.02042",31.7,DEM5A,地理院タイル 標高タイル 2026-10-08
S0yzwx80,根岸,"139.63610,35.41586",3.8,DEM5A,地理院タイル 標高タイル 2026-10-08
S0yzxwgn,デンテツターミナルビル前,"133.54406,33.55938",2.0,DEM5A,地理院タイル 標高タイル 2026-10-08
S0z02fqh,本庄早稲田,"139.17975,36.21868",62.8,DEM5A,地理院タイル 標高タイル 2026-10-08
S0z03b2w,常山,"133.89306,34.53138",2.0,DEM5A,地理院タイル 標高タイル 2026-10-08
S0z0g8l9,池野,"136.57869,35.43651",24.3,DEM5A,地理院タイル 標高タイル 2026-10-08
S0z0hyxj,鹿角花輪,"140.78517,40.18854",132.6,DEM5A,地理院タイル 標高タイル 2026-10-08
S0z140fv,神目,"133.93538,34.89624",99.2,DEM5A,地理院タイル 標高タイル 2026-10-08
S0z1iqrq,仁井田,"133.16124,33.24511",235.4,DEM5A,地理院タイル 標高タイル 2026-10-08
S0z31hda,北天下茶屋,"135.50020,34.63632",3.3,DEM5A,地理院タイル 標高タイル 2026-10-08
S0z3qr1b,西小林,"130.92180,32.00947",287.5,DEM5A,地理院タイル 標高タイル 2026-10-08
S0z4gsyc,七ヶ岳登山口,"139.71738,37.12418",653.6,DEM5A,地理院タイル 標高タイル 2026-10-08
S0z4pelo,水口城南,"136.16560,34.96813",170.1,DEM5A,地理院タイル 標高タイル 2026-10-08
S0z506s6,富野,"140.62747,37.87474",57.1,DEM5A,地理院タイル 標高タイル 2026-10-08
S0z50orx,あいの里公園,"141.41303,43.16090",4.7,DEM5A,地理院タイル 標高タイル 2026-10-08
S0z52s4y,南桜井,"137.07694,34.90601",12.1,DEM5A,地理院タイル 標高タイル 2026-10-08
S0z5405a,名和,"136.91169,35.06092",2.4,DEM5A,地理院タイル 標高タイル 2026-10-08
S0z5lk4b,陸奥市川,"141.43906,40.56305",13.5,DEM5A,地理院タイル 標高タイル 2026-10-08
S0z5yal7,寒河江,"140.27469,38.37204",98.4,DEM5A,地理院タイル 標高タイル 2026-10-08
S0z65hn1,鑓見内,"140.52769,39.51926",37.3,DEM5A,地理院タイル 標高タイル 2026-10-08
S0z67b2c,浜の宮,"134.83398,34.74083",2.3,DEM5A,地理院タイル 標高タイル 2026-10-08
S0z67plt,安和,"133.25904,33.36706",11.6,DEM5A,地理院タイル 標高タイル 2026-10-08
S0z6hxt7,大小路,"135.47451,34.57913",5.5,DEM5A,地理院タイル 標高タイル 2026-10-08
S0z72ktg,市場,"130.75933,33.70806",14.0,DEM5A,地理院タイル 標高タイル 2026-10-08
S0z7aip9,志村坂上,"139.69473,35.77634",22.9,DEM5A,地理院タイル 標高タイル 2026-10-08
S0z7gqdn,みどり台,"140.09733,35.62530",16.6,DEM5A,地理院タイル 標高タイル 2026-10-08
S0z875no,呼野,"130.86194,33.75505",93.7,DEM5A,地理院タイル 標高タイル 2026-10-08
S0z8h98a,下土狩,"138.89511,35.12854",41.8,DEM5A,地理院タイル 標高タイル 2026-10-08
S0z8tnmx,上今井,"138.31947,36.75335",339.4,DEM5A,地理院タイル 標高タイル 2026-10-08
S0z94kyj,花巻,"141.11032,39.39375",88.5,DEM5A,地理院タイル 標高タイル 2026-10-08
S0z96v5j,三代橋,"129.86594,33.18907",49.9,DEM5A,地理院タイル 標高タイル 2026-10-08
S0z96wi1,月寒中央,"141.39673,43.02993",58.9,DEM5A,地理院タイル 標高タイル 2026-10-08
S0za5bvy,椎柴,"140.75886,35.76522",7.6,DEM5A,地理院タイル 標高タイル 2026-10-08
S0zampt5,小野上温泉,"138.90431,36.55690",281.4,DEM5A,地理院タイル 標高タイル 2026-10-08
S0zapsne,羽貫,"139.60852,36.00716",15.4,DEM5A,地理院タイル 標高タイル 2026-10-08
S0zarfqn,一ノ割,"139.76604,35.96487",5.6,DEM5A,地理院タイル 標高タイル 2026-10-08
S0zb4cvi,田切,"137.93306,35.69564",633.4,DEM5A,地理院タイル 標高タイル 2026-10-08
S0zb7twb,御嶽,"139.18275,35.80142",235.3,DEM5A,地理院タイル 標高タイル 2026-10-08
S0zbaai4,上岡,"131.86159,32.95626",6.0,DEM5A,地理院タイル 標高タイル 2026-10-08
S0zbbadk,平林,"135.45855,34.61060",1.7,DEM5A,地理院タイル 標高タイル 2026-10-08
S0zbe03p,居組,"134.39386,35.60701",28.7,DEM5A,地理院タイル 標高タイル 2026-10-08
S0zbkfwg,穴太,"136.60535,35.07282",26.7,DEM5A,地理院タイル 標高タイル 2026-10-08
S0zc1jq1,武庫川,"135.38205,34.71842",2.8,DEM5A,地理院タイル 標高タイル 2026-10-08
S0zcesh6,細谷,"137.96164,34.79275",28.3,DEM5A,地理院タイル 標高タイル 2026-10-08
S0zdxvkf,牧山,"133.96045,34.74126",37.3,DEM5A,地理院タイル 標高タイル 2026-10-08
S0ze25h1,村上,"139.46331,38.21988",7.5,DEM5A,地理院タイル 標高タイル 2026-10-08
S0zecyzu,宇都宮大学陽東キャンパス,"139.92916,36.55706",116.1,DEM5A,地理院タイル 標高タイル 2026-10-08
S0zeppbc,岡田,"133.86171,34.22127",65.7,DEM5A,地理院タイル 標高タイル 2026-10-08
S0zeyl2y,さくらんぼ東根,"140.38076,38.42861",109.5,DEM5A,地理院タイル 標高タイル 2026-10-08
S0zf4gkp,伊那八幡,"137.84154,35.49675",414.6,DEM5A,地理院タイル 標高タイル 2026-10-08
S0zfjqb0,小林,"135.35234,34.78938",34.0,DEM5A,地理院タイル 標高タイル 2026-10-08
S0zg0daf,太刀洗,"130.61888,33.41392",28.8,DEM5A,地理院タイル 標高タイル 2026-10-08
S0zg6rx0,西三次,"132.84069,34.79839",156.3,DEM5A,地理院タイル 標高タイル 2026-10-08
S0zg9n7i,野田生,"140.37597,42.21703",8.0,DEM5A,地理院タイル 標高タイル 2026-10-08
S0zgeng1,信濃森上,"137.87184,36.71098",687.1,DEM5A,地理院タイル 標高タイル 2026-10-08
S0zgn2bm,新堂,"136.20672,34.82104",181.5,DEM5A,地理院タイル 標高タイル 2026-10-08
S0zh4aej,水城,"130.49020,33.51781",27.1,DEM5A,地理院タイル 標高タイル 2026-10-08
S0zig1hj,犬山口,"136.93997,35.37423",52.4,DEM5A,地理院タイル 標高タイル 2026-10-08
S0ziqs3q,六渡寺,"137.06597,36.78883",1.4,DEM5A,地理院タイル 標高タイル 2026-10-08
S0zj481l,大浦海岸通,"129.87070,32.73788",2.1,DEM5A,地理院タイル 標高タイル 2026-10-08
S0zjbylz,仏子,"139.36019,35.83767",78.7,DEM5A,地理院タイル 標高タイル 2026-10-08
S0zjdoq9,飯田,"137.82127,35.51972",509.0,DEM5A,地理院タイル 標高タイル 2026-10-08
S0zjmtak,河辺,"139.28405,35.78478",180.2,DEM5A,地理院タイル 標高タイル 2026-10-08
S0zjq0aj,インテック本社前,"137.21642,36.70363",5.9,DEM5A,地理院タイル 標高タイル 2026-10-08
S0zk1110,河内山本,"135.61917,34.62792",10.8,DEM5A,地理院タイル 標高タイル 2026-10-08
S0zk3obe,新井,"134.79521,35.23658",149.2,DEM5A,地理院タイル 標高タイル 2026-10-08
S0zk94r8,能登二宮,"136.91739,36.98481",41.8,DEM5A,地理院タイル 標高タイル 2026-10-08
S0zkazq5,現川,"129.92637,32.79113",67.9,DEM5A,地理院タイル 標高タイル 2026-10-08
S0zkcsbb,森本,"136.68956,36.61219",4.5,DEM5A,地理院タイル 標高タイル 2026-10-08
S0zko24n,土佐穴内,"133.69609,33.77926",236.3,DEM5A,地理院タイル 標高タイル 2026-10-08
S0zl7fdh,印南,"135.21985,33.81860",5.8,DEM5A,地理院タイル 標高タイル 2026-10-08
S0zlewo1,南日永,"136.60102,34.94991",2.6,DEM5A,地理院タイル 標高タイル 2026-10-08
S0zlgy24,北長瀬,"133.88497,34.65293",2.7,DEM5A,地理院タイル 標高タイル 2026-10-08
S0zlvapo,西鉄福岡（天神）,"130.39938,33.58952",2.8,DEM5A,地理院タイル 標高タイル 2026-10-08
S0zlw5bn,八日市,"136.19454,35.11418",125.3,DEM5A,地理院タイル 標高タイル 2026-10-08
S0zlx7by,黒坂,"133.38353,35.20649",241.1,DEM5A,地理院タイル 標高タイル 2026-10-08
S0zmcsvp,下油井,"137.18311,35.63327",215.3,DEM5A,地理院タイル 標高タイル 2026-10-08
S0zmfgm7,西ノ京,"135.78317,34.67065",64.1,DEM5A,地理院タイル 標高タイル 2026-10-08
S0zmxmvn,今山,"130.87694,33.34515",83.1,DEM5A,地理院タイル 標高タイル 2026-10-08
S0zn1m6y,吹浦,"139.87864,39.07004",3.9,DEM5A,地理院タイル 標高タイル 2026-10-08
S0zn3f94,中央前橋,"139.07537,36.39093",102.0,DEM5A,地理院タイル 標高タイル 2026-10-08
S0zno3ab,南吹田,"135.51134,34.74942",1.7,DEM5A,地理院タイル 標高タイル 2026-10-08
S0znph98,五十川,"139.61610,38.67064",11.2,DEM5A,地理院タイル 標高タイル 2026-10-08
S0zodp5h,今羽,"139.61961,35.95000",14.2,DEM5A,地理院タイル 標高タイル 2026-10-08
S0zogc2u,紀伊浦神,"135.89397,33.56044",4.0,DEM5A,地理院タイル 標高タイル 2026-10-08
S0zokbqa,農学部前,"134.12578,34.27382",20.9,DEM5A,地理院タイル 標高タイル 2026-10-08
S0zorw4q,野州大塚,"139.77259,36.40877",56.6,DEM5A,地理院タイル 標高タイル 2026-10-08
S0zp5q7q,北巽,"135.55500,34.65327",2.9,DEM5A,地理院タイル 標高タイル 2026-10-08
S0zp6kiv,入山瀬,"138.64753,35.18835",46.7,DEM5A,地理院タイル 標高タイル 2026-10-08
S0zpxwvh,大和二見,"135.68444,34.34612",111.4,DEM5A,地理院タイル 標高タイル 2026-10-08
S0zqyfet,楠,"136.63117,34.90489",2.4,DEM5A,地理院タイル 標高タイル 2026-10-08
S0zr8uql,千代川,"135.54842,35.04844",99.0,DEM5A,地理院タイル 標高タイル 2026-10-08
S0zrfobz,垂井,"136.53082,35.36954",29.0,DEM5A,地理院タイル 標高タイル 2026-10-08
S0zs86rb,やぐま台,"137.30915,34.67379",2.7,DEM5A,地理院タイル 標高タイル 2026-10-08
S0zsg8d2,善行,"139.47326,35.36259",32.9,DEM5A,地理院タイル 標高タイル 2026-10-08
S0zspm1v,たびら平戸口,"129.58255,33.36250",31.1,DEM5A,地理院タイル 標高タイル 2026-10-08
S0ztj1k4,市ヶ谷,"139.73654,35.69210",7.9,DEM5A,地理院タイル 標高タイル 2026-10-08
S0zu6edf,南守谷,"140.00276,35.93409",19.0,DEM5A,地理院タイル 標高タイル 2026-10-08
S0zubi2v,南条,"136.19353,35.83180",76.0,DEM5A,地理院タイル 標高タイル 2026-10-08
S0zufqqj,綾羅木,"130.92678,34.00368",5.4,DEM5A,地理院タイル 標高タイル 2026-10-08
S0zuwcku,有馬口,"135.22099,34.79648",293.4,DEM5A,地理院タイル 標高タイル 2026-10-08
S0zv17kf,別所温泉,"138.16188,36.35320",551.1,DEM5A,地理院タイル 標高タイル 2026-10-08
S0zv7qr4,東貝塚,"135.37303,34.44005",22.1,DEM5A,地理院タイル 標高タイル 2026-10-08
S0zwcfy8,陶,"133.94790,34.25039",38.8,DEM5A,地理院タイル 標高タイル 2026-10-08
S0zwlay0,下麻生,"137.08711,35.51492",114.8,DEM5A,地理院タイル 標高タイル 2026-10-08
S0zwzl14,平田,"137.96256,36.19171",609.0,DEM5A,地理院タイル 標高タイル 2026-10-08
S0zz3f8w,曙町,"133.49084,33.55112",9.2,DEM5A,地理院タイル 標高タイル 2026-10-08
S0zz4kua,江北,"139.77034,35.77378",2.3,DEM5A,地理院タイル 標高タイル 2026-10-08
S0zzcy0b,坂城,"138.18145,36.46198",396.2,DEM5A,地理院タイル 標高タイル 2026-10-08
S0zzmy8m,西富岡,"138.88278,36.26016",170.1,DEM5A,地理院タイル 標高タイル 2026-10-08
S0zzvhie,清武,"131.38889,31.85890",22.4,DEM5A,地理院タイル 標高タイル 2026-10-08
S0zzx6eo,虹ノ松原,"130.01632,33.44099",5.7,DEM5A,地理院タイル 標高タイル 2026-10-08
S1006r1v,吹上,"136.93522,35.15881",16.7,DEM5A,地理院タイル 標高タイル 2026-10-08
S100v44x,恵庭,"141.58632,42.88311",29.3,DEM10B,地理院タイル 標高タイル 2026-10-08
S10123gy,新居,"136.11590,34.78634",136.9,DEM5A,地理院タイル 標高タイル 2026-10-08
S1012x2e,神楽岡,"142.35825,43.74505",116.8,DEM5A,地理院タイル 標高タイル 2026-10-08
S10169w8,笠田,"135.47990,34.29207",61.1,DEM5A,地理院タイル 標高タイル 2026-10-08
S101tgop,王子,"139.73781,35.75336",5.7,DEM5A,地理院タイル 標高タイル 2026-10-08
S1024bre,水鳥,"136.62082,35.61749",152.8,DEM5A,地理院タイル 標高タイル 2026-10-08
S102w0at,平滝,"138.53375,36.98604",310.3,DEM5A,地理院タイル 標高タイル 2026-10-08
S103ejc3,犬塚,"130.46287,33.24732",6.1,DEM5A,地理院タイル 標高タイル 2026-10-08
S103jhow,滝不動,"140.02629,35.73801",27.2,DEM5A,地理院タイル 標高タイル 2026-10-08
S104n207,杉本町,"135.50302,34.59301",11.3,DEM5A,地理院タイル 標高タイル 2026-10-08
S105ql3u,東中神,"139.38459,35.70627",97.4,DEM5A,地理院タイル 標高タイル 2026-10-08
S105rfoc,善通寺,"133.78927,34.22996",32.0,DEM5A,地理院タイル 標高タイル 2026-10-08
S105xu88,鈴鹿市,"136.58279,34.88391",10.1,DEM5A,地理院タイル 標高タイル 2026-10-08
S10620ea,新道東,"141.36920,43.10463",7.0,DEM5A,地理院タイル 標高タイル 2026-10-08
S106e9w3,駅東公園前,"139.90726,36.55801",112.5,DEM5A,地理院タイル 標高タイル 2026-10-08
S106tfpo,遠州岩水寺,"137.80114,34.83436",36.6,DEM5A,地理院タイル 標高タイル 2026-10-08
S106zniq,中野坂上,"139.68246,35.69735",34.1,DEM5A,地理院タイル 標高タイル 2026-10-08
S107ce64,新船橋,"139.97982,35.71157",13.3,DEM5A,地理院タイル 標高タイル 2026-10-08
S107ecx8,飫肥,"131.36166,31.62722",16.2,DEM5A,地理院タイル 標高タイル 2026-10-08
S107scqg,和泉橋本,"135.35882,34.42730",26.5,DEM5A,地理院タイル 標高タイル 2026-10-08
S107wips,佐倉,"140.22675,35.70974",5.2,DEM5A,地理院タイル 標高タイル 2026-10-08
S107zm5f,筑前植木,"130.70804,33.77708",5.5,DEM5A,地理院タイル 標高タイル 2026-10-08
S10842ag,伊予寒川,"133.50019,33.96794",8.7,DEM5A,地理院タイル 標高タイル 2026-10-08
S1087yn5,鵜沼,"136.94605,35.39756",48.0,DEM5A,地理院タイル 標高タイル 2026-10-08
S108pivp,津軽中里,"140.44101,40.96489",9.7,DEM5A,地理院タイル 標高タイル 2026-10-08
S108xhah,三見,"131.33018,34.39722",4.2,DEM5A,地理院タイル 標高タイル 2026-10-08
S109tz10,大山寺,"139.24099,35.42980",530.7,DEM5A,地理院タイル 標高タイル 2026-10-08
S109yq2j,自衛隊前,"141.36491,43.00601",71.3,DEM5A,地理院タイル 標高タイル 2026-10-08
S10agqca,夏井,"140.66271,37.25299",425.1,DEM5A,地理院タイル 標高タイル 2026-10-08
S10bpvdp,平和公園,"129.86201,32.77449",6.2,DEM5A,地理院タイル 標高タイル 2026-10-08
S10btu78,仁保,"131.53625,34.21628",131.5,DEM5A,地理院タイル 標高タイル 2026-10-08
S10c8wua,長浦,"136.84781,34.97840",3.3,DEM5A,地理院タイル 標高タイル 2026-10-08
S10d1xki,滝尾,"131.62312,33.20940",8.0,DEM5A,地理院タイル 標高タイル 2026-10-08
S10dfkz8,栄町,"136.90885,35.17048",12.6,DEM5A,地理院タイル 標高タイル 2026-10-08
S10e443k,東林間,"139.43902,35.52019",85.9,DEM5A,地理院タイル 標高タイル 2026-10-08
S10e6ide,刈谷市,"136.99394,34.98468",9.9,DEM5A,地理院タイル 標高タイル 2026-10-08
S10e7m2x,武之橋,"130.55397,31.57946",4.4,DEM5A,地理院タイル 標高タイル 2026-10-08
S10fsi9g,大釈迦,"140.58783,40.75667",52.6,DEM5A,地理院タイル 標高タイル 2026-10-08
S10fusdi,柏の葉キャンパス,"139.95253,35.89332",17.6,DEM5A,地理院タイル 標高タイル 2026-10-08
S10fvvwa,木尾,"136.93855,35.60632",112.7,DEM5A,地理院タイル 標高タイル 2026-10-08
S10g07c2,幌延,"141.84599,45.01440",8.8,DEM5A,地理院タイル 標高タイル 2026-10-08
S10g6l7d,六番町,"136.88839,35.12411",0.1,DEM5A,地理院タイル 標高タイル 2026-10-08
S10g9gjf,田んぼアート,"140.57378,40.63265",33.9,DEM5A,地理院タイル 標高タイル 2026-10-08
S10gcdz9,西大方,"132.98681,33.00879",7.3,DEM5A,地理院タイル 標高タイル 2026-10-08
S10gfqnk,川根温泉笹間渡,"138.08620,34.96229",155.0,DEM5A,地理院タイル 標高タイル 2026-10-08
S10h0v1v,大板井,"130.56108,33.39850",13.6,DEM5A,地理院タイル 標高タイル 2026-10-08
S10i3qdn,白山,"134.15045,34.26672",31.5,DEM5A,地理院タイル 標高タイル 2026-10-08
S10ihp7n,松尾,"136.84006,34.43256",10.2,DEM5A,地理院タイル 標高タイル 2026-10-08
S10im67q,厳木,"130.06030,33.32340",41.9,DEM5A,地理院タイル 標高タイル 2026-10-08
S10ip9gv,銀座,"139.76438,35.67221",4.1,DEM5A,地理院タイル 標高タイル 2026-10-08
S10irr6v,瑞穂運動場東,"136.94834,35.12271",21.7,DEM5A,地理院タイル 標高タイル 2026-10-08
S10j6u6c,今治,"132.99384,34.06410",4.4,DEM5A,地理院タイル 標高タイル 2026-10-08
S10jm572,南出羽,"140.34465,38.30257",107.0,DEM5A,地理院タイル 標高タイル 2026-10-08
S10jv3f5,泰澄の里,"136.19816,35.99921",9.4,DEM5A,地理院タイル 標高タイル 2026-10-08
S10kqrdy,落合南長崎,"139.68346,35.72344",33.0,DEM5A,地理院タイル 標高タイル 2026-10-08
S10kt84v,海浜幕張,"140.04199,35.64840",3.7,DEM5A,地理院タイル 標高タイル 2026-10-08
S10l003v,戸田,"136.80745,35.13260",-0.7,DEM5A,地理院タイル 標高タイル 2026-10-08
S10l1epb,長森,"136.80285,35.40208",12.0,DEM5A,地理院タイル 標高タイル 2026-10-08
S10l2t67,石見,"135.78586,34.57135",45.2,DEM5A,地理院タイル 標高タイル 2026-10-08
S10l3k24,北小松,"135.97004,35.25329",103.5,DEM5A,地理院タイル 標高タイル 2026-10-08
S10lbsd9,愛野,"137.96185,34.75245",17.7,DEM5A,地理院タイル 標高タイル 2026-10-08
S10ln3dz,市辺,"136.16562,35.10384",117.4,DEM5A,地理院タイル 標高タイル 2026-10-08
S10mlyu7,埴生,"131.08647,34.04932",17.4,DEM5A,地理院タイル 標高タイル 2026-10-08
S10mp829,信州中野,"138.36493,36.74465",366.7,DEM5A,地理院タイル 標高タイル 2026-10-08
S10mrvah,油日,"136.22959,34.88970",212.6,DEM5A,地理院タイル 標高タイル 2026-10-08
S10n2h3j,琴平,"133.82131,34.19213",68.7,DEM5A,地理院タイル 標高タイル 2026-10-08
S10n3nsh,田沼,"139.58191,36.36707",63.8,DEM5A,地理院タイル 標高タイル 2026-10-08
S10nixey,新秋津,"139.49375,35.77831",49.6,DEM5A,地理院タイル 標高タイル 2026-10-08
S10npg0o,新田,"141.11952,38.71156",8.6,DEM5A,地理院タイル 標高タイル 2026-10-08
S10ns2jv,フルーツパーク,"137.73219,34.83438",25.0,DEM5A,地理院タイル 標高タイル 2026-10-08
S10o2ysy,袋井,"137.92600,34.74144",12.1,DEM5A,地理院タイル 標高タイル 2026-10-08
S10ojm8g,南方,"135.49929,34.72571",0.4,DEM5A,地理院タイル 標高タイル 2026-10-08
S10ooxsj,末野原,"137.14690,35.03954",44.7,DEM5A,地理院タイル 標高タイル 2026-10-08
S10opxkm,野田,"135.47493,34.68894",-0.7,DEM5A,地理院タイル 標高タイル 2026-10-08
S10ozlfn,文挟,"139.72789,36.63760",239.0,DEM5A,地理院タイル 標高タイル 2026-10-08
S10pyjkp,上郷,"131.40190,34.11602",7.0,DEM5A,地理院タイル 標高タイル 2026-10-08
S10q1c25,高城町,"141.07355,38.38282",1.2,DEM5A,地理院タイル 標高タイル 2026-10-08
S10qdfbo,久地,"139.59307,35.61010",17.9,DEM5A,地理院タイル 標高タイル 2026-10-08
S10qr5ez,贄川,"137.86094,36.01398",872.6,DEM5A,地理院タイル 標高タイル 2026-10-08
S10rariy,南滋賀,"135.85769,35.03650",102.8,DEM5A,地理院タイル 標高タイル 2026-10-08
S10rpslh,布施屋,"135.26167,34.24445",11.3,DEM5A,地理院タイル 標高タイル 2026-10-08
S10rwlm7,小塙,"140.11664,36.64310",83.0,DEM5A,地理院タイル 標高タイル 2026-10-08
S10s81iw,みらい平,"140.03834,35.99441",17.2,DEM5A,地理院タイル 標高タイル 2026-10-08
S10s9oqy,矢田前,"140.80711,40.83378",4.5,DEM5A,地理院タイル 標高タイル 2026-10-08
S10sfs7z,嵐山,"135.67821,35.01537",38.1,DEM5A,地理院タイル 標高タイル 2026-10-08
S10sjybn,新高円寺,"139.64851,35.69786",42.5,DEM5A,地理院タイル 標高タイル 2026-10-08
S10tl1w3,伊予富田,"133.00910,34.03632",7.2,DEM5A,地理院タイル 標高タイル 2026-10-08
S10tl4a2,道法寺,"136.61354,36.48426",60.3,DEM5A,地理院タイル 標高タイル 2026-10-08
S10tovvh,相ノ木,"137.33548,36.70198",14.6,DEM5A,地理院タイル 標高タイル 2026-10-08
S10ud161,落合川,"137.53006,35.52532",298.8,DEM5A,地理院タイル 標高タイル 2026-10-08
S10uff3b,白沢,"130.35665,31.25687",27.5,DEM5A,地理院タイル 標高タイル 2026-10-08
S10ug1qm,江崎,"131.66204,34.63824",5.0,DEM5A,地理院タイル 標高タイル 2026-10-08
S10uics6,伊那新町,"137.98406,35.96878",719.9,DEM5A,地理院タイル 標高タイル 2026-10-08
S10ujvol,越戸,"137.18013,35.10767",40.6,DEM5A,地理院タイル 標高タイル 2026-10-08
S10umk7f,東毛呂,"139.31533,35.94715",61.9,DEM5A,地理院タイル 標高タイル 2026-10-08
S10upvy4,木上,"130.85891,32.22427",130.6,DEM5A,地理院タイル 標高タイル 2026-10-08
S10uwf00,国府津,"139.21496,35.28140",20.5,DEM5A,地理院タイル 標高タイル 2026-10-08
S10v9phw,みなとじま,"135.20999,34.66907",4.5,DEM5A,地理院タイル 標高タイル 2026-10-08
S10vgnft,羽根尾,"138.60549,36.55016",669.4,DEM5A,地理院タイル 標高タイル 2026-10-08
S10vhpgi,上挙母,"137.15467,35.07192",43.3,DEM5A,地理院タイル 標高タイル 2026-10-08
S10vwerd,紀伊中ノ島,"135.19019,34.24285",10.1,DEM5A,地理院タイル 標高タイル 2026-10-08
S10wbnrr,大歩危,"133.76726,33.87653",181.3,DEM5A,地理院タイル 標高タイル 2026-10-08
S10xivpf,広原,"130.98487,31.95779",187.2,DEM5A,地理院タイル 標高タイル 2026-10-08
S10xw2o8,呉羽,"137.16487,36.71888",3.7,DEM5A,地理院タイル 標高タイル 2026-10-08
S10yb1p5,月見山,"135.12215,34.65021",23.1,DEM5A,地理院タイル 標高タイル 2026-10-08
S10yi8eb,岩本町,"139.77529,35.69557",3.4,DEM5A,地理院タイル 標高タイル 2026-10-08
S10yzkuh,太美,"141.44906,43.18986",6.7,DEM5A,地理院タイル 標高タイル 2026-10-08
S10yzpa5,有間川,"138.13666,37.16332",7.6,DEM5A,地理院タイル 標高タイル 2026-10-08
S10z508v,飯能,"139.31884,35.85120",106.9,DEM5A,地理院タイル 標高タイル 2026-10-08
S10zusbp,大山ケーブル,"139.24451,35.42789",401.9,DEM5A,地理院タイル 標高タイル 2026-10-08
S10zxfkn,大三,"136.36886,34.66405",50.1,DEM5A,地理院タイル 標高タイル 2026-10-08
S10zxk1b,近鉄新庄,"135.72728,34.48930",81.6,DEM5A,地理院タイル 標高タイル 2026-10-08
S10zy77x,中央区役所前,"141.34197,43.05752",19.4,DEM5A,地理院タイル 標高タイル 2026-10-08
S110b63r,桜,"136.54175,34.99647",39.3,DEM5A,地理院タイル 標高タイル 2026-10-08
S110jzuf,丸ノ内,"136.84214,35.20421",3.3,DEM5A,地理院タイル 標高タイル 2026-10-08
S110o4ol,明戸,"139.30329,36.14290",51.5,DEM5A,地理院タイル 標高タイル 2026-10-08
S110rfgy,塔ノ沢,"139.09402,35.23446",152.7,DEM5A,地理院タイル 標高タイル 2026-10-08
S111ipx7,西武立川,"139.36965,35.72618",113.2,DEM5A,地理院タイル 標高タイル 2026-10-08
S111ts4i,神ノ木,"135.49674,34.61583",13.1,DEM5A,地理院タイル 標高タイル 2026-10-08
S112y69r,入明,"133.53032,33.56726",1.9,DEM5A,地理院タイル 標高タイル 2026-10-08
S112zmv3,八幡山,"139.61448,35.67007",44.6,DEM5A,地理院タイル 標高タイル 2026-10-08
S113uwuf,南郷,"131.37210,31.53591",3.4,DEM5A,地理院タイル 標高タイル 2026-10-08
S113zumm,萩原天神,"135.53503,34.53708",46.7,DEM5A,地理院タイル 標高タイル 2026-10-08
S114290y,高田,"134.11197,34.28862",13.5,DEM5A,地理院タイル 標高タイル 2026-10-08
S114432e,玉川学園前,"139.46344,35.56351",69.8,DEM5A,地理院タイル 標高タイル 2026-10-08
S114fpgv,西長堀,"135.48699,34.67482",0.7,DEM5A,地理院タイル 標高タイル 2026-10-08
S114fr1n,川宮,"136.96204,35.21026",12.5,DEM5A,地理院タイル 標高タイル 2026-10-08
S114ot8r,塩入,"133.84994,34.15610",148.3,DEM5A,地理院タイル 標高タイル 2026-10-08
S115fp60,柴原阪大前,"135.45869,34.80033",45.3,DEM5A,地理院タイル 標高タイル 2026-10-08
S115h2s3,帯織,"138.92856,37.57301",14.9,DEM5A,地理院タイル 標高タイル 2026-10-08
S115h3da,佐屋,"136.71669,35.14755",-1.5,DEM5A,地理院タイル 標高タイル 2026-10-08
S115lvfl,松岡,"136.30173,36.09403",42.1,DEM5A,地理院タイル 標高タイル 2026-10-08
S115z2ga,大曽根浦,"136.22301,34.06190",13.3,DEM5A,地理院タイル 標高タイル 2026-10-08
S1163dt1,太田部,"138.48777,36.22033",686.5,DEM5A,地理院タイル 標高タイル 2026-10-08
S1167j6f,岩槻,"139.69313,35.95025",14.2,DEM5A,地理院タイル 標高タイル 2026-10-08
S1169e4y,上所,"139.04534,37.90695",0.1,DEM5A,地理院タイル 標高タイル 2026-10-08
S116f5w3,八千代中央,"140.10331,35.72787",23.3,DEM5A,地理院タイル 標高タイル 2026-10-08
S116ln9o,西那須野,"139.98644,36.88381",242.4,DEM5A,地理院タイル 標高タイル 2026-10-08
S1175spy,志井,"130.87481,33.80387",55.9,DEM5A,地理院タイル 標高タイル 2026-10-08
S117dqht,たのうら御立岬公園,"130.50659,32.36342",1.9,DEM5A,地理院タイル 標高タイル 2026-10-08
S117geqc,熊野前,"139.76960,35.74871",1.9,DEM5A,地理院タイル 標高タイル 2026-10-08
S117mtn7,薬園台,"140.03671,35.70910",29.2,DEM5A,地理院タイル 標高タイル 2026-10-08
S117tvoh,下古沢,"135.55325,34.26648",179.3,DEM5A,地理院タイル 標高タイル 2026-10-08
S117urrw,打井川,"133.02974,33.17550",168.7,DEM5A,地理院タイル 標高タイル 2026-10-08
S1181qu6,菰野,"136.51736,35.00872",65.2,DEM5A,地理院タイル 標高タイル 2026-10-08
S1182qpk,西阿知,"133.72792,34.58579",5.0,DEM5A,地理院タイル 標高タイル 2026-10-08
S1183kpx,和歌山大学前,"135.14698,34.27638",58.4,DEM5A,地理院タイル 標高タイル 2026-10-08
S118dxxm,矢作,"138.85166,37.69065",7.9,DEM5A,地理院タイル 標高タイル 2026-10-08
S119gdnk,中之条,"138.85148,36.58541",335.4,DEM5A,地理院タイル 標高タイル 2026-10-08
S11a5y9p,宝珠山,"130.87947,33.37885",116.8,DEM5A,地理院タイル 標高タイル 2026-10-08
S11asgrr,高瀬,"140.39605,38.30150",167.4,DEM5A,地理院タイル 標高タイル 2026-10-08
S11aucix,モノレール浜松町,"139.75667,35.65575",3.1,DEM5A,地理院タイル 標高タイル 2026-10-08
S11b1i87,是政,"139.48864,35.65619",42.8,DEM5A,地理院タイル 標高タイル 2026-10-08
S11bazzo,福光,"136.87865,36.55835",80.3,DEM5A,地理院タイル 標高タイル 2026-10-08
S11bh1bk,膳所本町,"135.88923,34.99515",94.5,DEM5A,地理院タイル 標高タイル 2026-10-08
S11bs3lg,嵐山,"135.68233,35.00987",33.5,DEM5A,地理院タイル 標高タイル 2026-10-08
S11cnugg,中津,"135.49707,34.71129",0.2,DEM5A,地理院タイル 標高タイル 2026-10-08
S11co8uv,岩沼,"140.86365,38.11187",3.4,DEM5A,地理院タイル 標高タイル 2026-10-08
S11d7fjc,北藤岡,"139.08147,36.28212",67.3,DEM5A,地理院タイル 標高タイル 2026-10-08
S11dck1q,島原船津,"130.37557,32.77580",2.9,DEM5A,地理院タイル 標高タイル 2026-10-08
S11dczfy,土合,"138.96511,36.83032",698.2,DEM5A,地理院タイル 標高タイル 2026-10-08
S11dg5ek,備後三日市,"132.99832,34.85509",245.7,DEM5A,地理院タイル 標高タイル 2026-10-08
S11dy7le,安芸長浜,"132.96257,34.33781",4.5,DEM5A,地理院タイル 標高タイル 2026-10-08
S11e6d4g,三枚橋,"139.35496,36.31340",51.5,DEM5A,地理院タイル 標高タイル 2026-10-08
S11ecqbb,粟井,"132.77059,33.94293",4.1,DEM5A,地理院タイル 標高タイル 2026-10-08
S11ehhwx,高麗川,"139.33813,35.89637",81.4,DEM5A,地理院タイル 標高タイル 2026-10-08
S11eju2k,山陽魚住,"134.90203,34.68928",9.1,DEM5A,地理院タイル 標高タイル 2026-10-08
S11eo6e0,原,"138.79334,35.12494",8.2,DEM5A,地理院タイル 標高タイル 2026-10-08
S11g0ire,片瀬江ノ島,"139.48292,35.30931",2.8,DEM5A,地理院タイル 標高タイル 2026-10-08
S11g2d8z,大中山,"140.71350,41.86478",34.7,DEM5A,地理院タイル 標高タイル 2026-10-08
S11g8tnq,築城,"131.03797,33.67309",16.0,DEM5A,地理院タイル 標高タイル 2026-10-08
S11gbjih,北千束,"139.69327,35.60628",36.3,DEM5A,地理院タイル 標高タイル 2026-10-08
S11gdji8,宮川,"136.67187,34.50306",10.0,DEM5A,地理院タイル 標高タイル 2026-10-08
S11gev44,白沢,"140.59171,40.33812",94.5,DEM10B,地理院タイル 標高タイル 2026-10-08
S11gq9dp,掖上,"135.76307,34.45249",83.9,DEM5A,地理院タイル 標高タイル 2026-10-08
S11grt75,栗野,"130.72335,31.95051",188.1,DEM5A,地理院タイル 標高タイル 2026-10-08
S11gttcg,東赤坂,"136.60098,35.39416",9.7,DEM5A,地理院タイル 標高タイル 2026-10-08
S11h6fec,広貫堂前,"137.21587,36.68364",12.5,DEM5A,地理院タイル 標高タイル 2026-10-08
S11hhrxz,古庄,"138.41959,34.99287",8.8,DEM5A,地理院タイル 標高タイル 2026-10-08
S11hkuw1,柏たなか,"139.95752,35.91086",13.4,DEM5A,地理院タイル 標高タイル 2026-10-08
S11hmo1s,桜木町,"139.63081,35.45037",2.2,DEM5A,地理院タイル 標高タイル 2026-10-08
S11iq5u3,志摩神明,"136.82998,34.31620",1.4,DEM5A,地理院タイル 標高タイル 2026-10-08
S11ivq36,岩船町,"139.45968,38.18348",2.4,DEM5A,地理院タイル 標高タイル 2026-10-08
S11j00a3,神鉄道場,"135.22613,34.86676",164.7,DEM5A,地理院タイル 標高タイル 2026-10-08
S11j2fl4,番田,"136.20252,36.21253",2.6,DEM5A,地理院タイル 標高タイル 2026-10-08
S11j9mfq,長谷,"134.74814,35.11704",222.0,DEM5A,地理院タイル 標高タイル 2026-10-08
S11jbzck,小中,"139.33779,36.53565",317.0,DEM5A,地理院タイル 標高タイル 2026-10-08
S11jiycl,駅前大通,"137.38606,34.76309",7.8,DEM5A,地理院タイル 標高タイル 2026-10-08
S11jr7hw,小串,"130.92828,34.16998",5.1,DEM5A,地理院タイル 標高タイル 2026-10-08
S11kdh75,士別,"142.38794,44.17220",126.9,DEM5A,地理院タイル 標高タイル 2026-10-08
S11kgx5g,清荒神,"135.35344,34.81119",48.8,DEM5A,地理院タイル 標高タイル 2026-10-08
S11ldghy,椥辻,"135.81491,34.97268",35.5,DEM5A,地理院タイル 標高タイル 2026-10-08
S11li1ae,青葉,"141.56992,42.63055",7.6,DEM5A,地理院タイル 標高タイル 2026-10-08
S11mbr4w,柳井港,"132.13446,33.95828",4.3,DEM5A,地理院タイル 標高タイル 2026-10-08
S11md3gg,打田,"135.36417,34.26514",43.7,DEM5A,地理院タイル 標高タイル 2026-10-08
S11mhd8l,由宇,"132.21364,34.04335",2.7,DEM5A,地理院タイル 標高タイル 2026-10-08
S11mlrnt,小梨,"141.38421,38.93247",133.4,DEM5A,地理院タイル 標高タイル 2026-10-08
S11mov0l,おかどめ幸福,"130.87510,32.23145",139.5,DEM5A,地理院タイル 標高タイル 2026-10-08
S11mq8om,越中荏原,"137.26621,36.69897",16.0,DEM5A,地理院タイル 標高タイル 2026-10-08
S11mt7pt,清音,"133.73351,34.64404",11.2,DEM5A,地理院タイル 標高タイル 2026-10-08
S11neo9c,浪岡,"140.58095,40.71044",25.1,DEM5A,地理院タイル 標高タイル 2026-10-08
S11nrusm,東中山,"139.95263,35.71442",15.0,DEM5A,地理院タイル 標高タイル 2026-10-08
S11opmtl,今津,"135.35168,34.73142",2.4,DEM5A,地理院タイル 標高タイル 2026-10-08
S11otgep,奥内,"140.67225,40.90311",2.2,DEM5A,地理院タイル 標高タイル 2026-10-08
S11p8m5q,北千住,"139.80507,35.74949",1.0,DEM5A,地理院タイル 標高タイル 2026-10-08
S11q3191,本荘,"136.20316,36.20463",2.1,DEM5A,地理院タイル 標高タイル 2026-10-08
S11qeoh1,浜野,"140.13218,35.55210",3.5,DEM5A,地理院タイル 標高タイル 2026-10-08
S11qkl7e,中三依温泉,"139.69932,36.98520",645.2,DEM5A,地理院タイル 標高タイル 2026-10-08
S11qmrw6,高滝,"140.15027,35.35309",43.9,DEM5A,地理院タイル 標高タイル 2026-10-08
S11r05rb,由良,"133.75450,35.49024",3.1,DEM5A,地理院タイル 標高タイル 2026-10-08
S11r4zst,小舞子,"136.47489,36.47631",9.3,DEM5A,地理院タイル 標高タイル 2026-10-08
S11rdpec,八千穂,"138.47742,36.13332",786.5,DEM5A,地理院タイル 標高タイル 2026-10-08
S11rro8j,大藪,"130.79735,33.64744",27.9,DEM5A,地理院タイル 標高タイル 2026-10-08
S11sbvo9,立木,"135.33725,35.27428",101.9,DEM5A,地理院タイル 標高タイル 2026-10-08
S11t3q0x,水居,"136.17230,36.21921",1.6,DEM5A,地理院タイル 標高タイル 2026-10-08
S11t8ldn,天津,"131.29300,33.56464",7.0,DEM5A,地理院タイル 標高タイル 2026-10-08
S11tadr0,希望ヶ丘,"139.51347,35.46054",59.8,DEM5A,地理院タイル 標高タイル 2026-10-08
S11tytye,上ゲ,"136.91646,34.85833",14.0,DEM5A,地理院タイル 標高タイル 2026-10-08
S11u2fb1,須磨浦公園,"135.10022,34.63793",12.3,DEM5A,地理院タイル 標高タイル 2026-10-08
S11u3shs,長野原草津口,"138.64956,36.54653",594.4,DEM5A,地理院タイル 標高タイル 2026-10-08
S11u5tbo,大阪城公園,"135.53440,34.68791",4.9,DEM5A,地理院タイル 標高タイル 2026-10-08
S11u9xi1,国際展示場,"139.79170,35.63441",7.5,DEM5A,地理院タイル 標高タイル 2026-10-08
S11ul32d,瀬辺地,"140.64827,41.00774",5.9,DEM5A,地理院タイル 標高タイル 2026-10-08
S11v42h0,備後西城,"133.11978,34.94039",326.6,DEM5A,地理院タイル 標高タイル 2026-10-08
S11vmuem,江北,"130.16111,33.21911",3.7,DEM5A,地理院タイル 標高タイル 2026-10-08
S11vpjm6,塩釜,"141.00954,38.30965",15.7,DEM5A,地理院タイル 標高タイル 2026-10-08
S11vt07u,上総松丘,"140.06403,35.25820",56.1,DEM5A,地理院タイル 標高タイル 2026-10-08
S11w2bpv,大村,"129.96227,32.91143",8.0,DEM5A,地理院タイル 標高タイル 2026-10-08
S11wmi2j,青海川,"138.48623,37.34619",10.2,DEM5A,地理院タイル 標高タイル 2026-10-08
S11wsgjk,塩狩,"142.45491,43.96807",254.7,DEM5A,地理院タイル 標高タイル 2026-10-08
S11x37ic,中町（西町北）,"137.21568,36.68979",11.7,DEM5A,地理院タイル 標高タイル 2026-10-08
S11x441n,板谷,"140.26816,37.81133",556.5,DEM5A,地理院タイル 標高タイル 2026-10-08
S11xax0f,波瀬,"129.80725,33.32265",2.6,DEM5A,地理院タイル 標高タイル 2026-10-08
S11xufx6,越前富田,"136.54133,35.99119",192.1,DEM5A,地理院タイル 標高タイル 2026-10-08
S11xxrf6,三国,"135.48295,34.73748",0.8,DEM5A,地理院タイル 標高タイル 2026-10-08
S11ya9wi,上ノ太子,"135.63765,34.53294",43.0,DEM5A,地理院タイル 標高タイル 2026-10-08
S11yr2k1,八丁畷,"139.69141,35.52305",1.7,DEM5A,地理院タイル 標高タイル 2026-10-08
S11z74n0,柴又,"139.87528,35.75643",1.9,DEM5A,地理院タイル 標高タイル 2026-10-08
S11znr7c,源道寺,"138.62712,35.21449",97.1,DEM5A,地理院タイル 標高タイル 2026-10-08
S1206527,中伏木,"137.06148,36.78794",1.3,DEM5A,地理院タイル 標高タイル 2026-10-08
S120z9ei,石下,"139.97439,36.11706",16.5,DEM5A,地理院タイル 標高タイル 2026-10-08
S1210j2x,津軽宮田,"140.67442,40.88703",2.7,DEM5A,地理院タイル 標高タイル 2026-10-08
S122aelp,京成臼井,"140.18080,35.73002",10.3,DEM5A,地理院タイル 標高タイル 2026-10-08
S122dp78,長原,"135.57376,34.60249",10.8,DEM5A,地理院タイル 標高タイル 2026-10-08
S122lcvp,野田城,"137.47789,34.88929",38.6,DEM5A,地理院タイル 標高タイル 2026-10-08
S122ytu6,豊沼,"141.90110,43.46435",23.4,DEM5A,地理院タイル 標高タイル 2026-10-08
S122zuyr,玉ノ井,"136.75797,35.33485",7.6,DEM5A,地理院タイル 標高タイル 2026-10-08
S123exjx,大垣,"136.61748,35.36696",7.2,DEM5A,地理院タイル 標高タイル 2026-10-08
S12422i5,下和知,"132.92535,34.79766",179.2,DEM5A,地理院タイル 標高タイル 2026-10-08
S124atxc,内灘,"136.63418,36.63323",7.3,DEM5A,地理院タイル 標高タイル 2026-10-08
S124fxxg,あぶくま,"140.68576,37.91340",46.5,DEM5A,地理院タイル 標高タイル 2026-10-08
S124tgvs,大正,"135.47938,34.66568",-0.7,DEM5A,地理院タイル 標高タイル 2026-10-08
S124xzll,深井,"135.49755,34.53035",31.0,DEM5A,地理院タイル 標高タイル 2026-10-08
S1255of7,串本,"135.78161,33.47549",4.8,DEM5A,地理院タイル 標高タイル 2026-10-08
S125ebb5,東新木,"133.58974,33.56409",1.1,DEM5A,地理院タイル 標高タイル 2026-10-08
S125h08m,波方,"132.94260,34.09526",4.0,DEM5A,地理院タイル 標高タイル 2026-10-08
S126zs0o,布袋,"136.87294,35.31706",16.2,DEM5A,地理院タイル 標高タイル 2026-10-08
S127mnsn,八事,"136.96420,35.13703",42.6,DEM5A,地理院タイル 標高タイル 2026-10-08
S127qrp3,肥前大浦,"130.20727,32.97507",14.4,DEM5A,地理院タイル 標高タイル 2026-10-08
S127xpsp,紀伊天満,"135.93441,33.63707",2.6,DEM5A,地理院タイル 標高タイル 2026-10-08
S128i4a9,江吉良,"136.69972,35.31544",5.5,DEM5A,地理院タイル 標高タイル 2026-10-08
S128yq8b,藤江,"134.94760,34.66340",14.6,DEM5A,地理院タイル 標高タイル 2026-10-08
S1290gtl,瀬戸,"134.04194,34.73465",9.1,DEM5A,地理院タイル 標高タイル 2026-10-08
S129qpzc,重原,"137.02378,34.99478",7.5,DEM5A,地理院タイル 標高タイル 2026-10-08
S12agk5k,小牧原,"136.93534,35.29868",27.4,DEM5A,地理院タイル 標高タイル 2026-10-08
S12b840u,木次,"132.90190,35.29482",40.3,DEM5A,地理院タイル 標高タイル 2026-10-08
S12bjjyc,堀江,"132.75355,33.90546",2.7,DEM5A,地理院タイル 標高タイル 2026-10-08
S12bjlkx,古部,"130.21336,32.85636",4.2,DEM5A,地理院タイル 標高タイル 2026-10-08
S12bsdx4,中川,"140.20348,38.09334",276.3,DEM5A,地理院タイル 標高タイル 2026-10-08
S12c1d17,鬼越,"139.93786,35.71977",6.2,DEM5A,地理院タイル 標高タイル 2026-10-08
S12c8b1e,鴬の森,"135.41885,34.84775",37.6,DEM5A,地理院タイル 標高タイル 2026-10-08
S12cnwtk,八十場,"133.88486,34.31300",5.0,DEM5A,地理院タイル 標高タイル 2026-10-08
S12cpbz1,大岸,"140.63838,42.58579",6.7,DEM5A,地理院タイル 標高タイル 2026-10-08
S12dev81,笠寺,"136.92623,35.09532",1.6,DEM5A,地理院タイル 標高タイル 2026-10-08
S12dx5y2,渡瀬,"130.46010,33.09956",5.0,DEM5A,地理院タイル 標高タイル 2026-10-08
S12e4pkd,井倉,"133.51624,34.93173",147.7,DEM5A,地理院タイル 標高タイル 2026-10-08
S12eb9sg,二十軒,"136.88930,35.40017",47.0,DEM5A,地理院タイル 標高タイル 2026-10-08
S12ehs60,金丸,"136.83589,36.94337",0.7,DEM5A,地理院タイル 標高タイル 2026-10-08
S12evb3v,東横田,"140.03594,35.38616",17.2,DEM5A,地理院タイル 標高タイル 2026-10-08
S12ezt2g,鱒浦,"144.29654,43.98253",7.8,DEM5A,地理院タイル 標高タイル 2026-10-08
S12fnav8,城北公園通,"135.53060,34.72370",5.4,DEM5A,地理院タイル 標高タイル 2026-10-08
S12g4gn2,葉木,"130.64541,32.41035",34.9,DEM5A,地理院タイル 標高タイル 2026-10-08
S12gbc6n,小杉,"137.09258,36.72074",5.0,DEM5A,地理院タイル 標高タイル 2026-10-08
S12gbqqh,白久,"138.99328,35.95891",305.3,DEM5A,地理院タイル 標高タイル 2026-10-08
S12gc9zo,十二橋,"140.54583,35.91702",1.5,DEM5A,地理院タイル 標高タイル 2026-10-08
S12gg6am,高原,"130.99900,31.92685",218.5,DEM5A,地理院タイル 標高タイル 2026-10-08
S12go39f,静狩,"140.46003,42.58407",6.2,DEM5A,地理院タイル 標高タイル 2026-10-08
S12gwt5w,阪大病院前,"135.52974,34.81845",44.9,DEM5A,地理院タイル 標高タイル 2026-10-08
S12hods0,熊本,"130.68867,32.78972",9.3,DEM5A,地理院タイル 標高タイル 2026-10-08
S12hophx,高知城前,"133.53419,33.55842",1.7,DEM5A,地理院タイル 標高タイル 2026-10-08
S12hrfrj,府中,"139.48010,35.67219",56.2,DEM5A,地理院タイル 標高タイル 2026-10-08
S12hzmor,今市,"139.68736,36.72037",394.9,DEM5A,地理院タイル 標高タイル 2026-10-08
S12iazkh,神宮寺,"140.42584,39.49541",23.6,DEM5A,地理院タイル 標高タイル 2026-10-08
S12iqvbe,戸田,"139.66961,35.81759",3.1,DEM5A,地理院タイル 標高タイル 2026-10-08
S12iykdd,宇野気,"136.70297,36.72264",9.9,DEM5A,地理院タイル 標高タイル 2026-10-08
S12j9n5f,豊前桝田,"130.86224,33.53580",112.2,DEM5A,地理院タイル 標高タイル 2026-10-08
S12jepxl,筑前山家,"130.57409,33.47736",40.5,DEM10B,地理院タイル 標高タイル 2026-10-08
S12jxv1b,伊予土居,"133.42760,33.95900",30.5,DEM5A,地理院タイル 標高タイル 2026-10-08
S12k4phe,大田切,"137.94010,35.74820",647.8,DEM5A,地理院タイル 標高タイル 2026-10-08
S12kbbjw,北畠,"135.50548,34.62730",14.8,DEM5A,地理院タイル 標高タイル 2026-10-08
S12kmd9q,住吉,"135.26244,34.71958",25.4,DEM5A,地理院タイル 標高タイル 2026-10-08
S12l05oh,新津田沼,"140.02373,35.69018",16.4,DEM5A,地理院タイル 標高タイル 2026-10-08
S12lm9j3,美夜古泉,"130.96909,33.70912",8.0,DEM5A,地理院タイル 標高タイル 2026-10-08
S12n7wus,松江イングリッシュガーデン前,"133.00399,35.47735",2.3,DEM5A,地理院タイル 標高タイル 2026-10-08
S12n87lr,帝塚山三丁目,"135.50075,34.62056",12.3,DEM5A,地理院タイル 標高タイル 2026-10-08
S12nl0lq,北金ヶ沢,"140.09508,40.74612",7.2,DEM5A,地理院タイル 標高タイル 2026-10-08
S12nwchk,樫山,"134.94980,34.82048",42.6,DEM5A,地理院タイル 標高タイル 2026-10-08
S12nzy8v,香櫨園,"135.32889,34.73432",8.4,DEM5A,地理院タイル 標高タイル 2026-10-08
S12o1yqn,愛宕,"139.86462,35.95061",9.6,DEM5A,地理院タイル 標高タイル 2026-10-08
S12o2wc4,八坂,"136.94508,35.62020",128.0,DEM5A,地理院タイル 標高タイル 2026-10-08
S12o7fvs,旭,"140.65469,35.72183",6.7,DEM5A,地理院タイル 標高タイル 2026-10-08
S12oeuo0,新茂原,"140.29971,35.44943",9.8,DEM5A,地理院タイル 標高タイル 2026-10-08
S12pdbz8,矢原,"131.44626,34.15066",12.7,DEM5A,地理院タイル 標高タイル 2026-10-08
S12pingf,伏屋,"136.82782,35.14015",-0.1,DEM5A,地理院タイル 標高タイル 2026-10-08
S12pjmds,牛ケ原,"136.46741,35.99862",170.7,DEM5A,地理院タイル 標高タイル 2026-10-08
S12q78vc,玉川,"141.73502,40.38041",21.2,DEM5A,地理院タイル 標高タイル 2026-10-08
S12qz4xo,上石見,"133.35161,35.11248",445.6,DEM5A,地理院タイル 標高タイル 2026-10-08
S12r5axa,森石,"137.61323,36.79198",316.4,DEM5A,地理院タイル 標高タイル 2026-10-08
S12r89qx,法界院,"133.92740,34.68449",4.8,DEM5A,地理院タイル 標高タイル 2026-10-08
S12rjary,中松江,"135.13295,34.24873",2.2,DEM5A,地理院タイル 標高タイル 2026-10-08
S12rlkim,服部,"133.77550,34.69119",9.8,DEM5A,地理院タイル 標高タイル 2026-10-08
S12schtt,新大楽毛,"144.29477,43.00938",4.0,DEM5A,地理院タイル 標高タイル 2026-10-08
S12sht9v,三本松,"136.03585,34.57855",243.0,DEM5A,地理院タイル 標高タイル 2026-10-08
S12sozlb,粉浜,"135.49168,34.61809",2.6,DEM5A,地理院タイル 標高タイル 2026-10-08
S12svua4,萩の台,"135.70898,34.65698",109.3,DEM5A,地理院タイル 標高タイル 2026-10-08
S12tw0fw,造田,"134.18596,34.28293",21.2,DEM5A,地理院タイル 標高タイル 2026-10-08
S12tz89a,蓬莱,"135.91512,35.18253",90.0,DEM5A,地理院タイル 標高タイル 2026-10-08
S12ugtr9,津軽石,"141.93778,39.58150",3.8,DEM5A,地理院タイル 標高タイル 2026-10-08
S12uiqut,鞍馬口,"135.75933,35.03735",61.9,DEM5A,地理院タイル 標高タイル 2026-10-08
S12ujy9e,新加納,"136.82440,35.39939",21.1,DEM5A,地理院タイル 標高タイル 2026-10-08
S12uvtse,柏矢町,"137.88836,36.32247",545.2,DEM5A,地理院タイル 標高タイル 2026-10-08
S12uyhp8,信濃木崎,"137.84625,36.53564",760.7,DEM5A,地理院タイル 標高タイル 2026-10-08
S12uyq0n,上田原,"138.22171,36.39039",450.2,DEM5A,地理院タイル 標高タイル 2026-10-08
S12v3lav,通谷,"130.72701,33.82303",9.8,DEM5A,地理院タイル 標高タイル 2026-10-08
S12veer9,千平,"138.79854,36.23003",238.9,DEM5A,地理院タイル 標高タイル 2026-10-08
S12w8c4n,薩摩大川,"130.21914,31.94941",8.7,DEM5A,地理院タイル 標高タイル 2026-10-08
S12wl1h6,裾野,"138.90926,35.17133",124.3,DEM5A,地理院タイル 標高タイル 2026-10-08
S12wwlnl,めがね橋,"129.87835,32.74690",4.3,DEM5A,地理院タイル 標高タイル 2026-10-08
S12xl0t0,上麻生,"137.11879,35.54130",134.6,DEM5A,地理院タイル 標高タイル 2026-10-08
S12xlsxh,遥堪,"132.72629,35.38922",2.3,DEM5A,地理院タイル 標高タイル 2026-10-08
S12xpwd4,新伊丹,"135.41559,34.77237",11.2,DEM5A,地理院タイル 標高タイル 2026-10-08
S12xtv2c,小村井,"139.82761,35.71032",-0.9,DEM5A,地理院タイル 標高タイル 2026-10-08
S12yewq7,土呂,"139.63219,35.93191",15.2,DEM5A,地理院タイル 標高タイル 2026-10-08
S12yr2g1,武佐,"144.42566,42.99177",2.3,DEM5A,地理院タイル 標高タイル 2026-10-08
S12z52vz,仁賀保,"139.96466,39.28980",9.3,DEM5A,地理院タイル 標高タイル 2026-10-08
S12zdscd,松原,"139.64190,35.66020",37.4,DEM5A,地理院タイル 標高タイル 2026-10-08
S12zpx0r,千頭,"138.13691,35.10777",299.6,DEM5A,地理院タイル 標高タイル 2026-10-08
S12zu9o2,北小金,"139.93075,35.83317",17.9,DEM5A,地理院タイル 標高タイル 2026-10-08
S12zw6le,まつだい,"138.61397,37.13220",190.7,DEM5A,地理院タイル 標高タイル 2026-10-08
S1307y1o,丸尾,"131.33677,33.96989",14.3,DEM5A,地理院タイル 標高タイル 2026-10-08
S130c2v2,門川,"131.65410,32.47754",4.5,DEM5A,地理院タイル 標高タイル 2026-10-08
S130ta4g,石仏,"136.87117,35.29554",11.9,DEM5A,地理院タイル 標高タイル 2026-10-08
S13124sg,上社,"137.00659,35.17348",36.3,DEM5A,地理院タイル 標高タイル 2026-10-08
S1314ovj,清峰高校前,"129.65654,33.24775",7.7,DEM5A,地理院タイル 標高タイル 2026-10-08
S1315om6,和食,"133.80946,33.51781",17.9,DEM5A,地理院タイル 標高タイル 2026-10-08
S131di8n,女子大,"140.15516,35.73814",12.6,DEM5A,地理院タイル 標高タイル 2026-10-08
S131qwpw,武蔵嵐山,"139.32774,36.04438",62.8,DEM5A,地理院タイル 標高タイル 2026-10-08
S131w2zz,諫早,"130.04130,32.85161",15.2,DEM5A,地理院タイル 標高タイル 2026-10-08
S132rl6y,猿和田,"139.22236,37.72963",20.3,DEM5A,地理院タイル 標高タイル 2026-10-08
S1339cr3,稲荷町,"139.78212,35.71140",2.2,DEM5A,地理院タイル 標高タイル 2026-10-08
S133cf81,梅島,"139.79808,35.77235",0.5,DEM5A,地理院タイル 標高タイル 2026-10-08
S133o118,陸前白沢,"140.70228,38.27808",164.8,DEM5A,地理院タイル 標高タイル 2026-10-08
S133rnva,小川,"139.46349,35.73756",79.7,DEM5A,地理院タイル 標高タイル 2026-10-08
S134idyw,鴨居,"139.56695,35.51085",11.0,DEM5A,地理院タイル 標高タイル 2026-10-08
S134xfgr,戸倉,"138.15308,36.49287",375.9,DEM5A,地理院タイル 標高タイル 2026-10-08
S13507lv,山中渓,"135.26968,34.32554",74.2,DEM5A,地理院タイル 標高タイル 2026-10-08
S1350kgt,大隅夏井,"131.13642,31.46976",26.3,DEM5A,地理院タイル 標高タイル 2026-10-08
S135mnfy,浜田,"132.08841,34.90264",3.1,DEM5A,地理院タイル 標高タイル 2026-10-08
S13608ca,滝の茶屋,"135.07292,34.63123",26.8,DEM5A,地理院タイル 標高タイル 2026-10-08
S13686ha,谷地頭,"140.71654,41.75321",0.8,DEM5A,地理院タイル 標高タイル 2026-10-08
S136mu05,上有田,"129.90532,33.19031",94.9,DEM5A,地理院タイル 標高タイル 2026-10-08
S136r0k3,南小野田,"131.17498,33.97738",0.9,DEM5A,地理院タイル 標高タイル 2026-10-08
S136ubez,馬流,"138.48598,36.10184",843.1,DEM5A,地理院タイル 標高タイル 2026-10-08
S136wc45,韮崎,"138.45135,35.70969",357.1,DEM5A,地理院タイル 標高タイル 2026-10-08
S136ycd9,大村車両基地,"129.94448,32.95538",11.5,DEM5A,地理院タイル 標高タイル 2026-10-08
S1374cnc,地区センター,"140.15515,35.72618",18.7,DEM5A,地理院タイル 標高タイル 2026-10-08
S137b3ar,二郎,"135.22697,34.84884",177.0,DEM5A,地理院タイル 標高タイル 2026-10-08
S137h5dk,平和通,"130.88119,33.88294",3.2,DEM5A,地理院タイル 標高タイル 2026-10-08
S137lzln,新村,"137.90533,36.21646",623.1,DEM5A,地理院タイル 標高タイル 2026-10-08
S138j3fv,津久見,"131.86372,33.07289",2.9,DEM5A,地理院タイル 標高タイル 2026-10-08
S138uzgx,上熊谷,"139.38079,36.14308",30.3,DEM5A,地理院タイル 標高タイル 2026-10-08
S138wcc4,長苗代,"141.46586,40.52134",5.4,DEM5A,地理院タイル 標高タイル 2026-10-08
S1391hjj,岩切,"140.95533,38.30094",11.0,DEM5A,地理院タイル 標高タイル 2026-10-08
S139hgrv,東滑川,"137.37786,36.78798",20.2,DEM5A,地理院タイル 標高タイル 2026-10-08
S13a4qza,出雲市,"132.75558,35.36060",7.7,DEM5A,地理院タイル 標高タイル 2026-10-08
S13a6ifz,武蔵白石,"139.70653,35.50193",2.7,DEM5A,地理院タイル 標高タイル 2026-10-08
S13aexap,結城,"139.87304,36.29807",37.6,DEM5A,地理院タイル 標高タイル 2026-10-08
S13agy8g,富雄,"135.73473,34.69420",106.7,DEM5A,地理院タイル 標高タイル 2026-10-08
S13blmxe,桟橋通四丁目,"133.54995,33.54463",0.9,DEM5A,地理院タイル 標高タイル 2026-10-08
S13c4xvk,厚木,"139.37828,35.44345",19.4,DEM5A,地理院タイル 標高タイル 2026-10-08
S13cmrme,守内かさ神,"132.13530,34.17032",21.1,DEM5A,地理院タイル 標高タイル 2026-10-08
S13ddbg9,道後山,"133.17827,35.01088",611.4,DEM5A,地理院タイル 標高タイル 2026-10-08
S13deu1x,北埠頭,"135.21451,34.67357",2.0,DEM5A,地理院タイル 標高タイル 2026-10-08
S13djfk6,ケーブル坂本,"135.86396,35.06976",171.2,DEM5A,地理院タイル 標高タイル 2026-10-08
S13dkjxg,黒川,"129.85533,33.19508",47.4,DEM5A,地理院タイル 標高タイル 2026-10-08
S13dnikx,蒲田,"139.71510,35.56197",3.3,DEM5A,地理院タイル 標高タイル 2026-10-08
S13dvrhg,安塚,"139.83562,36.48564",83.2,DEM5A,地理院タイル 標高タイル 2026-10-08
S13e2pdl,松ヶ浦,"130.39467,31.25889",21.6,DEM5A,地理院タイル 標高タイル 2026-10-08
S13e6e6y,名古屋,"136.88195,35.17092",2.3,DEM5A,地理院タイル 標高タイル 2026-10-08
S13e7rng,出雲三成,"133.00986,35.19668",235.5,DEM5A,地理院タイル 標高タイル 2026-10-08
S13e8dpp,男鹿高原,"139.72392,37.04787",760.6,DEM5A,地理院タイル 標高タイル 2026-10-08
S13ed6bb,県総合運動場,"138.43021,34.99341",18.3,DEM5A,地理院タイル 標高タイル 2026-10-08
S13eejgm,上州福島,"138.92948,36.25641",142.3,DEM5A,地理院タイル 標高タイル 2026-10-08
S13eoqyz,宮野,"131.49875,34.19145",44.0,DEM5A,地理院タイル 標高タイル 2026-10-08
S13f7a8w,犬山遊園,"136.94692,35.39041",48.1,DEM5A,地理院タイル 標高タイル 2026-10-08
S13f8s1z,行徳,"139.91446,35.68285",0.9,DEM5A,地理院タイル 標高タイル 2026-10-08
S13fc6hj,緑地公園,"135.49527,34.77481",39.0,DEM5A,地理院タイル 標高タイル 2026-10-08
S13fcxgj,丹後由良,"135.27948,35.51580",2.9,DEM5A,地理院タイル 標高タイル 2026-10-08
S13fpu99,美作追分,"133.82011,35.05875",208.6,DEM5A,地理院タイル 標高タイル 2026-10-08
S13fqgey,蓮田,"139.65296,35.98116",13.2,DEM5A,地理院タイル 標高タイル 2026-10-08
S13fxnhj,西武柳沢,"139.55240,35.72858",58.1,DEM5A,地理院タイル 標高タイル 2026-10-08
S13g16ly,阿品,"132.31443,34.32349",4.6,DEM5A,地理院タイル 標高タイル 2026-10-08
S13g1yv8,桂,"135.70318,34.97873",23.4,DEM5A,地理院タイル 標高タイル 2026-10-08
S13g6k8c,十王,"140.68595,36.67138",20.6,DEM5A,地理院タイル 標高タイル 2026-10-08
S13g8t7a,鳴沢,"140.26751,40.78218",5.4,DEM5A,地理院タイル 標高タイル 2026-10-08
S13gejbk,東行田,"139.46832,36.14733",19.6,DEM5A,地理院タイル 標高タイル 2026-10-08
S13geuts,河内国分,"135.63573,34.56672",21.8,DEM5A,地理院タイル 標高タイル 2026-10-08
S13gpush,渋谷,"139.70165,35.65898",15.1,DEM5A,地理院タイル 標高タイル 2026-10-08
S13h9v0i,相模金子,"139.15043,35.33388",49.6,DEM5A,地理院タイル 標高タイル 2026-10-08
S13inld2,安房勝山,"139.83341,35.11406",4.5,DEM5A,地理院タイル 標高タイル 2026-10-08
S13isqke,新福井,"136.22688,36.06494",7.9,DEM5A,地理院タイル 標高タイル 2026-10-08
S13iuu10,止別,"144.52005,43.92147",12.2,DEM5A,地理院タイル 標高タイル 2026-10-08
S13j6wt0,石場,"135.87554,35.00473",87.4,DEM5A,地理院タイル 標高タイル 2026-10-08
S13jbqyv,中山香,"131.50573,33.44868",89.1,DEM5A,地理院タイル 標高タイル 2026-10-08
S13jpupj,仙巌園,"130.57665,31.61657",3.7,DEM5A,地理院タイル 標高タイル 2026-10-08
S13k4s4m,陸中夏井,"141.79199,40.20767",8.2,DEM5A,地理院タイル 標高タイル 2026-10-08
S13kid0t,ひこね芹川,"136.26118,35.26215",94.1,DEM5A,地理院タイル 標高タイル 2026-10-08
S13kl7xy,二本木口,"130.68940,32.78694",9.8,DEM5A,地理院タイル 標高タイル 2026-10-08
S13klb4o,下神明,"139.72631,35.60871",16.0,DEM5A,地理院タイル 標高タイル 2026-10-08
S13km4x4,平賀,"140.56108,40.58497",38.1,DEM5A,地理院タイル 標高タイル 2026-10-08
S13l5z8m,東桂,"138.87045,35.53625",562.9,DEM5A,地理院タイル 標高タイル 2026-10-08
S13l8phk,五農校前,"140.47845,40.82102",14.5,DEM5A,地理院タイル 標高タイル 2026-10-08
S13lgm0b,東武金崎,"139.74948,36.46630",82.1,DEM5A,地理院タイル 標高タイル 2026-10-08
S13lqhqy,明野,"136.66882,34.52149",9.0,DEM5A,地理院タイル 標高タイル 2026-10-08
S13lw3xy,越後田沢,"138.69473,37.05537",207.0,DEM5A,地理院タイル 標高タイル 2026-10-08
S13m3lp6,池袋,"139.70772,35.73148",33.2,DEM5A,地理院タイル 標高タイル 2026-10-08
S13m3lp6-2,池袋,"139.71108,35.72981",32.6,DEM5A,地理院タイル 標高タイル 2026-10-08
S13m3we5,三河大塚,"137.28296,34.81577",17.4,DEM5A,地理院タイル 標高タイル 2026-10-08
S13m4tuv,夢前川,"134.63931,34.79841",5.0,DEM5A,地理院タイル 標高タイル 2026-10-08
S13m8vlu,新富町,"139.77377,35.67046",-2.3,DEM5A,地理院タイル 標高タイル 2026-10-08
S13mjy9o,港北,"136.86277,35.11464",-0.1,DEM5A,地理院タイル 標高タイル 2026-10-08
S13ml9un,戸出,"136.98410,36.68435",26.8,DEM5A,地理院タイル 標高タイル 2026-10-08
S13mpkb2,新富町,"137.21143,36.69886",6.3,DEM5A,地理院タイル 標高タイル 2026-10-08
S13n0yeq,上田,"138.25025,36.39588",446.2,DEM5A,地理院タイル 標高タイル 2026-10-08
S13n15z3,忠海,"132.99124,34.33666",2.5,DEM5A,地理院タイル 標高タイル 2026-10-08
S13n9vfv,丹生,"134.30176,34.25471",10.7,DEM5A,地理院タイル 標高タイル 2026-10-08
S13nwwds,久住,"140.33887,35.83219",6.3,DEM5A,地理院タイル 標高タイル 2026-10-08
S13oahmw,八代,"130.62074,32.50463",5.5,DEM5A,地理院タイル 標高タイル 2026-10-08
S13od3c3,中条,"139.39800,38.04989",17.3,DEM5A,地理院タイル 標高タイル 2026-10-08
S13oocgu,武州唐沢,"139.30928,35.95220",61.5,DEM5A,地理院タイル 標高タイル 2026-10-08
S13oolg6,山麓,"130.79647,33.85651",128.2,DEM5A,地理院タイル 標高タイル 2026-10-08
S13otsuv,かしわ台,"139.41589,35.46684",55.1,DEM5A,地理院タイル 標高タイル 2026-10-08
S13ou1eb,鶴居,"134.75476,35.02369",107.5,DEM5A,地理院タイル 標高タイル 2026-10-08
S13ow0jf,舟入本町,"132.44278,34.38580",1.0,DEM5A,地理院タイル 標高タイル 2026-10-08
S13p1t54,高浜,"132.74669,35.39072",3.8,DEM5A,地理院タイル 標高タイル 2026-10-08
S13pa6vz,太子橋今市,"135.55537,34.73127",2.1,DEM5A,地理院タイル 標高タイル 2026-10-08
S13q4a7q,平井,"139.84258,35.70657",-1.3,DEM5A,地理院タイル 標高タイル 2026-10-08
S13q4ske,夜ノ森,"140.99202,37.36579",53.1,DEM5A,地理院タイル 標高タイル 2026-10-08
S13qbqr4,香椎神宮,"130.45269,33.64966",12.7,DEM5A,地理院タイル 標高タイル 2026-10-08
S13qhtl3,荒谷前,"141.42844,39.30991",228.4,DEM5A,地理院タイル 標高タイル 2026-10-08
S13qlk7b,野田,"135.47606,34.69440",-0.4,DEM5A,地理院タイル 標高タイル 2026-10-08
S13qwuwf,香椎,"130.44414,33.65963",4.9,DEM5A,地理院タイル 標高タイル 2026-10-08
S13r6ry3,古見,"136.85677,34.98774",3.1,DEM5A,地理院タイル 標高タイル 2026-10-08
S13r8qu5,青笹,"141.56893,39.31148",311.4,DEM5A,地理院タイル 標高タイル 2026-10-08
S13rbftc,くりこま高原,"141.07122,38.74823",20.3,DEM5A,地理院タイル 標高タイル 2026-10-08
S13ri2hf,境松,"140.57576,40.64886",32.6,DEM5A,地理院タイル 標高タイル 2026-10-08
S13rkd65,三郷,"139.88683,35.84484",10.6,DEM5A,地理院タイル 標高タイル 2026-10-08
S13rlq4v,横川目,"140.97220,39.30924",111.8,DEM5A,地理院タイル 標高タイル 2026-10-08
S13sgcod,中央大学・明星大学,"139.40873,35.64189",111.9,DEM5A,地理院タイル 標高タイル 2026-10-08
S13sgsyd,羽前椿,"139.99428,38.03862",232.3,DEM5A,地理院タイル 標高タイル 2026-10-08
S13silqm,泉沢,"140.50672,41.70085",8.0,DEM5A,地理院タイル 標高タイル 2026-10-08
S13srm3c,北朝霞,"139.58723,35.81547",20.6,DEM5A,地理院タイル 標高タイル 2026-10-08
S13srxwx,門沢橋,"139.38005,35.40670",12.9,DEM5A,地理院タイル 標高タイル 2026-10-08
S13ss62d,北細野,"137.86273,36.40644",587.6,DEM5A,地理院タイル 標高タイル 2026-10-08
S13svs94,静和,"139.68493,36.31653",30.7,DEM5A,地理院タイル 標高タイル 2026-10-08
S13syr4p,香取,"140.53241,35.89789",5.5,DEM5A,地理院タイル 標高タイル 2026-10-08
S13sz94i,陸奥柳田,"140.12460,40.74103",11.1,DEM5A,地理院タイル 標高タイル 2026-10-08
S13tatsf,戸塚安行,"139.75377,35.85907",4.8,DEM5A,地理院タイル 標高タイル 2026-10-08
S13teppf,柏陽,"143.91696,43.82502",57.2,DEM5A,地理院タイル 標高タイル 2026-10-08
S13tj4m4,能登川,"136.16601,35.17995",91.4,DEM5A,地理院タイル 標高タイル 2026-10-08
S13tk049,前之浜,"130.55729,31.34304",4.0,DEM5A,地理院タイル 標高タイル 2026-10-08
S13tkui4,志井,"130.87141,33.82252",29.6,DEM5A,地理院タイル 標高タイル 2026-10-08
S13tz5fd,大金,"140.09570,36.65628",104.1,DEM5A,地理院タイル 標高タイル 2026-10-08
S13ue3zf,南砂町,"139.83169,35.66842",1.2,DEM5A,地理院タイル 標高タイル 2026-10-08
S13ug6jg,保土ヶ谷,"139.60037,35.44722",5.9,DEM5A,地理院タイル 標高タイル 2026-10-08
S13uizod,桟橋通三丁目,"133.54855,33.54666",0.6,DEM5A,地理院タイル 標高タイル 2026-10-08
S13uvmpv,羽後亀田,"140.06302,39.49390",12.2,DEM5A,地理院タイル 標高タイル 2026-10-08
S13uvxlb,門戸厄神,"135.35824,34.75704",8.1,DEM5A,地理院タイル 標高タイル 2026-10-08
S13vrksv,北赤羽,"139.70583,35.78697",4.3,DEM10B,地理院タイル 標高タイル 2026-10-08
S13vwo9y,備前三門,"133.90041,34.66775",2.2,DEM5A,地理院タイル 標高タイル 2026-10-08
S13w30dn,五社,"135.21635,34.80613",261.0,DEM5A,地理院タイル 標高タイル 2026-10-08
S13w377k,豊明,"137.00824,35.04113",5.6,DEM5A,地理院タイル 標高タイル 2026-10-08
S13w4vhz,栗山,"141.77560,43.05816",24.9,DEM5A,地理院タイル 標高タイル 2026-10-08
S13w83m7,洋光台,"139.59694,35.37881",38.8,DEM5A,地理院タイル 標高タイル 2026-10-08
S13wcuuv,中郡,"140.06728,37.96919",226.3,DEM5A,地理院タイル 標高タイル 2026-10-08
S13wv0qx,阿蘇,"131.08011,32.93742",521.0,DEM5A,地理院タイル 標高タイル 2026-10-08
S13x1th0,滋野,"138.36391,36.34232",563.6,DEM5A,地理院タイル 標高タイル 2026-10-08
S13xcwa4,旭ヶ丘,"140.88370,38.29572",44.6,DEM5A,地理院タイル 標高タイル 2026-10-08
S13xzads,木与,"131.50346,34.53280",7.2,DEM10B,地理院タイル 標高タイル 2026-10-08
S13xzn3l,十国峠山麓,"139.03743,35.12768",664.6,DEM5A,地理院タイル 標高タイル 2026-10-08
S13y89h3,志和口,"132.65815,34.55437",122.0,DEM5A,地理院タイル 標高タイル 2026-10-08
S13yrzqu,大歳,"131.43265,34.14697",11.8,DEM5A,地理院タイル 標高タイル 2026-10-08
S13ywzkx,内幸町,"139.75541,35.66932",3.0,DEM5A,地理院タイル 標高タイル 2026-10-08
S13z0sd5,みなみ子宝温泉,"136.95066,35.62779",129.2,DEM5A,地理院タイル 標高タイル 2026-10-08
S13zx9r7,比治山下,"132.47114,34.38704",4.5,DEM5A,地理院タイル 標高タイル 2026-10-08
S1405q6r,津田沼,"140.02028,35.69132",16.1,DEM5A,地理院タイル 標高タイル 2026-10-08
S140fk7y,柳原,"141.11170,39.29463",64.8,DEM5A,地理院タイル 標高タイル 2026-10-08
S140kttq,舞阪,"137.62633,34.68569",2.3,DEM5A,地理院タイル 標高タイル 2026-10-08
S140vhpr,三日市,"136.56223,34.88024",17.6,DEM5A,地理院タイル 標高タイル 2026-10-08
S1415muf,新鶴,"139.82849,37.51716",205.8,DEM5A,地理院タイル 標高タイル 2026-10-08
S141h11m,黒松,"132.31340,35.05703",8.0,DEM10B,地理院タイル 標高タイル 2026-10-08
S141ianv,あわら湯のまち,"136.19380,36.22296",2.7,DEM5A,地理院タイル 標高タイル 2026-10-08
S141ic5u,日本橋,"139.77437,35.68198",3.8,DEM5A,地理院タイル 標高タイル 2026-10-08
S141no0y,東戸塚,"139.55650,35.43001",30.7,DEM5A,地理院タイル 標高タイル 2026-10-08
S141p8qa,桜町,"129.87628,32.75066",4.7,DEM5A,地理院タイル 標高タイル 2026-10-08
S141tper,近永,"132.67639,33.25566",124.0,DEM5A,地理院タイル 標高タイル 2026-10-08
S141usua,吉富,"131.17352,33.60491",6.8,DEM5A,地理院タイル 標高タイル 2026-10-08
S1423pt8,安曇川,"136.01988,35.32795",98.3,DEM5A,地理院タイル 標高タイル 2026-10-08
S14273xy,延岡,"131.67253,32.58996",5.3,DEM5A,地理院タイル 標高タイル 2026-10-08
S14324om,東飯能,"139.32605,35.85302",105.7,DEM5A,地理院タイル 標高タイル 2026-10-08
S1436vwo,羽咋,"136.78339,36.89706",2.8,DEM5A,地理院タイル 標高タイル 2026-10-08
S14374ub,増尾,"139.97633,35.82982",20.2,DEM5A,地理院タイル 標高タイル 2026-10-08
S1439h3k,東新潟,"139.10865,37.90879",1.1,DEM5A,地理院タイル 標高タイル 2026-10-08
S143dttf,九産大前,"130.44116,33.67373",7.7,DEM5A,地理院タイル 標高タイル 2026-10-08
S143entx,君ヶ浜,"140.86055,35.71407",12.7,DEM5A,地理院タイル 標高タイル 2026-10-08
S1444r2e,原爆ドーム前,"132.45385,34.39608",4.0,DEM5A,地理院タイル 標高タイル 2026-10-08
S1459802,北余目,"139.90813,38.86754",6.4,DEM5A,地理院タイル 標高タイル 2026-10-08
S145f2vz,袋倉,"138.57917,36.54402",723.4,DEM5A,地理院タイル 標高タイル 2026-10-08
S145jwvm,総合運動公園,"135.07538,34.68164",103.7,DEM5A,地理院タイル 標高タイル 2026-10-08
S145omy8,養老渓谷,"140.15939,35.26640",101.7,DEM5A,地理院タイル 標高タイル 2026-10-08
S145r61c,早雲山,"139.03582,35.24646",748.4,DEM5A,地理院タイル 標高タイル 2026-10-08
S145sgup,土佐大正,"132.97564,33.19484",148.8,DEM5A,地理院タイル 標高タイル 2026-10-08
S1460w0c,藤並,"135.19715,34.05768",18.1,DEM5A,地理院タイル 標高タイル 2026-10-08
S1461o60,綾川,"133.93168,34.24954",43.5,DEM5A,地理院タイル 標高タイル 2026-10-08
S146g74p,九鬼,"136.24266,34.01603",4.9,DEM5A,地理院タイル 標高タイル 2026-10-08
S146w20f,ゆいの杜中央,"139.99203,36.56774",129.9,DEM5A,地理院タイル 標高タイル 2026-10-08
S1474zxp,寿,"138.82557,35.50845",710.7,DEM5A,地理院タイル 標高タイル 2026-10-08
S1478z98,周参見,"135.49576,33.54687",4.2,DEM5A,地理院タイル 標高タイル 2026-10-08
S147ksu8,新大津,"139.69020,35.25697",15.8,DEM5A,地理院タイル 標高タイル 2026-10-08
S147u7o6,玉来,"131.37604,32.94776",282.2,DEM5A,地理院タイル 標高タイル 2026-10-08
S1484mx9,下志比,"136.33641,36.09063",54.3,DEM5A,地理院タイル 標高タイル 2026-10-08
S148hmz9,永犬丸,"130.73814,33.83886",13.8,DEM5A,地理院タイル 標高タイル 2026-10-08
S148mhsm,鳳,"135.45876,34.53200",15.9,DEM5A,地理院タイル 標高タイル 2026-10-08
S148po6q,紀伊小倉,"135.28742,34.24637",14.4,DEM5A,地理院タイル 標高タイル 2026-10-08
S148tba6,多摩センター,"139.42279,35.62385",88.6,DEM5A,地理院タイル 標高タイル 2026-10-08
S1491lra,有畑,"141.27650,41.13200",19.9,DEM5A,地理院タイル 標高タイル 2026-10-08
S1495ndi,新居町,"137.56882,34.69427",4.7,DEM5A,地理院タイル 標高タイル 2026-10-08
S1496o00,白滝,"143.18082,43.88447",364.1,DEM5A,地理院タイル 標高タイル 2026-10-08
S149aul2,新見,"133.45670,34.98720",194.5,DEM5A,地理院タイル 標高タイル 2026-10-08
S14a9v01,公園西,"137.07685,35.17430",89.2,DEM5A,地理院タイル 標高タイル 2026-10-08
S14al0z0,権現前,"136.48211,34.61774",4.9,DEM5A,地理院タイル 標高タイル 2026-10-08
S14aq0wr,かぶと山,"134.91993,35.60679",5.0,DEM5A,地理院タイル 標高タイル 2026-10-08
S14arttr,古島,"127.70294,26.23064",18.2,DEM5A,地理院タイル 標高タイル 2026-10-08
S14awbcr,上大井,"139.16363,35.32179",35.3,DEM5A,地理院タイル 標高タイル 2026-10-08
S14bcz5j,鹿部,"140.77140,42.06436",90.4,DEM5A,地理院タイル 標高タイル 2026-10-08
S14bsd4c,尾張森岡,"136.97046,34.99388",1.5,DEM5A,地理院タイル 標高タイル 2026-10-08
S14bv2m6,競馬場前,"130.87661,33.84287",15.8,DEM5A,地理院タイル 標高タイル 2026-10-08
S14cb4hs,尾上の松,"134.82093,34.74859",2.3,DEM5A,地理院タイル 標高タイル 2026-10-08
S14cgu06,岩国,"132.22561,34.17178",1.1,DEM5A,地理院タイル 標高タイル 2026-10-08
S14cm6vt,池田,"143.45312,42.92207",18.3,DEM5A,地理院タイル 標高タイル 2026-10-08
S14cptp1,田野畑,"141.93379,39.93427",17.7,DEM5A,地理院タイル 標高タイル 2026-10-08
S14dq7xf,夢洲,"135.38932,34.65180",10.4,DEM5A,地理院タイル 標高タイル 2026-10-08
S14duegt,熱田神宮西,"136.90682,35.12765",7.8,DEM5A,地理院タイル 標高タイル 2026-10-08
S14dxgst,大阪狭山市,"135.55727,34.50474",83.3,DEM5A,地理院タイル 標高タイル 2026-10-08
S14ehnk6,肥前白石,"130.13590,33.18693",2.6,DEM5A,地理院タイル 標高タイル 2026-10-08
S14elkrg,浦賀,"139.71504,35.25188",10.2,DEM5A,地理院タイル 標高タイル 2026-10-08
S14exchs,東青山,"136.32163,34.67564",151.2,DEM5A,地理院タイル 標高タイル 2026-10-08
S14fd2vu,会津横田,"139.43589,37.39238",331.8,DEM5A,地理院タイル 標高タイル 2026-10-08
S14fp07v,潟元,"134.09819,34.34137",1.7,DEM5A,地理院タイル 標高タイル 2026-10-08
S14fq6e0,安中榛名,"138.84959,36.36254",293.0,DEM5A,地理院タイル 標高タイル 2026-10-08
S14fqiwc,日当山,"130.74974,31.76353",14.0,DEM5A,地理院タイル 標高タイル 2026-10-08
S14g5cn7,安芸川尻,"132.69136,34.23210",3.2,DEM5A,地理院タイル 標高タイル 2026-10-08
S14gjl73,若葉町,"129.86175,32.78754",15.9,DEM5A,地理院タイル 標高タイル 2026-10-08
S14gvsso,二条城前,"135.75042,35.01191",37.3,DEM5A,地理院タイル 標高タイル 2026-10-08
S14h0hd0,藍那,"135.11822,34.73238",219.3,DEM5A,地理院タイル 標高タイル 2026-10-08
S14h32g5,妻崎,"131.20277,33.97042",3.8,DEM5A,地理院タイル 標高タイル 2026-10-08
S14hq6s5,姫路,"134.69069,34.82705",10.8,DEM5A,地理院タイル 標高タイル 2026-10-08
S14huy00,湯沢,"140.48704,39.16358",83.0,DEM5A,地理院タイル 標高タイル 2026-10-08
S14i2sh3,西観音町,"132.43686,34.39394",2.5,DEM5A,地理院タイル 標高タイル 2026-10-08
S14iuhcz,東京ディズニーランド･ステーション,"139.87844,35.63585",3.4,DEM5A,地理院タイル 標高タイル 2026-10-08
S14j1fii,銀山町,"132.46723,34.39316",1.6,DEM5A,地理院タイル 標高タイル 2026-10-08
S14jk0t1,抜里,"138.08773,34.95330",150.0,DEM5A,地理院タイル 標高タイル 2026-10-08
S14jmngp,根津,"139.76575,35.71733",5.6,DEM5A,地理院タイル 標高タイル 2026-10-08
S14jv22t,不動院前,"132.46906,34.42665",7.9,DEM5A,地理院タイル 標高タイル 2026-10-08
S14k0xrk,大里,"136.81830,35.22640",3.8,DEM5A,地理院タイル 標高タイル 2026-10-08
S14k271t,春日,"139.75264,35.70925",6.0,DEM5A,地理院タイル 標高タイル 2026-10-08
S14ks5fm,桂根,"140.06640,39.64755",16.8,DEM10B,地理院タイル 標高タイル 2026-10-08
S14l9abe,伏見,"135.76149,34.94602",16.9,DEM5A,地理院タイル 標高タイル 2026-10-08
S14lbdor,下仁田,"138.78668,36.21050",252.4,DEM5A,地理院タイル 標高タイル 2026-10-08
S14lfh8k,茂里町,"129.86449,32.76398",1.5,DEM5A,地理院タイル 標高タイル 2026-10-08
S14lh9ej,甲南山手,"135.29261,34.73063",15.9,DEM5A,地理院タイル 標高タイル 2026-10-08
S14lk6tm,相生,"136.95051,35.71509",194.1,DEM5A,地理院タイル 標高タイル 2026-10-08
S14lmz7z,今庄,"136.19922,35.77309",126.3,DEM5A,地理院タイル 標高タイル 2026-10-08
S14m28up,栄町,"140.11867,35.61297",3.2,DEM5A,地理院タイル 標高タイル 2026-10-08
S14maco7,屋代,"138.12820,36.53242",360.8,DEM5A,地理院タイル 標高タイル 2026-10-08
S14mjp1z,大和田,"138.08219,34.92110",134.5,DEM5A,地理院タイル 標高タイル 2026-10-08
S14mpuvt,浜北,"137.78434,34.79133",18.5,DEM5A,地理院タイル 標高タイル 2026-10-08
S14mwyvb,飛騨金山,"137.16439,35.66248",230.4,DEM5A,地理院タイル 標高タイル 2026-10-08
S14n1n3m,鮫洲,"139.74245,35.60507",3.1,DEM5A,地理院タイル 標高タイル 2026-10-08
S14n621a,観音寺,"136.78617,35.28972",6.2,DEM5A,地理院タイル 標高タイル 2026-10-08
S14ne5l7,恵比須,"134.99857,34.79776",61.7,DEM5A,地理院タイル 標高タイル 2026-10-08
S14nmti8,高崎,"139.01255,36.32204",94.3,DEM5A,地理院タイル 標高タイル 2026-10-08
S14nsld3,今池,"135.50229,34.64566",7.4,DEM5A,地理院タイル 標高タイル 2026-10-08
S14nue79,滋賀里,"135.85924,35.04355",103.7,DEM5A,地理院タイル 標高タイル 2026-10-08
S14o4mly,魚津,"137.40571,36.82647",16.0,DEM5A,地理院タイル 標高タイル 2026-10-08
S14oe1pm,上堀,"137.23022,36.65338",35.0,DEM5A,地理院タイル 標高タイル 2026-10-08
S14ox4p8,里庄,"133.55055,34.50776",13.0,DEM5A,地理院タイル 標高タイル 2026-10-08
S14p6z9y,安芸矢口,"132.49506,34.46357",11.1,DEM5A,地理院タイル 標高タイル 2026-10-08
S14pi8wl,かしの森公園前,"140.01459,36.57239",131.3,DEM5A,地理院タイル 標高タイル 2026-10-08
S14pp2zv,南小谷,"137.90836,36.77460",513.4,DEM5A,地理院タイル 標高タイル 2026-10-08
S14q75fo,太海,"140.09623,35.08149",18.7,DEM5A,地理院タイル 標高タイル 2026-10-08
S14q8m95,下永谷,"139.55904,35.40276",38.3,DEM5A,地理院タイル 標高タイル 2026-10-08
S14qc8li,志茂,"139.73250,35.77802",2.0,DEM5A,地理院タイル 標高タイル 2026-10-08
S14r4noy,天神南,"130.40211,33.58828",2.0,DEM5A,地理院タイル 標高タイル 2026-10-08
S14rnpq1,六甲,"135.23370,34.71948",58.6,DEM5A,地理院タイル 標高タイル 2026-10-08
S14rrjuw,ひばりが丘,"141.46447,43.03211",28.9,DEM10B,地理院タイル 標高タイル 2026-10-08
S14rzlq5,流山セントラルパーク,"139.91518,35.85459",15.5,DEM5A,地理院タイル 標高タイル 2026-10-08
S14s7z74,佐川,"133.29275,33.50019",80.7,DEM5A,地理院タイル 標高タイル 2026-10-08
S14snjrp,岩松,"129.98127,32.89057",4.5,DEM5A,地理院タイル 標高タイル 2026-10-08
S14spexv,星田,"135.66344,34.76735",44.4,DEM5A,地理院タイル 標高タイル 2026-10-08
S14tx5l4,池上,"139.70284,35.57194",4.3,DEM5A,地理院タイル 標高タイル 2026-10-08
S14umfm5,東山公園,"133.35182,35.43077",7.7,DEM5A,地理院タイル 標高タイル 2026-10-08
S14umo2x,松岸,"140.79520,35.73938",8.1,DEM5A,地理院タイル 標高タイル 2026-10-08
S14upymz,山之口,"131.15281,31.78254",158.3,DEM5A,地理院タイル 標高タイル 2026-10-08
S14uwz14,螢田,"139.15195,35.28507",15.6,DEM5A,地理院タイル 標高タイル 2026-10-08
S14ux9gi,須坂,"138.30420,36.65678",359.3,DEM5A,地理院タイル 標高タイル 2026-10-08
S14va7r6,工学部前,"130.54184,31.56838",7.5,DEM5A,地理院タイル 標高タイル 2026-10-08
S14vdd8c,陸中宇部,"141.78594,40.13243",37.6,DEM5A,地理院タイル 標高タイル 2026-10-08
S14vgqw6,東中津,"131.23898,33.58772",13.1,DEM5A,地理院タイル 標高タイル 2026-10-08
S14vh6mc,飛鳥山,"139.73732,35.75006",14.9,DEM5A,地理院タイル 標高タイル 2026-10-08
S14vk49a,山下,"139.64644,35.65425",35.1,DEM5A,地理院タイル 標高タイル 2026-10-08
S14vxnkm,朝倉,"133.48699,33.55115",10.8,DEM5A,地理院タイル 標高タイル 2026-10-08
S14wf7l9,手柄,"134.68140,34.81992",8.0,DEM5A,地理院タイル 標高タイル 2026-10-08
S14wsxyy,上北町,"141.26449,40.73322",3.6,DEM5A,地理院タイル 標高タイル 2026-10-08
S14wvl5w,加布里,"130.17677,33.54382",4.1,DEM5A,地理院タイル 標高タイル 2026-10-08
S14x8l30,戸塚,"139.53465,35.40059",14.3,DEM5A,地理院タイル 標高タイル 2026-10-08
S14xhx54,西大分,"131.58315,33.24465",6.8,DEM5A,地理院タイル 標高タイル 2026-10-08
S14xpgdi,石動,"136.86565,36.67244",33.2,DEM5A,地理院タイル 標高タイル 2026-10-08
S14xw9pa,住吉,"129.85988,32.79199",23.1,DEM5A,地理院タイル 標高タイル 2026-10-08
S14y7awu,住吉通,"133.63647,33.57637",9.7,DEM5A,地理院タイル 標高タイル 2026-10-08
S14yf0w6,信濃白鳥,"138.50304,36.98360",332.8,DEM5A,地理院タイル 標高タイル 2026-10-08
S14yltz2,中津,"135.49255,34.70994",-0.1,DEM5A,地理院タイル 標高タイル 2026-10-08
S14yon0d,和深,"135.65492,33.50115",15.0,DEM5A,地理院タイル 標高タイル 2026-10-08
S14ypinm,高月,"136.23765,35.47066",107.1,DEM5A,地理院タイル 標高タイル 2026-10-08
S14yuxjp,琴芝,"131.25239,33.95264",2.3,DEM5A,地理院タイル 標高タイル 2026-10-08
S14yvsyt,伴中央,"132.40504,34.45562",72.1,DEM5A,地理院タイル 標高タイル 2026-10-08
S14z64so,八色,"138.93511,37.19176",106.9,DEM5A,地理院タイル 標高タイル 2026-10-08
S14z7u9e,倉賀野,"139.04962,36.30023",84.3,DEM5A,地理院タイル 標高タイル 2026-10-08
S14zi6gw,与謝野,"135.12650,35.54346",5.8,DEM5A,地理院タイル 標高タイル 2026-10-08
S14zift3,内船,"138.46503,35.28221",129.9,DEM5A,地理院タイル 標高タイル 2026-10-08
S14zk6t3,総持寺,"135.58479,34.82717",13.8,DEM5A,地理院タイル 標高タイル 2026-10-08
S14zl2r5,公庄,"135.12926,35.37187",15.2,DEM5A,地理院タイル 標高タイル 2026-10-08
S14zr0p2,妙高高原,"138.21219,36.87230",510.3,DEM5A,地理院タイル 標高タイル 2026-10-08
S15033io,足柄,"138.98175,35.33207",331.3,DEM5A,地理院タイル 標高タイル 2026-10-08
S150nlmr,牛島,"134.39729,34.07666",10.8,DEM5A,地理院タイル 標高タイル 2026-10-08
S150ocpw,高松,"134.04533,34.35056",1.9,DEM5A,地理院タイル 標高タイル 2026-10-08
S150q87o,北助松,"135.42276,34.51452",2.6,DEM5A,地理院タイル 標高タイル 2026-10-08
S150qqu6,葛島橋東詰,"133.56971,33.55697",4.3,DEM5A,地理院タイル 標高タイル 2026-10-08
S151ia4q,元町,"135.18708,34.68912",4.8,DEM5A,地理院タイル 標高タイル 2026-10-08
S151mxo5,稲荷町,"137.23159,36.69674",10.4,DEM5A,地理院タイル 標高タイル 2026-10-08
S151rpl7,二重橋前,"139.76178,35.68050",2.7,DEM5A,地理院タイル 標高タイル 2026-10-08
S152aomb,宿院,"135.47201,34.57641",3.8,DEM5A,地理院タイル 標高タイル 2026-10-08
S152mdr5,東新川,"131.25707,33.94842",2.5,DEM5A,地理院タイル 標高タイル 2026-10-08
S152o6ly,本蓮沼,"139.70211,35.76899",22.4,DEM5A,地理院タイル 標高タイル 2026-10-08
S152uobd,九大学研都市,"130.25847,33.57800",4.5,DEM5A,地理院タイル 標高タイル 2026-10-08
S1532kuc,渡,"130.69484,32.23668",95.2,DEM5A,地理院タイル 標高タイル 2026-10-08
S15353yo,日の出,"139.75916,35.64926",2.6,DEM5A,地理院タイル 標高タイル 2026-10-08
S153mfri,二条,"135.74177,35.01159",35.6,DEM5A,地理院タイル 標高タイル 2026-10-08
S153nb77,北鯖江,"136.19843,35.97164",12.3,DEM5A,地理院タイル 標高タイル 2026-10-08
S153of3k,羽前大山,"139.76798,38.74213",13.6,DEM5A,地理院タイル 標高タイル 2026-10-08
S153ssk9,三井寺,"135.85986,35.01286",86.9,DEM5A,地理院タイル 標高タイル 2026-10-08
S15435d6,中島公園通,"141.35014,43.04590",29.0,DEM5A,地理院タイル 標高タイル 2026-10-08
S1545qp6,後免町,"133.65075,33.57451",12.8,DEM5A,地理院タイル 標高タイル 2026-10-08
S1548mit,寺泊,"138.81447,37.62027",12.1,DEM5A,地理院タイル 標高タイル 2026-10-08
S154ctts,西唐津,"129.95788,33.46149",3.4,DEM5A,地理院タイル 標高タイル 2026-10-08
S154opxc,新豊洲,"139.79011,35.64871",6.9,DEM5A,地理院タイル 標高タイル 2026-10-08
S154ulyx,黒部宇奈月温泉,"137.48113,36.87406",54.7,DEM5A,地理院タイル 標高タイル 2026-10-08
S1554q0b,電鉄石田,"137.42319,36.86586",1.5,DEM5A,地理院タイル 標高タイル 2026-10-08
S1554r9e,蛍茶屋,"129.89364,32.75140",32.6,DEM5A,地理院タイル 標高タイル 2026-10-08
S15551mi,豊前松江,"131.09536,33.62244",5.9,DEM5A,地理院タイル 標高タイル 2026-10-08
S155rkty,湖北,"140.07794,35.86720",18.5,DEM5A,地理院タイル 標高タイル 2026-10-08
S15632li,東花園,"135.62679,34.66237",4.9,DEM5A,地理院タイル 標高タイル 2026-10-08
S156crfl,野田新町,"137.02818,34.98350",10.3,DEM5A,地理院タイル 標高タイル 2026-10-08
S156f1if,曽山寺,"131.44834,31.81336",7.3,DEM5A,地理院タイル 標高タイル 2026-10-08
S156v2ub,犬川,"140.05211,38.02540",213.3,DEM5A,地理院タイル 標高タイル 2026-10-08
S157lxp1,大原,"132.41234,34.46284",56.7,DEM5A,地理院タイル 標高タイル 2026-10-08
S157mp76,新水俣,"130.42910,32.21080",31.3,DEM5A,地理院タイル 標高タイル 2026-10-08
S158d2ot,上桧木内,"140.58255,39.81803",262.3,DEM5A,地理院タイル 標高タイル 2026-10-08
S159cc9y,御陵前,"135.46672,34.57075",2.4,DEM5A,地理院タイル 標高タイル 2026-10-08
S159fpu7,花水坂,"140.45082,37.82706",84.3,DEM5A,地理院タイル 標高タイル 2026-10-08
S159g0qb,腹帯,"141.76743,39.60452",82.5,DEM5A,地理院タイル 標高タイル 2026-10-08
S159gobg,新子安,"139.65409,35.48683",5.2,DEM5A,地理院タイル 標高タイル 2026-10-08
S15abyi7,石手川公園,"132.76933,33.83131",23.0,DEM5A,地理院タイル 標高タイル 2026-10-08
S15ah338,川根小山,"138.14104,35.14173",355.5,DEM5A,地理院タイル 標高タイル 2026-10-08
S15aiz87,柴崎体育館,"139.40928,35.68980",70.8,DEM5A,地理院タイル 標高タイル 2026-10-08
S15aknon,駒野,"136.60342,35.22374",17.1,DEM5A,地理院タイル 標高タイル 2026-10-08
S15amk45,豊原,"140.15509,37.05497",353.3,DEM5A,地理院タイル 標高タイル 2026-10-08
S15appqo,九郎原,"130.61243,33.59242",92.0,DEM5A,地理院タイル 標高タイル 2026-10-08
S15aqrgw,覚王山,"136.95251,35.16654",37.5,DEM5A,地理院タイル 標高タイル 2026-10-08
S15b5yev,子安,"139.64504,35.48457",4.8,DEM5A,地理院タイル 標高タイル 2026-10-08
S15bemun,阿久根,"130.19639,32.02307",5.3,DEM5A,地理院タイル 標高タイル 2026-10-08
S15ctcti,刈谷,"137.00949,34.99067",11.0,DEM5A,地理院タイル 標高タイル 2026-10-08
S15ctg5e,堀川町,"140.74406,41.78032",6.7,DEM5A,地理院タイル 標高タイル 2026-10-08
S15d1wns,北宇和島,"132.56972,33.23924",9.2,DEM5A,地理院タイル 標高タイル 2026-10-08
S15damip,石川,"140.53076,40.55613",47.8,DEM5A,地理院タイル 標高タイル 2026-10-08
S15de006,近鉄長島,"136.69608,35.09763",-0.8,DEM5A,地理院タイル 標高タイル 2026-10-08
S15donwc,花崎,"139.63360,36.10995",11.2,DEM5A,地理院タイル 標高タイル 2026-10-08
S15dvh5w,三河塩津,"137.20150,34.82543",6.3,DEM5A,地理院タイル 標高タイル 2026-10-08
S15efsdw,筒井,"140.76946,40.80572",10.9,DEM5A,地理院タイル 標高タイル 2026-10-08
S15eqetr,武並,"137.35412,35.43793",289.5,DEM5A,地理院タイル 標高タイル 2026-10-08
S15etidk,君津,"139.89551,35.33364",8.6,DEM5A,地理院タイル 標高タイル 2026-10-08
S15fwpgs,苦楽園口,"135.32894,34.75006",23.3,DEM5A,地理院タイル 標高タイル 2026-10-08
S15g74g5,三山木,"135.78609,34.79864",29.6,DEM5A,地理院タイル 標高タイル 2026-10-08
S15gci56,紀伊御坊,"135.15476,33.89435",4.4,DEM5A,地理院タイル 標高タイル 2026-10-08
S15gdcz9,額住宅前,"136.61885,36.51853",28.6,DEM5A,地理院タイル 標高タイル 2026-10-08
S15gfw5e,東生駒,"135.70959,34.69190",138.4,DEM5A,地理院タイル 標高タイル 2026-10-08
S15gj3dc,肥前飯田,"130.15878,33.05570",8.5,DEM5A,地理院タイル 標高タイル 2026-10-08
S15gmli6,水口,"136.17683,34.97425",179.8,DEM5A,地理院タイル 標高タイル 2026-10-08
S15gn4us,ハーバーランド,"135.17855,34.67808",2.0,DEM5A,地理院タイル 標高タイル 2026-10-08
S15gxirh,天王台,"140.04232,35.87247",19.9,DEM5A,地理院タイル 標高タイル 2026-10-08
S15h0rk2,城崎温泉,"134.81346,35.62368",2.0,DEM5A,地理院タイル 標高タイル 2026-10-08
S15h5m54,鵯越,"135.14257,34.69286",131.0,DEM5A,地理院タイル 標高タイル 2026-10-08
S15iows2,羽前中山,"140.21873,38.12511",243.9,DEM5A,地理院タイル 標高タイル 2026-10-08
S15jacpl,中菅谷,"140.49268,36.44573",34.5,DEM5A,地理院タイル 標高タイル 2026-10-08
S15jjrqf,常陸青柳,"140.48446,36.38354",6.2,DEM5A,地理院タイル 標高タイル 2026-10-08
S15jzvrm,小出,"138.95361,37.23357",92.5,DEM5A,地理院タイル 標高タイル 2026-10-08
S15k851f,影野,"133.17357,33.27596",252.3,DEM5A,地理院タイル 標高タイル 2026-10-08
S15kbole,植村,"130.72420,31.89004",169.9,DEM5A,地理院タイル 標高タイル 2026-10-08
S15kh6m3,尾張旭,"137.03625,35.21677",58.0,DEM5A,地理院タイル 標高タイル 2026-10-08
S15kivgn,桜橋,"137.21594,36.69458",7.8,DEM5A,地理院タイル 標高タイル 2026-10-08
S15l8xzh,荒尾,"130.43472,32.99453",4.5,DEM5A,地理院タイル 標高タイル 2026-10-08
S15lgech,北府中,"139.47179,35.68086",59.7,DEM5A,地理院タイル 標高タイル 2026-10-08
S15liy18,くいな橋,"135.75742,34.96256",23.5,DEM5A,地理院タイル 標高タイル 2026-10-08
S15ljz3x,館田,"140.53870,40.58514",34.3,DEM5A,地理院タイル 標高タイル 2026-10-08
S15llod1,気賀,"137.65195,34.80720",3.2,DEM5A,地理院タイル 標高タイル 2026-10-08
S15lnvfp,甘木,"130.65381,33.41860",37.0,DEM5A,地理院タイル 標高タイル 2026-10-08
S15lso4k,北大宮,"139.62481,35.91794",15.2,DEM5A,地理院タイル 標高タイル 2026-10-08
S15lzza6,小柳,"140.79766,40.81792",6.7,DEM5A,地理院タイル 標高タイル 2026-10-08
S15m260s,田川後藤寺,"130.80022,33.63036",42.3,DEM5A,地理院タイル 標高タイル 2026-10-08
S15m9yey,高田,"138.24196,37.11462",11.8,DEM5A,地理院タイル 標高タイル 2026-10-08
S15mb1qh,上林,"136.16107,34.69522",161.2,DEM5A,地理院タイル 標高タイル 2026-10-08
S15mkz2b,陸奥白浜,"141.59229,40.51664",23.2,DEM5A,地理院タイル 標高タイル 2026-10-08
S15mt3yd,門前仲町,"139.79568,35.67229",0.8,DEM5A,地理院タイル 標高タイル 2026-10-08
S15n9xdm,美並苅安,"136.95477,35.66081",148.7,DEM5A,地理院タイル 標高タイル 2026-10-08
S15nh27g,蓮花寺,"136.65106,35.05953",14.5,DEM5A,地理院タイル 標高タイル 2026-10-08
S15noias,西川越,"139.45994,35.91909",19.9,DEM5A,地理院タイル 標高タイル 2026-10-08
S15o6mly,切石,"137.80915,35.51240",490.1,DEM5A,地理院タイル 標高タイル 2026-10-08
S15ohoxm,日原,"131.83186,34.53267",76.6,DEM5A,地理院タイル 標高タイル 2026-10-08
S15p9znu,京急長沢,"139.67413,35.20544",18.9,DEM5A,地理院タイル 標高タイル 2026-10-08
S15ppjaf,新三郷,"139.86954,35.85839",3.3,DEM5A,地理院タイル 標高タイル 2026-10-08
S15ppwnf,伊万里,"129.87632,33.27191",2.9,DEM5A,地理院タイル 標高タイル 2026-10-08
S15ps1yr,六十谷,"135.20738,34.26265",15.7,DEM5A,地理院タイル 標高タイル 2026-10-08
S15py2x9,田上,"139.07457,37.71903",8.2,DEM5A,地理院タイル 標高タイル 2026-10-08
S15q2vnz,根雨,"133.44179,35.24146",185.1,DEM5A,地理院タイル 標高タイル 2026-10-08
S15qczmv,今伊勢,"136.78913,35.31835",7.6,DEM5A,地理院タイル 標高タイル 2026-10-08
S15qfk2f,広尾,"139.72219,35.65178",10.7,DEM5A,地理院タイル 標高タイル 2026-10-08
S15qvcz5,新水前寺,"130.72585,32.79331",11.0,DEM5A,地理院タイル 標高タイル 2026-10-08
S15qzmws,新川町,"140.73540,41.77343",3.7,DEM5A,地理院タイル 標高タイル 2026-10-08
S15r3jbk,長里,"130.16551,32.91530",3.3,DEM5A,地理院タイル 標高タイル 2026-10-08
S15s8gwj,美瑛,"142.46169,43.59119",236.7,DEM5A,地理院タイル 標高タイル 2026-10-08
S15sws5i,紀伊,"135.24626,34.26926",16.5,DEM5A,地理院タイル 標高タイル 2026-10-08
S15t4rkp,日永,"136.60435,34.95596",4.3,DEM5A,地理院タイル 標高タイル 2026-10-08
S15t9uf7,石井,"134.44433,34.07039",8.9,DEM5A,地理院タイル 標高タイル 2026-10-08
S15tp4qh,中村日赤,"136.86229,35.17270",1.5,DEM5A,地理院タイル 標高タイル 2026-10-08
S15u1qd8,船岡,"140.76740,38.05933",14.7,DEM5A,地理院タイル 標高タイル 2026-10-08
S15ugi1q,塚本,"135.46889,34.71274",4.4,DEM5A,地理院タイル 標高タイル 2026-10-08
S15vonas,田辺島通,"133.59276,33.56609",1.4,DEM5A,地理院タイル 標高タイル 2026-10-08
S15w4p8x,水成川,"130.43056,31.25716",24.1,DEM5A,地理院タイル 標高タイル 2026-10-08
S15wcw0v,阿波川端,"134.48375,34.14888",5.1,DEM5A,地理院タイル 標高タイル 2026-10-08
S15x0qq4,北森,"141.07211,39.95648",265.9,DEM5A,地理院タイル 標高タイル 2026-10-08
S15x57ua,八浜,"133.91951,34.53209",3.4,DEM5A,地理院タイル 標高タイル 2026-10-08
S15x8ip1,下総神崎,"140.41067,35.89484",4.3,DEM5A,地理院タイル 標高タイル 2026-10-08
S15xpah5,京丹後大宮,"135.09396,35.57966",38.6,DEM5A,地理院タイル 標高タイル 2026-10-08
S15y49sj,諫早東高校,"130.14912,32.82344",1.3,DEM5A,地理院タイル 標高タイル 2026-10-08
S15y8df8,豊橋公園前,"137.39586,34.76673",8.9,DEM5A,地理院タイル 標高タイル 2026-10-08
S15yicpu,肥後高田,"130.61246,32.47516",7.0,DEM5A,地理院タイル 標高タイル 2026-10-08
S15yyqdm,和寒,"142.41529,44.02737",136.6,DEM10B,地理院タイル 標高タイル 2026-10-08
S15yz7cc,土佐長岡,"133.66228,33.59173",25.9,DEM5A,地理院タイル 標高タイル 2026-10-08
S15z4167,マキノ,"136.05927,35.46103",94.0,DEM5A,地理院タイル 標高タイル 2026-10-08
S15z5ie9,田儀,"132.59022,35.27522",22.6,DEM5A,地理院タイル 標高タイル 2026-10-08
S15zu0e4,幕張豊砂,"140.02707,35.65816",4.4,DEM5A,地理院タイル 標高タイル 2026-10-08
S15zxas1,丹比,"134.35629,35.36072",152.6,DEM5A,地理院タイル 標高タイル 2026-10-08
S16004ch,南永山,"142.40861,43.78055",119.7,DEM5A,地理院タイル 標高タイル 2026-10-08
S1602arj,伊勢八知,"136.26380,34.55510",170.4,DEM5A,地理院タイル 標高タイル 2026-10-08
S16083v0,紀和,"135.18136,34.24195",2.8,DEM5A,地理院タイル 標高タイル 2026-10-08
S160e0up,田井ノ瀬,"135.22944,34.24207",7.3,DEM5A,地理院タイル 標高タイル 2026-10-08
S160i3y8,宮田町,"132.75261,33.84392",16.8,DEM5A,地理院タイル 標高タイル 2026-10-08
S160op4v,市民広場,"135.21244,34.66490",4.5,DEM5A,地理院タイル 標高タイル 2026-10-08
S160vjky,河内長野,"135.57316,34.45110",105.6,DEM5A,地理院タイル 標高タイル 2026-10-08
S161aq5q,日当,"136.63159,35.58228",129.9,DEM5A,地理院タイル 標高タイル 2026-10-08
S161e3qs,神農原,"138.84384,36.24259",194.4,DEM5A,地理院タイル 標高タイル 2026-10-08
S161ebse,東大手,"136.90848,35.18345",8.8,DEM5A,地理院タイル 標高タイル 2026-10-08
S161g6ix,川奈,"139.12483,34.95088",113.6,DEM5A,地理院タイル 標高タイル 2026-10-08
S161npcl,自然園前,"136.93127,35.77023",229.1,DEM5A,地理院タイル 標高タイル 2026-10-08
S161o0h2,学園都市,"135.05734,34.68144",87.0,DEM5A,地理院タイル 標高タイル 2026-10-08
S161rmhv,八津,"140.55283,39.68776",108.4,DEM5A,地理院タイル 標高タイル 2026-10-08
S161rrdt,小井川,"138.52855,35.60453",252.8,DEM5A,地理院タイル 標高タイル 2026-10-08
S1624ae6,八頭高校前,"134.24615,35.40533",55.0,DEM5A,地理院タイル 標高タイル 2026-10-08
S162t44w,馬場崎町,"133.22655,35.53851",1.9,DEM5A,地理院タイル 標高タイル 2026-10-08
S1630q62,広戸,"139.95571,40.67462",3.1,DEM5A,地理院タイル 標高タイル 2026-10-08
S1632yxu,東屯田通,"141.34884,43.03104",41.1,DEM5A,地理院タイル 標高タイル 2026-10-08
S163hvo8,大浦,"132.77562,34.00003",10.2,DEM5A,地理院タイル 標高タイル 2026-10-08
S164c0tn,備後庄原,"133.01621,34.86236",242.3,DEM5A,地理院タイル 標高タイル 2026-10-08
S164hrt9,木場茶屋,"130.30807,31.76612",45.6,DEM5A,地理院タイル 標高タイル 2026-10-08
S164l6br,可児,"137.05535,35.42293",91.4,DEM5A,地理院タイル 標高タイル 2026-10-08
S164ndwy,東宿郷,"139.90302,36.55833",112.3,DEM5A,地理院タイル 標高タイル 2026-10-08
S164sv9y,遠州芝本,"137.79874,34.82406",30.6,DEM5A,地理院タイル 標高タイル 2026-10-08
S164wc1b,南甲府,"138.57824,35.64379",258.2,DEM5A,地理院タイル 標高タイル 2026-10-08
S165dfu9,井原,"133.46908,34.59278",38.9,DEM5A,地理院タイル 標高タイル 2026-10-08
S165qimi,長陽,"131.00390,32.85422",351.1,DEM5A,地理院タイル 標高タイル 2026-10-08
S16626r0,京成稲毛,"140.08571,35.63725",7.8,DEM5A,地理院タイル 標高タイル 2026-10-08
S166gy4c,下新庄,"135.51990,34.74641",3.8,DEM5A,地理院タイル 標高タイル 2026-10-08
S166mz36,中島,"132.51316,34.50035",18.1,DEM5A,地理院タイル 標高タイル 2026-10-08
S166v16h,川辺,"140.12037,39.24902",39.0,DEM5A,地理院タイル 標高タイル 2026-10-08
S166vjl0,八幡宿,"140.12004,35.53616",3.0,DEM5A,地理院タイル 標高タイル 2026-10-08
S1677wv8,幸手,"139.71491,36.07407",7.7,DEM5A,地理院タイル 標高タイル 2026-10-08
S167bwp9,緑町,"139.15861,35.25927",7.5,DEM5A,地理院タイル 標高タイル 2026-10-08
S1686p3v,出平,"137.63369,36.76726",369.5,DEM5A,地理院タイル 標高タイル 2026-10-08
S168ldtv,大杉,"133.66441,33.76095",250.0,DEM5A,地理院タイル 標高タイル 2026-10-08
S169dv6x,下切,"137.06372,35.39373",105.2,DEM5A,地理院タイル 標高タイル 2026-10-08
S169h355,船橋法典,"139.96668,35.73052",20.9,DEM5A,地理院タイル 標高タイル 2026-10-08
S169ytb3,北浦湖畔,"140.53681,36.12047",10.8,DEM5A,地理院タイル 標高タイル 2026-10-08
S16a7xln,比羅夫,"140.72266,42.84855",160.6,DEM5A,地理院タイル 標高タイル 2026-10-08
S16a9129,佐貫町,"139.87614,35.25999",17.5,DEM5A,地理院タイル 標高タイル 2026-10-08
S16acgxv,北常盤,"140.54373,40.67061",22.3,DEM5A,地理院タイル 標高タイル 2026-10-08
S16ad210,勝沼ぶどう郷,"138.74326,35.67296",490.8,DEM5A,地理院タイル 標高タイル 2026-10-08
S16awign,下館二高前,"139.97208,36.31932",35.6,DEM5A,地理院タイル 標高タイル 2026-10-08
S16c3n23,西相生,"134.45072,34.80141",9.4,DEM5A,地理院タイル 標高タイル 2026-10-08
S16cdjiw,鷹島口,"129.76171,33.35383",16.7,DEM5A,地理院タイル 標高タイル 2026-10-08
S16d3585,東垂水,"135.06359,34.62938",26.0,DEM5A,地理院タイル 標高タイル 2026-10-08
S16d5ak9,笠幡,"139.40626,35.90758",38.8,DEM5A,地理院タイル 標高タイル 2026-10-08
S16db6uw,大在,"131.72053,33.24391",8.7,DEM5A,地理院タイル 標高タイル 2026-10-08
S16dxj18,浅海井,"131.91921,33.04357",4.5,DEM5A,地理院タイル 標高タイル 2026-10-08
S16e1j3v,福島,"135.48714,34.69681",-0.1,DEM5A,地理院タイル 標高タイル 2026-10-08
S16elk6d,松戸,"139.90083,35.78454",5.5,DEM5A,地理院タイル 標高タイル 2026-10-08
S16er8oc,富田,"135.59271,34.83516",16.0,DEM5A,地理院タイル 標高タイル 2026-10-08
S16ewsg7,東岩槻,"139.71227,35.96329",8.3,DEM5A,地理院タイル 標高タイル 2026-10-08
S16ex71k,伊勢大井,"136.38518,34.64999",33.0,DEM5A,地理院タイル 標高タイル 2026-10-08
S16eyavb,二俣川,"139.53237,35.46339",48.5,DEM5A,地理院タイル 標高タイル 2026-10-08
S16fb26f,古国府,"131.60831,33.22064",12.2,DEM5A,地理院タイル 標高タイル 2026-10-08
S16fhgya,加古川,"134.83971,34.76758",5.9,DEM5A,地理院タイル 標高タイル 2026-10-08
S16frwxz,あざみ野,"139.55385,35.56837",31.2,DEM5A,地理院タイル 標高タイル 2026-10-08
S16fs0bc,南新宿,"139.69872,35.68361",31.5,DEM5A,地理院タイル 標高タイル 2026-10-08
S16gc123,浜川崎,"139.71366,35.51002",0.9,DEM5A,地理院タイル 標高タイル 2026-10-08
S16gstxo,宮津,"135.19997,35.53444",1.9,DEM5A,地理院タイル 標高タイル 2026-10-08
S16h05v8,肥前七浦,"130.14526,33.07087",5.4,DEM5A,地理院タイル 標高タイル 2026-10-08
S16h122j,田京,"138.94577,35.01456",22.3,DEM5A,地理院タイル 標高タイル 2026-10-08
S16h1w64,筑後大石,"130.81690,33.34719",46.3,DEM5A,地理院タイル 標高タイル 2026-10-08
S16h90t4,八本松,"132.68859,34.44564",257.0,DEM5A,地理院タイル 標高タイル 2026-10-08
S16hkk2g,南直方御殿口,"130.72501,33.73876",10.1,DEM5A,地理院タイル 標高タイル 2026-10-08
S16hpdyi,扇田,"140.57250,40.22930",56.4,DEM5A,地理院タイル 標高タイル 2026-10-08
S16hr5sr,緑,"144.50551,43.71829",132.8,DEM5A,地理院タイル 標高タイル 2026-10-08
S16i5yca,志津,"140.14493,35.71740",26.2,DEM5A,地理院タイル 標高タイル 2026-10-08
S16i74kj,銀座一丁目,"139.76682,35.67450",3.2,DEM5A,地理院タイル 標高タイル 2026-10-08
S16i75xm,諏訪,"129.96008,32.92391",19.7,DEM5A,地理院タイル 標高タイル 2026-10-08
S16imsds,北野田,"135.54321,34.52293",62.3,DEM5A,地理院タイル 標高タイル 2026-10-08
S16ipdom,室生口大野,"136.01528,34.56613",258.8,DEM5A,地理院タイル 標高タイル 2026-10-08
S16jernr,北鴻巣,"139.47696,36.08550",16.6,DEM5A,地理院タイル 標高タイル 2026-10-08
S16jqu3n,讃岐府中,"133.92386,34.29143",19.6,DEM5A,地理院タイル 標高タイル 2026-10-08
S16k4o7g,中崎町,"135.50556,34.70718",1.5,DEM5A,地理院タイル 標高タイル 2026-10-08
S16k8zgs,相生山,"136.97624,35.10251",34.3,DEM5A,地理院タイル 標高タイル 2026-10-08
S16kevki,養父,"134.81181,35.37081",53.5,DEM5A,地理院タイル 標高タイル 2026-10-08
S16klh31,朝倉街道,"130.53260,33.48403",37.3,DEM5A,地理院タイル 標高タイル 2026-10-08
S16kt444,近鉄丹波橋,"135.76642,34.93811",31.3,DEM5A,地理院タイル 標高タイル 2026-10-08
S16kxfn8,綾織,"141.47682,39.32840",245.5,DEM5A,地理院タイル 標高タイル 2026-10-08
S16l28ec,国府,"130.72944,32.79185",11.2,DEM5A,地理院タイル 標高タイル 2026-10-08
S16l7dvk,掛川市役所前,"138.00006,34.77034",29.9,DEM5A,地理院タイル 標高タイル 2026-10-08
S16lte34,苫小牧,"141.59614,42.63941",7.3,DEM5A,地理院タイル 標高タイル 2026-10-08
S16m179g,乱川,"140.37476,38.38681",110.6,DEM5A,地理院タイル 標高タイル 2026-10-08
S16m69jy,京王よみうりランド,"139.51720,35.63296",43.5,DEM5A,地理院タイル 標高タイル 2026-10-08
S16mb3vl,浪板海岸,"141.93511,39.38356",16.5,DEM5A,地理院タイル 標高タイル 2026-10-08
S16mlfxr,伊予小松,"133.11651,33.89760",14.0,DEM5A,地理院タイル 標高タイル 2026-10-08
S16mnbff,福岡空港,"130.44798,33.59737",4.4,DEM5A,地理院タイル 標高タイル 2026-10-08
S16nfy9e,桔梗が丘,"136.11276,34.64119",192.2,DEM5A,地理院タイル 標高タイル 2026-10-08
S16ns0cx,市布,"129.96615,32.81914",29.3,DEM5A,地理院タイル 標高タイル 2026-10-08
S16numg0,小岩井,"141.02470,39.70976",215.5,DEM5A,地理院タイル 標高タイル 2026-10-08
S16nv5fm,奥中山高原,"141.22850,40.06616",428.9,DEM10B,地理院タイル 標高タイル 2026-10-08
S16nx2ju,八木山動物公園,"140.84402,38.24333",153.9,DEM5A,地理院タイル 標高タイル 2026-10-08
S16o0826,青山,"136.91729,34.87874",4.3,DEM5A,地理院タイル 標高タイル 2026-10-08
S16o4fil,行田市,"139.45880,36.14363",18.5,DEM5A,地理院タイル 標高タイル 2026-10-08
S16og12b,道ノ尾,"129.85301,32.80420",51.4,DEM5A,地理院タイル 標高タイル 2026-10-08
S16p1qnf,来待,"132.95200,35.42071",4.0,DEM5A,地理院タイル 標高タイル 2026-10-08
S16p3vef,箕面,"135.46822,34.83428",82.2,DEM5A,地理院タイル 標高タイル 2026-10-08
S16pld4l,雲井,"136.08435,34.91124",279.3,DEM5A,地理院タイル 標高タイル 2026-10-08
S16pppt0,府中本町,"139.47718,35.66583",49.9,DEM5A,地理院タイル 標高タイル 2026-10-08
S16px0zo,高畑,"136.85351,35.13910",0.0,DEM5A,地理院タイル 標高タイル 2026-10-08
S16qdeuj,飛田給,"139.52366,35.65998",41.2,DEM5A,地理院タイル 標高タイル 2026-10-08
S16r2ebh,両国,"139.79743,35.69682",1.1,DEM5A,地理院タイル 標高タイル 2026-10-08
S16rhu02,上磯,"140.64063,41.81960",2.9,DEM5A,地理院タイル 標高タイル 2026-10-08
S16rlcj0,伊東,"139.09211,34.97483",10.1,DEM5A,地理院タイル 標高タイル 2026-10-08
S16rtlrw,都立家政,"139.64543,35.72219",42.2,DEM5A,地理院タイル 標高タイル 2026-10-08
S16sb72e,新柏,"139.96704,35.83810",14.3,DEM5A,地理院タイル 標高タイル 2026-10-08
S16taqlx,北水海道,"139.99284,36.03209",13.3,DEM5A,地理院タイル 標高タイル 2026-10-08
S16tcl7a,大森町,"139.73201,35.57250",2.0,DEM5A,地理院タイル 標高タイル 2026-10-08
S16tdon2,手樽,"141.09274,38.38710",3.1,DEM5A,地理院タイル 標高タイル 2026-10-08
S16tm390,阿波川口,"133.75466,33.96375",128.0,DEM5A,地理院タイル 標高タイル 2026-10-08
S16u7mt7,伊予石城,"132.47305,33.39159",215.2,DEM5A,地理院タイル 標高タイル 2026-10-08
S16u8t2v,東大前,"139.75783,35.71811",21.5,DEM5A,地理院タイル 標高タイル 2026-10-08
S16v10pm,竹岡,"139.83003,35.19759",18.0,DEM5A,地理院タイル 標高タイル 2026-10-08
S16v2230,藤崎,"140.50009,40.65362",21.2,DEM5A,地理院タイル 標高タイル 2026-10-08
S16v9ixd,新改,"133.69581,33.64964",207.3,DEM5A,地理院タイル 標高タイル 2026-10-08
S16vha1e,鳩ヶ谷,"139.73616,35.83080",5.6,DEM5A,地理院タイル 標高タイル 2026-10-08
S16vupfh,朝熊,"136.75743,34.47722",16.0,DEM5A,地理院タイル 標高タイル 2026-10-08
S16w85ei,天空橋,"139.75461,35.54825",4.2,DEM5A,地理院タイル 標高タイル 2026-10-08
S16x0nrw,西米沢,"140.08483,37.91725",257.9,DEM5A,地理院タイル 標高タイル 2026-10-08
S16xb8xv,荏原町,"139.70755,35.60381",19.3,DEM5A,地理院タイル 標高タイル 2026-10-08
S16xow9b,小塩江,"140.43016,37.29556",287.0,DEM5A,地理院タイル 標高タイル 2026-10-08
S16xwp9n,中井,"139.68648,35.71447",19.0,DEM5A,地理院タイル 標高タイル 2026-10-08
S16xwzqp,小倉,"135.78188,34.89301",12.5,DEM5A,地理院タイル 標高タイル 2026-10-08
S16y166v,牛込柳町,"139.72519,35.69946",26.0,DEM5A,地理院タイル 標高タイル 2026-10-08
S16yn96j,鶯野,"140.55794,39.56856",51.6,DEM5A,地理院タイル 標高タイル 2026-10-08
S16yu7ts,山梨市,"138.68284,35.68503",330.7,DEM5A,地理院タイル 標高タイル 2026-10-08
S16z3wz0,三島,"138.91031,35.12624",39.5,DEM5A,地理院タイル 標高タイル 2026-10-08
S16z5y0i,栄町,"139.74222,35.75084",4.4,DEM5A,地理院タイル 標高タイル 2026-10-08
S16za46y,石津北,"135.45909,34.56039",1.7,DEM5A,地理院タイル 標高タイル 2026-10-08
S16zqb06,行田,"139.43209,36.11388",20.1,DEM5A,地理院タイル 標高タイル 2026-10-08
S17008yw,赤平,"142.04866,43.55488",57.2,DEM10B,地理院タイル 標高タイル 2026-10-08
S170ahb1,柴宿,"141.27219,38.99674",100.0,DEM5A,地理院タイル 標高タイル 2026-10-08
S170klhy,新地中華街,"129.87494,32.74283",3.1,DEM5A,地理院タイル 標高タイル 2026-10-08
S170leii,伊那福岡,"137.93397,35.71223",662.0,DEM5A,地理院タイル 標高タイル 2026-10-08
S171k1w1,一宮,"134.02221,34.28330",40.5,DEM5A,地理院タイル 標高タイル 2026-10-08
S171np78,白老,"141.35991,42.55468",6.4,DEM5A,地理院タイル 標高タイル 2026-10-08
S1723yi3,宮前平,"139.58226,35.58496",28.9,DEM5A,地理院タイル 標高タイル 2026-10-08
S172cu42,豊島,"137.29370,34.66763",8.1,DEM5A,地理院タイル 標高タイル 2026-10-08
S172kwob,駄科,"137.83981,35.47557",410.3,DEM5A,地理院タイル 標高タイル 2026-10-08
S172nvv5,野州山辺,"139.43201,36.32628",38.5,DEM5A,地理院タイル 標高タイル 2026-10-08
S172ohwp,寺本,"136.87544,35.00021",3.6,DEM5A,地理院タイル 標高タイル 2026-10-08
S172ui15,南三原,"139.97907,35.02119",16.7,DEM5A,地理院タイル 標高タイル 2026-10-08
S173h11k,倉本,"137.71433,35.73294",609.9,DEM5A,地理院タイル 標高タイル 2026-10-08
S173mxey,芦ヶ久保,"139.13600,35.97640",316.8,DEM5A,地理院タイル 標高タイル 2026-10-08
S173p1u9,海南,"135.21445,34.15456",3.3,DEM5A,地理院タイル 標高タイル 2026-10-08
S173tmvk,栗東,"135.98011,35.03748",97.3,DEM5A,地理院タイル 標高タイル 2026-10-08
S17428kb,崇城大学前,"130.69493,32.83080",16.9,DEM5A,地理院タイル 標高タイル 2026-10-08
S1744ays,西院,"135.73312,35.00338",28.8,DEM5A,地理院タイル 標高タイル 2026-10-08
S1747r59,林,"136.99941,36.70453",16.5,DEM5A,地理院タイル 標高タイル 2026-10-08
S174c6bk,三谷,"131.62434,34.34154",247.5,DEM5A,地理院タイル 標高タイル 2026-10-08
S174s8zg,小渕,"140.40120,40.03374",80.7,DEM5A,地理院タイル 標高タイル 2026-10-08
S175enu5,横川,"138.73790,36.33597",387.0,DEM5A,地理院タイル 標高タイル 2026-10-08
S175i80m,新治,"140.03921,36.32796",39.5,DEM5A,地理院タイル 標高タイル 2026-10-08
S175jih3,湘南江の島,"139.48782,35.31188",6.4,DEM5A,地理院タイル 標高タイル 2026-10-08
S175o5a2,上戸,"140.16357,37.48786",517.1,DEM5A,地理院タイル 標高タイル 2026-10-08
S175pmod,稲梓,"138.94940,34.72206",50.3,DEM5A,地理院タイル 標高タイル 2026-10-08
S175xvh1,トヨタモビリティ富山Gスクエア五福前（五福末広町）,"137.19443,36.69571",9.1,DEM5A,地理院タイル 標高タイル 2026-10-08
S1766sj5,上菅谷,"140.49253,36.45587",36.4,DEM5A,地理院タイル 標高タイル 2026-10-08
S176852i,大外羽,"136.59742,35.31499",2.4,DEM5A,地理院タイル 標高タイル 2026-10-08
S1768ede,広川ビーチ,"135.16374,34.01282",18.9,DEM5A,地理院タイル 標高タイル 2026-10-08
S1769j37,馬喰横山,"139.78285,35.69208",3.9,DEM5A,地理院タイル 標高タイル 2026-10-08
S176nedh,愛知大学前,"137.38593,34.74170",21.4,DEM5A,地理院タイル 標高タイル 2026-10-08
S176tjo7,新大平下,"139.70186,36.33897",35.8,DEM5A,地理院タイル 標高タイル 2026-10-08
S176wapf,市役所前,"132.45445,34.38577",1.8,DEM5A,地理院タイル 標高タイル 2026-10-08
S176wmsl,ささしまライブ,"136.88192,35.16201",5.7,DEM5A,地理院タイル 標高タイル 2026-10-08
S176yq23,南野,"139.94472,38.81818",12.7,DEM5A,地理院タイル 標高タイル 2026-10-08
S177rlec,新川,"139.25759,36.41823",169.5,DEM5A,地理院タイル 標高タイル 2026-10-08
S177x5t4,川田,"134.20460,34.06124",34.1,DEM5A,地理院タイル 標高タイル 2026-10-08
S177ypey,糸井,"141.54627,42.62259",7.2,DEM5A,地理院タイル 標高タイル 2026-10-08
S1788cgd,恵比寿,"139.70934,35.64680",15.6,DEM5A,地理院タイル 標高タイル 2026-10-08
S178hzqv,二股,"140.32077,42.57590",30.3,DEM5A,地理院タイル 標高タイル 2026-10-08
S178z25i,福住,"141.40288,43.02182",58.4,DEM5A,地理院タイル 標高タイル 2026-10-08
S178zjkr,牛久,"140.14104,35.97533",23.3,DEM5A,地理院タイル 標高タイル 2026-10-08
S17933kz,峰延,"141.81468,43.26467",25.1,DEM5A,地理院タイル 標高タイル 2026-10-08
S179v5vd,小台,"139.76173,35.75049",1.6,DEM5A,地理院タイル 標高タイル 2026-10-08
S17a0rv1,瑞穂,"142.39638,44.26644",110.5,DEM5A,地理院タイル 標高タイル 2026-10-08
S17a10s1,動植物園入口,"130.75495,32.78041",9.0,DEM5A,地理院タイル 標高タイル 2026-10-08
S17aquty,久々原,"133.82803,34.59235",2.3,DEM5A,地理院タイル 標高タイル 2026-10-08
S17bl1fx,桔梗,"140.72298,41.84635",34.5,DEM5A,地理院タイル 標高タイル 2026-10-08
S17bn5u3,紀伊有田,"135.73626,33.49094",7.3,DEM5A,地理院タイル 標高タイル 2026-10-08
S17ckzsy,内野,"138.93688,37.85849",4.0,DEM5A,地理院タイル 標高タイル 2026-10-08
S17cplv4,大野原,"139.09411,36.01864",207.8,DEM5A,地理院タイル 標高タイル 2026-10-08
S17e53pi,依那古,"136.15310,34.71542",149.7,DEM5A,地理院タイル 標高タイル 2026-10-08
S17eboqb,紀伊勝浦,"135.94141,33.62798",2.2,DEM5A,地理院タイル 標高タイル 2026-10-08
S17ecmu1,相川,"135.53367,34.75780",7.0,DEM5A,地理院タイル 標高タイル 2026-10-08
S17ep2kr,西気賀,"137.62157,34.80236",2.7,DEM5A,地理院タイル 標高タイル 2026-10-08
S17es5wa,院庄,"133.95752,35.05898",106.2,DEM5A,地理院タイル 標高タイル 2026-10-08
S17f03av,女川,"141.44310,38.44692",8.6,DEM5A,地理院タイル 標高タイル 2026-10-08
S17fdeqm,飛騨国府,"137.21577,36.21112",510.8,DEM5A,地理院タイル 標高タイル 2026-10-08
S17ffto7,分水,"138.83939,37.62917",14.3,DEM5A,地理院タイル 標高タイル 2026-10-08
S17fgysr,吉野神宮,"135.84817,34.39019",167.5,DEM5A,地理院タイル 標高タイル 2026-10-08
S17forxr,三郷,"137.05237,35.21623",68.4,DEM5A,地理院タイル 標高タイル 2026-10-08
S17g2mtm,生田原,"143.53464,43.92370",176.6,DEM5A,地理院タイル 標高タイル 2026-10-08
S17h7hu4,御油,"137.32150,34.84606",29.5,DEM5A,地理院タイル 標高タイル 2026-10-08
S17hj1r6,中三田,"132.60938,34.51359",79.9,DEM5A,地理院タイル 標高タイル 2026-10-08
S17htq2b,宇奈月温泉,"137.58358,36.81585",224.0,DEM5A,地理院タイル 標高タイル 2026-10-08
S17hviny,亀島,"136.87746,35.17755",1.6,DEM5A,地理院タイル 標高タイル 2026-10-08
S17hx8xw,飛騨細江,"137.14563,36.26112",477.0,DEM5A,地理院タイル 標高タイル 2026-10-08
S17iebso,高安山,"135.65351,34.61393",408.7,DEM5A,地理院タイル 標高タイル 2026-10-08
S17j5z0k,熊ヶ根,"140.68058,38.29802",197.9,DEM5A,地理院タイル 標高タイル 2026-10-08
S17k7fza,洗足,"139.69411,35.61009",35.5,DEM5A,地理院タイル 標高タイル 2026-10-08
S17kufw2,霊丘公園体育館,"130.37419,32.78258",4.3,DEM5A,地理院タイル 標高タイル 2026-10-08
S17kzw4w,日南,"131.38124,31.60302",7.0,DEM5A,地理院タイル 標高タイル 2026-10-08
S17lb2l5,嘉例川,"130.72290,31.82690",167.3,DEM5A,地理院タイル 標高タイル 2026-10-08
S17lk9kv,越前田野,"136.52697,35.98708",178.7,DEM5A,地理院タイル 標高タイル 2026-10-08
S17ly7ah,河合西,"134.91937,34.87900",31.0,DEM5A,地理院タイル 標高タイル 2026-10-08
S17lzuh9,横堤,"135.57268,34.70354",0.8,DEM5A,地理院タイル 標高タイル 2026-10-08
S17m2rfc,心斎橋,"135.49971,34.67488",3.4,DEM5A,地理院タイル 標高タイル 2026-10-08
S17mpsfq,トロッコ保津峡,"135.64623,35.02607",60.7,DEM5A,地理院タイル 標高タイル 2026-10-08
S17njgyl,あきた白神,"139.98803,40.38649",26.3,DEM10B,地理院タイル 標高タイル 2026-10-08
S17nmxha,阿品東,"132.31844,34.32698",3.0,DEM5A,地理院タイル 標高タイル 2026-10-08
S17od7kk,武蔵新田,"139.69243,35.56775",5.0,DEM5A,地理院タイル 標高タイル 2026-10-08
S17oe610,東根,"140.38409,38.45094",99.3,DEM5A,地理院タイル 標高タイル 2026-10-08
S17oh1y5,会津高田,"139.84131,37.47081",217.9,DEM5A,地理院タイル 標高タイル 2026-10-08
S17ozc2j,石巻,"141.30355,38.43535",0.6,DEM5A,地理院タイル 標高タイル 2026-10-08
S17paqvn,府中,"135.19528,35.58337",15.4,DEM5A,地理院タイル 標高タイル 2026-10-08
S17pchnj,磯部,"138.84967,36.29837",211.1,DEM5A,地理院タイル 標高タイル 2026-10-08
S17pmm5v,美作落合,"133.76024,35.02336",121.8,DEM5A,地理院タイル 標高タイル 2026-10-08
S17pn8ln,小田栄,"139.70508,35.51442",1.0,DEM5A,地理院タイル 標高タイル 2026-10-08
S17poo4r,京急鶴見,"139.67759,35.50666",4.6,DEM5A,地理院タイル 標高タイル 2026-10-08
S17pt2jf,新夕張,"142.03598,42.93637",150.4,DEM5A,地理院タイル 標高タイル 2026-10-08
S17q5ncv,橿原神宮前,"135.79391,34.48386",74.6,DEM5A,地理院タイル 標高タイル 2026-10-08
S17q71h2,朝菜町,"137.22490,36.66052",26.1,DEM5A,地理院タイル 標高タイル 2026-10-08
S17qbs3b,日向新富,"131.50160,32.07231",9.7,DEM5A,地理院タイル 標高タイル 2026-10-08
S17qip6y,吉礼,"135.23594,34.20332",4.0,DEM5A,地理院タイル 標高タイル 2026-10-08
S17s0s2v,宝塚南口,"135.34584,34.80382",39.0,DEM5A,地理院タイル 標高タイル 2026-10-08
S17sc4xi,塩尻,"137.94788,36.11480",715.9,DEM5A,地理院タイル 標高タイル 2026-10-08
S17sf0l4,船越,"139.94669,39.90476",4.1,DEM5A,地理院タイル 標高タイル 2026-10-08
S17su9q0,近鉄名古屋,"136.88375,35.16936",2.5,DEM5A,地理院タイル 標高タイル 2026-10-08
S17t2pxq,伊比井,"131.45614,31.71106",10.4,DEM5A,地理院タイル 標高タイル 2026-10-08
S17t6afw,小谷松,"140.25104,35.26897",31.4,DEM5A,地理院タイル 標高タイル 2026-10-08
S17tlyx8,田島,"139.56491,36.29022",21.5,DEM5A,地理院タイル 標高タイル 2026-10-08
S17ttbb2,京成津田沼,"140.02484,35.68364",7.0,DEM5A,地理院タイル 標高タイル 2026-10-08
S17u24bo,福崎,"134.75105,34.96104",71.0,DEM5A,地理院タイル 標高タイル 2026-10-08
S17u7fsh,早雲の里荏原,"133.50779,34.59668",29.8,DEM5A,地理院タイル 標高タイル 2026-10-08
S17uontz,小杉,"137.23309,36.64952",39.3,DEM5A,地理院タイル 標高タイル 2026-10-08
S17v28q4,松風町,"140.73332,41.77139",3.9,DEM5A,地理院タイル 標高タイル 2026-10-08
S17v4y9d,志村三丁目,"139.68586,35.77746",4.7,DEM5A,地理院タイル 標高タイル 2026-10-08
S17vdfgc,原市,"139.62219,35.96384",14.7,DEM5A,地理院タイル 標高タイル 2026-10-08
S17vkv3m,田吉,"131.43041,31.87891",5.4,DEM5A,地理院タイル 標高タイル 2026-10-08
S17vlmtd,六本木,"139.73121,35.66343",31.8,DEM5A,地理院タイル 標高タイル 2026-10-08
S17vna4l,中川,"139.56968,35.56309",49.7,DEM5A,地理院タイル 標高タイル 2026-10-08
S17vqvs6,保原,"140.55659,37.81457",56.3,DEM5A,地理院タイル 標高タイル 2026-10-08
S17w2jkx,旭町一丁目,"133.51360,33.55670",4.9,DEM5A,地理院タイル 標高タイル 2026-10-08
S17wpoo0,池ノ上,"139.67345,35.66037",41.4,DEM5A,地理院タイル 標高タイル 2026-10-08
S17wx5cp,南大沢,"139.37980,35.61407",115.0,DEM5A,地理院タイル 標高タイル 2026-10-08
S17wxec8,潟町,"138.33990,37.23421",24.2,DEM5A,地理院タイル 標高タイル 2026-10-08
S17wzm3h,永福町,"139.64267,35.67623",44.0,DEM5A,地理院タイル 標高タイル 2026-10-08
S17xguwu,白丸,"139.11483,35.81172",342.1,DEM5A,地理院タイル 標高タイル 2026-10-08
S17xjiog,黒江,"135.21007,34.17090",4.5,DEM5A,地理院タイル 標高タイル 2026-10-08
S17xov5r,南町田グランベリーパーク,"139.47044,35.51152",72.2,DEM5A,地理院タイル 標高タイル 2026-10-08
S17xqgfv,山科,"135.81684,34.99218",66.1,DEM5A,地理院タイル 標高タイル 2026-10-08
S17xxoks,鳥形,"140.03689,40.27142",11.8,DEM5A,地理院タイル 標高タイル 2026-10-08
S17y1r5j,本川内,"129.89996,32.83188",66.3,DEM5A,地理院タイル 標高タイル 2026-10-08
S17ye8uk,麹町,"139.73735,35.68478",23.8,DEM5A,地理院タイル 標高タイル 2026-10-08
S17yi7w6,平和通一丁目,"132.77445,33.84772",30.9,DEM5A,地理院タイル 標高タイル 2026-10-08
S17ymm6i,南草津,"135.94718,35.00359",99.8,DEM5A,地理院タイル 標高タイル 2026-10-08
S17ymmw0,志比堺,"136.31100,36.09777",46.7,DEM5A,地理院タイル 標高タイル 2026-10-08
S17yzpci,水巻,"130.69628,33.85258",2.9,DEM5A,地理院タイル 標高タイル 2026-10-08
S17zv4nv,山ノ目,"141.13197,38.95132",23.7,DEM5A,地理院タイル 標高タイル 2026-10-08
S1802q7k,厚床,"145.25236,43.22822",39.0,DEM5A,地理院タイル 標高タイル 2026-10-08
S180ffxv,小川町,"139.76674,35.69517",4.5,DEM5A,地理院タイル 標高タイル 2026-10-08
S181j7d7,大村,"134.97152,34.80864",43.9,DEM5A,地理院タイル 標高タイル 2026-10-08
S181qrai,白庭台,"135.71683,34.72103",156.5,DEM5A,地理院タイル 標高タイル 2026-10-08
S181rv0n,蓬田,"140.65451,40.96916",5.1,DEM5A,地理院タイル 標高タイル 2026-10-08
S182561c,南桑,"132.02097,34.20947",47.9,DEM5A,地理院タイル 標高タイル 2026-10-08
S1826orp,荒井,"140.94841,38.24489",4.0,DEM5A,地理院タイル 標高タイル 2026-10-08
S1827ib8,菊川,"138.08539,34.76167",28.9,DEM5A,地理院タイル 標高タイル 2026-10-08
S182au9t,西新町,"134.98081,34.64957",2.7,DEM5A,地理院タイル 標高タイル 2026-10-08
S182rro4,緑が丘,"142.36567,43.73114",121.7,DEM5A,地理院タイル 標高タイル 2026-10-08
S1842uvd,春日山,"138.23505,37.14798",6.7,DEM5A,地理院タイル 標高タイル 2026-10-08
S184fs56,東海,"140.56603,36.46550",30.8,DEM5A,地理院タイル 標高タイル 2026-10-08
S184nbp2,坂田,"136.28768,35.33613",90.2,DEM5A,地理院タイル 標高タイル 2026-10-08
S184w2o4,石津川,"135.45326,34.55933",1.6,DEM5A,地理院タイル 標高タイル 2026-10-08
S1854y3h,大津町,"132.77433,35.36910",9.2,DEM5A,地理院タイル 標高タイル 2026-10-08
S185uvid,北原,"139.18461,36.41364",179.9,DEM5A,地理院タイル 標高タイル 2026-10-08
S18613ak,松江しんじ湖温泉,"133.04540,35.46708",2.0,DEM5A,地理院タイル 標高タイル 2026-10-08
S18654jw,千川,"139.68940,35.73817",32.5,DEM5A,地理院タイル 標高タイル 2026-10-08
S18670xp,塔のへつり,"139.90150,37.27457",446.8,DEM5A,地理院タイル 標高タイル 2026-10-08
S1867bku,西鉄新宮,"130.43675,33.71397",5.1,DEM5A,地理院タイル 標高タイル 2026-10-08
S1868fwc,佐用,"134.35665,35.00368",102.3,DEM5A,地理院タイル 標高タイル 2026-10-08
S186l8wq,在良,"136.64353,35.06071",13.5,DEM5A,地理院タイル 標高タイル 2026-10-08
S186loiq,新花巻,"141.17332,39.40615",84.9,DEM5A,地理院タイル 標高タイル 2026-10-08
S186vz0t,門島,"137.81407,35.37535",353.2,DEM5A,地理院タイル 標高タイル 2026-10-08
S187ucyl,我孫子,"135.51279,34.59902",9.3,DEM5A,地理院タイル 標高タイル 2026-10-08
S187wr70,矢野,"132.53213,34.35218",4.5,DEM5A,地理院タイル 標高タイル 2026-10-08
S187yz4e,唐橋前,"135.90301,34.97337",89.0,DEM5A,地理院タイル 標高タイル 2026-10-08
S18806e4,本塩釜,"141.02247,38.31771",1.5,DEM5A,地理院タイル 標高タイル 2026-10-08
S1880iv5,浅水,"136.20174,36.00677",9.3,DEM5A,地理院タイル 標高タイル 2026-10-08
S18840ns,蟹田,"140.64254,41.03831",4.8,DEM5A,地理院タイル 標高タイル 2026-10-08
S1888yjq,大阿太,"135.76643,34.38840",179.9,DEM5A,地理院タイル 標高タイル 2026-10-08
S188otkr,西立川,"139.39339,35.70355",92.6,DEM5A,地理院タイル 標高タイル 2026-10-08
S188r9xa,有家,"141.77309,40.32404",11.1,DEM5A,地理院タイル 標高タイル 2026-10-08
S188t5rn,千歳町,"140.73827,41.77571",3.6,DEM5A,地理院タイル 標高タイル 2026-10-08
S18a1a49,金浦,"139.92077,39.25627",10.4,DEM5A,地理院タイル 標高タイル 2026-10-08
S18a3x2p,野内,"140.81690,40.84608",6.0,DEM5A,地理院タイル 標高タイル 2026-10-08
S18a8hxp,有明テニスの森,"139.78889,35.63998",4.9,DEM5A,地理院タイル 標高タイル 2026-10-08
S18aanku,能町,"137.03982,36.76821",5.0,DEM5A,地理院タイル 標高タイル 2026-10-08
S18aeqqv,三河島,"139.77729,35.73335",3.1,DEM5A,地理院タイル 標高タイル 2026-10-08
S18amguc,山田,"135.51558,34.80475",39.6,DEM5A,地理院タイル 標高タイル 2026-10-08
S18an6p6,日吉本町,"139.63333,35.54991",5.5,DEM5A,地理院タイル 標高タイル 2026-10-08
S18b1c39,浦和美園,"139.72782,35.89368",6.3,DEM5A,地理院タイル 標高タイル 2026-10-08
S18bvzhd,陽羽里,"136.61499,36.49364",51.7,DEM5A,地理院タイル 標高タイル 2026-10-08
S18c9pyw,建部,"133.89920,34.84226",54.7,DEM5A,地理院タイル 標高タイル 2026-10-08
S18cnx8g,東府中,"139.49540,35.66877",50.4,DEM5A,地理院タイル 標高タイル 2026-10-08
S18d4u30,神戸,"137.27737,34.66799",2.2,DEM5A,地理院タイル 標高タイル 2026-10-08
S18da1c0,西鈴蘭台,"135.13501,34.72583",290.6,DEM5A,地理院タイル 標高タイル 2026-10-08
S18daooj,引治,"131.18398,33.22899",405.8,DEM5A,地理院タイル 標高タイル 2026-10-08
S18dl7a5,酒々井,"140.27541,35.73185",7.1,DEM5A,地理院タイル 標高タイル 2026-10-08
S18dzr23,新清水,"138.48747,35.01702",1.9,DEM5A,地理院タイル 標高タイル 2026-10-08
S18e5jrq,上野芝,"135.47773,34.54918",16.5,DEM5A,地理院タイル 標高タイル 2026-10-08
S18ek5vj,久崎,"134.34419,34.96069",65.0,DEM5A,地理院タイル 標高タイル 2026-10-08
S18fneax,津ノ森,"132.91905,35.46635",2.9,DEM5A,地理院タイル 標高タイル 2026-10-08
S18fshiy,南魚崎,"135.26762,34.70676",1.9,DEM5A,地理院タイル 標高タイル 2026-10-08
S18fw5gi,海鹿島,"140.86312,35.72208",25.7,DEM5A,地理院タイル 標高タイル 2026-10-08
S18fxx9n,里,"129.83580,33.28467",4.3,DEM5A,地理院タイル 標高タイル 2026-10-08
S18ghjig,梅山,"136.91795,35.54969",102.0,DEM5A,地理院タイル 標高タイル 2026-10-08
S18gl2fs,飛騨古川,"137.18999,36.23662",494.6,DEM5A,地理院タイル 標高タイル 2026-10-08
S18gyvu0,井原市,"132.67562,34.58501",147.1,DEM5A,地理院タイル 標高タイル 2026-10-08
S18gz5gn,四ツ小屋,"140.14489,39.66193",7.0,DEM5A,地理院タイル 標高タイル 2026-10-08
S18hhpu7,矢向,"139.68038,35.53946",3.8,DEM5A,地理院タイル 標高タイル 2026-10-08
S18i5cva,比叡山坂本,"135.87844,35.07090",95.1,DEM5A,地理院タイル 標高タイル 2026-10-08
S18i8djx,入野,"130.51875,31.20433",21.8,DEM5A,地理院タイル 標高タイル 2026-10-08
S18ibxfr,栗平,"139.48129,35.60575",77.0,DEM5A,地理院タイル 標高タイル 2026-10-08
S18ikdft,多喜浜,"133.32521,33.97053",6.4,DEM5A,地理院タイル 標高タイル 2026-10-08
S18ix11v,堺田,"140.61278,38.73557",338.1,DEM5A,地理院タイル 標高タイル 2026-10-08
S18j5e5d,神代,"140.62749,39.62268",90.1,DEM10B,地理院タイル 標高タイル 2026-10-08
S18jcge5,木屋町,"132.76098,33.85343",22.1,DEM5A,地理院タイル 標高タイル 2026-10-08
S18jj5uu,帯広,"143.20210,42.91807",41.8,DEM5A,地理院タイル 標高タイル 2026-10-08
S18jv288,春日原,"130.47311,33.53795",20.3,DEM5A,地理院タイル 標高タイル 2026-10-08
S18k5mkn,観音町,"136.28969,36.09183",23.5,DEM5A,地理院タイル 標高タイル 2026-10-08
S18k9nyw,長島,"136.69565,35.09817",1.3,DEM5A,地理院タイル 標高タイル 2026-10-08
S18ke53c,新木,"140.10705,35.86240",19.7,DEM5A,地理院タイル 標高タイル 2026-10-08
S18kf5ja,安田,"133.98425,33.44335",7.4,DEM5A,地理院タイル 標高タイル 2026-10-08
S18kkjz6,江木,"139.13340,36.40720",136.9,DEM5A,地理院タイル 標高タイル 2026-10-08
S18kl4kn,藍本,"135.15553,34.97696",177.2,DEM5A,地理院タイル 標高タイル 2026-10-08
S18krw3u,大井競馬場前,"139.74720,35.59503",0.2,DEM10B,地理院タイル 標高タイル 2026-10-08
S18ks2sj,頸城大野,"137.87249,37.00616",48.1,DEM5A,地理院タイル 標高タイル 2026-10-08
S18l35qb,龍王峡,"139.71857,36.86095",449.0,DEM5A,地理院タイル 標高タイル 2026-10-08
S18l3imr,烏山,"140.15510,36.65041",95.1,DEM5A,地理院タイル 標高タイル 2026-10-08
S18le2zu,一貴山,"130.16832,33.53431",7.5,DEM5A,地理院タイル 標高タイル 2026-10-08
S18m5dv9,市立体育館前（県庁通）,"130.73478,32.78834",7.8,DEM5A,地理院タイル 標高タイル 2026-10-08
S18mg340,武蔵中原,"139.64214,35.58056",9.7,DEM5A,地理院タイル 標高タイル 2026-10-08
S18mg7u0,松木平,"140.49714,40.56068",65.7,DEM5A,地理院タイル 標高タイル 2026-10-08
S18mij9x,大畠,"132.18106,33.96301",3.3,DEM5A,地理院タイル 標高タイル 2026-10-08
S18mjc23,駿河徳山,"138.11055,35.07471",247.8,DEM5A,地理院タイル 標高タイル 2026-10-08
S18mrucj,備後三川,"133.11012,34.63025",256.9,DEM5A,地理院タイル 標高タイル 2026-10-08
S18njbc5,那古船形,"139.85140,35.02904",8.6,DEM5A,地理院タイル 標高タイル 2026-10-08
S18o83uo,笹部,"135.41645,34.89368",91.7,DEM5A,地理院タイル 標高タイル 2026-10-08
S18ob2lq,鹿児島中央駅前,"130.54352,31.58365",4.8,DEM5A,地理院タイル 標高タイル 2026-10-08
S18of71a,二見浦,"136.77769,34.50368",3.4,DEM5A,地理院タイル 標高タイル 2026-10-08
S18ogjae,内野西が丘,"138.92673,37.84614",1.7,DEM5A,地理院タイル 標高タイル 2026-10-08
S18olhwl,下伊田,"130.80676,33.65210",22.0,DEM5A,地理院タイル 標高タイル 2026-10-08
S18oqmv0,あかおか,"133.72220,33.53992",6.8,DEM5A,地理院タイル 標高タイル 2026-10-08
S18otjkq,基山,"130.53229,33.42128",33.2,DEM5A,地理院タイル 標高タイル 2026-10-08
S18pg0ij,本長篠,"137.57674,34.93265",75.9,DEM5A,地理院タイル 標高タイル 2026-10-08
S18pqcgm,苫米地,"141.37499,40.46692",15.2,DEM5A,地理院タイル 標高タイル 2026-10-08
S18qa683,唐木田,"139.41168,35.61657",112.1,DEM5A,地理院タイル 標高タイル 2026-10-08
S18qkjxy,三ヶ根,"137.17655,34.83643",32.1,DEM5A,地理院タイル 標高タイル 2026-10-08
S18ql55h,芦原温泉,"136.23528,36.21542",6.5,DEM5A,地理院タイル 標高タイル 2026-10-08
S18qucy0,東大館,"140.55468,40.26616",63.7,DEM5A,地理院タイル 標高タイル 2026-10-08
S18qzmb9,安積永盛,"140.36882,37.35659",231.3,DEM5A,地理院タイル 標高タイル 2026-10-08
S18rbzzi,牧落,"135.46590,34.82347",64.1,DEM5A,地理院タイル 標高タイル 2026-10-08
S18rgihh,涙橋,"130.54694,31.55951",6.6,DEM5A,地理院タイル 標高タイル 2026-10-08
S18rh0gc,中央市場前,"135.17588,34.66600",1.8,DEM5A,地理院タイル 標高タイル 2026-10-08
S18rtimh,新下関,"130.94866,34.00651",9.8,DEM5A,地理院タイル 標高タイル 2026-10-08
S18s5b35,東福間,"130.51071,33.77385",26.6,DEM5A,地理院タイル 標高タイル 2026-10-08
S18scj7e,神前,"135.20510,34.21299",2.7,DEM5A,地理院タイル 標高タイル 2026-10-08
S18sq1m7,陸中折居,"141.14092,39.09391",38.2,DEM5A,地理院タイル 標高タイル 2026-10-08
S18swct1,津田山,"139.60072,35.60365",15.4,DEM5A,地理院タイル 標高タイル 2026-10-08
S18tyz9h,上桂,"135.69621,34.99003",27.0,DEM5A,地理院タイル 標高タイル 2026-10-08
S18u29b8,淵野辺,"139.39533,35.56849",115.8,DEM5A,地理院タイル 標高タイル 2026-10-08
S18u7twh,下夜久野,"134.99883,35.31990",69.0,DEM5A,地理院タイル 標高タイル 2026-10-08
S18ug8xh,朝霞台,"139.58730,35.81435",16.4,DEM5A,地理院タイル 標高タイル 2026-10-08
S18ugd17,柏原,"135.62305,34.58700",18.4,DEM5A,地理院タイル 標高タイル 2026-10-08
S18up8xi,三河鳥羽,"137.10505,34.79331",2.8,DEM5A,地理院タイル 標高タイル 2026-10-08
S18ur8e6,端岡,"133.96807,34.30505",23.9,DEM5A,地理院タイル 標高タイル 2026-10-08
S18vbj81,下山門,"130.30800,33.58172",2.8,DEM5A,地理院タイル 標高タイル 2026-10-08
S18vd6we,勝木,"139.51747,38.49027",6.9,DEM5A,地理院タイル 標高タイル 2026-10-08
S18vnb82,陸中大里,"140.79345,40.15854",146.1,DEM5A,地理院タイル 標高タイル 2026-10-08
S18vqtoz,伯耆溝口,"133.43537,35.34822",70.9,DEM5A,地理院タイル 標高タイル 2026-10-08
S18vx4ee,桃山御陵前,"135.76555,34.93333",31.7,DEM5A,地理院タイル 標高タイル 2026-10-08
S18w02d1,高木,"133.25323,34.56297",24.0,DEM5A,地理院タイル 標高タイル 2026-10-08
S18waroa,接岨峡温泉,"138.18528,35.17883",497.2,DEM5A,地理院タイル 標高タイル 2026-10-08
S18wcmav,表木山,"130.74517,31.79609",105.6,DEM5A,地理院タイル 標高タイル 2026-10-08
S18wdg0a,能町口,"137.04878,36.77315",2.9,DEM5A,地理院タイル 標高タイル 2026-10-08
S18wpbbb,車折神社,"135.68904,35.01676",34.6,DEM5A,地理院タイル 標高タイル 2026-10-08
S18x8loj,地蔵橋,"134.54727,34.02647",1.6,DEM5A,地理院タイル 標高タイル 2026-10-08
S18xlqxy,越前竹原,"136.41303,36.07393",75.8,DEM5A,地理院タイル 標高タイル 2026-10-08
S18ygd5h,ほくほく大島,"138.50955,37.14701",119.3,DEM5A,地理院タイル 標高タイル 2026-10-08
S18ygm95,新古河,"139.68702,36.19270",12.6,DEM5A,地理院タイル 標高タイル 2026-10-08
S18ynb2a,相模大塚,"139.44116,35.47054",64.2,DEM5A,地理院タイル 標高タイル 2026-10-08
S18yq0bk,北殿,"137.98406,35.87951",660.0,DEM5A,地理院タイル 標高タイル 2026-10-08
S18yrmpm,知多武豊,"136.91655,34.85061",5.0,DEM5A,地理院タイル 標高タイル 2026-10-08
S18z5kx5,新宿三丁目,"139.70511,35.69077",36.3,DEM5A,地理院タイル 標高タイル 2026-10-08
S18zfq72,美薗中央公園,"137.78976,34.79816",20.2,DEM5A,地理院タイル 標高タイル 2026-10-08
S18zjhcr,陸前豊里,"141.24351,38.58231",5.2,DEM5A,地理院タイル 標高タイル 2026-10-08
S190134g,明石,"134.99318,34.64903",8.8,DEM5A,地理院タイル 標高タイル 2026-10-08
S1906n5c,加須,"139.59557,36.12295",13.0,DEM5A,地理院タイル 標高タイル 2026-10-08
S190a0tm,北金岡,"140.06345,40.14184",34.0,DEM5A,地理院タイル 標高タイル 2026-10-08
S190li8v,筑波山頂,"140.10104,36.22563",781.9,DEM5A,地理院タイル 標高タイル 2026-10-08
S191cjuy,舟入川口町,"132.43919,34.37967",0.6,DEM5A,地理院タイル 標高タイル 2026-10-08
S191fbdk,陸前富山,"141.10727,38.38630",1.1,DEM5A,地理院タイル 標高タイル 2026-10-08
S191j609,谷川,"135.04989,35.08279",93.1,DEM5A,地理院タイル 標高タイル 2026-10-08
S191naak,武豊,"136.92109,34.85327",3.9,DEM5A,地理院タイル 標高タイル 2026-10-08
S191sddm,海ノ口,"137.84185,36.56568",767.3,DEM5A,地理院タイル 標高タイル 2026-10-08
S1923wdy,公津の杜,"140.29444,35.76021",23.2,DEM5A,地理院タイル 標高タイル 2026-10-08
S192diza,武蔵砂川,"139.39235,35.72883",106.1,DEM5A,地理院タイル 標高タイル 2026-10-08
S192isq3,中央病院前,"140.75107,41.78699",16.3,DEM5A,地理院タイル 標高タイル 2026-10-08
S192vv4v,剣淵,"142.36461,44.09645",133.3,DEM10B,地理院タイル 標高タイル 2026-10-08
S193007x,中浦,"139.30276,37.91220",10.4,DEM5A,地理院タイル 標高タイル 2026-10-08
S1933kq7,荻生,"137.45926,36.87503",30.7,DEM5A,地理院タイル 標高タイル 2026-10-08
S1939hp0,浦田,"130.69931,33.65577",20.7,DEM5A,地理院タイル 標高タイル 2026-10-08
S193ocw1,筬島,"142.19785,44.73889",38.4,DEM5A,地理院タイル 標高タイル 2026-10-08
S193rykz,梅迫,"135.31112,35.34878",88.1,DEM5A,地理院タイル 標高タイル 2026-10-08
S193xazr,面影橋,"139.71467,35.71285",8.7,DEM5A,地理院タイル 標高タイル 2026-10-08
S1942yds,谷津,"140.00765,35.68529",5.1,DEM5A,地理院タイル 標高タイル 2026-10-08
S19446lk,天ヶ瀬,"131.02382,33.25484",196.2,DEM5A,地理院タイル 標高タイル 2026-10-08
S194855b,戸坂,"132.49122,34.43852",22.6,DEM5A,地理院タイル 標高タイル 2026-10-08
S1949kvq,砂川七番,"139.41810,35.72339",94.5,DEM5A,地理院タイル 標高タイル 2026-10-08
S19526ag,梶田,"133.05944,34.71089",335.3,DEM5A,地理院タイル 標高タイル 2026-10-08
S195pett,仙台空港,"140.92976,38.13728",2.3,DEM5A,地理院タイル 標高タイル 2026-10-08
S195syty,戸部,"139.61956,35.45666",2.4,DEM5A,地理院タイル 標高タイル 2026-10-08
S19636l4,荒川七丁目,"139.78404,35.74200",1.6,DEM5A,地理院タイル 標高タイル 2026-10-08
S1968own,笹木野,"140.42611,37.76588",95.3,DEM5A,地理院タイル 標高タイル 2026-10-08
S196ek2l,川西,"135.59066,34.49197",68.0,DEM5A,地理院タイル 標高タイル 2026-10-08
S196jo7g,狸小路,"141.35292,43.05727",22.3,DEM5A,地理院タイル 標高タイル 2026-10-08
S197cx2v,新綱島,"139.63613,35.53610",3.3,DEM5A,地理院タイル 標高タイル 2026-10-08
S197m8pe,間内,"136.93119,35.27160",19.0,DEM5A,地理院タイル 標高タイル 2026-10-08
S1983d40,桑名,"136.68350,35.06687",0.4,DEM5A,地理院タイル 標高タイル 2026-10-08
S19862dp,稲田堤,"139.53593,35.63341",28.6,DEM5A,地理院タイル 標高タイル 2026-10-08
S19865tt,駒ヶ嶺,"140.92508,37.84237",3.3,DEM5A,地理院タイル 標高タイル 2026-10-08
S198cdi6,宇品四丁目,"132.46410,34.36015",-0.3,DEM5A,地理院タイル 標高タイル 2026-10-08
S198s889,松久,"139.18210,36.17307",76.0,DEM5A,地理院タイル 標高タイル 2026-10-08
S1991auk,大貫,"139.85563,35.29163",9.6,DEM5A,地理院タイル 標高タイル 2026-10-08
S1992wsl,厚東,"131.26775,34.03868",10.2,DEM5A,地理院タイル 標高タイル 2026-10-08
S1998630,櫛ヶ浜,"131.82914,34.03091",3.8,DEM5A,地理院タイル 標高タイル 2026-10-08
S199b680,玉桂寺前,"136.06928,34.88524",284.1,DEM5A,地理院タイル 標高タイル 2026-10-08
S199dazx,荒田八幡,"130.55300,31.57383",3.5,DEM5A,地理院タイル 標高タイル 2026-10-08
S199gq3i,田沢湖,"140.72229,39.70044",220.5,DEM5A,地理院タイル 標高タイル 2026-10-08
S199jynk,切通,"136.79562,35.40028",11.4,DEM5A,地理院タイル 標高タイル 2026-10-08
S199ro0j,北吉田,"138.88222,37.70200",5.4,DEM5A,地理院タイル 標高タイル 2026-10-08
S199tv0f,寒川,"139.38732,35.36771",8.2,DEM5A,地理院タイル 標高タイル 2026-10-08
S19ayos6,横堀,"140.45154,39.06470",147.3,DEM5A,地理院タイル 標高タイル 2026-10-08
S19b1se7,京成小岩,"139.88361,35.74222",2.2,DEM5A,地理院タイル 標高タイル 2026-10-08
S19b2vok,茨目,"138.58675,37.35705",10.4,DEM5A,地理院タイル 標高タイル 2026-10-08
S19b4val,菊水,"141.37276,43.05726",17.9,DEM5A,地理院タイル 標高タイル 2026-10-08
S19bsvwz,バスセンター前,"141.36193,43.06153",19.7,DEM5A,地理院タイル 標高タイル 2026-10-08
S19ce2ib,新桐生,"139.32009,36.39505",117.4,DEM10B,地理院タイル 標高タイル 2026-10-08
S19cv934,仁豊野,"134.72807,34.88505",35.9,DEM5A,地理院タイル 標高タイル 2026-10-08
S19dh7sl,皆実町二丁目,"132.46601,34.37739",0.5,DEM5A,地理院タイル 標高タイル 2026-10-08
S19ebg5h,西浜町,"129.87604,32.74372",3.2,DEM5A,地理院タイル 標高タイル 2026-10-08
S19edsca,亀戸,"139.82676,35.69753",3.5,DEM5A,地理院タイル 標高タイル 2026-10-08
S19eihol,白沢,"136.91538,34.95508",21.0,DEM5A,地理院タイル 標高タイル 2026-10-08
S19emn6t,甲斐常葉,"138.47697,35.44468",250.0,DEM5A,地理院タイル 標高タイル 2026-10-08
S19er4pa,黒髪町,"130.71724,32.81836",12.1,DEM5A,地理院タイル 標高タイル 2026-10-08
S19exd32,印旛日本医大,"140.20276,35.78782",21.1,DEM5A,地理院タイル 標高タイル 2026-10-08
S19fv48t,今隈,"130.59428,33.40414",20.5,DEM5A,地理院タイル 標高タイル 2026-10-08
S19g8drv,花園町,"135.49655,34.64420",2.0,DEM5A,地理院タイル 標高タイル 2026-10-08
S19gbba4,益子,"140.08854,36.46285",71.5,DEM5A,地理院タイル 標高タイル 2026-10-08
S19gchz6,西天下茶屋,"135.48920,34.63858",1.7,DEM5A,地理院タイル 標高タイル 2026-10-08
S19gsi3a,南船橋,"139.99570,35.68167",2.9,DEM5A,地理院タイル 標高タイル 2026-10-08
S19h6j75,えびの,"130.81617,32.04227",232.4,DEM5A,地理院タイル 標高タイル 2026-10-08
S19h7khw,市場前,"139.78565,35.64569",6.9,DEM5A,地理院タイル 標高タイル 2026-10-08
S19i1lxg,京田辺,"135.76830,34.82180",25.5,DEM5A,地理院タイル 標高タイル 2026-10-08
S19iwnwh,中沢,"140.65610,40.94930",1.1,DEM5A,地理院タイル 標高タイル 2026-10-08
S19jkuob,陸前山王,"140.97948,38.29959",5.2,DEM5A,地理院タイル 標高タイル 2026-10-08
S19ju04x,新今宮駅前,"135.50338,34.64953",2.5,DEM5A,地理院タイル 標高タイル 2026-10-08
S19jxqos,園部,"135.48345,35.10217",123.8,DEM5A,地理院タイル 標高タイル 2026-10-08
S19k7oho,波子,"132.15126,34.96408",19.1,DEM5A,地理院タイル 標高タイル 2026-10-08
S19kozz3,島ノ関,"135.87097,35.00770",86.9,DEM5A,地理院タイル 標高タイル 2026-10-08
S19l26lk,加木屋中ノ池,"136.90235,35.00014",20.0,DEM5A,地理院タイル 標高タイル 2026-10-08
S19l50i2,JR三山木,"135.78450,34.79847",31.2,DEM5A,地理院タイル 標高タイル 2026-10-08
S19lfqj5,一之江,"139.88289,35.68594",1.1,DEM5A,地理院タイル 標高タイル 2026-10-08
S19lkw9k,越ヶ浜,"131.42268,34.43919",10.9,DEM5A,地理院タイル 標高タイル 2026-10-08
S19m2gkw,市川塩浜,"139.92353,35.66623",3.3,DEM5A,地理院タイル 標高タイル 2026-10-08
S19n6f1r,南茨木,"135.56489,34.80269",9.1,DEM5A,地理院タイル 標高タイル 2026-10-08
S19nn8f2,福江,"130.91575,34.04727",7.9,DEM5A,地理院タイル 標高タイル 2026-10-08
S19o4f4c,会津坂本,"139.75663,37.55329",219.7,DEM5A,地理院タイル 標高タイル 2026-10-08
S19o651i,新河岸,"139.49730,35.89102",12.0,DEM5A,地理院タイル 標高タイル 2026-10-08
S19pbuky,赤野,"133.82479,33.51603",9.1,DEM5A,地理院タイル 標高タイル 2026-10-08
S19pge05,太郎坊宮前,"136.18399,35.10854",123.2,DEM5A,地理院タイル 標高タイル 2026-10-08
S19pkhh8,近鉄日本橋,"135.50623,34.66683",3.3,DEM5A,地理院タイル 標高タイル 2026-10-08
S19pw9x3,東所沢,"139.51454,35.79489",48.5,DEM5A,地理院タイル 標高タイル 2026-10-08
S19qwpz3,敦賀,"136.07678,35.64475",8.0,DEM5A,地理院タイル 標高タイル 2026-10-08
S19r61fp,海部,"134.35199,33.59342",2.8,DEM5A,地理院タイル 標高タイル 2026-10-08
S19r6y7r,西春江ハートピア,"136.20622,36.13890",5.3,DEM5A,地理院タイル 標高タイル 2026-10-08
S19r7ixs,市立病院前,"127.71027,26.22734",31.4,DEM5A,地理院タイル 標高タイル 2026-10-08
S19r8uzu,西代,"135.14399,34.66240",8.5,DEM5A,地理院タイル 標高タイル 2026-10-08
S19rwgv4,荷稲,"133.11607,33.13303",51.2,DEM5A,地理院タイル 標高タイル 2026-10-08
S19s9y3s,八瀬比叡山口,"135.80835,35.06512",116.8,DEM5A,地理院タイル 標高タイル 2026-10-08
S19shotl,京王多摩川,"139.53616,35.64394",29.9,DEM5A,地理院タイル 標高タイル 2026-10-08
S19stip6,武川,"139.28174,36.14220",63.7,DEM5A,地理院タイル 標高タイル 2026-10-08
S19t1y5q,京成立石,"139.84816,35.73819",-0.1,DEM5A,地理院タイル 標高タイル 2026-10-08
S19tgiva,上深川,"132.56261,34.47592",40.0,DEM5A,地理院タイル 標高タイル 2026-10-08
S19tz08p,大橋,"130.42681,33.55909",9.4,DEM5A,地理院タイル 標高タイル 2026-10-08
S19tz8pj,越前大宮,"136.40980,36.00004",119.4,DEM5A,地理院タイル 標高タイル 2026-10-08
S19uatww,愛大医学部南口,"132.87895,33.79810",117.5,DEM5A,地理院タイル 標高タイル 2026-10-08
S19um4jk,三津,"132.71995,33.86377",1.2,DEM5A,地理院タイル 標高タイル 2026-10-08
S19viwvs,久谷,"134.51740,35.62758",51.5,DEM5A,地理院タイル 標高タイル 2026-10-08
S19vlsca,渋木,"131.19670,34.31169",87.3,DEM5A,地理院タイル 標高タイル 2026-10-08
S19vrwzx,用宗,"138.35932,34.92188",5.3,DEM5A,地理院タイル 標高タイル 2026-10-08
S19vs9mv,古館,"141.15463,39.58086",106.3,DEM5A,地理院タイル 標高タイル 2026-10-08
S19vucso,下山,"133.94796,33.45855",15.7,DEM5A,地理院タイル 標高タイル 2026-10-08
S19w41tk,鈴木町,"139.72065,35.53538",2.2,DEM5A,地理院タイル 標高タイル 2026-10-08
S19w717i,塩浜,"136.62222,34.93314",1.3,DEM5A,地理院タイル 標高タイル 2026-10-08
S19wm5ov,山隈,"130.61007,33.41405",27.2,DEM5A,地理院タイル 標高タイル 2026-10-08
S19wm8br,重岡,"131.71560,32.84031",219.1,DEM5A,地理院タイル 標高タイル 2026-10-08
S19wqpb6,観音寺,"133.65624,34.12444",2.0,DEM5A,地理院タイル 標高タイル 2026-10-08
S19x797o,西永福,"139.63515,35.67887",42.2,DEM5A,地理院タイル 標高タイル 2026-10-08
S19ys5l5,越前花堂,"136.21826,36.03886",8.7,DEM5A,地理院タイル 標高タイル 2026-10-08
S19yz2r2,長者原,"130.47804,33.61315",16.7,DEM5A,地理院タイル 標高タイル 2026-10-08
S1a217qs,萩生,"140.00428,38.06191",228.3,DEM5A,地理院タイル 標高タイル 2026-10-08
S1a22lo9,三河高浜,"136.98996,34.93077",5.5,DEM5A,地理院タイル 標高タイル 2026-10-08
S1a23xkc,吉田,"135.62452,34.68033",2.6,DEM5A,地理院タイル 標高タイル 2026-10-08
S1a2e2sa,柴田,"136.90908,35.07283",0.1,DEM5A,地理院タイル 標高タイル 2026-10-08
S1a34s1c,江戸川台,"139.91053,35.89723",19.1,DEM5A,地理院タイル 標高タイル 2026-10-08
S1a3fhcn,然別,"140.73721,43.12555",25.6,DEM10B,地理院タイル 標高タイル 2026-10-08
S1a3kwnc,丸岡,"136.23355,36.16254",7.2,DEM5A,地理院タイル 標高タイル 2026-10-08
S1a3rzry,河和口,"136.91898,34.79725",2.9,DEM5A,地理院タイル 標高タイル 2026-10-08
S1a3xeh5,穴太,"135.86488,35.05560",126.0,DEM5A,地理院タイル 標高タイル 2026-10-08
S1a43ovb,藤川,"137.21857,34.91324",53.4,DEM5A,地理院タイル 標高タイル 2026-10-08
S1a43oxt,みどりの,"140.05621,36.02992",18.7,DEM5A,地理院タイル 標高タイル 2026-10-08
S1a4ts2m,雲雀丘花屋敷,"135.40283,34.82728",47.4,DEM5A,地理院タイル 標高タイル 2026-10-08
S1a4yaxv,羽前千歳,"140.34214,38.28737",107.5,DEM5A,地理院タイル 標高タイル 2026-10-08
S1a5bidw,行波,"132.08710,34.16333",32.4,DEM5A,地理院タイル 標高タイル 2026-10-08
S1a5eywy,西新井,"139.79037,35.77728",1.2,DEM5A,地理院タイル 標高タイル 2026-10-08
S1a5kz1n,上条,"138.40760,36.74961",550.5,DEM5A,地理院タイル 標高タイル 2026-10-08
S1a5vz6z,東加古川,"134.86927,34.74569",17.5,DEM5A,地理院タイル 標高タイル 2026-10-08
S1a61iek,蛍橋,"133.50343,33.55537",8.0,DEM5A,地理院タイル 標高タイル 2026-10-08
S1a63td6,町屋駅前,"139.78078,35.74278",2.0,DEM5A,地理院タイル 標高タイル 2026-10-08
S1a6cs9z,天和,"134.35142,34.74906",1.7,DEM5A,地理院タイル 標高タイル 2026-10-08
S1a6e6kl,東福生,"139.33589,35.74575",137.9,DEM5A,地理院タイル 標高タイル 2026-10-08
S1a6qmnj,川治温泉,"139.70374,36.88414",492.5,DEM5A,地理院タイル 標高タイル 2026-10-08
S1a750u5,奥新川,"140.59444,38.32598",374.1,DEM5A,地理院タイル 標高タイル 2026-10-08
S1a7bu0g,鶴ヶ島,"139.42391,35.93679",31.2,DEM5A,地理院タイル 標高タイル 2026-10-08
S1a7olrv,南公園,"135.21707,34.66467",4.0,DEM5A,地理院タイル 標高タイル 2026-10-08
S1a8hohk,稲毛海岸,"140.07396,35.62951",2.9,DEM5A,地理院タイル 標高タイル 2026-10-08
S1a8mfus,神海,"136.64138,35.54277",83.2,DEM5A,地理院タイル 標高タイル 2026-10-08
S1a8ns4y,多良,"130.17611,33.02521",7.0,DEM5A,地理院タイル 標高タイル 2026-10-08
S1a8qk76,高宮,"130.41501,33.56687",6.0,DEM5A,地理院タイル 標高タイル 2026-10-08
S1a98e3i,備後本庄,"133.34537,34.49318",4.2,DEM5A,地理院タイル 標高タイル 2026-10-08
S1a9o0ue,広小路,"136.13449,34.76704",151.6,DEM5A,地理院タイル 標高タイル 2026-10-08
S1a9pyao,羽前水沢,"139.73155,38.71356",14.8,DEM5A,地理院タイル 標高タイル 2026-10-08
S1a9q291,島氏永,"136.80087,35.27115",6.3,DEM5A,地理院タイル 標高タイル 2026-10-08
S1a9xng5,諸寄,"134.43438,35.61960",12.9,DEM5A,地理院タイル 標高タイル 2026-10-08
S1aa4jge,羽後太田,"140.57425,39.62730",72.1,DEM10B,地理院タイル 標高タイル 2026-10-08
S1aad0yn,牛山,"136.93134,35.26406",18.0,DEM5A,地理院タイル 標高タイル 2026-10-08
S1aad6nz,宮本武蔵,"134.33048,35.10185",226.4,DEM5A,地理院タイル 標高タイル 2026-10-08
S1ac02ro,大日,"135.57862,34.74922",2.5,DEM5A,地理院タイル 標高タイル 2026-10-08
S1acaurf,浜河内,"131.17959,33.95053",7.4,DEM5A,地理院タイル 標高タイル 2026-10-08
S1accu3j,近江中庄,"136.03856,35.44060",92.0,DEM5A,地理院タイル 標高タイル 2026-10-08
S1ads0n0,東大島,"139.84728,35.68986",0.4,DEM5A,地理院タイル 標高タイル 2026-10-08
S1ae0xg9,福神,"135.75023,34.39543",164.7,DEM5A,地理院タイル 標高タイル 2026-10-08
S1ae3d2z,温田,"137.84145,35.33637",340.2,DEM5A,地理院タイル 標高タイル 2026-10-08
S1aelwmo,渡瀬,"139.53748,36.26184",21.1,DEM5A,地理院タイル 標高タイル 2026-10-08
S1aemwra,学芸大学,"139.68524,35.62877",31.8,DEM5A,地理院タイル 標高タイル 2026-10-08
S1aetmdp,神奈川,"139.62742,35.47125",7.3,DEM5A,地理院タイル 標高タイル 2026-10-08
S1afhd74,湯河原,"139.10220,35.14612",35.7,DEM5A,地理院タイル 標高タイル 2026-10-08
S1afv66f,串木野,"130.27443,31.72184",10.6,DEM5A,地理院タイル 標高タイル 2026-10-08
S1agcdyc,聚楽園,"136.90306,35.04282",1.5,DEM5A,地理院タイル 標高タイル 2026-10-08
S1agwrls,常盤平,"139.94943,35.80315",26.8,DEM5A,地理院タイル 標高タイル 2026-10-08
S1ai0biy,塩釜口,"136.97863,35.13243",16.1,DEM5A,地理院タイル 標高タイル 2026-10-08
S1aioobh,姉別,"145.19450,43.19634",55.5,DEM5A,地理院タイル 標高タイル 2026-10-08
S1alnlr4,北丸森,"140.77182,37.94311",15.2,DEM5A,地理院タイル 標高タイル 2026-10-08
S1alwvkm,日光,"139.62220,36.74739",531.1,DEM5A,地理院タイル 標高タイル 2026-10-08
S1am095o,内田,"130.86421,33.63786",57.3,DEM5A,地理院タイル 標高タイル 2026-10-08
S1amvcd2,虹,"135.21236,34.72701",434.7,DEM5A,地理院タイル 標高タイル 2026-10-08
S1amyqk5,赤城,"139.27678,36.42562",171.8,DEM5A,地理院タイル 標高タイル 2026-10-08
S1an2hed,深溝,"131.37142,34.04695",2.8,DEM5A,地理院タイル 標高タイル 2026-10-08
S1an51sz,京王堀之内,"139.40033,35.62447",89.2,DEM5A,地理院タイル 標高タイル 2026-10-08
S1an91l4,上涌谷,"141.09958,38.54917",7.7,DEM5A,地理院タイル 標高タイル 2026-10-08
S1ang6lw,兄畑,"140.88294,40.11595",256.1,DEM10B,地理院タイル 標高タイル 2026-10-08
S1anjs2g,鹿家,"130.04792,33.48441",13.9,DEM5A,地理院タイル 標高タイル 2026-10-08
S1anonk7,植木,"130.68089,32.88007",58.4,DEM5A,地理院タイル 標高タイル 2026-10-08
S1ans0la,長浜,"136.26499,35.37861",86.8,DEM5A,地理院タイル 標高タイル 2026-10-08
S1antqzc,加佐登,"136.52999,34.89032",21.2,DEM5A,地理院タイル 標高タイル 2026-10-08
S1ao70at,南小松島,"134.58701,34.00566",0.8,DEM5A,地理院タイル 標高タイル 2026-10-08
S1ap0q3h,矢川,"139.43159,35.68507",71.3,DEM5A,地理院タイル 標高タイル 2026-10-08
S1ap0y5c,あやめ公園,"140.03279,38.11410",199.8,DEM5A,地理院タイル 標高タイル 2026-10-08
S1ap5dtw,静修学園前,"141.35111,43.03831",34.1,DEM5A,地理院タイル 標高タイル 2026-10-08
S1apwu4v,播磨新宮,"134.54587,34.92139",48.3,DEM5A,地理院タイル 標高タイル 2026-10-08
S1aq300n,大西,"132.92911,34.06602",2.8,DEM5A,地理院タイル 標高タイル 2026-10-08
S1aq41rq,河内小阪,"135.58132,34.66398",4.2,DEM5A,地理院タイル 標高タイル 2026-10-08
S1aq76ab,みどり湖,"137.98197,36.09426",761.9,DEM5A,地理院タイル 標高タイル 2026-10-08
S1aqtqlg,都島,"135.52593,34.70894",1.1,DEM5A,地理院タイル 標高タイル 2026-10-08
S1arbyeu,大阪教育大前,"135.64477,34.55551",36.2,DEM5A,地理院タイル 標高タイル 2026-10-08
S1arimie,南羽咋,"136.77481,36.87079",16.9,DEM5A,地理院タイル 標高タイル 2026-10-08
S1ariyzx,清瀬,"139.51992,35.77196",55.0,DEM5A,地理院タイル 標高タイル 2026-10-08
S1arlvwo,島尾,"137.01281,36.82822",5.1,DEM5A,地理院タイル 標高タイル 2026-10-08
S1arphk9,八雲,"140.27390,42.25308",6.9,DEM5A,地理院タイル 標高タイル 2026-10-08
S1arvapu,上伊田,"130.83092,33.64837",35.2,DEM5A,地理院タイル 標高タイル 2026-10-08
S1arx815,新町,"139.10554,36.27300",65.0,DEM5A,地理院タイル 標高タイル 2026-10-08
S1ascbrl,徳庵,"135.58142,34.69249",2.4,DEM5A,地理院タイル 標高タイル 2026-10-08
S1aswxmm,都庁前,"139.69262,35.69059",33.3,DEM5A,地理院タイル 標高タイル 2026-10-08
S1at0c2g,加治,"139.35855,37.97651",9.6,DEM5A,地理院タイル 標高タイル 2026-10-08
S1at6sfv,畑田,"133.97156,34.25901",56.5,DEM5A,地理院タイル 標高タイル 2026-10-08
S1atcpgv,三河知立,"137.05507,35.00570",15.0,DEM5A,地理院タイル 標高タイル 2026-10-08
S1atmgjz,東山代,"129.84605,33.27799",2.8,DEM5A,地理院タイル 標高タイル 2026-10-08
S1auarqn,中郡,"130.54510,31.56507",6.8,DEM5A,地理院タイル 標高タイル 2026-10-08
S1auxnhz,三輪,"135.84840,34.52725",71.7,DEM5A,地理院タイル 標高タイル 2026-10-08
S1av669z,糀谷,"139.72959,35.55445",2.2,DEM5A,地理院タイル 標高タイル 2026-10-08
S1avfior,鞍馬,"135.77226,35.11290",236.0,DEM5A,地理院タイル 標高タイル 2026-10-08
S1avtizi,布佐,"140.13297,35.84935",4.8,DEM5A,地理院タイル 標高タイル 2026-10-08
S1avzo2g,津田,"135.69798,34.80141",52.4,DEM5A,地理院タイル 標高タイル 2026-10-08
S1aw4aeg,雲州平田,"132.82368,35.43231",2.5,DEM5A,地理院タイル 標高タイル 2026-10-08
S1aw5cb2,大塔,"129.78205,33.14921",1.4,DEM5A,地理院タイル 標高タイル 2026-10-08
S1ax585j,藤井寺,"135.59400,34.57151",28.7,DEM5A,地理院タイル 標高タイル 2026-10-08
S1ax759s,新加美,"135.56816,34.62723",6.6,DEM5A,地理院タイル 標高タイル 2026-10-08
S1axtzkl,佐久広瀬,"138.51940,36.00368",1074.6,DEM5A,地理院タイル 標高タイル 2026-10-08
S1axw07s,芳賀町工業団地管理センター前,"140.01066,36.56496",129.6,DEM5A,地理院タイル 標高タイル 2026-10-08
S1axwcew,伊丹,"135.41373,34.77992",14.8,DEM5A,地理院タイル 標高タイル 2026-10-08
S1ayvcc7,北宇智,"135.71447,34.38229",168.7,DEM5A,地理院タイル 標高タイル 2026-10-08
S1az8t21,越後湯沢,"138.80952,36.93579",353.7,DEM5A,地理院タイル 標高タイル 2026-10-08
S1azdqpf,新木,"133.58672,33.56224",0.9,DEM5A,地理院タイル 標高タイル 2026-10-08
S1azldw6,有田,"129.88186,33.18374",62.1,DEM5A,地理院タイル 標高タイル 2026-10-08
S1aztill,青谷,"133.99569,35.51611",2.7,DEM5A,地理院タイル 標高タイル 2026-10-08
S1b0h85i,野花南,"142.26175,43.47447",114.5,DEM5A,地理院タイル 標高タイル 2026-10-08
S1b1sufk,栢山,"139.14257,35.31065",27.9,DEM5A,地理院タイル 標高タイル 2026-10-08
S1b1w399,成田湯川,"140.29148,35.79956",9.5,DEM5A,地理院タイル 標高タイル 2026-10-08
S1b21a1u,上豊田,"137.15510,35.11617",78.6,DEM5A,地理院タイル 標高タイル 2026-10-08
S1b2gi3l,土樽,"138.86151,36.87533",599.3,DEM5A,地理院タイル 標高タイル 2026-10-08
S1b2kny2,日立木,"140.93466,37.75613",16.1,DEM5A,地理院タイル 標高タイル 2026-10-08
S1b2nn2l,区界,"141.35143,39.65174",742.4,DEM5A,地理院タイル 標高タイル 2026-10-08
S1b37har,俵田,"140.06142,35.31462",28.0,DEM10B,地理院タイル 標高タイル 2026-10-08
S1b3byik,国府台,"139.90354,35.73631",3.4,DEM5A,地理院タイル 標高タイル 2026-10-08
S1b3lgaf,運動公園,"131.44249,31.81969",3.2,DEM5A,地理院タイル 標高タイル 2026-10-08
S1b4f40a,上ノ庄,"136.49932,34.59800",4.8,DEM5A,地理院タイル 標高タイル 2026-10-08
S1b4iiwy,恋し浜,"141.81602,39.07424",37.1,DEM5A,地理院タイル 標高タイル 2026-10-08
S1b4qk6p,早川,"139.14504,35.23880",11.6,DEM5A,地理院タイル 標高タイル 2026-10-08
S1b59ujm,風連,"142.42163,44.29231",109.4,DEM10B,地理院タイル 標高タイル 2026-10-08
S1b6nwp7,松川,"140.48416,37.65351",189.0,DEM5A,地理院タイル 標高タイル 2026-10-08
S1b6poux,甲陽園,"135.33064,34.76056",39.1,DEM5A,地理院タイル 標高タイル 2026-10-08
S1b77j1n,平野,"135.55103,34.63091",5.5,DEM5A,地理院タイル 標高タイル 2026-10-08
S1b7icvp,手ノ子,"139.96126,38.01176",263.4,DEM5A,地理院タイル 標高タイル 2026-10-08
S1b7k8x3,若葉台,"139.47234,35.61937",85.9,DEM5A,地理院タイル 標高タイル 2026-10-08
S1b7kju8,浦幌,"143.65149,42.81043",18.7,DEM5A,地理院タイル 標高タイル 2026-10-08
S1b8vs8w,東津山,"134.03205,35.05871",91.4,DEM5A,地理院タイル 標高タイル 2026-10-08
S1b8wvrd,梅の辻,"133.54350,33.55412",1.3,DEM5A,地理院タイル 標高タイル 2026-10-08
S1b95lbl,湘南深沢,"139.51891,35.33297",9.1,DEM5A,地理院タイル 標高タイル 2026-10-08
S1b9kzxk,比布,"142.47134,43.87452",164.8,DEM5A,地理院タイル 標高タイル 2026-10-08
S1b9ngd0,御厨,"129.66258,33.36595",12.1,DEM5A,地理院タイル 標高タイル 2026-10-08
S1ba7k2u,相模湖,"139.18852,35.61731",201.6,DEM5A,地理院タイル 標高タイル 2026-10-08
S1ba7r0g,那珂湊,"140.58766,36.34553",5.1,DEM5A,地理院タイル 標高タイル 2026-10-08
S1ba8rxp,三ヶ山口,"135.38504,34.40717",64.5,DEM5A,地理院タイル 標高タイル 2026-10-08
S1bbobr0,茂辺地,"140.60064,41.76655",5.1,DEM5A,地理院タイル 標高タイル 2026-10-08
S1bbv2ka,相知,"130.01974,33.34695",12.9,DEM5A,地理院タイル 標高タイル 2026-10-08
S1bc6r1g,田川伊田,"130.81786,33.64216",29.8,DEM5A,地理院タイル 標高タイル 2026-10-08
S1bcck1n,松任,"136.56568,36.52651",19.5,DEM5A,地理院タイル 標高タイル 2026-10-08
S1bcejnt,崇福寺,"129.88259,32.74112",11.0,DEM5A,地理院タイル 標高タイル 2026-10-08
S1bcp6la,会津長野,"139.82385,37.21530",526.3,DEM5A,地理院タイル 標高タイル 2026-10-08
S1bcuxyv,鹿島神宮,"140.62576,35.97067",7.5,DEM5A,地理院タイル 標高タイル 2026-10-08
S1bd17v3,五泉,"139.17979,37.73437",15.3,DEM5A,地理院タイル 標高タイル 2026-10-08
S1bdevhk,京成曳舟,"139.82028,35.71864",-0.4,DEM5A,地理院タイル 標高タイル 2026-10-08
S1bdjqn1,新桜台,"139.66857,35.74098",37.0,DEM5A,地理院タイル 標高タイル 2026-10-08
S1bdomao,塚口,"135.41617,34.75300",4.1,DEM5A,地理院タイル 標高タイル 2026-10-08
S1bdvfq7,我孫子道,"135.48875,34.60028",1.9,DEM5A,地理院タイル 標高タイル 2026-10-08
S1be01ei,横山,"135.22007,34.87702",167.5,DEM5A,地理院タイル 標高タイル 2026-10-08
S1be0czi,東雲,"139.80416,35.64082",3.2,DEM5A,地理院タイル 標高タイル 2026-10-08
S1be2m98,昭島,"139.36164,35.71322",108.6,DEM5A,地理院タイル 標高タイル 2026-10-08
S1beensd,真土,"132.74515,33.22409",67.6,DEM5A,地理院タイル 標高タイル 2026-10-08
S1beht4h,川原湯温泉,"138.69723,36.54509",591.5,DEM5A,地理院タイル 標高タイル 2026-10-08
S1bf4gmt,豊科,"137.90094,36.30002",553.3,DEM5A,地理院タイル 標高タイル 2026-10-08
S1bfn3mz,川内,"130.31227,31.81359",7.1,DEM5A,地理院タイル 標高タイル 2026-10-08
S1bg06v7,羽後長野,"140.54092,39.54606",43.4,DEM5A,地理院タイル 標高タイル 2026-10-08
S1bg11se,御殿場,"138.93422,35.29995",455.4,DEM5A,地理院タイル 標高タイル 2026-10-08
S1bg6ehx,富木,"135.45122,34.52252",15.5,DEM5A,地理院タイル 標高タイル 2026-10-08
S1bgd6aa,千歳,"139.96628,34.99135",15.3,DEM5A,地理院タイル 標高タイル 2026-10-08
S1bgeb0e,東金井,"140.30277,38.27693",105.3,DEM5A,地理院タイル 標高タイル 2026-10-08
S1bgpshu,油須原,"130.88431,33.61274",75.7,DEM5A,地理院タイル 標高タイル 2026-10-08
S1bgrhfb,前山,"140.31245,40.21477",21.7,DEM5A,地理院タイル 標高タイル 2026-10-08
S1bhzal7,石川,"140.54154,40.55087",49.5,DEM5A,地理院タイル 標高タイル 2026-10-08
S1bicoa8,群馬八幡,"138.95749,36.33766",109.5,DEM5A,地理院タイル 標高タイル 2026-10-08
S1bicwgh,大谷,"135.85316,34.99431",156.9,DEM5A,地理院タイル 標高タイル 2026-10-08
S1bier31,甲子園,"135.36327,34.72396",1.6,DEM5A,地理院タイル 標高タイル 2026-10-08
S1bif6d0,三角,"130.46973,32.60788",4.1,DEM5A,地理院タイル 標高タイル 2026-10-08
S1bigibj,梶屋敷,"137.90569,37.05658",9.6,DEM5A,地理院タイル 標高タイル 2026-10-08
S1bikjxa,田野,"131.30428,31.83839",124.1,DEM5A,地理院タイル 標高タイル 2026-10-08
S1bj89pa,成田空港,"140.38630,35.76573",34.9,DEM5A,地理院タイル 標高タイル 2026-10-08
S1bjq3w2,荒尾,"136.58339,35.37343",10.5,DEM5A,地理院タイル 標高タイル 2026-10-08
S1bjrp67,県立大学,"139.67697,35.26982",11.9,DEM5A,地理院タイル 標高タイル 2026-10-08
S1bk0z76,東小金井,"139.52376,35.70156",64.5,DEM5A,地理院タイル 標高タイル 2026-10-08
S1bk66b7,江波,"132.43581,34.37221",0.4,DEM5A,地理院タイル 標高タイル 2026-10-08
S1bkvawl,末広町,"140.71242,41.76666",3.0,DEM5A,地理院タイル 標高タイル 2026-10-08
S1bl126k,テレコムセンター,"139.77966,35.61773",8.6,DEM5A,地理院タイル 標高タイル 2026-10-08
S1bl7iif,大川野,"129.97666,33.30740",21.5,DEM5A,地理院タイル 標高タイル 2026-10-08
S1blc0zw,東秋留,"139.31168,35.72593",129.5,DEM5A,地理院タイル 標高タイル 2026-10-08
S1blk1l7,日進,"137.04878,35.11839",59.9,DEM5A,地理院タイル 標高タイル 2026-10-08
S1blmhwk,越後田中,"138.62708,37.00527",244.4,DEM5A,地理院タイル 標高タイル 2026-10-08
S1blwlyg,多屋,"136.83069,34.89702",1.8,DEM5A,地理院タイル 標高タイル 2026-10-08
S1bm409j,会津大塩,"139.41315,37.39279",340.7,DEM5A,地理院タイル 標高タイル 2026-10-08
S1bmaix6,西大島,"139.82630,35.68934",-1.0,DEM5A,地理院タイル 標高タイル 2026-10-08
S1bmd0pn,片原町,"134.05439,34.34602",1.7,DEM5A,地理院タイル 標高タイル 2026-10-08
S1bmesvv,麻生,"141.33848,43.10834",7.5,DEM5A,地理院タイル 標高タイル 2026-10-08
S1bmpir0,烏丸,"135.76038,35.00370",36.8,DEM5A,地理院タイル 標高タイル 2026-10-08
S1bmvugl,伴,"132.41918,34.46988",56.6,DEM5A,地理院タイル 標高タイル 2026-10-08
S1bn2xha,鳴谷,"133.43285,33.54881",14.8,DEM5A,地理院タイル 標高タイル 2026-10-08
S1bn96yp,日長,"136.83217,34.96166",3.1,DEM5A,地理院タイル 標高タイル 2026-10-08
S1bnidsh,奈良井,"137.81621,35.96947",934.1,DEM5A,地理院タイル 標高タイル 2026-10-08
S1bno7zn,塚口,"135.42512,34.75083",3.0,DEM5A,地理院タイル 標高タイル 2026-10-08
S1bnog3j,小島,"134.10715,34.05027",50.1,DEM5A,地理院タイル 標高タイル 2026-10-08
S1bnpis4,京急蒲田,"139.72433,35.56170",2.3,DEM5A,地理院タイル 標高タイル 2026-10-08
S1bnvc3q,北野白梅町,"135.73081,35.02743",60.5,DEM5A,地理院タイル 標高タイル 2026-10-08
S1bo9mzz,伊賀屋,"130.33684,33.29026",5.2,DEM5A,地理院タイル 標高タイル 2026-10-08
S1bod33v,大野下,"130.50243,32.92165",4.8,DEM5A,地理院タイル 標高タイル 2026-10-08
S1boofix,ケーブル八幡宮口,"135.69937,34.88424",18.9,DEM5A,地理院タイル 標高タイル 2026-10-08
S1bot2kx,電鉄富山,"137.21474,36.70052",8.8,DEM5A,地理院タイル 標高タイル 2026-10-08
S1bot9cp,太市,"134.60711,34.86402",20.5,DEM5A,地理院タイル 標高タイル 2026-10-08
S1bp38we,南福島,"140.45584,37.72382",73.6,DEM5A,地理院タイル 標高タイル 2026-10-08
S1bpca4e,玉造温泉,"133.01218,35.43071",6.6,DEM5A,地理院タイル 標高タイル 2026-10-08
S1bpfhwc,田川市立病院,"130.80253,33.66057",20.4,DEM5A,地理院タイル 標高タイル 2026-10-08
S1bpliyv,島内,"137.94476,36.24691",579.7,DEM5A,地理院タイル 標高タイル 2026-10-08
S1bpsd7p,摺沢,"141.32117,38.99607",64.4,DEM5A,地理院タイル 標高タイル 2026-10-08
S1bqlls3,中土,"137.90789,36.80562",463.8,DEM5A,地理院タイル 標高タイル 2026-10-08
S1bqv3ur,新西脇,"134.97758,34.97792",58.9,DEM5A,地理院タイル 標高タイル 2026-10-08
S1br2oh7,忍ヶ丘,"135.64515,34.74565",24.6,DEM5A,地理院タイル 標高タイル 2026-10-08
S1br6vxj,鷲津,"137.54619,34.71677",2.6,DEM5A,地理院タイル 標高タイル 2026-10-08
S1br8bn0,城野,"130.88637,33.85804",11.3,DEM5A,地理院タイル 標高タイル 2026-10-08
S1br9421,細呂木,"136.25671,36.24063",17.0,DEM10B,地理院タイル 標高タイル 2026-10-08
S1brd1u7,千代ヶ岡,"142.45111,43.64375",186.6,DEM5A,地理院タイル 標高タイル 2026-10-08
S1brngoa,小野,"130.08578,32.83402",3.5,DEM5A,地理院タイル 標高タイル 2026-10-08
S1brv5ht,伊丹,"135.42177,34.78061",12.1,DEM5A,地理院タイル 標高タイル 2026-10-08
S1brz7fd,大川ダム公園,"139.92077,37.34682",393.9,DEM5A,地理院タイル 標高タイル 2026-10-08
S1bslte0,竹原,"132.91100,34.33942",2.6,DEM5A,地理院タイル 標高タイル 2026-10-08
S1bsupmz,光,"131.91461,33.97394",5.3,DEM5A,地理院タイル 標高タイル 2026-10-08
S1bt60li,詫間,"133.69278,34.22155",3.0,DEM5A,地理院タイル 標高タイル 2026-10-08
S1bt7ubi,中根,"140.56209,36.36745",3.8,DEM5A,地理院タイル 標高タイル 2026-10-08
S1bthxes,下小川,"140.38714,36.66902",54.9,DEM5A,地理院タイル 標高タイル 2026-10-08
S1bu6c1d,筑後船小屋,"130.49206,33.17802",9.5,DEM5A,地理院タイル 標高タイル 2026-10-08
S1bu93w1,糠沢,"140.39749,40.25068",33.5,DEM5A,地理院タイル 標高タイル 2026-10-08
S1bubkog,西神南,"135.03019,34.69940",88.8,DEM5A,地理院タイル 標高タイル 2026-10-08
S1buehkh,元善光寺,"137.86142,35.53386",437.9,DEM5A,地理院タイル 標高タイル 2026-10-08
S1bv90oy,鷹狩,"134.20658,35.35437",63.4,DEM5A,地理院タイル 標高タイル 2026-10-08
S1bve76r,祇園新橋北,"132.47107,34.43540",6.5,DEM5A,地理院タイル 標高タイル 2026-10-08
S1bvlmhy,紀伊市木,"136.05543,33.82801",12.8,DEM5A,地理院タイル 標高タイル 2026-10-08
S1bvu2ew,美濃川合,"137.04539,35.44410",77.8,DEM5A,地理院タイル 標高タイル 2026-10-08
S1bw2xz7,阿曽,"136.41112,34.33129",118.6,DEM5A,地理院タイル 標高タイル 2026-10-08
S1bw60ln,高田,"139.62059,35.54955",6.0,DEM5A,地理院タイル 標高タイル 2026-10-08
S1bw8gmf,下唯野,"136.56017,35.97422",218.6,DEM5A,地理院タイル 標高タイル 2026-10-08
S1bwec84,秩父,"139.08603,35.99880",225.8,DEM5A,地理院タイル 標高タイル 2026-10-08
S1bwfras,羽前高松,"140.24860,38.39753",126.3,DEM5A,地理院タイル 標高タイル 2026-10-08
S1bwgn04,いわき,"140.89236,37.05822",10.4,DEM5A,地理院タイル 標高タイル 2026-10-08
S1bwnwwo,上枝,"137.24583,36.18098",547.5,DEM5A,地理院タイル 標高タイル 2026-10-08
S1bxljha,南角田,"140.76961,37.96489",15.3,DEM5A,地理院タイル 標高タイル 2026-10-08
S1bxxla4,信濃常盤,"137.84716,36.46737",682.1,DEM5A,地理院タイル 標高タイル 2026-10-08
S1bynvkx,海の公園南口,"139.63214,35.33720",3.0,DEM5A,地理院タイル 標高タイル 2026-10-08
S1bz0obe,越前下山,"136.63488,35.92048",393.2,DEM5A,地理院タイル 標高タイル 2026-10-08
S1bz1fvv,咲花,"139.29090,37.73500",32.5,DEM5A,地理院タイル 標高タイル 2026-10-08
S1c02a4a,清明,"136.20943,36.02227",7.4,DEM5A,地理院タイル 標高タイル 2026-10-08
S1c0npm6,南伊予,"132.73843,33.77758",13.3,DEM5A,地理院タイル 標高タイル 2026-10-08
S1c17xbz,城野,"130.87963,33.85845",6.0,DEM5A,地理院タイル 標高タイル 2026-10-08
S1c2f8aw,信濃国分寺,"138.27383,36.37832",472.2,DEM5A,地理院タイル 標高タイル 2026-10-08
S1c2jr8q,片岡,"139.94554,36.75468",183.1,DEM5A,地理院タイル 標高タイル 2026-10-08
S1c2qq4l,再春医療センター前,"130.74793,32.88029",83.2,DEM5A,地理院タイル 標高タイル 2026-10-08
S1c2xir5,もたて山,"135.84688,35.06745",559.7,DEM5A,地理院タイル 標高タイル 2026-10-08
S1c33aod,白坂,"140.18471,37.09528",395.3,DEM10B,地理院タイル 標高タイル 2026-10-08
S1c407a6,ロイズタウン,"141.43649,43.17971",4.4,DEM5A,地理院タイル 標高タイル 2026-10-08
S1c5042y,高宮,"136.26084,35.23629",106.5,DEM5A,地理院タイル 標高タイル 2026-10-08
S1c5bfwj,旧居留地・大丸前,"135.19046,34.68952",3.7,DEM5A,地理院タイル 標高タイル 2026-10-08
S1c5ior0,立ヶ花,"138.30701,36.73130",336.7,DEM5A,地理院タイル 標高タイル 2026-10-08
S1c61ids,豊後国分,"131.55127,33.19508",33.3,DEM5A,地理院タイル 標高タイル 2026-10-08
S1c6neip,木幡,"135.07138,34.74831",119.6,DEM5A,地理院タイル 標高タイル 2026-10-08
S1c6vdiq,越前新保,"136.25095,36.08038",11.0,DEM5A,地理院タイル 標高タイル 2026-10-08
S1c73arm,宝積寺,"139.97952,36.63162",158.1,DEM5A,地理院タイル 標高タイル 2026-10-08
S1c7995o,四郷,"137.16269,35.12193",59.2,DEM5A,地理院タイル 標高タイル 2026-10-08
S1c7psp1,毛呂,"139.30934,35.94073",71.8,DEM5A,地理院タイル 標高タイル 2026-10-08
S1c7xlqk,玉村,"139.96997,36.13551",17.1,DEM5A,地理院タイル 標高タイル 2026-10-08
S1c8cm1k,小野田港,"131.17493,33.97159",3.8,DEM5A,地理院タイル 標高タイル 2026-10-08
S1c8nzs3,親鼻,"139.10618,36.07762",157.6,DEM5A,地理院タイル 標高タイル 2026-10-08
S1c8peem,紀伊佐野,"135.97047,33.67984",5.8,DEM5A,地理院タイル 標高タイル 2026-10-08
S1c93fgk,六日町,"138.87579,37.06705",164.3,DEM5A,地理院タイル 標高タイル 2026-10-08
S1c94dm3,御坊,"135.15875,33.90768",6.6,DEM5A,地理院タイル 標高タイル 2026-10-08
S1c9jmw0,広野,"140.99872,37.21142",10.0,DEM5A,地理院タイル 標高タイル 2026-10-08
S1cacyns,鍋原,"136.63665,35.56580",106.8,DEM5A,地理院タイル 標高タイル 2026-10-08
S1cadcbu,鶴見市場,"139.68649,35.51759",1.6,DEM5A,地理院タイル 標高タイル 2026-10-08
S1cagl9d,布施,"135.56357,34.66409",2.5,DEM5A,地理院タイル 標高タイル 2026-10-08
S1cakkkm,岩出山,"140.87156,38.65250",53.2,DEM5A,地理院タイル 標高タイル 2026-10-08
S1cao7n0,三輪崎,"135.98494,33.68953",8.6,DEM5A,地理院タイル 標高タイル 2026-10-08
S1cb15qr,桜橋,"138.47749,35.01307",5.2,DEM5A,地理院タイル 標高タイル 2026-10-08
S1cbahhe,熊谷,"139.38964,36.13950",26.5,DEM5A,地理院タイル 標高タイル 2026-10-08
S1ccdxg1,荒瀬,"140.40240,39.98004",128.3,DEM5A,地理院タイル 標高タイル 2026-10-08
S1ccph4o,西目,"140.01874,39.34776",11.2,DEM5A,地理院タイル 標高タイル 2026-10-08
S1ccsyn3,弘前,"140.48533,40.59939",36.4,DEM5A,地理院タイル 標高タイル 2026-10-08
S1cd0d00,梁瀬,"134.88125,35.32223",96.2,DEM5A,地理院タイル 標高タイル 2026-10-08
S1cd5wh4,万願寺,"139.41986,35.67131",63.2,DEM5A,地理院タイル 標高タイル 2026-10-08
S1cdiwb6,妙音通,"136.92958,35.11712",1.7,DEM5A,地理院タイル 標高タイル 2026-10-08
S1cdmber,能見台,"139.62923,35.36056",31.1,DEM5A,地理院タイル 標高タイル 2026-10-08
S1cds8us,尼崎,"135.41732,34.71851",-1.0,DEM5A,地理院タイル 標高タイル 2026-10-08
S1cdsy9o,伊予三芳,"133.06433,33.95434",10.2,DEM5A,地理院タイル 標高タイル 2026-10-08
S1ce34x6,十川,"140.45705,40.81754",7.5,DEM5A,地理院タイル 標高タイル 2026-10-08
S1cevd18,黄檗,"135.80331,34.91341",29.4,DEM5A,地理院タイル 標高タイル 2026-10-08
S1cevfoo,ベイサイド･ステーション,"139.87634,35.62785",3.1,DEM5A,地理院タイル 標高タイル 2026-10-08
S1cew450,遠州森,"137.92427,34.83111",40.4,DEM5A,地理院タイル 標高タイル 2026-10-08
S1cfkxl6,愛野,"130.15580,32.81887",3.8,DEM5A,地理院タイル 標高タイル 2026-10-08
S1cg421i,赤坂,"130.39051,33.58902",3.4,DEM5A,地理院タイル 標高タイル 2026-10-08
S1cg6hvd,東結城,"139.89141,36.29662",33.9,DEM5A,地理院タイル 標高タイル 2026-10-08
S1cg8prs,南岩国,"132.20604,34.13518",2.1,DEM5A,地理院タイル 標高タイル 2026-10-08
S1cg9csn,北松戸,"139.91162,35.80036",5.6,DEM5A,地理院タイル 標高タイル 2026-10-08
S1cgl8r5,島越,"141.93966,39.91573",12.8,DEM5A,地理院タイル 標高タイル 2026-10-08
S1ch2i2h,宇賀本郷,"130.92756,34.22733",14.5,DEM5A,地理院タイル 標高タイル 2026-10-08
S1ci0ud0,天神橋筋六丁目,"135.51097,34.71037",2.9,DEM5A,地理院タイル 標高タイル 2026-10-08
S1ci2bxe,楡原,"137.22872,36.52940",146.8,DEM5A,地理院タイル 標高タイル 2026-10-08
S1ci2ndw,今宿,"130.27418,33.57928",3.3,DEM5A,地理院タイル 標高タイル 2026-10-08
S1cidpvq,桜町前,"137.06245,34.88024",11.2,DEM5A,地理院タイル 標高タイル 2026-10-08
S1cjnios,勝原,"136.59726,35.96753",260.5,DEM5A,地理院タイル 標高タイル 2026-10-08
S1cjpebu,帯解,"135.82620,34.64321",64.7,DEM5A,地理院タイル 標高タイル 2026-10-08
S1ck4mhc,三島田町,"138.91856,35.11620",22.7,DEM5A,地理院タイル 標高タイル 2026-10-08
S1ckalnk,京成大久保,"140.04861,35.68592",19.9,DEM5A,地理院タイル 標高タイル 2026-10-08
S1ckdurp,鳥ノ木,"132.71139,33.76373",4.5,DEM5A,地理院タイル 標高タイル 2026-10-08
S1ckfmbe,大阪天満宮,"135.51334,34.69741",4.1,DEM5A,地理院タイル 標高タイル 2026-10-08
S1cl3ko1,土々呂,"131.67513,32.50783",2.3,DEM5A,地理院タイル 標高タイル 2026-10-08
S1cljxuc,豊実,"139.57634,37.68052",115.6,DEM5A,地理院タイル 標高タイル 2026-10-08
S1clzgpi,高の原,"135.79186,34.72371",55.6,DEM5A,地理院タイル 標高タイル 2026-10-08
S1cm944i,西大橋,"135.49372,34.67554",1.7,DEM5A,地理院タイル 標高タイル 2026-10-08
S1cmgr9n,塚山,"138.72994,37.35515",60.5,DEM5A,地理院タイル 標高タイル 2026-10-08
S1cmv8vm,西元町,"135.17967,34.68401",3.3,DEM5A,地理院タイル 標高タイル 2026-10-08
S1cn261i,会津蒲生,"139.33333,37.38179",368.0,DEM5A,地理院タイル 標高タイル 2026-10-08
S1cnmzm0,星川,"139.59519,35.45824",3.9,DEM5A,地理院タイル 標高タイル 2026-10-08
S1cnyekk,近鉄御所,"135.73238,34.46471",96.1,DEM5A,地理院タイル 標高タイル 2026-10-08
S1co2bbx,粕川,"139.21091,36.41681",184.3,DEM5A,地理院タイル 標高タイル 2026-10-08
S1co74nf,大口,"139.64633,35.49229",5.1,DEM5A,地理院タイル 標高タイル 2026-10-08
S1coguol,中田,"139.51122,35.41116",45.4,DEM5A,地理院タイル 標高タイル 2026-10-08
S1cok31o,杉田,"139.61561,35.38390",5.1,DEM5A,地理院タイル 標高タイル 2026-10-08
S1coo5va,御嵩口,"137.12174,35.43131",121.7,DEM5A,地理院タイル 標高タイル 2026-10-08
S1cpiquj,浦上駅前,"129.86414,32.76548",1.6,DEM5A,地理院タイル 標高タイル 2026-10-08
S1cpo74m,長後,"139.46533,35.41225",38.9,DEM5A,地理院タイル 標高タイル 2026-10-08
S1cppi1l,滝野,"134.95492,34.94103",47.6,DEM5A,地理院タイル 標高タイル 2026-10-08
S1cpq2he,下深谷,"136.66155,35.09606",10.6,DEM5A,地理院タイル 標高タイル 2026-10-08
S1cpujmv,上之郷,"136.81152,34.37933",3.3,DEM5A,地理院タイル 標高タイル 2026-10-08
S1cqq2jc,久下田,"139.97163,36.37600",53.4,DEM5A,地理院タイル 標高タイル 2026-10-08
S1cqtab9,御影,"142.93573,42.94245",157.0,DEM5A,地理院タイル 標高タイル 2026-10-08
S1cqu2mg,高知駅前,"133.54370,33.56652",2.1,DEM5A,地理院タイル 標高タイル 2026-10-08
S1cqve96,広電宮島口,"132.30492,34.31179",2.6,DEM5A,地理院タイル 標高タイル 2026-10-08
S1cr1ddf,新木屋瀬,"130.72451,33.78366",5.3,DEM5A,地理院タイル 標高タイル 2026-10-08
S1crdhvr,中国勝山,"133.69476,35.08061",168.0,DEM5A,地理院タイル 標高タイル 2026-10-08
S1cru7cn,須崎,"133.29318,33.39276",2.7,DEM5A,地理院タイル 標高タイル 2026-10-08
S1cs09qh,姫,"137.07211,35.38200",124.5,DEM5A,地理院タイル 標高タイル 2026-10-08
S1csjzjt,大海,"137.54901,34.93015",85.1,DEM5A,地理院タイル 標高タイル 2026-10-08
S1csku20,南千歳,"141.67521,42.80821",18.7,DEM5A,地理院タイル 標高タイル 2026-10-08
S1csn911,JR松山駅前,"132.75234,33.84072",16.5,DEM5A,地理院タイル 標高タイル 2026-10-08
S1csvbcg,広電本社前,"132.45834,34.37734",0.3,DEM5A,地理院タイル 標高タイル 2026-10-08
S1ctgmmv,新利府,"140.97310,38.31724",8.1,DEM5A,地理院タイル 標高タイル 2026-10-08
S1ctgojz,水上,"138.96930,36.77923",494.9,DEM5A,地理院タイル 標高タイル 2026-10-08
S1ctt2jx,米沢,"140.12829,37.90942",248.7,DEM5A,地理院タイル 標高タイル 2026-10-08
S1ctyqqe,米子,"133.33668,35.42334",2.8,DEM5A,地理院タイル 標高タイル 2026-10-08
S1cv3l6a,花巻空港,"141.12731,39.44226",96.2,DEM5A,地理院タイル 標高タイル 2026-10-08
S1cv65al,本駒込,"139.75380,35.72441",24.4,DEM5A,地理院タイル 標高タイル 2026-10-08
S1cw58sp,川崎,"139.69681,35.53137",2.8,DEM5A,地理院タイル 標高タイル 2026-10-08
S1cw75eg,十日市場,"138.88746,35.53887",521.0,DEM5A,地理院タイル 標高タイル 2026-10-08
S1cwdbcw,元山,"134.08376,34.31038",6.8,DEM5A,地理院タイル 標高タイル 2026-10-08
S1cwsh6a,矢作橋,"137.13997,34.96106",14.7,DEM5A,地理院タイル 標高タイル 2026-10-08
S1cwtmy9,野田郷,"130.26740,32.06323",25.9,DEM5A,地理院タイル 標高タイル 2026-10-08
S1cwzovp,土山,"134.88902,34.72032",21.0,DEM5A,地理院タイル 標高タイル 2026-10-08
S1cx9j35,晴山,"141.25782,39.36664",113.2,DEM5A,地理院タイル 標高タイル 2026-10-08
S1cxjtmz,飯給,"140.14238,35.32050",56.1,DEM5A,地理院タイル 標高タイル 2026-10-08
S1cy3u1r,生地,"137.42658,36.90578",4.0,DEM5A,地理院タイル 標高タイル 2026-10-08
S1cyfm3d,盛,"141.71090,39.08555",5.3,DEM5A,地理院タイル 標高タイル 2026-10-08
S1cyjxfv,岐南,"136.76925,35.38978",9.7,DEM5A,地理院タイル 標高タイル 2026-10-08
S1cyzcjt,蘇原,"136.87177,35.40327",41.1,DEM5A,地理院タイル 標高タイル 2026-10-08
S1cz3b2a,加茂郷,"135.16046,34.12594",7.3,DEM5A,地理院タイル 標高タイル 2026-10-08
S1czew1r,開発,"137.24287,36.63619",55.9,DEM5A,地理院タイル 標高タイル 2026-10-08
S1czh2og,寺庄,"136.18585,34.91909",183.9,DEM5A,地理院タイル 標高タイル 2026-10-08
S1d09oi6,泉中央,"140.88066,38.32297",26.5,DEM5A,地理院タイル 標高タイル 2026-10-08
S1d0mb4r,篠ノ井,"138.13807,36.57696",356.1,DEM5A,地理院タイル 標高タイル 2026-10-08
S1d10h6j,杵築,"131.57568,33.41101",14.0,DEM5A,地理院タイル 標高タイル 2026-10-08
S1d1ao3s,小和清水,"136.35110,36.01736",62.7,DEM5A,地理院タイル 標高タイル 2026-10-08
S1d1echf,備中呉妹,"133.66185,34.62163",14.1,DEM5A,地理院タイル 標高タイル 2026-10-08
S1d1hy68,市ノ川,"131.00761,32.92807",480.4,DEM5A,地理院タイル 標高タイル 2026-10-08
S1d2960j,高萩,"140.71696,36.71434",5.3,DEM5A,地理院タイル 標高タイル 2026-10-08
S1d2l6vl,長久手古戦場,"137.04951,35.17147",67.5,DEM5A,地理院タイル 標高タイル 2026-10-08
S1d2tihl,高松町,"133.23994,35.51544",3.2,DEM5A,地理院タイル 標高タイル 2026-10-08
S1d2wduf,大矢知,"136.63342,35.02215",15.5,DEM5A,地理院タイル 標高タイル 2026-10-08
S1d2x9to,参宮橋,"139.69359,35.67860",28.1,DEM5A,地理院タイル 標高タイル 2026-10-08
S1d3c393,二本松,"140.43552,37.58946",203.2,DEM5A,地理院タイル 標高タイル 2026-10-08
S1d3ucs3,八木沢,"138.17576,36.35838",501.4,DEM5A,地理院タイル 標高タイル 2026-10-08
S1d42ph8,妙国寺前,"135.47872,34.58369",4.5,DEM5A,地理院タイル 標高タイル 2026-10-08
S1d458dx,府中,"133.23647,34.57153",29.7,DEM5A,地理院タイル 標高タイル 2026-10-08
S1d484vm,岡地,"137.66571,34.81231",3.5,DEM5A,地理院タイル 標高タイル 2026-10-08
S1d4bt1z,南森町,"135.51094,34.69770",4.0,DEM5A,地理院タイル 標高タイル 2026-10-08
S1d4d5vd,平田,"136.14664,35.11019",107.1,DEM5A,地理院タイル 標高タイル 2026-10-08
S1d4mzu4,栄,"135.05653,34.75525",108.9,DEM5A,地理院タイル 標高タイル 2026-10-08
S1d4uvv9,近江高島,"136.01013,35.29281",86.3,DEM5A,地理院タイル 標高タイル 2026-10-08
S1d50aat,新取手,"140.04216,35.91766",20.7,DEM5A,地理院タイル 標高タイル 2026-10-08
S1d63oct,東城,"133.27360,34.90185",312.8,DEM5A,地理院タイル 標高タイル 2026-10-08
S1d6a0fk,川口元郷,"139.72986,35.79996",1.4,DEM5A,地理院タイル 標高タイル 2026-10-08
S1d6nc57,上菅,"133.34194,35.19355",268.0,DEM5A,地理院タイル 標高タイル 2026-10-08
S1d7moah,広田,"139.93338,37.54926",220.3,DEM5A,地理院タイル 標高タイル 2026-10-08
S1d7n6fk,桑名川,"138.45797,36.97589",303.7,DEM5A,地理院タイル 標高タイル 2026-10-08
S1d7rct6,吾妻（雲仙市役所前）,"130.18992,32.84038",5.9,DEM5A,地理院タイル 標高タイル 2026-10-08
S1d89nr6,八広,"139.82832,35.72720",-0.5,DEM5A,地理院タイル 標高タイル 2026-10-08
S1d8mah1,多良木,"130.93319,32.26275",159.7,DEM5A,地理院タイル 標高タイル 2026-10-08
S1d8v2yd,下天津,"135.11155,35.35930",14.3,DEM5A,地理院タイル 標高タイル 2026-10-08
S1d92zje,榛原,"135.95461,34.52983",307.7,DEM5A,地理院タイル 標高タイル 2026-10-08
S1d9601t,中角,"136.20444,36.10112",10.8,DEM5A,地理院タイル 標高タイル 2026-10-08
S1d9c2de,五井,"140.08974,35.51311",4.2,DEM5A,地理院タイル 標高タイル 2026-10-08
S1d9m30k,日向住吉,"131.45788,31.99105",8.9,DEM5A,地理院タイル 標高タイル 2026-10-08
S1d9ncxl,長者町,"140.38481,35.29626",7.5,DEM5A,地理院タイル 標高タイル 2026-10-08
S1d9tgvx,高砂,"141.54070,43.10016",18.9,DEM10B,地理院タイル 標高タイル 2026-10-08
S1da9tx7,緑が丘,"135.02580,34.76520",157.8,DEM5A,地理院タイル 標高タイル 2026-10-08
S1dbg3ib,都農,"131.56846,32.25108",15.4,DEM5A,地理院タイル 標高タイル 2026-10-08
S1dbj7zx,横川,"132.45052,34.41039",8.6,DEM5A,地理院タイル 標高タイル 2026-10-08
S1dbwx50,牟岐,"134.41819,33.67215",3.8,DEM5A,地理院タイル 標高タイル 2026-10-08
S1dcsvao,鹿島,"140.97008,37.70284",7.7,DEM5A,地理院タイル 標高タイル 2026-10-08
S1dctpmf,日野,"138.28879,36.65594",336.6,DEM5A,地理院タイル 標高タイル 2026-10-08
S1dd4ybr,茶屋町,"133.82576,34.57698",1.1,DEM5A,地理院タイル 標高タイル 2026-10-08
S1ddblm2,新大塚,"139.72941,35.72609",26.9,DEM5A,地理院タイル 標高タイル 2026-10-08
S1ddioh3,日吉,"139.64697,35.55377",22.9,DEM5A,地理院タイル 標高タイル 2026-10-08
S1ddmt0c,甲南,"136.16902,34.93175",175.1,DEM5A,地理院タイル 標高タイル 2026-10-08
S1de3h3b,茶臼山,"137.51443,34.91036",61.7,DEM5A,地理院タイル 標高タイル 2026-10-08
S1de4amp,筑前庄内,"130.73865,33.61635",33.9,DEM5A,地理院タイル 標高タイル 2026-10-08
S1de8udz,日向大束,"131.24873,31.51061",33.4,DEM5A,地理院タイル 標高タイル 2026-10-08
S1deumxx,北新横浜,"139.61285,35.51922",4.0,DEM5A,地理院タイル 標高タイル 2026-10-08
S1df4him,小川,"130.69409,32.60128",3.4,DEM10B,地理院タイル 標高タイル 2026-10-08
S1df5igi,ユニバーサルシティ,"135.43857,34.66784",-0.2,DEM5A,地理院タイル 標高タイル 2026-10-08
S1df7tx8,甲斐大和,"138.78145,35.63942",621.4,DEM5A,地理院タイル 標高タイル 2026-10-08
S1dfyj25,羽場,"137.98515,35.95307",718.0,DEM5A,地理院タイル 標高タイル 2026-10-08
S1dg3bvx,信濃松川,"137.85858,36.42448",612.9,DEM5A,地理院タイル 標高タイル 2026-10-08
S1dgbyx5,遠州西ヶ崎,"137.77390,34.77678",14.2,DEM5A,地理院タイル 標高タイル 2026-10-08
S1dgfuml,四十九,"136.13697,34.74835",154.9,DEM5A,地理院タイル 標高タイル 2026-10-08
S1dggo1b,朝倉,"136.86345,34.99386",4.6,DEM5A,地理院タイル 標高タイル 2026-10-08
S1dgksfd,羽黒,"136.95253,35.35161",46.6,DEM5A,地理院タイル 標高タイル 2026-10-08
S1dhfi57,広神戸,"136.60214,35.41982",16.2,DEM5A,地理院タイル 標高タイル 2026-10-08
S1dhsjc4,西松井田,"138.78663,36.31608",300.4,DEM5A,地理院タイル 標高タイル 2026-10-08
S1dhsxre,茶屋ヶ坂,"136.96212,35.18466",16.9,DEM5A,地理院タイル 標高タイル 2026-10-08
S1dhvnek,日野,"139.39350,35.67867",83.8,DEM5A,地理院タイル 標高タイル 2026-10-08
S1di7zqj,熱海,"139.07799,35.10389",71.7,DEM5A,地理院タイル 標高タイル 2026-10-08
S1di8jl7,桃山南口,"135.78351,34.93102",14.6,DEM5A,地理院タイル 標高タイル 2026-10-08
S1dig59f,別保,"144.46966,42.99429",5.9,DEM5A,地理院タイル 標高タイル 2026-10-08
S1dii3yn,静岡,"138.38930,34.97176",15.5,DEM5A,地理院タイル 標高タイル 2026-10-08
S1dijlm9,小幡緑地,"136.98286,35.21867",45.5,DEM5A,地理院タイル 標高タイル 2026-10-08
S1dijqas,槻木,"140.81018,38.07914",7.2,DEM5A,地理院タイル 標高タイル 2026-10-08
S1djhnzy,平松,"134.60108,34.79074",3.6,DEM5A,地理院タイル 標高タイル 2026-10-08
S1djn6xc,函館どつく前,"140.70500,41.77273",2.3,DEM5A,地理院タイル 標高タイル 2026-10-08
S1dk6jqd,十条,"139.72225,35.76039",21.4,DEM5A,地理院タイル 標高タイル 2026-10-08
S1dk7ffn,赤池,"136.96116,35.67180",157.4,DEM5A,地理院タイル 標高タイル 2026-10-08
S1dkaw8m,ガーラ湯沢,"138.79950,36.95016",354.1,DEM5A,地理院タイル 標高タイル 2026-10-08
S1dkkdkj,浜町,"139.78813,35.68859",1.8,DEM5A,地理院タイル 標高タイル 2026-10-08
S1dl07g6,古河,"139.70971,36.19441",19.2,DEM5A,地理院タイル 標高タイル 2026-10-08
S1dl9yuw,久宝寺,"135.58444,34.62233",9.1,DEM5A,地理院タイル 標高タイル 2026-10-08
S1dlgcsg,矢板,"139.93297,36.80662",197.7,DEM5A,地理院タイル 標高タイル 2026-10-08
S1dlin4o,南宮崎,"131.42286,31.89529",7.0,DEM5A,地理院タイル 標高タイル 2026-10-08
S1dlj5es,市波,"136.33050,36.01985",51.5,DEM5A,地理院タイル 標高タイル 2026-10-08
S1dlm6b4,鼠ヶ関,"139.54881,38.55559",5.3,DEM5A,地理院タイル 標高タイル 2026-10-08
S1dlqgvi,小泉町,"139.42025,36.26153",30.9,DEM5A,地理院タイル 標高タイル 2026-10-08
S1dlqoe5,天満橋,"135.51663,34.68999",5.3,DEM5A,地理院タイル 標高タイル 2026-10-08
S1dm71g8,青葉通一番町,"140.87206,38.25967",39.1,DEM5A,地理院タイル 標高タイル 2026-10-08
S1dme086,坂町,"139.44584,38.11929",10.1,DEM5A,地理院タイル 標高タイル 2026-10-08
S1dmihr8,香西,"134.01001,34.34136",2.0,DEM5A,地理院タイル 標高タイル 2026-10-08
S1dn8nbk,金子,"139.32861,35.81081",153.9,DEM5A,地理院タイル 標高タイル 2026-10-08
S1dnus2p,木更津,"139.92614,35.38174",3.1,DEM5A,地理院タイル 標高タイル 2026-10-08
S1do23xa,朝日野,"136.20573,35.03154",144.3,DEM5A,地理院タイル 標高タイル 2026-10-08
S1dodqoa,三条,"135.77234,35.00887",41.6,DEM5A,地理院タイル 標高タイル 2026-10-08
S1doe40z,波多江,"130.22635,33.56376",9.2,DEM5A,地理院タイル 標高タイル 2026-10-08
S1dpvdr9,湯瀬温泉,"140.84032,40.12237",226.6,DEM10B,地理院タイル 標高タイル 2026-10-08
S1dpxa6r,大曽根,"136.93680,35.19162",9.4,DEM5A,地理院タイル 標高タイル 2026-10-08
S1dq0o84,吉舎,"132.99091,34.72773",214.9,DEM5A,地理院タイル 標高タイル 2026-10-08
S1dqj9t0,野々市,"136.59894,36.54213",14.1,DEM5A,地理院タイル 標高タイル 2026-10-08
S1dqo8iy,出戸,"135.56544,34.60903",10.0,DEM5A,地理院タイル 標高タイル 2026-10-08
S1dqx2rt,南安城,"137.09260,34.95190",16.6,DEM5A,地理院タイル 標高タイル 2026-10-08
S1drlfor,屋代高校前,"138.13249,36.54796",356.5,DEM5A,地理院タイル 標高タイル 2026-10-08
S1drpdu7,西方,"130.22375,31.91640",7.4,DEM5A,地理院タイル 標高タイル 2026-10-08
S1dsl5am,大師橋,"139.74044,35.53661",1.2,DEM5A,地理院タイル 標高タイル 2026-10-08
S1dt18fo,山崎,"136.73944,35.25644",2.8,DEM5A,地理院タイル 標高タイル 2026-10-08
S1dtarwn,稲積公園,"141.25676,43.11231",5.7,DEM5A,地理院タイル 標高タイル 2026-10-08
S1dtmo87,蛇田,"141.27754,38.43828",1.1,DEM5A,地理院タイル 標高タイル 2026-10-08
S1dtnumr,はなみずき通,"137.03547,35.17752",57.7,DEM5A,地理院タイル 標高タイル 2026-10-08
S1dto1ih,加太,"135.08077,34.27531",12.7,DEM5A,地理院タイル 標高タイル 2026-10-08
S1dtxc1s,信濃竹原,"138.39366,36.76109",471.3,DEM5A,地理院タイル 標高タイル 2026-10-08
S1du5d2a,越中国分,"137.05075,36.80535",6.2,DEM5A,地理院タイル 標高タイル 2026-10-08
S1due2tm,有井,"136.08560,33.87618",8.4,DEM5A,地理院タイル 標高タイル 2026-10-08
S1dv1hwm,河戸帆待川,"132.50517,34.51668",25.6,DEM5A,地理院タイル 標高タイル 2026-10-08
S1dv4at3,福大前,"130.36226,33.54745",21.8,DEM5A,地理院タイル 標高タイル 2026-10-08
S1dwcya4,大山崎,"135.68155,34.89145",18.3,DEM5A,地理院タイル 標高タイル 2026-10-08
S1dwd0ks,笹津,"137.21158,36.56141",105.2,DEM5A,地理院タイル 標高タイル 2026-10-08
S1dwkc21,市役所,"129.88048,32.74928",7.7,DEM5A,地理院タイル 標高タイル 2026-10-08
S1dwriw6,東北沢,"139.67304,35.66544",41.5,DEM5A,地理院タイル 標高タイル 2026-10-08
S1dxb8zd,西枇杷島,"136.86528,35.19508",3.1,DEM5A,地理院タイル 標高タイル 2026-10-08
S1dxs1oi,国府多賀城,"140.99474,38.30108",4.7,DEM5A,地理院タイル 標高タイル 2026-10-08
S1dxzluu,箱作,"135.21261,34.34131",10.9,DEM5A,地理院タイル 標高タイル 2026-10-08
S1dyfp27,常陸多賀,"140.63275,36.55214",29.3,DEM5A,地理院タイル 標高タイル 2026-10-08
S1dzwcue,青海,"137.79582,37.02250",17.1,DEM10B,地理院タイル 標高タイル 2026-10-08
S1e0byri,斎宮,"136.61530,34.53789",11.9,DEM5A,地理院タイル 標高タイル 2026-10-08
S1e0c2lw,枚方公園,"135.63950,34.81162",9.3,DEM5A,地理院タイル 標高タイル 2026-10-08
S1e0eti3,神志山,"136.06235,33.83977",11.3,DEM5A,地理院タイル 標高タイル 2026-10-08
S1e0kcvg,御器所,"136.93377,35.14959",14.3,DEM5A,地理院タイル 標高タイル 2026-10-08
S1e0pyg8,枇杷島,"136.86143,35.19951",5.3,DEM5A,地理院タイル 標高タイル 2026-10-08
S1e0xegk,志貴野中学校前,"137.02352,36.75530",7.0,DEM5A,地理院タイル 標高タイル 2026-10-08
S1e12geq,木津川,"135.48309,34.65465",-0.1,DEM5A,地理院タイル 標高タイル 2026-10-08
S1e15xd7,西飾磨,"134.65122,34.80304",1.9,DEM5A,地理院タイル 標高タイル 2026-10-08
S1e1g3lo,小竹向原,"139.67952,35.74339",32.3,DEM5A,地理院タイル 標高タイル 2026-10-08
S1e1ixkh,岩瀬浜,"137.23411,36.76127",2.5,DEM5A,地理院タイル 標高タイル 2026-10-08
S1e1slqj,虎姫,"136.25739,35.42455",92.6,DEM5A,地理院タイル 標高タイル 2026-10-08
S1e1vc4w,勝田,"140.52432,36.39380",25.4,DEM5A,地理院タイル 標高タイル 2026-10-08
S1e1ywun,辰巳,"139.81033,35.64578",6.2,DEM5A,地理院タイル 標高タイル 2026-10-08
S1e216tz,宇都宮駅東口,"139.89955,36.55917",113.2,DEM5A,地理院タイル 標高タイル 2026-10-08
S1e26b9t,新今宮,"135.50132,34.65015",2.7,DEM5A,地理院タイル 標高タイル 2026-10-08
S1e2iarz,野方,"139.65349,35.71959",39.9,DEM5A,地理院タイル 標高タイル 2026-10-08
S1e2mqot,舟入南,"132.43722,34.37497",0.4,DEM5A,地理院タイル 標高タイル 2026-10-08
S1e2qy8e,清水,"136.91394,35.18709",6.5,DEM5A,地理院タイル 標高タイル 2026-10-08
S1e315tk,郡元,"130.54199,31.56564",8.2,DEM5A,地理院タイル 標高タイル 2026-10-08
S1e35rei,港南台,"139.57618,35.37515",43.4,DEM5A,地理院タイル 標高タイル 2026-10-08
S1e3743i,採銅所,"130.85314,33.70735",93.0,DEM5A,地理院タイル 標高タイル 2026-10-08
S1e3cvks,久米,"132.80400,33.81623",40.1,DEM5A,地理院タイル 標高タイル 2026-10-08
S1e3enz0,たけふ新,"136.17018,35.90657",30.2,DEM5A,地理院タイル 標高タイル 2026-10-08
S1e3gopw,千代田,"135.56633,34.46900",119.6,DEM5A,地理院タイル 標高タイル 2026-10-08
S1e3j219,大蛇,"141.65083,40.46719",18.4,DEM5A,地理院タイル 標高タイル 2026-10-08
S1e3kmbc,佐々木,"139.26981,37.94980",4.4,DEM5A,地理院タイル 標高タイル 2026-10-08
S1e3teje,大江,"136.91280,35.09330",0.2,DEM5A,地理院タイル 標高タイル 2026-10-08
S1e3ulc3,南大高,"136.94872,35.05445",10.1,DEM5A,地理院タイル 標高タイル 2026-10-08
S1e46ore,龍谷大前深草,"135.77014,34.96402",27.1,DEM5A,地理院タイル 標高タイル 2026-10-08
S1e49mqk,大江高校前,"135.15274,35.39578",14.7,DEM5A,地理院タイル 標高タイル 2026-10-08
S1e4mbj6,柴島,"135.51167,34.72867",3.8,DEM5A,地理院タイル 標高タイル 2026-10-08
S1e4ucxt,学園前,"141.36895,43.04771",28.2,DEM5A,地理院タイル 標高タイル 2026-10-08
S1e4z68o,羽後長戸呂,"140.56543,39.72771",143.5,DEM10B,地理院タイル 標高タイル 2026-10-08
S1e5dyca,鷹取,"135.13535,34.65173",11.2,DEM5A,地理院タイル 標高タイル 2026-10-08
S1e5icls,狭山,"135.54818,34.51665",69.5,DEM5A,地理院タイル 標高タイル 2026-10-08
S1e5mgi4,熊本駅前,"130.69027,32.79007",9.9,DEM5A,地理院タイル 標高タイル 2026-10-08
S1e5ppxo,市役所前,"132.76462,33.83995",21.4,DEM5A,地理院タイル 標高タイル 2026-10-08
S1e6ftfb,八ツ島,"136.20588,36.08619",5.8,DEM5A,地理院タイル 標高タイル 2026-10-08
S1e6q6z1,木幡,"135.79892,34.92481",22.1,DEM5A,地理院タイル 標高タイル 2026-10-08
S1e71qaz,南堀端,"132.76126,33.83944",19.7,DEM5A,地理院タイル 標高タイル 2026-10-08
S1e76ovp,貴船口,"135.76360,35.10587",196.8,DEM5A,地理院タイル 標高タイル 2026-10-08
S1e7l3by,竈山,"135.20723,34.20723",2.1,DEM5A,地理院タイル 標高タイル 2026-10-08
S1e7lp2e,筑豊香月,"130.71903,33.79953",6.6,DEM5A,地理院タイル 標高タイル 2026-10-08
S1e8fbp6,広電五日市,"132.36789,34.36650",1.7,DEM5A,地理院タイル 標高タイル 2026-10-08
S1e8j5ys,京都市役所前,"135.76895,35.01091",41.2,DEM5A,地理院タイル 標高タイル 2026-10-08
S1e9f8dm,草道,"130.23353,31.85441",3.3,DEM5A,地理院タイル 標高タイル 2026-10-08
S1e9hb84,三宮・花時計前,"135.19598,34.69181",7.4,DEM5A,地理院タイル 標高タイル 2026-10-08
S1e9lofy,亀有,"139.84756,35.76654",1.0,DEM5A,地理院タイル 標高タイル 2026-10-08
S1e9t3tl,猿投,"137.17871,35.12174",73.9,DEM5A,地理院タイル 標高タイル 2026-10-08
S1ea5bcz,競輪場前,"137.23395,36.75749",2.6,DEM5A,地理院タイル 標高タイル 2026-10-08
S1eadmrf,鶴見小野,"139.68127,35.49702",2.6,DEM5A,地理院タイル 標高タイル 2026-10-08
S1eaih6y,野々市,"136.62088,36.53583",16.4,DEM5A,地理院タイル 標高タイル 2026-10-08
S1ean1bn,大鳥居,"139.74023,35.55232",1.0,DEM5A,地理院タイル 標高タイル 2026-10-08
S1eathkk,藤の牛島,"139.77807,35.98033",5.5,DEM5A,地理院タイル 標高タイル 2026-10-08
S1eayr5e,錦町,"131.96304,34.26481",98.1,DEM5A,地理院タイル 標高タイル 2026-10-08
S1eb3yad,伊達,"140.49338,37.82428",66.7,DEM5A,地理院タイル 標高タイル 2026-10-08
S1eb8zjd,高野口,"135.55693,34.30762",79.8,DEM5A,地理院タイル 標高タイル 2026-10-08
S1eb9jas,岸本,"133.40948,35.38739",40.2,DEM5A,地理院タイル 標高タイル 2026-10-08
S1ebut6v,宇佐美,"139.07978,35.00563",13.5,DEM5A,地理院タイル 標高タイル 2026-10-08
S1ec0s8r,日華化学前,"136.20648,36.08078",6.8,DEM5A,地理院タイル 標高タイル 2026-10-08
S1ecc33h,那須塩原,"140.02076,36.93150",275.7,DEM10B,地理院タイル 標高タイル 2026-10-08
S1edokot,筑前岩屋,"130.88156,33.43078",257.5,DEM5A,地理院タイル 標高タイル 2026-10-08
S1edukmy,牛久保,"137.38172,34.80857",11.5,DEM5A,地理院タイル 標高タイル 2026-10-08
S1edvnk2,南摂津,"135.56876,34.76509",4.0,DEM5A,地理院タイル 標高タイル 2026-10-08
S1eeqorq,西和田,"145.54189,43.26805",52.0,DEM5A,地理院タイル 標高タイル 2026-10-08
S1eerumc,川尻,"130.67972,32.74352",5.2,DEM5A,地理院タイル 標高タイル 2026-10-08
S1eexndr,朝日大塚,"136.19358,35.05099",135.4,DEM5A,地理院タイル 標高タイル 2026-10-08
S1efjn1e,四辻,"131.44784,34.08004",11.0,DEM5A,地理院タイル 標高タイル 2026-10-08
S1eg6n59,八木西口,"135.79075,34.50966",62.6,DEM5A,地理院タイル 標高タイル 2026-10-08
S1egccrk,大街道,"132.76967,33.84125",25.3,DEM5A,地理院タイル 標高タイル 2026-10-08
S1egcvy5,上泉,"139.10656,36.39418",96.8,DEM5A,地理院タイル 標高タイル 2026-10-08
S1egfk6m,西鉄二日市,"130.51789,33.50214",31.9,DEM5A,地理院タイル 標高タイル 2026-10-08
S1egqji7,八栗口,"134.13681,34.33908",11.8,DEM5A,地理院タイル 標高タイル 2026-10-08
S1eh6u24,二上神社口,"135.69407,34.53202",87.3,DEM5A,地理院タイル 標高タイル 2026-10-08
S1eha6ni,京橋,"139.77017,35.67680",4.1,DEM5A,地理院タイル 標高タイル 2026-10-08
S1ehjahv,水前寺,"130.72974,32.79688",12.2,DEM5A,地理院タイル 標高タイル 2026-10-08
S1ehxmfw,泉大津,"135.40677,34.50336",2.7,DEM5A,地理院タイル 標高タイル 2026-10-08
S1eji72e,彩都西,"135.52286,34.85507",112.8,DEM5A,地理院タイル 標高タイル 2026-10-08
S1ejpli2,杉塘,"130.69710,32.81049",8.7,DEM5A,地理院タイル 標高タイル 2026-10-08
S1ek3dbv,赤井,"140.86633,37.08064",14.5,DEM5A,地理院タイル 標高タイル 2026-10-08
S1ek3fdz,下諏訪,"138.08562,36.07195",767.5,DEM5A,地理院タイル 標高タイル 2026-10-08
S1ek4lld,明治神宮前,"139.70452,35.66870",24.4,DEM5A,地理院タイル 標高タイル 2026-10-08
S1ekhv9s,富田林,"135.60074,34.50433",65.5,DEM5A,地理院タイル 標高タイル 2026-10-08
S1ekk5vj,新栃木,"139.74235,36.39006",48.7,DEM5A,地理院タイル 標高タイル 2026-10-08
S1ektrkd,越ノ潟,"137.11193,36.77484",1.3,DEM5A,地理院タイル 標高タイル 2026-10-08
S1ekzyah,尾道,"133.19301,34.40484",3.1,DEM5A,地理院タイル 標高タイル 2026-10-08
S1elcm3n,味坂,"130.54059,33.35296",13.5,DEM5A,地理院タイル 標高タイル 2026-10-08
S1emg0v5,佐原,"140.49377,35.89493",2.2,DEM5A,地理院タイル 標高タイル 2026-10-08
S1en4c46,岡町,"135.46507,34.77892",20.7,DEM5A,地理院タイル 標高タイル 2026-10-08
S1eonadh,西明石,"134.96038,34.66645",20.5,DEM5A,地理院タイル 標高タイル 2026-10-08
S1eopf9w,羽村,"139.31630,35.75794",144.8,DEM5A,地理院タイル 標高タイル 2026-10-08
S1ep1ayy,楽田,"136.95009,35.33055",39.5,DEM5A,地理院タイル 標高タイル 2026-10-08
S1ep9gcu,二軒茶屋,"130.54139,31.55014",7.1,DEM5A,地理院タイル 標高タイル 2026-10-08
S1eprr7r,梅ヶ谷,"136.35656,34.25803",191.6,DEM5A,地理院タイル 標高タイル 2026-10-08
S1epz447,網引,"134.87808,34.86203",33.1,DEM5A,地理院タイル 標高タイル 2026-10-08
S1eq1yuu,牛津,"130.20133,33.24783",3.8,DEM5A,地理院タイル 標高タイル 2026-10-08
S1eq8zly,梅屋敷,"139.72817,35.56679",2.5,DEM5A,地理院タイル 標高タイル 2026-10-08
S1eqi8ov,鮎川,"140.07139,39.32858",16.9,DEM5A,地理院タイル 標高タイル 2026-10-08
S1eqz3ez,上穂波,"130.64527,33.56692",56.9,DEM5A,地理院タイル 標高タイル 2026-10-08
S1erbec7,五十鈴川,"136.72730,34.47644",12.2,DEM5A,地理院タイル 標高タイル 2026-10-08
S1erfz4z,新羽島,"136.68695,35.31533",4.5,DEM5A,地理院タイル 標高タイル 2026-10-08
S1ersmky,東柏崎,"138.56591,37.37405",9.6,DEM5A,地理院タイル 標高タイル 2026-10-08
S1eschzq,西小坂井,"137.35273,34.79701",6.0,DEM5A,地理院タイル 標高タイル 2026-10-08
S1esoh62,公立病院前,"130.92189,32.25603",153.3,DEM5A,地理院タイル 標高タイル 2026-10-08
S1et8zga,伊勢奥津,"136.26000,34.51217",269.3,DEM5A,地理院タイル 標高タイル 2026-10-08
S1etb8xf,玉柏,"133.96452,34.71696",12.2,DEM5A,地理院タイル 標高タイル 2026-10-08
S1eti4ja,弁天島,"137.60341,34.69001",5.6,DEM5A,地理院タイル 標高タイル 2026-10-08
S1etlh3p,原生花園,"144.41439,43.94102",4.7,DEM5A,地理院タイル 標高タイル 2026-10-08
S1etrk0l,津軽新城,"140.67149,40.82781",12.3,DEM5A,地理院タイル 標高タイル 2026-10-08
S1etwveb,西別所,"136.66564,35.05960",9.7,DEM5A,地理院タイル 標高タイル 2026-10-08
S1etxkbm,暁学園前,"136.60595,35.03282",23.0,DEM5A,地理院タイル 標高タイル 2026-10-08
S1etzdzc,安房鴨川,"140.10371,35.10762",5.1,DEM5A,地理院タイル 標高タイル 2026-10-08
S1euirhu,西一宮,"136.79214,35.30748",7.6,DEM5A,地理院タイル 標高タイル 2026-10-08
S1euveuz,南矢代,"135.17480,35.03764",197.3,DEM5A,地理院タイル 標高タイル 2026-10-08
S1evb39v,発寒,"141.27663,43.10019",7.4,DEM5A,地理院タイル 標高タイル 2026-10-08
S1evl5k1,七塚,"132.98588,34.84439",233.2,DEM5A,地理院タイル 標高タイル 2026-10-08
S1ewbld3,八木沢・宮古短大,"141.94637,39.61930",11.0,DEM5A,地理院タイル 標高タイル 2026-10-08
S1ewhsc3,清水公園,"139.86031,35.95880",8.4,DEM5A,地理院タイル 標高タイル 2026-10-08
S1ewux6g,三菱自工前,"133.73415,34.52282",3.0,DEM5A,地理院タイル 標高タイル 2026-10-08
S1exepx0,堺東,"135.48503,34.57585",6.0,DEM5A,地理院タイル 標高タイル 2026-10-08
S1exwifb,蔵前,"139.79168,35.70441",2.3,DEM5A,地理院タイル 標高タイル 2026-10-08
S1ey09v4,栄,"133.74504,34.53802",1.8,DEM5A,地理院タイル 標高タイル 2026-10-08
S1ey1hq3,川岸,"138.02196,36.03298",757.4,DEM5A,地理院タイル 標高タイル 2026-10-08
S1eyahkf,八潮,"139.84473,35.80777",2.9,DEM5A,地理院タイル 標高タイル 2026-10-08
S1eybh0m,備前福河,"134.33168,34.74670",3.1,DEM5A,地理院タイル 標高タイル 2026-10-08
S1eyujqp,高砂,"134.80236,34.75198",2.6,DEM5A,地理院タイル 標高タイル 2026-10-08
S1eyx20a,友部,"140.30603,36.35046",48.1,DEM5A,地理院タイル 標高タイル 2026-10-08
S1ez19vg,開聞,"130.53474,31.20397",38.4,DEM5A,地理院タイル 標高タイル 2026-10-08
S1ez6djd,明見橋,"133.61793,33.57468",3.7,DEM5A,地理院タイル 標高タイル 2026-10-08
S1ez9a13,上川内,"130.29173,31.83594",6.5,DEM5A,地理院タイル 標高タイル 2026-10-08
S1ezn3s1,古口,"140.14598,38.73716",38.5,DEM5A,地理院タイル 標高タイル 2026-10-08
S1ezuk3k,西ヶ方,"132.76716,33.18745",51.0,DEM5A,地理院タイル 標高タイル 2026-10-08
S1ezvffr,東武宇都宮,"139.88060,36.55866",124.7,DEM5A,地理院タイル 標高タイル 2026-10-08
S1ezx8xu,幌平橋,"141.35584,43.04022",32.5,DEM5A,地理院タイル 標高タイル 2026-10-08
S1f01qkb,千鳥,"130.47635,33.74905",16.8,DEM5A,地理院タイル 標高タイル 2026-10-08
S1f053v4,竜野,"134.52196,34.82546",12.2,DEM5A,地理院タイル 標高タイル 2026-10-08
S1f06723,石部,"136.05307,35.01770",120.8,DEM5A,地理院タイル 標高タイル 2026-10-08
S1f0w69h,弘前学院大前,"140.47066,40.58337",58.0,DEM5A,地理院タイル 標高タイル 2026-10-08
S1f0yxw7,市が尾,"139.54126,35.55127",27.6,DEM5A,地理院タイル 標高タイル 2026-10-08
S1f1fx8z,紀見峠,"135.60030,34.36576",224.9,DEM5A,地理院タイル 標高タイル 2026-10-08
S1f1ppft,魚沼丘陵,"138.87757,37.09612",206.8,DEM5A,地理院タイル 標高タイル 2026-10-08
S1f22qim,替佐,"138.32414,36.76930",332.9,DEM5A,地理院タイル 標高タイル 2026-10-08
S1f2g957,長府,"130.99933,34.01924",5.6,DEM5A,地理院タイル 標高タイル 2026-10-08
S1f2o05o,野里,"134.71133,34.85619",22.7,DEM5A,地理院タイル 標高タイル 2026-10-08
S1f2opzk,筑前内野,"130.63811,33.53995",85.0,DEM5A,地理院タイル 標高タイル 2026-10-08
S1f2tedy,渋民,"141.15423,39.83474",200.7,DEM5A,地理院タイル 標高タイル 2026-10-08
S1f2vyc5,志賀本通,"136.92121,35.19627",6.2,DEM5A,地理院タイル 標高タイル 2026-10-08
S1f3cnqj,電気ビル前,"137.21606,36.69747",6.8,DEM5A,地理院タイル 標高タイル 2026-10-08
S1f3cv5r,並河,"135.55505,35.03229",96.8,DEM5A,地理院タイル 標高タイル 2026-10-08
S1f3o2hd,滝沢,"141.14955,39.79900",228.2,DEM5A,地理院タイル 標高タイル 2026-10-08
S1f3pmca,平倉,"141.59566,39.26467",389.4,DEM5A,地理院タイル 標高タイル 2026-10-08
S1f4a2ma,舟形,"140.31611,38.69171",75.7,DEM5A,地理院タイル 標高タイル 2026-10-08
S1f4hzqt,道場南口,"135.22318,34.85614",169.2,DEM5A,地理院タイル 標高タイル 2026-10-08
S1f4lmju,五十猛,"132.44093,35.19281",6.2,DEM5A,地理院タイル 標高タイル 2026-10-08
S1f4qjiy,陸前稲井,"141.33490,38.44542",0.4,DEM5A,地理院タイル 標高タイル 2026-10-08
S1f4tdpn,阿佐ヶ谷,"139.63626,35.70489",41.0,DEM5A,地理院タイル 標高タイル 2026-10-08
S1f5x9ot,新平野,"135.80725,35.47310",15.8,DEM5A,地理院タイル 標高タイル 2026-10-08
S1f61q70,古虎渓,"137.10175,35.30383",88.5,DEM5A,地理院タイル 標高タイル 2026-10-08
S1f67u8u,東野,"135.81682,34.98240",51.3,DEM5A,地理院タイル 標高タイル 2026-10-08
S1f6eri8,立道,"134.55764,34.16204",2.3,DEM5A,地理院タイル 標高タイル 2026-10-08
S1f6r3sf,江南,"132.68323,35.31527",3.3,DEM5A,地理院タイル 標高タイル 2026-10-08
S1f73aws,田立,"137.54903,35.58823",350.5,DEM5A,地理院タイル 標高タイル 2026-10-08
S1f8u3mw,備前片岡,"133.86123,34.54424",2.5,DEM5A,地理院タイル 標高タイル 2026-10-08
S1f92v83,びわ湖浜大津,"135.86401,35.01129",86.9,DEM5A,地理院タイル 標高タイル 2026-10-08
S1f9kneg,モレラ岐阜,"136.66971,35.45494",21.5,DEM5A,地理院タイル 標高タイル 2026-10-08
S1fa30k2,撮影所前,"135.70270,35.01568",39.4,DEM5A,地理院タイル 標高タイル 2026-10-08
S1fa8cdf,肥後田浦,"130.50467,32.35060",2.2,DEM5A,地理院タイル 標高タイル 2026-10-08
S1fahwur,山岡,"137.39571,35.35002",467.7,DEM5A,地理院タイル 標高タイル 2026-10-08
S1favx56,小千谷,"138.81335,37.30997",69.8,DEM5A,地理院タイル 標高タイル 2026-10-08
S1fb5g3m,小鶴新田,"140.93496,38.27340",3.9,DEM5A,地理院タイル 標高タイル 2026-10-08
S1fbb1ki,東山・おかでんミュージアム,"133.94298,34.65618",3.3,DEM5A,地理院タイル 標高タイル 2026-10-08
S1fc0p4x,武蔵新城,"139.62909,35.58742",10.0,DEM5A,地理院タイル 標高タイル 2026-10-08
S1fc5zig,東名,"141.14393,38.37528",23.7,DEM5A,地理院タイル 標高タイル 2026-10-08
S1fcnrds,阿母崎,"130.17023,32.83009",4.3,DEM5A,地理院タイル 標高タイル 2026-10-08
S1fcp89m,長尾,"135.71303,34.82595",67.1,DEM5A,地理院タイル 標高タイル 2026-10-08
S1fcz5ec,後免中町,"133.64598,33.57546",12.8,DEM5A,地理院タイル 標高タイル 2026-10-08
S1fcznm0,稲野,"135.41564,34.76506",8.7,DEM5A,地理院タイル 標高タイル 2026-10-08
S1fd3rov,高須,"133.57711,33.55913",0.7,DEM5A,地理院タイル 標高タイル 2026-10-08
S1fdoegc,福井城址大名町,"136.21758,36.06353",8.4,DEM5A,地理院タイル 標高タイル 2026-10-08
S1fe38bm,市来,"130.30292,31.68993",5.0,DEM5A,地理院タイル 標高タイル 2026-10-08
S1fe3ili,計算科学センター,"135.22153,34.65481",4.6,DEM5A,地理院タイル 標高タイル 2026-10-08
S1fek5ur,名鉄一宮,"136.79698,35.30208",8.6,DEM5A,地理院タイル 標高タイル 2026-10-08
S1feldbt,北大町,"137.85807,36.51761",731.6,DEM5A,地理院タイル 標高タイル 2026-10-08
S1ffbto5,貞光,"134.05931,34.03931",54.1,DEM5A,地理院タイル 標高タイル 2026-10-08
S1fffohr,西山公園,"136.18577,35.95249",29.0,DEM5A,地理院タイル 標高タイル 2026-10-08
S1ffhopd,上野市,"136.12944,34.76768",150.5,DEM5A,地理院タイル 標高タイル 2026-10-08
S1fflp63,岩水寺,"137.79258,34.83770",46.0,DEM5A,地理院タイル 標高タイル 2026-10-08
S1fg0fe8,西宮北口,"135.35689,34.74601",5.8,DEM5A,地理院タイル 標高タイル 2026-10-08
S1fgaxoe,一本松,"130.83551,33.65601",42.9,DEM5A,地理院タイル 標高タイル 2026-10-08
S1fh5wwu,中原,"130.44012,33.34629",30.4,DEM5A,地理院タイル 標高タイル 2026-10-08
S1fhdoj1,布原,"133.42233,34.98808",229.8,DEM5A,地理院タイル 標高タイル 2026-10-08
S1fhif6v,弓ヶ浜,"133.28856,35.46677",5.0,DEM5A,地理院タイル 標高タイル 2026-10-08
S1fhm41t,市役所前,"138.19122,36.64809",361.6,DEM5A,地理院タイル 標高タイル 2026-10-08
S1fhm5g3,下井草,"139.62473,35.72387",44.9,DEM5A,地理院タイル 標高タイル 2026-10-08
S1fhzs0c,都立大学,"139.67644,35.61785",25.9,DEM5A,地理院タイル 標高タイル 2026-10-08
S1ficf9n,北伊予,"132.74880,33.78733",13.4,DEM5A,地理院タイル 標高タイル 2026-10-08
S1fihyu9,大師前,"139.78166,35.77895",2.0,DEM5A,地理院タイル 標高タイル 2026-10-08
S1fim6g0,比島,"136.48411,36.06598",111.9,DEM5A,地理院タイル 標高タイル 2026-10-08
S1fiu2j9,桜ヶ丘,"139.46574,35.45053",56.1,DEM5A,地理院タイル 標高タイル 2026-10-08
S1fiuxy3,京成酒々井,"140.27017,35.73692",5.2,DEM5A,地理院タイル 標高タイル 2026-10-08
S1fizioj,柱野,"132.15457,34.14385",32.3,DEM5A,地理院タイル 標高タイル 2026-10-08
S1fj1ir1,城ヶ崎海岸,"139.12193,34.89019",92.0,DEM5A,地理院タイル 標高タイル 2026-10-08
S1fjel5n,国分寺,"139.48013,35.70045",71.7,DEM5A,地理院タイル 標高タイル 2026-10-08
S1fjvycz,誉田,"140.21379,35.54700",59.5,DEM5A,地理院タイル 標高タイル 2026-10-08
S1fk0pwb,大形,"139.12933,37.91543",1.1,DEM5A,地理院タイル 標高タイル 2026-10-08
S1fk1iz6,グランド通,"133.52939,33.55756",2.6,DEM5A,地理院タイル 標高タイル 2026-10-08
S1fka8x6,塩塚,"130.43118,33.14396",3.6,DEM5A,地理院タイル 標高タイル 2026-10-08
S1fkb728,上道,"133.23084,35.53119",2.4,DEM5A,地理院タイル 標高タイル 2026-10-08
S1fkibpz,白銀,"141.54172,40.52202",6.7,DEM5A,地理院タイル 標高タイル 2026-10-08
S1fkvoqi,笠師保,"136.85775,37.07950",0.6,DEM5A,地理院タイル 標高タイル 2026-10-08
S1fm3ji9,八橋,"133.67359,35.50310",7.3,DEM5A,地理院タイル 標高タイル 2026-10-08
S1fm5e2j,京王多摩センター,"139.42416,35.62523",86.4,DEM5A,地理院タイル 標高タイル 2026-10-08
S1fm7tz7,文の里,"135.51828,34.63583",7.4,DEM5A,地理院タイル 標高タイル 2026-10-08
S1fmalty,茅野,"138.15195,35.99476",790.3,DEM5A,地理院タイル 標高タイル 2026-10-08
S1fmgwut,野田阪神,"135.47487,34.69411",-0.4,DEM5A,地理院タイル 標高タイル 2026-10-08
S1fmi244,夜明,"130.86622,33.31959",70.8,DEM5A,地理院タイル 標高タイル 2026-10-08
S1fmir5r,東久留米,"139.53375,35.76045",46.5,DEM5A,地理院タイル 標高タイル 2026-10-08
S1fmldgv,二俣尾,"139.21615,35.80394",235.9,DEM5A,地理院タイル 標高タイル 2026-10-08
S1fn26rk,新高徳,"139.71071,36.77977",325.0,DEM5A,地理院タイル 標高タイル 2026-10-08
S1fn3odk,護国寺,"139.72745,35.71918",13.3,DEM5A,地理院タイル 標高タイル 2026-10-08
S1fn5k57,伊賀,"130.47365,33.62105",12.8,DEM5A,地理院タイル 標高タイル 2026-10-08
S1fnygmw,新深江,"135.55421,34.66819",2.1,DEM5A,地理院タイル 標高タイル 2026-10-08
S1fon5qu,中島,"136.86141,35.12519",-0.2,DEM5A,地理院タイル 標高タイル 2026-10-08
S1foo6zb,波根,"132.52609,35.24015",6.4,DEM5A,地理院タイル 標高タイル 2026-10-08
S1fop9tj,只見,"139.31481,37.35025",378.0,DEM5A,地理院タイル 標高タイル 2026-10-08
S1ford5o,糸田,"130.78571,33.65662",21.4,DEM5A,地理院タイル 標高タイル 2026-10-08
S1fotwht,福井,"133.74447,34.57000",5.7,DEM5A,地理院タイル 標高タイル 2026-10-08
S1fp7ptc,大溝,"130.44979,33.22694",5.1,DEM5A,地理院タイル 標高タイル 2026-10-08
S1fp9f35,東栄,"137.71385,35.02897",259.3,DEM5A,地理院タイル 標高タイル 2026-10-08
S1fpg09b,ときわ台,"139.68876,35.75890",28.1,DEM5A,地理院タイル 標高タイル 2026-10-08
S1fpsjzu,東山公園,"136.97264,35.16063",32.4,DEM5A,地理院タイル 標高タイル 2026-10-08
S1fpy2ik,霞ヶ浦,"136.63692,34.99343",3.7,DEM5A,地理院タイル 標高タイル 2026-10-08
S1fqfwof,羽田空港第3ターミナル,"139.76782,35.54445",4.1,DEM5A,地理院タイル 標高タイル 2026-10-08
S1fqzf45,花輪,"139.30770,36.52083",289.5,DEM5A,地理院タイル 標高タイル 2026-10-08
S1freynj,井原,"137.42183,34.76418",21.7,DEM5A,地理院タイル 標高タイル 2026-10-08
S1frlugr,西有田,"129.85002,33.20991",44.0,DEM5A,地理院タイル 標高タイル 2026-10-08
S1frutyw,女学院前,"132.46490,34.39816",1.7,DEM5A,地理院タイル 標高タイル 2026-10-08
S1fs8e9w,西郷,"130.24400,32.87292",7.3,DEM5A,地理院タイル 標高タイル 2026-10-08
S1fsmpgb,善光寺下,"138.19367,36.65839",371.3,DEM5A,地理院タイル 標高タイル 2026-10-08
S1ftchkw,村上,"140.11864,35.72378",10.8,DEM5A,地理院タイル 標高タイル 2026-10-08
S1ftdg45,堀川小泉,"137.21938,36.67546",16.6,DEM5A,地理院タイル 標高タイル 2026-10-08
S1ftg1h8,河内森,"135.68565,34.77383",39.7,DEM5A,地理院タイル 標高タイル 2026-10-08
S1ftihkf,三本松口,"133.32315,35.44615",6.6,DEM5A,地理院タイル 標高タイル 2026-10-08
S1fts6aj,谷之口,"131.34463,31.53338",16.7,DEM5A,地理院タイル 標高タイル 2026-10-08
S1ftvliv,立野,"130.96514,32.87763",276.7,DEM5A,地理院タイル 標高タイル 2026-10-08
S1ftx3xs,尻手,"139.68430,35.53097",7.3,DEM5A,地理院タイル 標高タイル 2026-10-08
S1fu0irb,遠江一宮,"137.88909,34.81806",32.0,DEM5A,地理院タイル 標高タイル 2026-10-08
S1fu47a3,紀伊富田,"135.39346,33.65250",4.7,DEM5A,地理院タイル 標高タイル 2026-10-08
S1fubozj,奥町,"136.76110,35.32435",6.5,DEM5A,地理院タイル 標高タイル 2026-10-08
S1fuc5na,砺波,"136.95356,36.63641",53.2,DEM5A,地理院タイル 標高タイル 2026-10-08
S1fums7m,豊岡,"134.81343,35.54450",4.3,DEM5A,地理院タイル 標高タイル 2026-10-08
S1fupo4a,蘭留,"142.47347,43.92502",183.8,DEM5A,地理院タイル 標高タイル 2026-10-08
S1fv61rv,三沢,"141.35359,40.66992",13.5,DEM5A,地理院タイル 標高タイル 2026-10-08
S1fv7vsy,和田山,"134.85136,35.34140",70.3,DEM5A,地理院タイル 標高タイル 2026-10-08
S1fvbr8m,地名,"138.08729,34.98599",203.2,DEM5A,地理院タイル 標高タイル 2026-10-08
S1fvdppt,小野新町,"140.63657,37.27578",431.3,DEM5A,地理院タイル 標高タイル 2026-10-08
S1fvkyy2,宮ノ平,"139.23731,35.78759",218.6,DEM5A,地理院タイル 標高タイル 2026-10-08
S1fvqljr,幸谷,"139.92006,35.82704",4.1,DEM5A,地理院タイル 標高タイル 2026-10-08
S1fvthjv,京成幕張本郷,"140.04167,35.67292",16.9,DEM5A,地理院タイル 標高タイル 2026-10-08
S1fwju0n,曽根,"134.76992,34.79325",3.4,DEM5A,地理院タイル 標高タイル 2026-10-08
S1fwqm8g,標茶,"144.60844,43.29843",23.6,DEM5A,地理院タイル 標高タイル 2026-10-08
S1fwuxsa,別府,"134.85069,34.73024",6.9,DEM5A,地理院タイル 標高タイル 2026-10-08
S1fxpd4d,守口,"135.56435,34.73844",3.3,DEM5A,地理院タイル 標高タイル 2026-10-08
S1fy3vqh,石田,"130.88915,33.83219",11.3,DEM5A,地理院タイル 標高タイル 2026-10-08
S1fylfna,両石,"141.88909,39.30810",23.6,DEM5A,地理院タイル 標高タイル 2026-10-08
S1fz3fks,舞子公園,"135.03385,34.63423",11.8,DEM5A,地理院タイル 標高タイル 2026-10-08
S1fz5268,九州鉄道記念館,"130.96265,33.94446",3.5,DEM5A,地理院タイル 標高タイル 2026-10-08
S1fz8p21,榎井,"133.82957,34.19433",73.7,DEM5A,地理院タイル 標高タイル 2026-10-08
S1fzauwb,金山,"136.90148,35.14343",10.0,DEM5A,地理院タイル 標高タイル 2026-10-08
S1fzej7f,三股,"131.11945,31.73376",180.3,DEM10B,地理院タイル 標高タイル 2026-10-08
S1fzuwjg,養鱒公園,"139.84182,37.22451",541.4,DEM5A,地理院タイル 標高タイル 2026-10-08
S1fzvnvh,藤沢,"139.48701,35.33822",12.7,DEM5A,地理院タイル 標高タイル 2026-10-08
S1fzx7qo,川渡温泉,"140.77920,38.73686",133.7,DEM5A,地理院タイル 標高タイル 2026-10-08
S1fzznwk,土佐山田,"133.68471,33.60715",43.2,DEM5A,地理院タイル 標高タイル 2026-10-08
S1g079yr,信濃大町,"137.86169,36.50022",712.8,DEM5A,地理院タイル 標高タイル 2026-10-08
S1g0qd72,東福寺,"135.76986,34.98142",32.9,DEM5A,地理院タイル 標高タイル 2026-10-08
S1g0yrly,首里,"127.72556,26.21917",115.1,DEM5A,地理院タイル 標高タイル 2026-10-08
S1g134vh,都府楼前,"130.50801,33.51164",29.9,DEM5A,地理院タイル 標高タイル 2026-10-08
S1g1d024,五箇荘,"136.19725,35.15484",109.6,DEM5A,地理院タイル 標高タイル 2026-10-08
S1g1erll,梁川,"140.60347,37.84600",44.8,DEM5A,地理院タイル 標高タイル 2026-10-08
S1g1m564,杉河内,"131.06545,33.26434",254.6,DEM5A,地理院タイル 標高タイル 2026-10-08
S1g1sk75,大蔵谷,"135.00841,34.64659",4.3,DEM5A,地理院タイル 標高タイル 2026-10-08
S1g219bo,東富山,"137.24892,36.74107",7.0,DEM5A,地理院タイル 標高タイル 2026-10-08
S1g24ad4,赤坂田,"141.00394,40.04851",384.4,DEM5A,地理院タイル 標高タイル 2026-10-08
S1g2fgjh,咥内,"133.47111,33.55253",24.3,DEM5A,地理院タイル 標高タイル 2026-10-08
S1g2i6z8,鶴来,"136.62383,36.45219",89.8,DEM5A,地理院タイル 標高タイル 2026-10-08
S1g34ecn,西辛島町,"130.70217,32.79873",12.1,DEM5A,地理院タイル 標高タイル 2026-10-08
S1g3mmff,平井,"132.82868,33.80871",65.7,DEM5A,地理院タイル 標高タイル 2026-10-08
S1g3o3n4,発寒南,"141.29022,43.08153",28.5,DEM5A,地理院タイル 標高タイル 2026-10-08
S1g3rbip,西御料,"142.37155,43.72084",128.0,DEM5A,地理院タイル 標高タイル 2026-10-08
S1g3t6k2,南太田,"139.61363,35.43689",10.2,DEM5A,地理院タイル 標高タイル 2026-10-08
S1g3ykmt,養老,"136.55684,35.28677",20.1,DEM5A,地理院タイル 標高タイル 2026-10-08
S1g4g6x3,吾桑,"133.29567,33.43028",26.0,DEM5A,地理院タイル 標高タイル 2026-10-08
S1g4jkwb,影森,"139.06839,35.97199",257.9,DEM5A,地理院タイル 標高タイル 2026-10-08
S1g50een,梅坪,"137.16228,35.09967",36.2,DEM5A,地理院タイル 標高タイル 2026-10-08
S1g5v9ab,三ヶ森,"130.73610,33.83487",11.1,DEM5A,地理院タイル 標高タイル 2026-10-08
S1g65qnq,本巣,"136.66989,35.48790",37.3,DEM5A,地理院タイル 標高タイル 2026-10-08
S1g6up6d,銀水,"130.46090,33.05491",5.8,DEM5A,地理院タイル 標高タイル 2026-10-08
S1g7bbo1,梅田,"135.49768,34.70313",0.5,DEM5A,地理院タイル 標高タイル 2026-10-08
S1g7bkr3,清流新岩国,"132.14769,34.16249",18.3,DEM5A,地理院タイル 標高タイル 2026-10-08
S1g7flxu,京成佐倉,"140.22986,35.72521",7.7,DEM5A,地理院タイル 標高タイル 2026-10-08
S1g7j97q,四天王寺前夕陽ヶ丘,"135.51418,34.65841",20.3,DEM5A,地理院タイル 標高タイル 2026-10-08
S1g8lo3f,千畳敷,"140.05469,40.76773",22.6,DEM5A,地理院タイル 標高タイル 2026-10-08
S1g8pibd,片瀬白田,"139.06122,34.80185",11.9,DEM5A,地理院タイル 標高タイル 2026-10-08
S1g8qfqq,新谷,"132.59853,33.53415",13.5,DEM5A,地理院タイル 標高タイル 2026-10-08
S1g8wev4,南陽市役所,"140.14900,38.05550",226.9,DEM5A,地理院タイル 標高タイル 2026-10-08
S1g8yigp,八丁堀,"132.46341,34.39430",1.8,DEM5A,地理院タイル 標高タイル 2026-10-08
S1g97tlx,魚市場通,"140.72283,41.76649",1.9,DEM5A,地理院タイル 標高タイル 2026-10-08
S1g9q720,中新湊,"137.08889,36.77500",1.1,DEM5A,地理院タイル 標高タイル 2026-10-08
S1ga0qp5,人形町,"139.78227,35.68617",3.2,DEM5A,地理院タイル 標高タイル 2026-10-08
S1gabk11,小作,"139.30228,35.77605",166.3,DEM5A,地理院タイル 標高タイル 2026-10-08
S1gabmpo,石橋阪大前,"135.44586,34.80817",34.8,DEM5A,地理院タイル 標高タイル 2026-10-08
S1gakiho,南高田,"138.24303,37.09680",16.6,DEM5A,地理院タイル 標高タイル 2026-10-08
S1gaqwet,高尾,"139.28217,35.64202",170.6,DEM5A,地理院タイル 標高タイル 2026-10-08
S1gb0fs8,武蔵境,"139.54391,35.70200",60.8,DEM5A,地理院タイル 標高タイル 2026-10-08
S1gbhs4k,三河豊田,"137.15093,35.05544",57.8,DEM5A,地理院タイル 標高タイル 2026-10-08
S1gbicbb,木曽平沢,"137.83229,35.97905",914.4,DEM5A,地理院タイル 標高タイル 2026-10-08
S1gc9kds,井の頭公園,"139.58312,35.69729",50.0,DEM5A,地理院タイル 標高タイル 2026-10-08
S1gcilb7,末広町,"139.77177,35.70284",3.6,DEM5A,地理院タイル 標高タイル 2026-10-08
S1gcl20n,元加治,"139.34531,35.84058",80.9,DEM5A,地理院タイル 標高タイル 2026-10-08
S1gcrauw,四ツ橋,"135.49675,34.67394",1.7,DEM5A,地理院タイル 標高タイル 2026-10-08
S1gcsu7c,西取手,"140.05944,35.90859",19.2,DEM5A,地理院タイル 標高タイル 2026-10-08
S1gcwv6g,北新地,"135.49710,34.69837",0.8,DEM5A,地理院タイル 標高タイル 2026-10-08
S1gd3hze,福井口,"136.23290,36.07015",9.4,DEM5A,地理院タイル 標高タイル 2026-10-08
S1gdg5j8,神畑,"138.21695,36.37785",453.0,DEM5A,地理院タイル 標高タイル 2026-10-08
S1gdptx7,豊田市,"137.15624,35.08726",36.1,DEM5A,地理院タイル 標高タイル 2026-10-08
S1ge025e,常永,"138.53313,35.61704",257.2,DEM5A,地理院タイル 標高タイル 2026-10-08
S1ge3vtx,佐世保中央,"129.72082,33.17104",6.1,DEM5A,地理院タイル 標高タイル 2026-10-08
S1ge6smm,下奥井,"137.22459,36.71192",7.0,DEM5A,地理院タイル 標高タイル 2026-10-08
S1gerirc,津島ノ宮,"133.70448,34.23824",3.9,DEM5A,地理院タイル 標高タイル 2026-10-08
S1getqfj,JR総持寺,"135.57767,34.82852",15.6,DEM5A,地理院タイル 標高タイル 2026-10-08
S1gew75c,青柳町,"140.71869,41.75652",15.6,DEM5A,地理院タイル 標高タイル 2026-10-08
S1gezp0g,近鉄四日市,"136.61846,34.96668",2.6,DEM5A,地理院タイル 標高タイル 2026-10-08
S1gf3vfs,伊豆高原,"139.10817,34.87746",65.8,DEM5A,地理院タイル 標高タイル 2026-10-08
S1gf7ewe,伊川谷,"135.04134,34.68787",45.6,DEM5A,地理院タイル 標高タイル 2026-10-08
S1gfi4nn,金町,"139.87039,35.76951",5.9,DEM5A,地理院タイル 標高タイル 2026-10-08
S1gfpe9f,会津山村道場,"139.73176,37.14420",616.2,DEM5A,地理院タイル 標高タイル 2026-10-08
S1ggg3xn,静間,"132.46804,35.19541",8.3,DEM5A,地理院タイル 標高タイル 2026-10-08
S1gghofk,湯川,"135.92514,33.60959",4.5,DEM5A,地理院タイル 標高タイル 2026-10-08
S1gguppn,諏訪ノ平,"141.30471,40.41501",24.4,DEM5A,地理院タイル 標高タイル 2026-10-08
S1gh1bic,高山,"137.25140,36.14069",572.8,DEM5A,地理院タイル 標高タイル 2026-10-08
S1gh1y65,弥富,"136.72584,35.11406",-1.6,DEM5A,地理院タイル 標高タイル 2026-10-08
S1ghu1gh,グランドプラザ前,"137.21375,36.68890",9.6,DEM5A,地理院タイル 標高タイル 2026-10-08
S1gi0hxx,銭函,"141.15992,43.14341",3.8,DEM10B,地理院タイル 標高タイル 2026-10-08
S1gi0nj4,馬田,"130.64067,33.40754",27.0,DEM5A,地理院タイル 標高タイル 2026-10-08
S1gitf2r,商工センター入口,"132.39201,34.37548",3.3,DEM5A,地理院タイル 標高タイル 2026-10-08
S1gjbykq,昭和町,"135.51689,34.63298",8.6,DEM5A,地理院タイル 標高タイル 2026-10-08
S1gjdjnl,田神,"136.77216,35.41128",10.4,DEM5A,地理院タイル 標高タイル 2026-10-08
S1gjlr5i,国立,"139.44642,35.69920",75.1,DEM5A,地理院タイル 標高タイル 2026-10-08
S1gjnkfg,三郷中央,"139.87837,35.82449",2.6,DEM5A,地理院タイル 標高タイル 2026-10-08
S1gkr7ol,西鉄千早,"130.44040,33.64950",3.5,DEM5A,地理院タイル 標高タイル 2026-10-08
S1gkskxy,島田,"138.17343,34.83015",58.3,DEM5A,地理院タイル 標高タイル 2026-10-08
S1gl9m3i,川名,"136.94826,35.14872",15.5,DEM5A,地理院タイル 標高タイル 2026-10-08
S1gltvls,東松阪,"136.54610,34.56555",4.4,DEM5A,地理院タイル 標高タイル 2026-10-08
S1gmecc0,黒薙,"137.62484,36.78662",337.8,DEM5A,地理院タイル 標高タイル 2026-10-08
S1gmjuec,古泉,"132.71712,33.79248",3.9,DEM5A,地理院タイル 標高タイル 2026-10-08
S1gmzvg9,桜川,"135.48650,34.66841",0.6,DEM5A,地理院タイル 標高タイル 2026-10-08
S1gmzvg9-2,桜川,"135.49030,34.66830",0.8,DEM5A,地理院タイル 標高タイル 2026-10-08
S1gn2js0,宇品三丁目,"132.46446,34.36414",-0.3,DEM5A,地理院タイル 標高タイル 2026-10-08
S1gn3cmg,船堀,"139.86386,35.68379",-1.0,DEM5A,地理院タイル 標高タイル 2026-10-08
S1gn94tn,修善寺,"138.95097,34.97927",50.3,DEM5A,地理院タイル 標高タイル 2026-10-08
S1gnas41,萱島,"135.61100,34.74740",4.3,DEM5A,地理院タイル 標高タイル 2026-10-08
S1gnc86u,白馬,"137.86390,36.69601",697.0,DEM5A,地理院タイル 標高タイル 2026-10-08
S1gnjub1,八戸,"141.43125,40.50923",9.0,DEM5A,地理院タイル 標高タイル 2026-10-08
S1gnoiz9,美濃白鳥,"136.86068,35.88531",369.6,DEM5A,地理院タイル 標高タイル 2026-10-08
S1gnwcpv,大草,"129.93904,32.86017",15.4,DEM5A,地理院タイル 標高タイル 2026-10-08
S1goghed,千綿,"129.94561,33.01307",2.7,DEM5A,地理院タイル 標高タイル 2026-10-08
S1gohhet,道上,"133.36119,34.55345",12.1,DEM5A,地理院タイル 標高タイル 2026-10-08
S1gpn0sh,高島町,"139.62365,35.45869",2.4,DEM5A,地理院タイル 標高タイル 2026-10-08
S1gq5imj,市坪,"132.74927,33.80915",14.5,DEM5A,地理院タイル 標高タイル 2026-10-08
S1gqi6s3,大原,"140.39103,35.25085",8.5,DEM5A,地理院タイル 標高タイル 2026-10-08
S1gqnho8,越後岩沢,"138.79720,37.24079",101.2,DEM5A,地理院タイル 標高タイル 2026-10-08
S1gr2u23,向原,"132.72009,34.61512",205.8,DEM5A,地理院タイル 標高タイル 2026-10-08
S1gr4maz,紀伊姫,"135.79628,33.49730",7.0,DEM5A,地理院タイル 標高タイル 2026-10-08
S1grs6dc,小布施,"138.31278,36.69899",349.9,DEM5A,地理院タイル 標高タイル 2026-10-08
S1grss7f,柏農高校前,"140.56445,40.60186",35.3,DEM5A,地理院タイル 標高タイル 2026-10-08
S1gsir7f,代々木,"139.70198,35.68379",37.8,DEM5A,地理院タイル 標高タイル 2026-10-08
S1gt5lnw,門真南,"135.59248,34.71675",2.4,DEM5A,地理院タイル 標高タイル 2026-10-08
S1gt9e0i,北濃,"136.82971,35.93021",444.9,DEM5A,地理院タイル 標高タイル 2026-10-08
S1gujtvg,新検見川,"140.07315,35.65182",18.1,DEM5A,地理院タイル 標高タイル 2026-10-08
S1guwfof,深江,"135.29145,34.72257",2.1,DEM5A,地理院タイル 標高タイル 2026-10-08
S1gv05c3,富田,"139.52879,36.31618",29.7,DEM5A,地理院タイル 標高タイル 2026-10-08
S1gv85tu,西相知,"129.99045,33.34749",10.7,DEM5A,地理院タイル 標高タイル 2026-10-08
S1gvittu,野田市,"139.87079,35.94374",14.3,DEM5A,地理院タイル 標高タイル 2026-10-08
S1gvxnsk,富岡前,"136.96218,35.37953",60.6,DEM5A,地理院タイル 標高タイル 2026-10-08
S1gw2wc3,体験坑道,"140.34764,41.25650",64.8,DEM5A,地理院タイル 標高タイル 2026-10-08
S1gw5rr0,有壁,"141.12110,38.86735",70.4,DEM5A,地理院タイル 標高タイル 2026-10-08
S1gwfjeo,本俣賀,"131.82692,34.65262",12.1,DEM5A,地理院タイル 標高タイル 2026-10-08
S1gwy4bl,播磨下里,"134.84022,34.88628",46.9,DEM5A,地理院タイル 標高タイル 2026-10-08
S1gx6mai,自治医大,"139.85451,36.39538",58.1,DEM5A,地理院タイル 標高タイル 2026-10-08
S1gxjfuu,東千葉,"140.12219,35.61698",5.8,DEM5A,地理院タイル 標高タイル 2026-10-08
S1gxoxlq,福音寺,"132.78890,33.82254",29.4,DEM5A,地理院タイル 標高タイル 2026-10-08
S1gy0nda,足尾,"139.44778,36.64191",640.2,DEM5A,地理院タイル 標高タイル 2026-10-08
S1gyb4f3,大山寺,"136.87479,35.26331",7.8,DEM5A,地理院タイル 標高タイル 2026-10-08
S1gzfvor,香呂,"134.73592,34.91136",46.5,DEM5A,地理院タイル 標高タイル 2026-10-08
S1h067an,北広島,"141.56312,42.97919",24.4,DEM5A,地理院タイル 標高タイル 2026-10-08
S1h083ne,東室蘭,"141.02621,42.34929",3.5,DEM5A,地理院タイル 標高タイル 2026-10-08
S1h09naw,床波,"131.30543,33.95256",3.4,DEM5A,地理院タイル 標高タイル 2026-10-08
S1h0nn3u,釧路湿原,"144.44781,43.10046",8.4,DEM5A,地理院タイル 標高タイル 2026-10-08
S1h0ryr9,金蔵寺,"133.77751,34.24815",18.6,DEM5A,地理院タイル 標高タイル 2026-10-08
S1h1i9sm,加茂,"136.84656,34.44420",6.6,DEM5A,地理院タイル 標高タイル 2026-10-08
S1h1k6fr,羽黒,"140.14300,36.35530",59.1,DEM5A,地理院タイル 標高タイル 2026-10-08
S1h27nxl,上川立,"132.78489,34.72534",183.0,DEM5A,地理院タイル 標高タイル 2026-10-08
S1h2cc1k,山門,"135.77287,35.11455",255.9,DEM5A,地理院タイル 標高タイル 2026-10-08
S1h2faro,野跡,"136.85419,35.07532",2.7,DEM5A,地理院タイル 標高タイル 2026-10-08
S1h2q7rp,仲町台,"139.58952,35.53531",37.9,DEM5A,地理院タイル 標高タイル 2026-10-08
S1h2us9j,駒ヶ根,"137.93686,35.73628",672.6,DEM5A,地理院タイル 標高タイル 2026-10-08
S1h31xld,上鳥羽口,"135.75273,34.96502",19.4,DEM5A,地理院タイル 標高タイル 2026-10-08
S1h32a0u,つきのわ,"139.34556,36.04351",53.0,DEM5A,地理院タイル 標高タイル 2026-10-08
S1h34j8d,津南,"138.63938,37.02350",210.5,DEM5A,地理院タイル 標高タイル 2026-10-08
S1h378et,小手指,"139.43804,35.80058",87.4,DEM5A,地理院タイル 標高タイル 2026-10-08
S1h3egfq,作並,"140.63255,38.31780",265.4,DEM5A,地理院タイル 標高タイル 2026-10-08
S1h3eim8,藤浪,"136.73891,35.18883",-0.3,DEM5A,地理院タイル 標高タイル 2026-10-08
S1h3lf4a,六本木一丁目,"139.73890,35.66508",19.7,DEM5A,地理院タイル 標高タイル 2026-10-08
S1h3wnbs,朽網,"130.95479,33.80768",4.7,DEM5A,地理院タイル 標高タイル 2026-10-08
S1h43nkk,センター北,"139.57828,35.55311",23.5,DEM5A,地理院タイル 標高タイル 2026-10-08
S1h46mi9,電鉄富山駅・エスタ前,"137.21407,36.69991",6.6,DEM5A,地理院タイル 標高タイル 2026-10-08
S1h482l1,鷹巣,"140.36967,40.23220",27.0,DEM5A,地理院タイル 標高タイル 2026-10-08
S1h4bw41,真滝,"141.17794,38.90827",52.6,DEM5A,地理院タイル 標高タイル 2026-10-08
S1h4g7io,新田老,"141.96728,39.73565",12.9,DEM5A,地理院タイル 標高タイル 2026-10-08
S1h58pux,自由ヶ丘,"136.96680,35.17539",49.6,DEM5A,地理院タイル 標高タイル 2026-10-08
S1h5g35m,白金高輪,"139.73428,35.64314",10.2,DEM5A,地理院タイル 標高タイル 2026-10-08
S1h5o5s5,富士見,"138.23786,35.91226",955.7,DEM5A,地理院タイル 標高タイル 2026-10-08
S1h5xp5l,興戸,"135.77868,34.80832",33.4,DEM5A,地理院タイル 標高タイル 2026-10-08
S1h6407b,岩屋,"135.21849,34.70420",6.4,DEM5A,地理院タイル 標高タイル 2026-10-08
S1h6ecxh,信濃川上,"138.52708,35.97588",1135.8,DEM5A,地理院タイル 標高タイル 2026-10-08
S1h6fpsu,和渕,"141.22046,38.52589",3.8,DEM5A,地理院タイル 標高タイル 2026-10-08
S1h7ejhd,樽井,"135.26136,34.37417",2.0,DEM5A,地理院タイル 標高タイル 2026-10-08
S1h8j7js,美園,"141.38577,43.03618",34.3,DEM5A,地理院タイル 標高タイル 2026-10-08
S1h8ukgt,介良通,"133.58367,33.56023",0.7,DEM5A,地理院タイル 標高タイル 2026-10-08
S1h9guvq,清水,"135.56081,34.72216",1.3,DEM5A,地理院タイル 標高タイル 2026-10-08
S1h9zy95,古川橋,"135.59129,34.73987",1.7,DEM5A,地理院タイル 標高タイル 2026-10-08
S1ha6dce,栗林公園北口,"134.04128,34.33465",5.2,DEM5A,地理院タイル 標高タイル 2026-10-08
S1ha823z,富士見町,"139.52932,35.34535",9.5,DEM5A,地理院タイル 標高タイル 2026-10-08
S1haom87,磐城,"135.71082,34.51129",78.7,DEM5A,地理院タイル 標高タイル 2026-10-08
S1hbg3ex,大越,"140.63044,37.38747",436.1,DEM5A,地理院タイル 標高タイル 2026-10-08
S1hc65ql,日和佐,"134.53061,33.72886",2.7,DEM5A,地理院タイル 標高タイル 2026-10-08
S1hcr49i,奥浜名湖,"137.54587,34.79501",7.5,DEM5A,地理院タイル 標高タイル 2026-10-08
S1hd4fp0,ほうらい丘,"135.86121,35.06832",219.5,DEM5A,地理院タイル 標高タイル 2026-10-08
S1hd7047,本郷台,"139.55012,35.36785",24.4,DEM5A,地理院タイル 標高タイル 2026-10-08
S1hdlmjg,百舌鳥八幡,"135.49833,34.56079",22.0,DEM5A,地理院タイル 標高タイル 2026-10-08
S1hdn53e,出水,"130.35821,32.08937",16.0,DEM5A,地理院タイル 標高タイル 2026-10-08
S1hdtlf0,名鉄名古屋,"136.88387,35.17044",2.2,DEM5A,地理院タイル 標高タイル 2026-10-08
S1he5osn,豊川,"137.39721,34.82255",16.6,DEM5A,地理院タイル 標高タイル 2026-10-08
S1heb76o,根府川,"139.13862,35.20255",45.6,DEM5A,地理院タイル 標高タイル 2026-10-08
S1heofhh,三田,"139.74912,35.64803",3.8,DEM5A,地理院タイル 標高タイル 2026-10-08
S1hf2j2o,和賀仙人,"140.90975,39.30824",166.2,DEM5A,地理院タイル 標高タイル 2026-10-08
S1hf6bzq,豊浦,"140.71543,42.58028",23.8,DEM5A,地理院タイル 標高タイル 2026-10-08
S1hff44p,長,"134.82573,34.89641",49.1,DEM5A,地理院タイル 標高タイル 2026-10-08
S1hfr2qt,吉祥寺,"139.58015,35.70272",54.8,DEM5A,地理院タイル 標高タイル 2026-10-08
S1hghk71,西大手,"136.12466,34.76691",148.2,DEM5A,地理院タイル 標高タイル 2026-10-08
S1hgiegp,胡麻,"135.46861,35.19530",192.6,DEM5A,地理院タイル 標高タイル 2026-10-08
S1hgjcyz,石山,"135.89879,34.98007",92.2,DEM5A,地理院タイル 標高タイル 2026-10-08
S1hgtm2b,北松本,"137.96110,36.23690",583.1,DEM5A,地理院タイル 標高タイル 2026-10-08
S1hgyqao,美濃本郷,"136.57180,35.44992",34.3,DEM5A,地理院タイル 標高タイル 2026-10-08
S1hh0d4y,つくば,"140.11055,36.08243",23.8,DEM5A,地理院タイル 標高タイル 2026-10-08
S1hhm8j7,黒田,"135.77782,34.56838",44.7,DEM5A,地理院タイル 標高タイル 2026-10-08
S1hhn84h,深川,"142.04145,43.72125",50.8,DEM5A,地理院タイル 標高タイル 2026-10-08
S1hhzwjh,淀川,"135.46520,34.69620",1.8,DEM5A,地理院タイル 標高タイル 2026-10-08
S1hi09so,本諫早（諫早市役所前）,"130.05274,32.84178",7.3,DEM5A,地理院タイル 標高タイル 2026-10-08
S1hicg26,スポーツ公園,"136.16823,35.91948",26.3,DEM5A,地理院タイル 標高タイル 2026-10-08
S1hihino,西戸崎,"130.35807,33.65064",3.2,DEM5A,地理院タイル 標高タイル 2026-10-08
S1hiida9,鹿沼,"139.76299,36.57119",164.2,DEM5A,地理院タイル 標高タイル 2026-10-08
S1him9vj,田添,"137.31778,36.67978",38.4,DEM5A,地理院タイル 標高タイル 2026-10-08
S1hj054f,南石下,"139.97394,36.10231",15.6,DEM5A,地理院タイル 標高タイル 2026-10-08
S1hjnsk9,松ノ馬場,"135.87033,35.06544",103.7,DEM5A,地理院タイル 標高タイル 2026-10-08
S1hjpyeu,京阪石山,"135.89963,34.97962",91.4,DEM5A,地理院タイル 標高タイル 2026-10-08
S1hjt54l,大和朝倉,"135.86897,34.51604",93.4,DEM5A,地理院タイル 標高タイル 2026-10-08
S1hjt5s8,上市,"137.35708,36.70448",32.3,DEM5A,地理院タイル 標高タイル 2026-10-08
S1hjzsux,三田本町,"135.22965,34.88175",146.6,DEM5A,地理院タイル 標高タイル 2026-10-08
S1hk6xic,桜井,"135.84587,34.51315",78.0,DEM5A,地理院タイル 標高タイル 2026-10-08
S1hkc0sp,筑前山手,"130.55722,33.62219",73.6,DEM5A,地理院タイル 標高タイル 2026-10-08
S1hkeczo,石見横田,"131.80455,34.61805",22.4,DEM5A,地理院タイル 標高タイル 2026-10-08
S1hko04l,上総清川,"139.96564,35.39084",8.8,DEM5A,地理院タイル 標高タイル 2026-10-08
S1hkr7ii,岡崎前,"135.22510,34.20347",2.4,DEM5A,地理院タイル 標高タイル 2026-10-08
S1hktoov,佐津,"134.68583,35.65308",4.7,DEM5A,地理院タイル 標高タイル 2026-10-08
S1hl2l6o,東相内,"143.80946,43.80544",107.8,DEM5A,地理院タイル 標高タイル 2026-10-08
S1hl79es,新狭山,"139.43379,35.87416",49.7,DEM5A,地理院タイル 標高タイル 2026-10-08
S1hlo1o8,東都農,"131.58203,32.29025",8.1,DEM5A,地理院タイル 標高タイル 2026-10-08
S1hlz8uy,西船橋,"139.95907,35.70737",2.6,DEM5A,地理院タイル 標高タイル 2026-10-08
S1hlzt40,味美,"136.93234,35.22935",10.7,DEM5A,地理院タイル 標高タイル 2026-10-08
S1hm4yo3,荒井,"134.79356,34.75791",2.6,DEM5A,地理院タイル 標高タイル 2026-10-08
S1hm93s3,薩摩今和泉,"130.59894,31.29068",7.3,DEM5A,地理院タイル 標高タイル 2026-10-08
S1ho88by,相可,"136.54596,34.50311",24.4,DEM5A,地理院タイル 標高タイル 2026-10-08
S1hozcop,亀崎,"136.96111,34.91901",19.5,DEM5A,地理院タイル 標高タイル 2026-10-08
S1hpolia,黒川,"133.82009,34.13309",121.1,DEM5A,地理院タイル 標高タイル 2026-10-08
S1hpq2e9,京阪膳所,"135.88086,34.99978",97.0,DEM5A,地理院タイル 標高タイル 2026-10-08
S1hqwtxt,稲沢,"136.82093,35.25310",5.2,DEM5A,地理院タイル 標高タイル 2026-10-08
S1hr0esh,下山,"135.42274,35.21220",166.0,DEM5A,地理院タイル 標高タイル 2026-10-08
S1hr4n0b,川和町,"139.54898,35.52844",15.8,DEM5A,地理院タイル 標高タイル 2026-10-08
S1hrevav,東鳴尾,"135.37915,34.71272",-0.1,DEM5A,地理院タイル 標高タイル 2026-10-08
S1hrfbwz,溝口,"134.74239,34.92792",62.3,DEM5A,地理院タイル 標高タイル 2026-10-08
S1hrfdig,津山,"134.00344,35.05450",92.0,DEM5A,地理院タイル 標高タイル 2026-10-08
S1hrir10,さつき野,"139.11736,37.81310",4.3,DEM5A,地理院タイル 標高タイル 2026-10-08
S1hrvp46,北方,"130.08327,33.21622",4.7,DEM5A,地理院タイル 標高タイル 2026-10-08
S1hry42f,桜上水,"139.63146,35.66764",45.4,DEM5A,地理院タイル 標高タイル 2026-10-08
S1hs4kee,伊那本郷,"137.93249,35.66539",644.9,DEM5A,地理院タイル 標高タイル 2026-10-08
S1hskiu6,京王八王子,"139.34298,35.65805",105.2,DEM5A,地理院タイル 標高タイル 2026-10-08
S1ht0odq,粟生,"134.90953,34.85719",28.0,DEM5A,地理院タイル 標高タイル 2026-10-08
S1ht4oks,野々口,"133.93260,34.77110",33.4,DEM5A,地理院タイル 標高タイル 2026-10-08
S1hta1nw,東京,"139.76675,35.68128",3.6,DEM5A,地理院タイル 標高タイル 2026-10-08
S1hta1nw-2,東京,"139.76521,35.67769",2.7,DEM5A,地理院タイル 標高タイル 2026-10-08
S1hu6wbj,合戦場,"139.74102,36.40758",55.8,DEM5A,地理院タイル 標高タイル 2026-10-08
S1huchsc,下丸子,"139.68549,35.57133",5.7,DEM5A,地理院タイル 標高タイル 2026-10-08
S1huhvfa,沢尻,"140.69327,40.23034",80.2,DEM5A,地理院タイル 標高タイル 2026-10-08
S1hulbgi,芝川,"138.56383,35.19725",64.8,DEM5A,地理院タイル 標高タイル 2026-10-08
S1hulder,長瀬,"135.57761,34.64986",6.0,DEM5A,地理院タイル 標高タイル 2026-10-08
S1hum1j5,高輪台,"139.73019,35.63155",27.7,DEM5A,地理院タイル 標高タイル 2026-10-08
S1huyqjk,備前田井,"133.94307,34.51609",15.5,DEM5A,地理院タイル 標高タイル 2026-10-08
S1hv7m8l,鶴ヶ峰,"139.54998,35.47509",39.3,DEM5A,地理院タイル 標高タイル 2026-10-08
S1hv8b3t,江原,"134.77569,35.46942",22.0,DEM5A,地理院タイル 標高タイル 2026-10-08
S1hvb2ec,谷村町,"138.90463,35.55060",483.5,DEM5A,地理院タイル 標高タイル 2026-10-08
S1hvdm0a,上三緒,"130.71387,33.62223",21.4,DEM5A,地理院タイル 標高タイル 2026-10-08
S1hvk88f,沓掛,"136.81443,34.39413",21.7,DEM5A,地理院タイル 標高タイル 2026-10-08
S1hvoajn,西入善,"137.45928,36.93014",10.1,DEM5A,地理院タイル 標高タイル 2026-10-08
S1hwez0v,作草部,"140.11537,35.62579",18.5,DEM5A,地理院タイル 標高タイル 2026-10-08
S1hwkck6,高根木戸,"140.03499,35.72660",27.5,DEM5A,地理院タイル 標高タイル 2026-10-08
S1hwt7es,深浦,"139.92942,40.65029",4.2,DEM5A,地理院タイル 標高タイル 2026-10-08
S1hwwhkh,南小樽,"141.00789,43.18653",20.5,DEM10B,地理院タイル 標高タイル 2026-10-08
S1hwyjdi,日本ライン今渡,"137.03693,35.43231",76.7,DEM5A,地理院タイル 標高タイル 2026-10-08
S1hx3ew2,八王子みなみ野,"139.33096,35.63126",120.9,DEM5A,地理院タイル 標高タイル 2026-10-08
S1hxjzrs,飯山,"138.35890,36.84559",315.8,DEM5A,地理院タイル 標高タイル 2026-10-08
S1hxutb9,笠置,"135.93452,34.75913",54.2,DEM5A,地理院タイル 標高タイル 2026-10-08
S1hxyzbg,黒石,"140.59103,40.64834",46.6,DEM5A,地理院タイル 標高タイル 2026-10-08
S1hy6ya1,急患医療センター前,"137.01810,36.74997",7.3,DEM5A,地理院タイル 標高タイル 2026-10-08
S1hybnqm,大内,"132.64176,33.28731",137.2,DEM5A,地理院タイル 標高タイル 2026-10-08
S1hympwu,和気,"134.15285,34.79726",21.4,DEM5A,地理院タイル 標高タイル 2026-10-08
S1hz5wyj,猊鼻渓,"141.25302,38.98863",30.3,DEM5A,地理院タイル 標高タイル 2026-10-08
S1hzfuwa,鷲塚針原,"136.20481,36.12024",5.3,DEM5A,地理院タイル 標高タイル 2026-10-08
S1hzifkr,滝谷,"135.56212,34.47957",108.4,DEM5A,地理院タイル 標高タイル 2026-10-08
S1hzvgus,鱒沢,"141.39925,39.30015",224.3,DEM5A,地理院タイル 標高タイル 2026-10-08
S1i03hz2,堀切菖蒲園,"139.82754,35.74765",2.8,DEM5A,地理院タイル 標高タイル 2026-10-08
S1i0c6mk,魚沼田中,"138.99263,37.29414",124.9,DEM5A,地理院タイル 標高タイル 2026-10-08
S1i0fw6n,宇品五丁目,"132.46391,34.35798",-0.3,DEM5A,地理院タイル 標高タイル 2026-10-08
S1i0nsy7,金手,"138.57887,35.66222",262.5,DEM5A,地理院タイル 標高タイル 2026-10-08
S1i0rut4,荻窪,"139.62000,35.70430",47.4,DEM5A,地理院タイル 標高タイル 2026-10-08
S1i1anu7,明神,"139.71221,36.67656",302.2,DEM5A,地理院タイル 標高タイル 2026-10-08
S1i2b7rm,江住,"135.60327,33.50948",10.5,DEM5A,地理院タイル 標高タイル 2026-10-08
S1i31qe5,津軽五所川原,"140.44870,40.81011",7.8,DEM5A,地理院タイル 標高タイル 2026-10-08
S1i3i8c9,滝川,"141.90079,43.55521",28.6,DEM5A,地理院タイル 標高タイル 2026-10-08
S1i44c13,赤井川,"140.64273,42.00323",143.6,DEM5A,地理院タイル 標高タイル 2026-10-08
S1i4a3js,安芸中野,"132.56337,34.39099",11.5,DEM5A,地理院タイル 標高タイル 2026-10-08
S1i4e8ui,羽田空港第1・第2ターミナル,"139.78602,35.54980",2.2,DEM5A,地理院タイル 標高タイル 2026-10-08
S1i4gzar,東高須,"132.42028,34.39186",1.1,DEM5A,地理院タイル 標高タイル 2026-10-08
S1i4wlau,富士岡,"138.91964,35.25489",362.5,DEM5A,地理院タイル 標高タイル 2026-10-08
S1i4wo52,南寒河江,"140.27740,38.35599",95.0,DEM5A,地理院タイル 標高タイル 2026-10-08
S1i553fg,純心学園前,"130.54359,31.56583",7.5,DEM5A,地理院タイル 標高タイル 2026-10-08
S1i5y7nz,肥前麓,"130.47752,33.36582",27.5,DEM5A,地理院タイル 標高タイル 2026-10-08
S1i60c6s,開明,"136.77410,35.31927",6.2,DEM5A,地理院タイル 標高タイル 2026-10-08
S1i6apxe,早来,"141.81411,42.76528",18.2,DEM5A,地理院タイル 標高タイル 2026-10-08
S1i6rl1m,原水,"130.82906,32.87064",88.3,DEM5A,地理院タイル 標高タイル 2026-10-08
S1i7d19g,泊,"133.93643,35.50896",11.1,DEM5A,地理院タイル 標高タイル 2026-10-08
S1i7i83y,箕谷,"135.15575,34.75691",239.2,DEM5A,地理院タイル 標高タイル 2026-10-08
S1i7sp1y,藤枝,"138.25287,34.84957",24.4,DEM5A,地理院タイル 標高タイル 2026-10-08
S1i89jk5,栄生,"136.87306,35.18379",4.1,DEM5A,地理院タイル 標高タイル 2026-10-08
S1i8kypg,姫宮,"139.73869,36.00442",7.4,DEM5A,地理院タイル 標高タイル 2026-10-08
S1i8l5pc,常陸大子,"140.35084,36.77070",104.0,DEM5A,地理院タイル 標高タイル 2026-10-08
S1i8omz0,崎守,"140.92717,42.37399",18.3,DEM5A,地理院タイル 標高タイル 2026-10-08
S1i8s8np,羽田空港第1ターミナル,"139.78461,35.54914",4.7,DEM5A,地理院タイル 標高タイル 2026-10-08
S1i95jlh,南加木屋,"136.90686,34.98927",14.4,DEM5A,地理院タイル 標高タイル 2026-10-08
S1i95p4g,小滝,"137.85951,36.93818",131.2,DEM5A,地理院タイル 標高タイル 2026-10-08
S1ianrzg,永田,"140.31128,35.50334",9.4,DEM5A,地理院タイル 標高タイル 2026-10-08
S1iave8u,有佐,"130.67035,32.56284",8.2,DEM5A,地理院タイル 標高タイル 2026-10-08
S1iayhmi,長田,"135.15130,34.66839",9.8,DEM5A,地理院タイル 標高タイル 2026-10-08
S1ibjnj7,蒲池,"136.82566,34.91528",2.7,DEM5A,地理院タイル 標高タイル 2026-10-08
S1ibkxmz,花白温泉,"137.40735,35.35502",483.8,DEM5A,地理院タイル 標高タイル 2026-10-08
S1ibmwsx,会津坂下,"139.82142,37.55677",179.3,DEM5A,地理院タイル 標高タイル 2026-10-08
S1ibxbjv,高鍋,"131.53394,32.12266",6.7,DEM5A,地理院タイル 標高タイル 2026-10-08
S1ic6526,宮の奥,"133.47578,33.55248",14.3,DEM5A,地理院タイル 標高タイル 2026-10-08
S1icpsve,坪尻,"133.82388,34.05387",212.0,DEM5A,地理院タイル 標高タイル 2026-10-08
S1id2zfu,星川,"136.63034,35.06419",16.5,DEM5A,地理院タイル 標高タイル 2026-10-08
S1idmtkq,関目成育,"135.54644,34.71303",1.1,DEM5A,地理院タイル 標高タイル 2026-10-08
S1idn1jo,石狩沼田,"141.93414,43.81012",57.3,DEM10B,地理院タイル 標高タイル 2026-10-08
S1idrvby,学校前,"130.54749,33.33630",7.9,DEM5A,地理院タイル 標高タイル 2026-10-08
S1ie6wnf,牛渕,"132.85618,33.79521",85.5,DEM5A,地理院タイル 標高タイル 2026-10-08
S1ieb4c4,矢加部,"130.41587,33.17386",3.5,DEM5A,地理院タイル 標高タイル 2026-10-08
S1ifju6q,熊西,"130.75800,33.86613",3.7,DEM5A,地理院タイル 標高タイル 2026-10-08
S1igwudu,猿橋,"138.96792,35.61272",324.9,DEM5A,地理院タイル 標高タイル 2026-10-08
S1igx2fp,阿波富田,"134.55571,34.06412",2.5,DEM5A,地理院タイル 標高タイル 2026-10-08
S1ih2p02,池谷,"134.52894,34.15293",2.7,DEM5A,地理院タイル 標高タイル 2026-10-08
S1ihaw4i,上総亀山,"140.08951,35.23318",98.8,DEM5A,地理院タイル 標高タイル 2026-10-08
S1ihb60t,越前東郷,"136.27352,36.01822",18.9,DEM5A,地理院タイル 標高タイル 2026-10-08
S1ihd7f3,久留米,"130.50127,33.32070",12.7,DEM5A,地理院タイル 標高タイル 2026-10-08
S1ihi8sq,長峰,"140.60311,40.51608",96.8,DEM5A,地理院タイル 標高タイル 2026-10-08
S1ihk14b,吉沢,"140.11496,39.26850",25.1,DEM5A,地理院タイル 標高タイル 2026-10-08
S1ii599g,柿下温泉口,"130.85398,33.65164",51.3,DEM5A,地理院タイル 標高タイル 2026-10-08
S1ii8wwv,新中野,"139.66951,35.69747",37.5,DEM5A,地理院タイル 標高タイル 2026-10-08
S1iiauaq,羽沢横浜国大,"139.58614,35.48123",33.8,DEM5A,地理院タイル 標高タイル 2026-10-08
S1iihran,矢掛,"133.59024,34.62931",29.5,DEM5A,地理院タイル 標高タイル 2026-10-08
S1iism9j,八尾,"135.59701,34.61726",11.5,DEM5A,地理院タイル 標高タイル 2026-10-08
S1ij5hn3,駒ヶ林,"135.14949,34.65223",2.0,DEM5A,地理院タイル 標高タイル 2026-10-08
S1ij6tvp,南吉田,"138.87105,37.67198",8.5,DEM5A,地理院タイル 標高タイル 2026-10-08
S1ijb6b1,駒沢大学,"139.66097,35.63303",41.1,DEM5A,地理院タイル 標高タイル 2026-10-08
S1ijhhbs,掛川,"138.01503,34.76935",27.7,DEM5A,地理院タイル 標高タイル 2026-10-08
S1ijvn2t,五月台,"139.49338,35.60023",67.4,DEM5A,地理院タイル 標高タイル 2026-10-08
S1ijwxx0,高速神戸,"135.17547,34.67990",4.4,DEM5A,地理院タイル 標高タイル 2026-10-08
S1ikgflu,葛生,"139.60928,36.39789",92.1,DEM5A,地理院タイル 標高タイル 2026-10-08
S1iklyy2,岩峅寺,"137.31968,36.60829",185.0,DEM5A,地理院タイル 標高タイル 2026-10-08
S1iksf4r,千林大宮,"135.54925,34.72422",2.2,DEM5A,地理院タイル 標高タイル 2026-10-08
S1il1xwp,早通,"139.17818,37.92112",1.7,DEM5A,地理院タイル 標高タイル 2026-10-08
S1il2rm6,陣原,"130.74346,33.86809",2.0,DEM5A,地理院タイル 標高タイル 2026-10-08
S1il8idm,西小泉,"139.40851,36.25867",34.5,DEM5A,地理院タイル 標高タイル 2026-10-08
S1iln4n7,砂越,"139.90733,38.89514",7.3,DEM5A,地理院タイル 標高タイル 2026-10-08
S1ilrj3x,網干,"134.58476,34.81424",6.6,DEM5A,地理院タイル 標高タイル 2026-10-08
S1ilrkpz,千葉中央,"140.11776,35.60748",4.7,DEM10B,地理院タイル 標高タイル 2026-10-08
S1ily6kr,谷在家,"139.77010,35.78868",2.9,DEM5A,地理院タイル 標高タイル 2026-10-08
S1ilzelx,有栖川,"135.69402,35.01519",32.9,DEM5A,地理院タイル 標高タイル 2026-10-08
S1imkbed,小屋の畑,"141.02068,40.07644",337.5,DEM5A,地理院タイル 標高タイル 2026-10-08
S1imskp9,江南,"136.87206,35.33470",19.1,DEM5A,地理院タイル 標高タイル 2026-10-08
S1in8qej,山王,"136.88877,35.15189",1.4,DEM5A,地理院タイル 標高タイル 2026-10-08
S1inlknf,宮島ボートレース場,"132.30497,34.31438",2.5,DEM5A,地理院タイル 標高タイル 2026-10-08
S1innjas,鹿島灘,"140.59681,36.07558",36.0,DEM5A,地理院タイル 標高タイル 2026-10-08
S1io9uco,青山,"141.11830,39.72465",144.1,DEM5A,地理院タイル 標高タイル 2026-10-08
S1iob49t,梅ヶ峠,"130.90017,34.10144",47.2,DEM5A,地理院タイル 標高タイル 2026-10-08
S1iodvex,畝傍御陵前,"135.79423,34.49277",72.2,DEM5A,地理院タイル 標高タイル 2026-10-08
S1ionl9k,一本松,"139.37008,35.94022",41.1,DEM5A,地理院タイル 標高タイル 2026-10-08
S1iox1m3,小牧,"136.92799,35.28896",24.5,DEM5A,地理院タイル 標高タイル 2026-10-08
S1ip0fae,越後金丸,"139.66352,38.06651",88.2,DEM5A,地理院タイル 標高タイル 2026-10-08
S1ip8oi9,隼,"134.27037,35.38878",60.5,DEM5A,地理院タイル 標高タイル 2026-10-08
S1ipl1pk,葭川公園,"140.12008,35.60887",2.6,DEM5A,地理院タイル 標高タイル 2026-10-08
S1ipqzfo,富海,"131.63903,34.04853",6.1,DEM5A,地理院タイル 標高タイル 2026-10-08
S1iq1btv,植大,"136.92344,34.91743",3.6,DEM5A,地理院タイル 標高タイル 2026-10-08
S1iq3tu7,東部市場前,"135.53768,34.63809",4.2,DEM5A,地理院タイル 標高タイル 2026-10-08
S1iqr4pa,西鉄小郡,"130.55364,33.39637",14.9,DEM5A,地理院タイル 標高タイル 2026-10-08
S1iqy4vv,本川町,"132.45049,34.39679",2.7,DEM5A,地理院タイル 標高タイル 2026-10-08
S1ir4y0r,保田,"136.45165,36.06992",94.6,DEM5A,地理院タイル 標高タイル 2026-10-08
S1ir60dr,若松河田,"139.71819,35.69917",33.2,DEM5A,地理院タイル 標高タイル 2026-10-08
S1irg1jk,美濃赤坂,"136.58220,35.38661",12.5,DEM5A,地理院タイル 標高タイル 2026-10-08
S1irutrh,岩原,"139.12881,35.29883",23.9,DEM5A,地理院タイル 標高タイル 2026-10-08
S1is2f8f,月崎,"140.13960,35.30213",73.9,DEM5A,地理院タイル 標高タイル 2026-10-08
S1is5nbe,海芝浦,"139.70067,35.48613",2.9,DEM5A,地理院タイル 標高タイル 2026-10-08
S1is8qvp,猪名寺,"135.42262,34.76400",7.6,DEM5A,地理院タイル 標高タイル 2026-10-08
S1iskn3f,函館駅前,"140.72797,41.77231",1.4,DEM5A,地理院タイル 標高タイル 2026-10-08
S1isuogr,西巣鴨,"139.72872,35.74341",25.9,DEM5A,地理院タイル 標高タイル 2026-10-08
S1iswf6u,西大家,"139.35646,35.93176",48.4,DEM5A,地理院タイル 標高タイル 2026-10-08
S1isz7fh,松山,"130.78082,33.66781",17.7,DEM5A,地理院タイル 標高タイル 2026-10-08
S1it1r17,りんくうタウン,"135.29945,34.41096",3.8,DEM5A,地理院タイル 標高タイル 2026-10-08
S1it5ljy,下立,"137.54143,36.85773",137.0,DEM5A,地理院タイル 標高タイル 2026-10-08
S1itj2wq,穴部,"139.14878,35.27986",14.3,DEM5A,地理院タイル 標高タイル 2026-10-08
S1itzifx,湯玉,"130.93271,34.20907",8.6,DEM5A,地理院タイル 標高タイル 2026-10-08
S1iu34o0,芝浦ふ頭,"139.75787,35.64222",2.9,DEM5A,地理院タイル 標高タイル 2026-10-08
S1iui4ef,赤十字前,"136.21665,36.04872",7.4,DEM5A,地理院タイル 標高タイル 2026-10-08
S1iv2nta,壺阪山,"135.79481,34.44968",116.4,DEM5A,地理院タイル 標高タイル 2026-10-08
S1ivfbjk,近文,"142.32537,43.78926",101.9,DEM5A,地理院タイル 標高タイル 2026-10-08
S1ivlcmt,平子,"133.10016,34.91293",298.7,DEM5A,地理院タイル 標高タイル 2026-10-08
S1ivr5l2,伊勢中川,"136.47810,34.63531",9.2,DEM5A,地理院タイル 標高タイル 2026-10-08
S1ivty0d,新白河,"140.18829,37.12304",378.6,DEM5A,地理院タイル 標高タイル 2026-10-08
S1iwo84y,穂高,"137.88194,36.33906",546.5,DEM5A,地理院タイル 標高タイル 2026-10-08
S1iwsr28,周防高森,"132.04558,34.09065",43.9,DEM5A,地理院タイル 標高タイル 2026-10-08
S1ix921h,人丸,"131.05729,34.37421",3.3,DEM5A,地理院タイル 標高タイル 2026-10-08
S1ixrhtj,春田,"136.81339,35.14315",0.6,DEM5A,地理院タイル 標高タイル 2026-10-08
S1iyux75,多比良,"130.30885,32.87190",4.0,DEM5A,地理院タイル 標高タイル 2026-10-08
S1iyy700,袋田,"140.37962,36.75476",95.4,DEM5A,地理院タイル 標高タイル 2026-10-08
S1izoeiz,喜多見,"139.58674,35.63649",23.3,DEM5A,地理院タイル 標高タイル 2026-10-08
S1izyvix,上大月,"138.93807,35.60940",358.5,DEM5A,地理院タイル 標高タイル 2026-10-08
S1j0bble,並木北,"139.64273,35.37201",2.6,DEM5A,地理院タイル 標高タイル 2026-10-08
S1j0brwf,鎧,"134.57524,35.65172",39.3,DEM5A,地理院タイル 標高タイル 2026-10-08
S1j0c0k3,城端,"136.90163,36.52224",122.3,DEM5A,地理院タイル 標高タイル 2026-10-08
S1j0d2er,東館,"140.42331,36.87042",158.6,DEM5A,地理院タイル 標高タイル 2026-10-08
S1j0gb2f,宮島口,"132.30272,34.31211",2.8,DEM5A,地理院タイル 標高タイル 2026-10-08
S1j0io23,蒲郡,"137.22653,34.82275",4.5,DEM5A,地理院タイル 標高タイル 2026-10-08
S1j0rukb,蛍池,"135.44932,34.79433",25.3,DEM5A,地理院タイル 標高タイル 2026-10-08
S1j0rx7d,西瑞穂,"142.38211,43.70246",132.9,DEM5A,地理院タイル 標高タイル 2026-10-08
S1j0w1f0,柳生,"139.65995,36.20659",14.0,DEM5A,地理院タイル 標高タイル 2026-10-08
S1j170bw,三重町,"131.58394,32.98365",129.7,DEM5A,地理院タイル 標高タイル 2026-10-08
S1j1e8eo,東八尾,"137.17515,36.58962",78.7,DEM5A,地理院タイル 標高タイル 2026-10-08
S1j1g64h,上川口,"135.07318,35.32946",27.1,DEM5A,地理院タイル 標高タイル 2026-10-08
S1j1p6m7,千曲,"138.14145,36.50921",368.5,DEM5A,地理院タイル 標高タイル 2026-10-08
S1j203l3,大町,"130.10648,33.21245",4.0,DEM5A,地理院タイル 標高タイル 2026-10-08
S1j2cw4j,吉原,"138.70194,35.14416",3.7,DEM5A,地理院タイル 標高タイル 2026-10-08
S1j2wkyw,雀田,"131.18691,33.96064",6.4,DEM5A,地理院タイル 標高タイル 2026-10-08
S1j2wvpu,水道橋,"139.75442,35.70285",4.5,DEM5A,地理院タイル 標高タイル 2026-10-08
S1j2yads,自動車学校前,"137.75163,34.74761",8.7,DEM5A,地理院タイル 標高タイル 2026-10-08
S1j3qc5p,賀茂,"130.33786,33.55047",12.2,DEM5A,地理院タイル 標高タイル 2026-10-08
S1j3t25a,津軽尾上,"140.57611,40.61391",43.2,DEM5A,地理院タイル 標高タイル 2026-10-08
S1j4jndl,四方津,"139.07357,35.61413",235.0,DEM5A,地理院タイル 標高タイル 2026-10-08
S1j5phko,貝津,"137.14805,35.13312",72.0,DEM5A,地理院タイル 標高タイル 2026-10-08
S1j5t9i0,清洲,"136.83451,35.22548",4.0,DEM5A,地理院タイル 標高タイル 2026-10-08
S1j66aa7,高田の鉄橋,"140.58020,36.35249",2.1,DEM5A,地理院タイル 標高タイル 2026-10-08
S1j6d14t,小江,"130.11223,32.89129",4.7,DEM5A,地理院タイル 標高タイル 2026-10-08
S1j6lc72,寺下,"138.21632,36.38390",449.7,DEM5A,地理院タイル 標高タイル 2026-10-08
S1j6lce6,加美,"135.56674,34.62688",6.3,DEM5A,地理院タイル 標高タイル 2026-10-08
S1j7uti6,磯鶏,"141.96094,39.63041",2.4,DEM5A,地理院タイル 標高タイル 2026-10-08
S1j8plpf,鷺沼,"139.57303,35.57961",55.2,DEM5A,地理院タイル 標高タイル 2026-10-08
S1j9nlbl,高横須賀,"136.89373,35.00965",3.3,DEM5A,地理院タイル 標高タイル 2026-10-08
S1jaq50x,西桐生,"139.33283,36.41409",114.6,DEM5A,地理院タイル 標高タイル 2026-10-08
S1jatb2c,上保原,"140.54282,37.80961",54.7,DEM5A,地理院タイル 標高タイル 2026-10-08
S1jayqis,刺巻,"140.69195,39.66857",195.1,DEM5A,地理院タイル 標高タイル 2026-10-08
S1jbnpte,下板橋,"139.71562,35.74507",24.8,DEM5A,地理院タイル 標高タイル 2026-10-08
S1jc3m7s,北綾瀬,"139.83210,35.77689",0.5,DEM5A,地理院タイル 標高タイル 2026-10-08
S1jc9l4w,大石田,"140.37538,38.59582",78.3,DEM5A,地理院タイル 標高タイル 2026-10-08
S1jcivnw,新守谷,"139.98578,35.96637",15.4,DEM5A,地理院タイル 標高タイル 2026-10-08
S1jcs9jz,桟橋通五丁目,"133.55277,33.54046",2.1,DEM5A,地理院タイル 標高タイル 2026-10-08
S1jcxhkc,宇土,"130.66907,32.69435",3.3,DEM5A,地理院タイル 標高タイル 2026-10-08
S1jd9tdg,大槌,"141.90313,39.35674",2.7,DEM5A,地理院タイル 標高タイル 2026-10-08
S1jdky7s,岩手川口,"141.19937,39.91931",215.9,DEM5A,地理院タイル 標高タイル 2026-10-08
S1jdl0b1,片野,"130.88009,33.86548",4.7,DEM5A,地理院タイル 標高タイル 2026-10-08
S1jdnone,大善寺,"130.47406,33.27044",5.5,DEM5A,地理院タイル 標高タイル 2026-10-08
S1jdtxnp,向日町,"135.70978,34.95512",18.0,DEM5A,地理院タイル 標高タイル 2026-10-08
S1je3dqq,滝部,"130.94662,34.28395",63.2,DEM5A,地理院タイル 標高タイル 2026-10-08
S1jec5s0,岩見沢,"141.75924,43.20411",18.4,DEM5A,地理院タイル 標高タイル 2026-10-08
S1jedlat,鵜殿,"136.01551,33.73672",4.4,DEM5A,地理院タイル 標高タイル 2026-10-08
S1jeeapk,一勝地,"130.65249,32.25021",86.1,DEM5A,地理院タイル 標高タイル 2026-10-08
S1jeqlh4,越中三郷,"137.29078,36.70335",13.3,DEM5A,地理院タイル 標高タイル 2026-10-08
S1jeth9t,豊後三芳,"130.95150,33.30591",94.9,DEM5A,地理院タイル 標高タイル 2026-10-08
S1jeuwvx,柳小路,"139.48523,35.32729",5.2,DEM5A,地理院タイル 標高タイル 2026-10-08
S1jeznct,ケーブル八瀬,"135.80891,35.06692",131.8,DEM5A,地理院タイル 標高タイル 2026-10-08
S1jf9cga,萩浦小学校前,"137.22836,36.74804",3.1,DEM5A,地理院タイル 標高タイル 2026-10-08
S1jfjm6j,室,"136.60619,35.36727",6.4,DEM5A,地理院タイル 標高タイル 2026-10-08
S1jfvupi,池部,"135.73719,34.57877",59.6,DEM5A,地理院タイル 標高タイル 2026-10-08
S1jfyeo1,木下,"140.14799,35.83888",4.3,DEM5A,地理院タイル 標高タイル 2026-10-08
S1jg5cr9,青塚,"136.76693,35.19870",0.7,DEM5A,地理院タイル 標高タイル 2026-10-08
S1jge416,妙典,"139.92412,35.69087",1.0,DEM5A,地理院タイル 標高タイル 2026-10-08
S1jgro4d,常葉大学前,"137.70926,34.81992",8.5,DEM5A,地理院タイル 標高タイル 2026-10-08
S1jgv7om,空港通り,"134.03279,34.28118",41.3,DEM5A,地理院タイル 標高タイル 2026-10-08
S1jgxhq3,近鉄宮津,"135.78752,34.79162",31.1,DEM5A,地理院タイル 標高タイル 2026-10-08
S1jhr2vp,大阪梅田,"135.49833,34.70558",-0.4,DEM5A,地理院タイル 標高タイル 2026-10-08
S1jhrnxi,郡中港,"132.70215,33.75632",2.7,DEM5A,地理院タイル 標高タイル 2026-10-08
S1jhrs0s,吾野,"139.22591,35.90831",185.7,DEM5A,地理院タイル 標高タイル 2026-10-08
S1jif25y,日向庄内,"131.06150,31.76213",143.8,DEM5A,地理院タイル 標高タイル 2026-10-08
S1jj24a1,枝川,"133.44907,33.55107",13.8,DEM5A,地理院タイル 標高タイル 2026-10-08
S1jja6xd,長屋,"137.47075,36.87353",42.5,DEM5A,地理院タイル 標高タイル 2026-10-08
S1jjbfn4,長門大井,"131.44983,34.47091",5.4,DEM10B,地理院タイル 標高タイル 2026-10-08
S1jji013,美留和,"144.43768,43.55536",152.4,DEM5A,地理院タイル 標高タイル 2026-10-08
S1jkw6to,ひめじ別所,"134.75297,34.80556",5.7,DEM5A,地理院タイル 標高タイル 2026-10-08
S1jl929i,西葛西,"139.85935,35.66458",-0.3,DEM5A,地理院タイル 標高タイル 2026-10-08
S1jlhcsv,上野幌,"141.48714,43.01628",28.9,DEM5A,地理院タイル 標高タイル 2026-10-08
S1jlniwr,JA広島病院前,"132.32273,34.34433",1.8,DEM5A,地理院タイル 標高タイル 2026-10-08
S1jlva17,国分,"133.94178,34.30058",31.9,DEM5A,地理院タイル 標高タイル 2026-10-08
S1jmbw8e,小佐越,"139.70650,36.80224",357.4,DEM5A,地理院タイル 標高タイル 2026-10-08
S1jmjyil,醍醐,"135.81056,34.95032",21.4,DEM5A,地理院タイル 標高タイル 2026-10-08
S1jn32xp,広小路,"137.02069,36.75251",7.3,DEM5A,地理院タイル 標高タイル 2026-10-08
S1jn3pdc,東松戸,"139.94311,35.77013",12.7,DEM5A,地理院タイル 標高タイル 2026-10-08
S1jnb2nz,備後安田,"133.03380,34.74108",253.3,DEM5A,地理院タイル 標高タイル 2026-10-08
S1jneof6,佐野市,"139.57590,36.30624",29.3,DEM5A,地理院タイル 標高タイル 2026-10-08
S1jnhm5z,住吉,"139.81578,35.68878",0.2,DEM5A,地理院タイル 標高タイル 2026-10-08
S1jodq7a,中込,"138.47940,36.23065",673.7,DEM5A,地理院タイル 標高タイル 2026-10-08
S1jp1row,千代崎,"136.60835,34.85485",4.3,DEM5A,地理院タイル 標高タイル 2026-10-08
S1jp5wt4,いづろ通,"130.55734,31.59156",3.7,DEM5A,地理院タイル 標高タイル 2026-10-08
S1jpbon2,西登戸,"140.10287,35.61762",13.3,DEM5A,地理院タイル 標高タイル 2026-10-08
S1jpoade,蚕桑,"140.04678,38.16148",209.2,DEM5A,地理院タイル 標高タイル 2026-10-08
S1jpwz44,鳥取ノ荘,"135.23182,34.35128",10.6,DEM5A,地理院タイル 標高タイル 2026-10-08
S1jpxqqt,五知,"136.81009,34.40668",44.1,DEM5A,地理院タイル 標高タイル 2026-10-08
S1jpyzqb,水間観音,"135.38556,34.40351",67.8,DEM5A,地理院タイル 標高タイル 2026-10-08
S1jq1w9x,久里浜,"139.70096,35.23307",2.3,DEM5A,地理院タイル 標高タイル 2026-10-08
S1jqh5r2,船町,"137.37407,34.77573",2.7,DEM5A,地理院タイル 標高タイル 2026-10-08
S1jqmsp5,高浜,"132.70219,33.88345",3.8,DEM5A,地理院タイル 標高タイル 2026-10-08
S1jqotyj,五百羅漢,"139.15556,35.27517",12.1,DEM5A,地理院タイル 標高タイル 2026-10-08
S1jqwvz4,虫川大杉,"138.44145,37.15490",46.8,DEM5A,地理院タイル 標高タイル 2026-10-08
S1jqyjh1,宮地,"131.11807,32.93704",538.6,DEM5A,地理院タイル 標高タイル 2026-10-08
S1jrflq8,柴橋,"140.22583,38.38088",126.5,DEM5A,地理院タイル 標高タイル 2026-10-08
S1jrjpyf,大矢,"136.95024,35.63766",132.5,DEM5A,地理院タイル 標高タイル 2026-10-08
S1jrk5uw,宮古,"141.94736,39.63990",3.7,DEM5A,地理院タイル 標高タイル 2026-10-08
S1jrkvxu,清流みはらし,"132.00632,34.21098",55.2,DEM5A,地理院タイル 標高タイル 2026-10-08
S1jsimzp,京終,"135.82859,34.66995",79.8,DEM5A,地理院タイル 標高タイル 2026-10-08
S1jsr9em,住之江公園,"135.47259,34.60906",1.7,DEM5A,地理院タイル 標高タイル 2026-10-08
S1jtbtub,城川原,"137.22610,36.73113",4.1,DEM5A,地理院タイル 標高タイル 2026-10-08
S1jtc3x5,好摩,"141.17368,39.87416",205.9,DEM5A,地理院タイル 標高タイル 2026-10-08
S1jtfxqi,屏風浦,"139.61044,35.39413",13.0,DEM5A,地理院タイル 標高タイル 2026-10-08
S1jtfy8i,発寒中央,"141.29458,43.08926",15.1,DEM5A,地理院タイル 標高タイル 2026-10-08
S1jtk491,土本,"138.13917,35.13603",327.8,DEM5A,地理院タイル 標高タイル 2026-10-08
S1jtru3b,荒川区役所前,"139.78601,35.73537",1.5,DEM5A,地理院タイル 標高タイル 2026-10-08
S1jtuqxu,田鶴浜,"136.89147,37.06574",3.0,DEM5A,地理院タイル 標高タイル 2026-10-08
S1juhp4c,亘理,"140.86129,38.03988",3.7,DEM5A,地理院タイル 標高タイル 2026-10-08
S1jusmmt,上伊集院,"130.45883,31.59416",141.3,DEM5A,地理院タイル 標高タイル 2026-10-08
S1jwelbe,安芸長束,"132.45611,34.42839",5.2,DEM5A,地理院タイル 標高タイル 2026-10-08
S1jwoe8j,電鉄出雲市,"132.75780,35.36115",7.9,DEM5A,地理院タイル 標高タイル 2026-10-08
S1jx9m5g,三津浜,"132.72879,33.86171",2.2,DEM5A,地理院タイル 標高タイル 2026-10-08
S1jy75zb,フジテック前,"136.28538,35.29425",93.5,DEM5A,地理院タイル 標高タイル 2026-10-08
S1jys6px,尾盛,"138.17446,35.19210",527.1,DEM5A,地理院タイル 標高タイル 2026-10-08
S1jzxhuk,市役所前,"130.55814,31.59727",3.0,DEM5A,地理院タイル 標高タイル 2026-10-08
S1k05wh0,生田,"140.60132,39.61216",74.4,DEM5A,地理院タイル 標高タイル 2026-10-08
S1k05yru,浜厚真,"141.83701,42.60677",4.3,DEM5A,地理院タイル 標高タイル 2026-10-08
S1k0p7z5,塩崎,"138.48776,35.68779",320.9,DEM5A,地理院タイル 標高タイル 2026-10-08
S1k0uo59,瀬田,"135.92584,34.98728",96.6,DEM5A,地理院タイル 標高タイル 2026-10-08
S1k16f5p,大山口,"133.45668,35.48501",30.4,DEM5A,地理院タイル 標高タイル 2026-10-08
S1k17md8,嵐電嵯峨,"135.68180,35.01650",38.0,DEM5A,地理院タイル 標高タイル 2026-10-08
S1k1edfg,軽井沢,"138.63502,36.34273",939.6,DEM5A,地理院タイル 標高タイル 2026-10-08
S1k1fbnh,尾久,"139.75373,35.74687",4.8,DEM5A,地理院タイル 標高タイル 2026-10-08
S1k1gw2t,磐田,"137.85227,34.71021",5.2,DEM5A,地理院タイル 標高タイル 2026-10-08
S1k1oxkb,粟島（大阪屋ショップ前）,"137.22482,36.71914",5.8,DEM5A,地理院タイル 標高タイル 2026-10-08
S1k2ps4q,富吉,"136.76937,35.12349",-1.7,DEM5A,地理院タイル 標高タイル 2026-10-08
S1k2v3ln,大阪空港,"135.44212,34.79121",14.6,DEM5A,地理院タイル 標高タイル 2026-10-08
S1k37v68,大泉,"137.22913,36.67782",17.0,DEM5A,地理院タイル 標高タイル 2026-10-08
S1k38819,春日野道,"135.20551,34.70307",20.8,DEM5A,地理院タイル 標高タイル 2026-10-08
S1k38819-2,春日野道,"135.20817,34.69962",9.7,DEM5A,地理院タイル 標高タイル 2026-10-08
S1k3yfu0,倉見,"139.37839,35.39505",12.1,DEM5A,地理院タイル 標高タイル 2026-10-08
S1k5fp5i,田原町,"139.79035,35.70991",1.8,DEM5A,地理院タイル 標高タイル 2026-10-08
S1k5ijfj,香住,"134.62315,35.63556",6.0,DEM5A,地理院タイル 標高タイル 2026-10-08
S1k5qx85,落合,"139.68597,35.71064",33.8,DEM5A,地理院タイル 標高タイル 2026-10-08
S1k5xzq4,木知原,"136.64967,35.51796",57.5,DEM5A,地理院タイル 標高タイル 2026-10-08
S1k6d2gg,西鯖江,"136.18196,35.94635",19.4,DEM5A,地理院タイル 標高タイル 2026-10-08
S1k6fv7c,芦野公園,"140.45165,40.91224",14.2,DEM5A,地理院タイル 標高タイル 2026-10-08
S1k6h8r5,山陽網干,"134.58819,34.78692",3.0,DEM5A,地理院タイル 標高タイル 2026-10-08
S1k6mh82,今福,"129.77174,33.34846",4.8,DEM5A,地理院タイル 標高タイル 2026-10-08
S1k6xqwq,音威子府,"142.25988,44.72944",41.3,DEM5A,地理院タイル 標高タイル 2026-10-08
S1k6z4lz,雀宮,"139.87704,36.49372",88.9,DEM10B,地理院タイル 標高タイル 2026-10-08
S1k7huiy,陸前山下,"141.28884,38.43773",1.1,DEM5A,地理院タイル 標高タイル 2026-10-08
S1k87sdi,鹿島大野,"140.60986,36.05071",37.2,DEM5A,地理院タイル 標高タイル 2026-10-08
S1k8a374,下郡,"140.05541,35.35499",23.7,DEM5A,地理院タイル 標高タイル 2026-10-08
S1k8f7a9,西浦和,"139.62777,35.84419",6.4,DEM5A,地理院タイル 標高タイル 2026-10-08
S1k8slyw,岩ノ下,"141.24531,38.94770",24.2,DEM5A,地理院タイル 標高タイル 2026-10-08
S1k9ic78,新橋,"139.75875,35.66612",3.8,DEM5A,地理院タイル 標高タイル 2026-10-08
S1k9ln4o,田窪,"132.86574,33.79275",96.0,DEM5A,地理院タイル 標高タイル 2026-10-08
S1ka2c1v,扇町,"139.72242,35.50174",2.0,DEM5A,地理院タイル 標高タイル 2026-10-08
S1ka2o0c,吉浜,"141.83643,39.15115",32.7,DEM5A,地理院タイル 標高タイル 2026-10-08
S1kav1x1,春日居町,"138.65898,35.67347",293.4,DEM5A,地理院タイル 標高タイル 2026-10-08
S1kb91b2,阿倉川,"136.62943,34.98522",8.6,DEM5A,地理院タイル 標高タイル 2026-10-08
S1kb9hsc,大神,"131.57541,33.38361",24.9,DEM5A,地理院タイル 標高タイル 2026-10-08
S1kbagvo,白糠,"144.07690,42.95617",5.7,DEM5A,地理院タイル 標高タイル 2026-10-08
S1kbv6v0,下灘,"132.58914,33.65509",11.5,DEM5A,地理院タイル 標高タイル 2026-10-08
S1kc00f1,戸沢,"140.58122,39.85907",309.4,DEM10B,地理院タイル 標高タイル 2026-10-08
S1kc4r9o,高知,"133.54326,33.56692",1.5,DEM5A,地理院タイル 標高タイル 2026-10-08
S1kccx31,三春,"140.47855,37.44982",293.7,DEM5A,地理院タイル 標高タイル 2026-10-08
S1kcpkwm,高塚,"137.68134,34.69042",3.4,DEM5A,地理院タイル 標高タイル 2026-10-08
S1kd8prw,早島,"133.83336,34.60211",2.8,DEM5A,地理院タイル 標高タイル 2026-10-08
S1kdjupj,西牟田,"130.50102,33.24627",21.5,DEM5A,地理院タイル 標高タイル 2026-10-08
S1kdyvcf,高子,"140.52718,37.80839",58.3,DEM5A,地理院タイル 標高タイル 2026-10-08
S1keqh5z,西所沢,"139.45624,35.78876",80.9,DEM5A,地理院タイル 標高タイル 2026-10-08
S1kfpkw7,黒沢,"140.69969,39.27620",227.4,DEM10B,地理院タイル 標高タイル 2026-10-08
S1kfqnam,上呂,"137.20467,35.91091",456.6,DEM5A,地理院タイル 標高タイル 2026-10-08
S1kfthx6,折原,"139.19532,36.09618",118.9,DEM5A,地理院タイル 標高タイル 2026-10-08
S1kg1eda,東水巻,"130.70810,33.84016",5.4,DEM5A,地理院タイル 標高タイル 2026-10-08
S1kg1f9f,名鉄岐阜,"136.76063,35.41124",10.6,DEM5A,地理院タイル 標高タイル 2026-10-08
S1kgtmyr,五稜郭公園前,"140.75208,41.78926",16.2,DEM5A,地理院タイル 標高タイル 2026-10-08
S1kh91yb,井口,"136.61229,36.47633",68.8,DEM5A,地理院タイル 標高タイル 2026-10-08
S1khvzli,県庁前,"127.67932,26.21439",0.1,DEM5A,地理院タイル 標高タイル 2026-10-08
S1ki8n0q,千曳,"141.15281,40.80470",61.6,DEM5A,地理院タイル 標高タイル 2026-10-08
S1ki9jms,小池,"137.38807,34.74889",8.5,DEM5A,地理院タイル 標高タイル 2026-10-08
S1kia33v,鮫,"141.55500,40.53025",6.5,DEM5A,地理院タイル 標高タイル 2026-10-08
S1kicnrz,連坊,"140.89324,38.25114",21.6,DEM5A,地理院タイル 標高タイル 2026-10-08
S1kin5hu,宮内串戸,"132.32393,34.34877",3.0,DEM5A,地理院タイル 標高タイル 2026-10-08
S1kiq0iz,相模沼田,"139.13390,35.29234",21.0,DEM5A,地理院タイル 標高タイル 2026-10-08
S1kitish,鶴ヶ坂,"140.63514,40.79117",31.5,DEM5A,地理院タイル 標高タイル 2026-10-08
S1kizlv8,藤井,"135.90632,35.53217",20.5,DEM10B,地理院タイル 標高タイル 2026-10-08
S1kj4w48,東花輪,"138.52703,35.59485",249.9,DEM5A,地理院タイル 標高タイル 2026-10-08
S1kj7tn7,越後中里,"138.84851,36.91040",470.5,DEM5A,地理院タイル 標高タイル 2026-10-08
S1kjczak,備前片上,"134.19683,34.74826",17.5,DEM5A,地理院タイル 標高タイル 2026-10-08
S1kjerzn,整備場,"139.75336,35.55510",2.0,DEM5A,地理院タイル 標高タイル 2026-10-08
S1kjoqk1,鵜沼宿,"136.93240,35.39988",48.1,DEM5A,地理院タイル 標高タイル 2026-10-08
S1kk1dzs,飯山満,"140.02230,35.71400",10.8,DEM5A,地理院タイル 標高タイル 2026-10-08
S1kkdp4a,高浜,"140.29466,36.16377",4.3,DEM5A,地理院タイル 標高タイル 2026-10-08
S1kktk78,後免西町,"133.64295,33.57577",11.5,DEM5A,地理院タイル 標高タイル 2026-10-08
S1kl2zyp,北八王子,"139.36340,35.66927",117.7,DEM5A,地理院タイル 標高タイル 2026-10-08
S1klcn8s,恩田,"139.49218,35.54558",30.3,DEM5A,地理院タイル 標高タイル 2026-10-08
S1klk3i8,新前橋,"139.04700,36.37900",106.8,DEM5A,地理院タイル 標高タイル 2026-10-08
S1km196x,吉尾,"130.60030,32.33084",57.5,DEM5A,地理院タイル 標高タイル 2026-10-08
S1km1qab,大鰐温泉,"140.56702,40.52155",74.4,DEM5A,地理院タイル 標高タイル 2026-10-08
S1km25ip,茨木市,"135.57568,34.81650",8.8,DEM5A,地理院タイル 標高タイル 2026-10-08
S1km8zdo,中川原,"136.60324,34.96932",5.9,DEM5A,地理院タイル 標高タイル 2026-10-08
S1km9iym,こどもの国,"139.48666,35.55800",35.8,DEM5A,地理院タイル 標高タイル 2026-10-08
S1kmbncj,徳山,"131.80232,34.05120",5.8,DEM5A,地理院タイル 標高タイル 2026-10-08
S1kmfj3k,笹子,"138.82525,35.60396",606.2,DEM5A,地理院タイル 標高タイル 2026-10-08
S1kmkxxx,滝井,"135.55745,34.72790",5.6,DEM5A,地理院タイル 標高タイル 2026-10-08
S1kmqnik,大島,"136.85905,35.86849",354.9,DEM5A,地理院タイル 標高タイル 2026-10-08
S1kmzwe7,川湯温泉,"144.45805,43.61648",162.3,DEM5A,地理院タイル 標高タイル 2026-10-08
S1knr52u,三口,"136.64754,36.60637",2.9,DEM5A,地理院タイル 標高タイル 2026-10-08
S1ko8an5,中山,"139.53983,35.51471",13.8,DEM5A,地理院タイル 標高タイル 2026-10-08
S1koqenw,南富山,"137.22044,36.67031",18.9,DEM5A,地理院タイル 標高タイル 2026-10-08
S1kot3vm,西桑名,"136.68380,35.06539",0.6,DEM5A,地理院タイル 標高タイル 2026-10-08
S1kow1uk,越後水沢,"138.71819,37.07429",184.7,DEM5A,地理院タイル 標高タイル 2026-10-08
S1koxccv,大鳥羽,"135.86694,35.50485",45.5,DEM5A,地理院タイル 標高タイル 2026-10-08
S1kp84cc,安武,"130.48934,33.28654",10.6,DEM5A,地理院タイル 標高タイル 2026-10-08
S1kq3luh,白浜の宮,"134.70714,34.78686",1.7,DEM5A,地理院タイル 標高タイル 2026-10-08
S1kqbx2d,上境,"138.41904,36.93798",324.4,DEM5A,地理院タイル 標高タイル 2026-10-08
S1kqnu3o,琴電屋島,"134.10583,34.34157",2.3,DEM5A,地理院タイル 標高タイル 2026-10-08
S1kqvskw,新鵜沼,"136.94426,35.39684",48.0,DEM5A,地理院タイル 標高タイル 2026-10-08
S1krwd3s,東田子の浦,"138.74549,35.13627",5.0,DEM5A,地理院タイル 標高タイル 2026-10-08
S1ks0c8r,郡山富田,"140.36919,37.42058",242.4,DEM5A,地理院タイル 標高タイル 2026-10-08
S1ks56zq,御嵩,"137.12754,35.42973",125.8,DEM5A,地理院タイル 標高タイル 2026-10-08
S1ksbnf6,武蔵増戸,"139.25630,35.73096",175.1,DEM5A,地理院タイル 標高タイル 2026-10-08
S1kshlrf,須波,"133.08379,34.37017",9.9,DEM5A,地理院タイル 標高タイル 2026-10-08
S1kt0i7r,箱崎九大前,"130.42106,33.62201",2.3,DEM5A,地理院タイル 標高タイル 2026-10-08
S1ktgn8c,駒場車庫前,"140.77917,41.78323",11.5,DEM5A,地理院タイル 標高タイル 2026-10-08
S1ktvap9,フェリーターミナル,"135.43493,34.61930",2.2,DEM5A,地理院タイル 標高タイル 2026-10-08
S1kujr0m,阿波海南,"134.35093,33.60634",6.9,DEM5A,地理院タイル 標高タイル 2026-10-08
S1kukt3c,湯西川温泉,"139.68861,36.92954",615.2,DEM5A,地理院タイル 標高タイル 2026-10-08
S1kuobud,岐阜羽島,"136.68576,35.31574",4.6,DEM5A,地理院タイル 標高タイル 2026-10-08
S1kus064,尾登,"139.69148,37.60895",162.9,DEM5A,地理院タイル 標高タイル 2026-10-08
S1kv96ef,納内,"142.13005,43.73255",67.7,DEM10B,地理院タイル 標高タイル 2026-10-08
S1kve3hc,鶴舞,"136.91671,35.15657",5.9,DEM5A,地理院タイル 標高タイル 2026-10-08
S1kvj9rm,摩周,"144.46374,43.48737",99.5,DEM5A,地理院タイル 標高タイル 2026-10-08
S1kvsrfv,大学病院,"129.86408,32.76913",2.5,DEM5A,地理院タイル 標高タイル 2026-10-08
S1kwdaa2,西富井,"133.74341,34.57778",4.9,DEM5A,地理院タイル 標高タイル 2026-10-08
S1kwekjk,市川本町,"138.50202,35.56063",252.3,DEM5A,地理院タイル 標高タイル 2026-10-08
S1kwjpoa,医療センター,"135.21641,34.65852",6.0,DEM5A,地理院タイル 標高タイル 2026-10-08
S1kwzxdt,汐見橋,"135.48622,34.66762",0.7,DEM5A,地理院タイル 標高タイル 2026-10-08
S1kxxhei,新松田,"139.13945,35.34461",54.8,DEM5A,地理院タイル 標高タイル 2026-10-08
S1ky8akw,藤森,"135.77022,34.95688",29.1,DEM5A,地理院タイル 標高タイル 2026-10-08
S1kycb9m,西九条,"135.46638,34.68259",-1.3,DEM5A,地理院タイル 標高タイル 2026-10-08
S1kz1to4,三毛門,"131.15715,33.61436",7.0,DEM5A,地理院タイル 標高タイル 2026-10-08
S1kz2ew8,道場,"135.25581,34.86727",142.8,DEM5A,地理院タイル 標高タイル 2026-10-08
S1kzbpn0,伊勢石橋,"136.40852,34.65689",22.7,DEM5A,地理院タイル 標高タイル 2026-10-08
S1kzd0pf,少路,"135.47534,34.80427",59.3,DEM5A,地理院タイル 標高タイル 2026-10-08
S1kztsoh,長楽寺,"132.43091,34.47292",50.5,DEM5A,地理院タイル 標高タイル 2026-10-08
S1l19elf,三溝,"137.89131,36.21265",637.7,DEM5A,地理院タイル 標高タイル 2026-10-08
S1l1gfor,東市来,"130.34789,31.65499",34.4,DEM5A,地理院タイル 標高タイル 2026-10-08
S1l1magl,坂戸,"139.39398,35.95714",31.1,DEM5A,地理院タイル 標高タイル 2026-10-08
S1l1y7zw,大倉山,"135.17468,34.68470",18.4,DEM5A,地理院タイル 標高タイル 2026-10-08
S1l1yd3z,柳川,"133.92533,34.66554",3.3,DEM5A,地理院タイル 標高タイル 2026-10-08
S1l2dhiz,七里,"139.66601,35.93649",11.7,DEM5A,地理院タイル 標高タイル 2026-10-08
S1l2gt7f,紫波中央,"141.15992,39.55476",110.2,DEM5A,地理院タイル 標高タイル 2026-10-08
S1l366hd,網代,"139.08107,35.04351",9.0,DEM10B,地理院タイル 標高タイル 2026-10-08
S1l3czg1,播磨横田,"134.82533,34.91043",54.9,DEM5A,地理院タイル 標高タイル 2026-10-08
S1l3is4n,洞泉,"141.76019,39.25045",119.6,DEM5A,地理院タイル 標高タイル 2026-10-08
S1l3zke4,野沢,"139.64424,37.59104",155.6,DEM5A,地理院タイル 標高タイル 2026-10-08
S1l41u7s,高光,"132.57351,33.25598",29.2,DEM5A,地理院タイル 標高タイル 2026-10-08
S1l44pfc,練馬高野台,"139.61684,35.74061",39.1,DEM5A,地理院タイル 標高タイル 2026-10-08
S1l477i9,沢,"137.98546,35.93632",699.4,DEM5A,地理院タイル 標高タイル 2026-10-08
S1l4xmz9,川桁,"140.13692,37.53560",526.9,DEM5A,地理院タイル 標高タイル 2026-10-08
S1l54zz7,土底浜,"138.32482,37.22278",8.7,DEM5A,地理院タイル 標高タイル 2026-10-08
S1l5be44,伊予上灘,"132.63296,33.68361",19.9,DEM5A,地理院タイル 標高タイル 2026-10-08
S1l5jgf5,岩美,"134.33556,35.57417",3.9,DEM5A,地理院タイル 標高タイル 2026-10-08
S1l5kghh,新蒲原,"138.60810,35.11941",5.9,DEM5A,地理院タイル 標高タイル 2026-10-08
S1l68mfi,阿川,"130.92610,34.33616",2.4,DEM5A,地理院タイル 標高タイル 2026-10-08
S1l69akp,東新川,"139.26769,36.42198",178.6,DEM5A,地理院タイル 標高タイル 2026-10-08
S1l6g4ol,長沼,"139.36588,35.64278",89.7,DEM5A,地理院タイル 標高タイル 2026-10-08
S1l6klrt,海老津,"130.62353,33.84007",32.4,DEM5A,地理院タイル 標高タイル 2026-10-08
S1l72mkg,西荻窪,"139.59971,35.70380",51.2,DEM5A,地理院タイル 標高タイル 2026-10-08
S1l75n14,大間,"133.28775,33.40700",3.2,DEM5A,地理院タイル 標高タイル 2026-10-08
S1l7ep4b,由岐,"134.59187,33.77600",3.7,DEM5A,地理院タイル 標高タイル 2026-10-08
S1l7np5i,浜加積,"137.36194,36.77766",16.4,DEM5A,地理院タイル 標高タイル 2026-10-08
S1l8h1zo,旭川,"142.35802,43.76306",108.7,DEM5A,地理院タイル 標高タイル 2026-10-08
S1l93cc2,恩智,"135.62628,34.60988",12.4,DEM5A,地理院タイル 標高タイル 2026-10-08
S1l96not,田丸,"136.63401,34.48845",20.0,DEM5A,地理院タイル 標高タイル 2026-10-08
S1l9b8cq,金谷,"138.12582,34.81923",92.4,DEM5A,地理院タイル 標高タイル 2026-10-08
S1l9dpxl,箕田,"136.62205,34.87961",3.4,DEM5A,地理院タイル 標高タイル 2026-10-08
S1l9ipov,厚別,"141.46323,43.04498",15.0,DEM5A,地理院タイル 標高タイル 2026-10-08
S1l9nlrc,東羽衣,"135.44280,34.53500",2.7,DEM5A,地理院タイル 標高タイル 2026-10-08
S1laa6e8,須磨,"135.11265,34.64227",3.7,DEM5A,地理院タイル 標高タイル 2026-10-08
S1lavyb9,芦原町,"135.48630,34.66052",0.8,DEM5A,地理院タイル 標高タイル 2026-10-08
S1lazii6,西新宿五丁目,"139.68466,35.68990",28.1,DEM5A,地理院タイル 標高タイル 2026-10-08
S1lb51ku,矢切,"139.90055,35.75751",18.4,DEM5A,地理院タイル 標高タイル 2026-10-08
S1lb74d4,津谷,"140.18635,38.73760",40.5,DEM5A,地理院タイル 標高タイル 2026-10-08
S1lba03f,西8丁目,"141.34672,43.05818",20.3,DEM5A,地理院タイル 標高タイル 2026-10-08
S1lbgagm,辛島町,"130.70507,32.79894",13.4,DEM5A,地理院タイル 標高タイル 2026-10-08
S1lboc38,天王,"139.96380,39.89877",5.1,DEM5A,地理院タイル 標高タイル 2026-10-08
S1lbr50a,陸中野田,"141.81909,40.11608",9.9,DEM5A,地理院タイル 標高タイル 2026-10-08
S1lbsljw,北河内,"132.06458,34.17598",32.9,DEM5A,地理院タイル 標高タイル 2026-10-08
S1lc3a4s,上伊万里,"129.89254,33.27005",12.4,DEM5A,地理院タイル 標高タイル 2026-10-08
S1lc7vuh,岩井,"139.84987,35.09305",10.4,DEM5A,地理院タイル 標高タイル 2026-10-08
S1lca0fx,赤嶺,"127.66066,26.19327",20.7,DEM5A,地理院タイル 標高タイル 2026-10-08
S1lcan50,銀山,"140.71533,43.04096",157.9,DEM10B,地理院タイル 標高タイル 2026-10-08
S1lccx6m,羽前沼沢,"139.87249,38.02879",291.2,DEM5A,地理院タイル 標高タイル 2026-10-08
S1lcf3d5,関川,"133.39287,33.95577",63.9,DEM5A,地理院タイル 標高タイル 2026-10-08
S1lcp5m0,洗足池,"139.69092,35.59967",22.8,DEM5A,地理院タイル 標高タイル 2026-10-08
S1lcs5nt,三沢,"130.56037,33.42281",22.3,DEM5A,地理院タイル 標高タイル 2026-10-08
S1lcs9pr,西金,"140.38652,36.69549",64.5,DEM5A,地理院タイル 標高タイル 2026-10-08
S1lcxbjr,喜多山,"136.98811,35.20506",36.4,DEM5A,地理院タイル 標高タイル 2026-10-08
S1ld19rw,海王丸,"137.10669,36.77629",4.0,DEM5A,地理院タイル 標高タイル 2026-10-08
S1ldfetc,横河原,"132.88422,33.80342",129.1,DEM5A,地理院タイル 標高タイル 2026-10-08
S1ldsl1s,立飛,"139.41707,35.71427",92.4,DEM5A,地理院タイル 標高タイル 2026-10-08
S1le8ftt,昭和町,"134.03216,34.34407",1.3,DEM5A,地理院タイル 標高タイル 2026-10-08
S1led8mj,富田林西口,"135.59628,34.50028",65.9,DEM5A,地理院タイル 標高タイル 2026-10-08
S1lehjkr,下津,"135.14573,34.10889",4.0,DEM5A,地理院タイル 標高タイル 2026-10-08
S1leo6di,厚保,"131.15463,34.11420",54.2,DEM5A,地理院タイル 標高タイル 2026-10-08
S1lephhp,前潟,"141.10088,39.71306",131.5,DEM5A,地理院タイル 標高タイル 2026-10-08
S1leqglc,板倉東洋大前,"139.64863,36.22221",14.8,DEM5A,地理院タイル 標高タイル 2026-10-08
S1lewlkq,荒川沖,"140.16599,36.03059",22.9,DEM5A,地理院タイル 標高タイル 2026-10-08
S1lf1i2q,極楽寺,"139.52853,35.30920",16.6,DEM5A,地理院タイル 標高タイル 2026-10-08
S1lfk7yz,令和コスタ行橋,"130.97379,33.71760",5.5,DEM5A,地理院タイル 標高タイル 2026-10-08
S1lg3n5q,六軒,"136.50759,34.61762",1.8,DEM5A,地理院タイル 標高タイル 2026-10-08
S1lhl60m,大学前,"136.18467,35.08778",126.9,DEM5A,地理院タイル 標高タイル 2026-10-08
S1lhsp7k,三河八橋,"137.07724,35.01094",10.2,DEM5A,地理院タイル 標高タイル 2026-10-08
S1lhza5l,都筑,"137.57450,34.79584",8.0,DEM5A,地理院タイル 標高タイル 2026-10-08
S1li50wb,紀伊長田,"135.39156,34.26826",41.6,DEM5A,地理院タイル 標高タイル 2026-10-08
S1lir0m9,上今市,"139.68086,36.72801",403.8,DEM5A,地理院タイル 標高タイル 2026-10-08
S1liykmh,河内,"132.88914,34.46955",99.4,DEM5A,地理院タイル 標高タイル 2026-10-08
S1lj9ptx,入生田,"139.12106,35.24078",53.2,DEM5A,地理院タイル 標高タイル 2026-10-08
S1lj9zye,西大寺,"134.03652,34.66183",2.6,DEM5A,地理院タイル 標高タイル 2026-10-08
S1ljbx22,南今庄,"136.18480,35.75747",156.8,DEM5A,地理院タイル 標高タイル 2026-10-08
S1ljhrvf,灘,"135.21654,34.70587",23.2,DEM5A,地理院タイル 標高タイル 2026-10-08
S1lkauw3,姪浜,"130.32506,33.58358",1.2,DEM5A,地理院タイル 標高タイル 2026-10-08
S1ll1gyn,松尾,"130.34761,32.83425",6.1,DEM5A,地理院タイル 標高タイル 2026-10-08
S1llkc6n,池場,"137.70390,35.02433",272.2,DEM5A,地理院タイル 標高タイル 2026-10-08
S1lmgfoe,花畑,"130.51504,33.30586",12.3,DEM5A,地理院タイル 標高タイル 2026-10-08
S1lmjp1s,沢間,"138.13436,35.12472",325.4,DEM5A,地理院タイル 標高タイル 2026-10-08
S1lmmp40,動橋,"136.38336,36.32856",4.4,DEM5A,地理院タイル 標高タイル 2026-10-08
S1lmw1lb,引田,"134.40178,34.22436",1.7,DEM5A,地理院タイル 標高タイル 2026-10-08
S1ln41gp,諏訪ノ森,"135.44918,34.55181",3.1,DEM5A,地理院タイル 標高タイル 2026-10-08
S1ln49x8,いこいの広場,"137.96380,34.78809",24.9,DEM5A,地理院タイル 標高タイル 2026-10-08
S1lnakq7,福島口,"129.79024,33.33810",3.2,DEM5A,地理院タイル 標高タイル 2026-10-08
S1lncotd,板荷,"139.70778,36.61940",202.7,DEM5A,地理院タイル 標高タイル 2026-10-08
S1lndzmq,大和上市,"135.84571,34.39563",167.8,DEM5A,地理院タイル 標高タイル 2026-10-08
S1lo4u65,下ノ江,"131.81111,33.15868",7.2,DEM5A,地理院タイル 標高タイル 2026-10-08
S1lokher,吉松,"130.73813,32.01187",224.9,DEM5A,地理院タイル 標高タイル 2026-10-08
S1lol147,上板橋,"139.67621,35.76362",31.2,DEM5A,地理院タイル 標高タイル 2026-10-08
S1lopbul,尾幌,"144.70385,43.01850",17.4,DEM5A,地理院タイル 標高タイル 2026-10-08
S1loueit,川部,"140.52161,40.64707",22.6,DEM5A,地理院タイル 標高タイル 2026-10-08
S1loyc0s,根岸,"139.82860,37.50196",196.3,DEM5A,地理院タイル 標高タイル 2026-10-08
S1loz1vw,戸田,"131.70461,34.07259",9.4,DEM5A,地理院タイル 標高タイル 2026-10-08
S1lpn6b5,鶴川,"139.48182,35.58311",35.7,DEM5A,地理院タイル 標高タイル 2026-10-08
S1lpqgyb,高尾,"136.62586,35.60180",154.7,DEM5A,地理院タイル 標高タイル 2026-10-08
S1lpwm45,岩手飯岡,"141.14659,39.65375",117.9,DEM10B,地理院タイル 標高タイル 2026-10-08
S1lqa75r,近江八幡,"136.10263,35.12237",91.0,DEM5A,地理院タイル 標高タイル 2026-10-08
S1lqe2hc,豊水すすきの,"141.35699,43.05409",23.6,DEM5A,地理院タイル 標高タイル 2026-10-08
S1lqh0v3,新大工町,"129.88644,32.75220",14.7,DEM5A,地理院タイル 標高タイル 2026-10-08
S1lqzh20,黒田原,"140.12109,37.02355",335.1,DEM5A,地理院タイル 標高タイル 2026-10-08
S1lrfemx,御殿山,"135.65400,34.82917",10.2,DEM5A,地理院タイル 標高タイル 2026-10-08
S1lrfjdz,出雲横田,"133.09256,35.17742",335.0,DEM5A,地理院タイル 標高タイル 2026-10-08
S1lrgnz2,南中川,"131.17881,33.98688",1.3,DEM5A,地理院タイル 標高タイル 2026-10-08
S1lri2od,猪田道,"136.14051,34.73508",141.9,DEM5A,地理院タイル 標高タイル 2026-10-08
S1lridwl,越後広瀬,"138.98141,37.27456",121.0,DEM5A,地理院タイル 標高タイル 2026-10-08
S1lrjqbu,住吉町,"136.92574,34.90210",9.6,DEM5A,地理院タイル 標高タイル 2026-10-08
S1lrksiw,厚内,"143.81445,42.80952",9.7,DEM5A,地理院タイル 標高タイル 2026-10-08
S1lrvcu4,市岡,"133.34659,34.96625",325.1,DEM5A,地理院タイル 標高タイル 2026-10-08
S1lrvjky,各務ケ原,"136.90106,35.40388",51.1,DEM5A,地理院タイル 標高タイル 2026-10-08
S1lsc1wi,阿左美,"139.30653,36.38509",122.6,DEM5A,地理院タイル 標高タイル 2026-10-08
S1lswycw,いずみ中央,"139.48719,35.41510",32.2,DEM5A,地理院タイル 標高タイル 2026-10-08
S1lt3uoy,初狩,"138.88371,35.59435",460.7,DEM5A,地理院タイル 標高タイル 2026-10-08
S1lt7l1w,湯之元,"130.33680,31.67392",29.7,DEM5A,地理院タイル 標高タイル 2026-10-08
S1ltso3n,木津,"135.82477,34.73560",35.8,DEM5A,地理院タイル 標高タイル 2026-10-08
S1ltvg46,長岡天神,"135.69246,34.92488",23.0,DEM5A,地理院タイル 標高タイル 2026-10-08
S1lu0uwy,佐志生,"131.81771,33.17494",34.4,DEM5A,地理院タイル 標高タイル 2026-10-08
S1lu5jg7,三雲,"136.11758,34.98313",148.4,DEM5A,地理院タイル 標高タイル 2026-10-08
S1lugkas,吉井,"129.68549,33.26637",35.2,DEM5A,地理院タイル 標高タイル 2026-10-08
S1lvg9ye,周布,"132.01728,34.85813",6.0,DEM5A,地理院タイル 標高タイル 2026-10-08
S1lwcp3s,泊,"136.59848,34.94040",4.2,DEM5A,地理院タイル 標高タイル 2026-10-08
S1lwcrdh,一の鳥居,"135.42000,34.87947",98.6,DEM5A,地理院タイル 標高タイル 2026-10-08
S1lwhfnv,天理,"135.82984,34.60083",62.6,DEM5A,地理院タイル 標高タイル 2026-10-08
S1lwm3a6,赤坂上,"138.22717,36.39135",452.4,DEM5A,地理院タイル 標高タイル 2026-10-08
S1lwvfuv,徳丸,"134.33564,35.36440",119.0,DEM5A,地理院タイル 標高タイル 2026-10-08
S1lwwhqb,みさき公園,"135.16100,34.32399",16.3,DEM5A,地理院タイル 標高タイル 2026-10-08
S1lxco2w,三浦海岸,"139.65338,35.18829",9.0,DEM5A,地理院タイル 標高タイル 2026-10-08
S1lxezwp,千城台,"140.18855,35.62235",32.0,DEM5A,地理院タイル 標高タイル 2026-10-08
S1lxyl9h,下井阪,"135.34019,34.26201",34.2,DEM5A,地理院タイル 標高タイル 2026-10-08
S1ly14yr,安野屋,"137.20434,36.69249",7.5,DEM5A,地理院タイル 標高タイル 2026-10-08
S1ly9cei,一の渡,"141.94267,39.68686",74.9,DEM5A,地理院タイル 標高タイル 2026-10-08
S1lyb07l,東園,"129.96246,32.84698",5.5,DEM5A,地理院タイル 標高タイル 2026-10-08
S1lyp7ia,浜寺公園,"135.44468,34.54134",3.1,DEM5A,地理院タイル 標高タイル 2026-10-08
S1lyr133,手力,"136.80448,35.39826",11.8,DEM5A,地理院タイル 標高タイル 2026-10-08
S1lyueik,岡山駅前,"133.91968,34.66551",2.6,DEM5A,地理院タイル 標高タイル 2026-10-08
S1lyw286,崎平,"138.12747,35.09185",281.5,DEM5A,地理院タイル 標高タイル 2026-10-08
S1lyw4rb,梶栗郷台地,"130.92366,34.01389",4.0,DEM5A,地理院タイル 標高タイル 2026-10-08
S1lz2dfc,渡波,"141.36518,38.41999",1.9,DEM5A,地理院タイル 標高タイル 2026-10-08
S1lzb0rk,宇美,"130.51342,33.56923",40.7,DEM5A,地理院タイル 標高タイル 2026-10-08
S1lzmews,仙崎,"131.19902,34.38778",2.2,DEM5A,地理院タイル 標高タイル 2026-10-08
S1m07qlf,阿波加茂,"133.92707,34.03675",73.4,DEM5A,地理院タイル 標高タイル 2026-10-08
S1m0aidi,大川,"139.71138,35.49540",2.9,DEM5A,地理院タイル 標高タイル 2026-10-08
S1m16km1,前谷地,"141.19439,38.51209",3.2,DEM5A,地理院タイル 標高タイル 2026-10-08
S1m19m5a,川之江,"133.57613,34.01476",4.3,DEM5A,地理院タイル 標高タイル 2026-10-08
S1m1bn06,二川,"137.43887,34.72579",17.7,DEM5A,地理院タイル 標高タイル 2026-10-08
S1m1kbyk,坂上,"137.14091,36.32753",417.0,DEM5A,地理院タイル 標高タイル 2026-10-08
S1m1u679,大河内,"131.93431,34.03108",64.5,DEM5A,地理院タイル 標高タイル 2026-10-08
S1m1wzwh,周防下郷,"131.40179,34.10114",3.7,DEM5A,地理院タイル 標高タイル 2026-10-08
S1m25l3o,三国ヶ丘,"135.49264,34.56579",16.1,DEM5A,地理院タイル 標高タイル 2026-10-08
S1m2a3dv,左堰,"140.66582,40.91748",1.8,DEM5A,地理院タイル 標高タイル 2026-10-08
S1m3bwpr,出馬,"137.74425,35.04935",167.7,DEM5A,地理院タイル 標高タイル 2026-10-08
S1m3d1ih,旅伏,"132.80686,35.42119",4.1,DEM5A,地理院タイル 標高タイル 2026-10-08
S1m3sgzh,本町五丁目,"132.75875,33.85081",20.7,DEM5A,地理院タイル 標高タイル 2026-10-08
S1m3ykvx,飯沼,"137.46134,35.41860",472.5,DEM5A,地理院タイル 標高タイル 2026-10-08
S1m42j9v,八川,"133.08945,35.14939",388.6,DEM5A,地理院タイル 標高タイル 2026-10-08
S1m4nw30,日根野,"135.33129,34.39073",36.4,DEM5A,地理院タイル 標高タイル 2026-10-08
S1m4pbdj,川内,"140.85037,38.26083",60.6,DEM5A,地理院タイル 標高タイル 2026-10-08
S1m4s4pe,金谷川,"140.45201,37.68071",159.3,DEM5A,地理院タイル 標高タイル 2026-10-08
S1m57pqh,小針,"138.99113,37.88950",13.6,DEM5A,地理院タイル 標高タイル 2026-10-08
S1m5a9mm,竜田口,"130.74701,32.82050",25.4,DEM5A,地理院タイル 標高タイル 2026-10-08
S1m5eeq1,田井ノ浜,"134.58417,33.77281",5.4,DEM5A,地理院タイル 標高タイル 2026-10-08
S1m5jn6h,等々力,"139.64796,35.60837",27.2,DEM5A,地理院タイル 標高タイル 2026-10-08
S1m5m5lk,豊間根,"141.92471,39.53424",32.6,DEM5A,地理院タイル 標高タイル 2026-10-08
S1m5u871,安芸阿賀,"132.60073,34.23541",3.2,DEM5A,地理院タイル 標高タイル 2026-10-08
S1m6gz0q,拓北,"141.38109,43.15550",4.4,DEM5A,地理院タイル 標高タイル 2026-10-08
S1m6imz1,石打,"138.80418,36.98893",257.6,DEM5A,地理院タイル 標高タイル 2026-10-08
S1m7gccv,湯浦,"130.50454,32.27135",7.0,DEM5A,地理院タイル 標高タイル 2026-10-08
S1m7qdh3,古市橋,"132.46811,34.45056",9.3,DEM5A,地理院タイル 標高タイル 2026-10-08
S1m7z0fk,秋葉原,"139.77402,35.69844",3.5,DEM5A,地理院タイル 標高タイル 2026-10-08
S1m80jd4,難波,"135.50225,34.66315",2.7,DEM5A,地理院タイル 標高タイル 2026-10-08
S1m8wq14,代官町,"138.12603,34.83549",74.2,DEM5A,地理院タイル 標高タイル 2026-10-08
S1m93zjn,新栄町,"136.92011,35.17067",10.3,DEM5A,地理院タイル 標高タイル 2026-10-08
S1m94cdf,北秩父別,"141.96099,43.78934",51.5,DEM5A,地理院タイル 標高タイル 2026-10-08
S1m9a232,井川さくら,"140.07598,39.91166",3.7,DEM5A,地理院タイル 標高タイル 2026-10-08
S1m9lxk8,下沼,"141.75821,45.03723",7.5,DEM5A,地理院タイル 標高タイル 2026-10-08
S1m9w7xw,日比谷,"139.75987,35.67493",2.0,DEM5A,地理院タイル 標高タイル 2026-10-08
S1m9wu74,甫嶺,"141.80671,39.09326",11.9,DEM5A,地理院タイル 標高タイル 2026-10-08
S1m9xt2b,竪堀,"138.64579,35.16806",21.9,DEM5A,地理院タイル 標高タイル 2026-10-08
S1m9znv4,大学,"129.66703,33.18939",5.5,DEM5A,地理院タイル 標高タイル 2026-10-08
S1ma032t,備前西市,"133.89981,34.63138",1.9,DEM5A,地理院タイル 標高タイル 2026-10-08
S1ma3vha,楽々園,"132.35199,34.36433",2.0,DEM5A,地理院タイル 標高タイル 2026-10-08
S1matqtl,新代田,"139.66139,35.66249",36.8,DEM5A,地理院タイル 標高タイル 2026-10-08
S1maxbgr,田町,"133.92633,34.66077",2.9,DEM5A,地理院タイル 標高タイル 2026-10-08
S1mb3fme,和田岬,"135.17490,34.65772",0.4,DEM5A,地理院タイル 標高タイル 2026-10-08
S1mb5tm1,競輪場前,"137.41727,34.76501",20.8,DEM5A,地理院タイル 標高タイル 2026-10-08
S1mbdp4m,犬山,"136.94554,35.37990",52.2,DEM5A,地理院タイル 標高タイル 2026-10-08
S1mbk3bd,三咲,"140.02854,35.74918",28.6,DEM5A,地理院タイル 標高タイル 2026-10-08
S1mcvcy9,玉江,"131.37986,34.40525",4.0,DEM5A,地理院タイル 標高タイル 2026-10-08
S1md9dd9,外川,"140.85735,35.69931",23.6,DEM5A,地理院タイル 標高タイル 2026-10-08
S1mdkv06,スペースワールド,"130.80619,33.87126",6.5,DEM5A,地理院タイル 標高タイル 2026-10-08
S1mdoz5e,上栄町,"135.86019,35.00518",107.4,DEM5A,地理院タイル 標高タイル 2026-10-08
S1mdzywf,開成,"139.13581,35.32650",38.4,DEM5A,地理院タイル 標高タイル 2026-10-08
S1me160o,県庁前,"132.45815,34.39664",2.3,DEM5A,地理院タイル 標高タイル 2026-10-08
S1me1i7g,新高島平,"139.65433,35.79022",3.5,DEM5A,地理院タイル 標高タイル 2026-10-08
S1meqci6,長沼,"138.41288,34.98911",9.3,DEM5A,地理院タイル 標高タイル 2026-10-08
S1mesfz7,松島,"141.06533,38.37931",3.4,DEM5A,地理院タイル 標高タイル 2026-10-08
S1mevui4,今福鶴見,"135.56007,34.70202",0.8,DEM5A,地理院タイル 標高タイル 2026-10-08
S1mftd96,五十鈴ヶ丘,"136.73984,34.49588",2.4,DEM5A,地理院タイル 標高タイル 2026-10-08
S1mgebqk,下北沢,"139.66696,35.66152",39.1,DEM5A,地理院タイル 標高タイル 2026-10-08
S1mgqq8c,足立小台,"139.77021,35.75464",1.6,DEM5A,地理院タイル 標高タイル 2026-10-08
S1mgrva1,虎ノ門ヒルズ,"139.74777,35.66733",5.7,DEM5A,地理院タイル 標高タイル 2026-10-08
S1mgupp1,占冠,"142.40005,42.99298",347.9,DEM5A,地理院タイル 標高タイル 2026-10-08
S1mh3qp7,岸和田,"135.37813,34.46025",10.0,DEM5A,地理院タイル 標高タイル 2026-10-08
S1mhg6b1,鳴門,"134.60868,34.17917",1.5,DEM5A,地理院タイル 標高タイル 2026-10-08
S1mi41mp,三島広小路,"138.91121,35.11935",27.8,DEM5A,地理院タイル 標高タイル 2026-10-08
S1mi4lzj,西武秩父,"139.08300,35.99001",236.2,DEM5A,地理院タイル 標高タイル 2026-10-08
S1midikw,二塚,"137.00612,36.71432",13.1,DEM5A,地理院タイル 標高タイル 2026-10-08
S1miphvs,北野,"130.58277,33.34538",9.9,DEM5A,地理院タイル 標高タイル 2026-10-08
S1mir56q,南酒々井,"140.26781,35.70432",18.4,DEM5A,地理院タイル 標高タイル 2026-10-08
S1mis44o,勝浦,"140.31197,35.15262",11.0,DEM5A,地理院タイル 標高タイル 2026-10-08
S1mj4vl9,遠賀川,"130.67363,33.84675",2.5,DEM5A,地理院タイル 標高タイル 2026-10-08
S1mj5v2f,上牧,"138.98457,36.73563",442.9,DEM5A,地理院タイル 標高タイル 2026-10-08
S1mj75dn,コウノトリの郷,"134.83551,35.55284",6.8,DEM5A,地理院タイル 標高タイル 2026-10-08
S1mj933b,鼓ヶ浦,"136.58126,34.82619",1.1,DEM5A,地理院タイル 標高タイル 2026-10-08
S1mjhpak,乙供,"141.21324,40.78004",10.2,DEM5A,地理院タイル 標高タイル 2026-10-08
S1mk4qib,竹村,"137.11476,35.04008",25.2,DEM5A,地理院タイル 標高タイル 2026-10-08
S1mkl7yq,国縫,"140.32046,42.43871",3.8,DEM5A,地理院タイル 標高タイル 2026-10-08
S1ml0ibo,尾鷲,"136.19016,34.07433",14.3,DEM5A,地理院タイル 標高タイル 2026-10-08
S1ml0paq,河合,"140.51719,36.50823",10.0,DEM5A,地理院タイル 標高タイル 2026-10-08
S1mla07w,粟野,"136.02717,35.61729",72.3,DEM5A,地理院タイル 標高タイル 2026-10-08
S1mljtda,長門本山,"131.17328,33.94299",5.9,DEM5A,地理院タイル 標高タイル 2026-10-08
S1mlmdhi,瀬上,"140.49857,37.80237",60.1,DEM5A,地理院タイル 標高タイル 2026-10-08
S1mlmvhb,高蔵寺,"137.04326,35.26433",50.6,DEM5A,地理院タイル 標高タイル 2026-10-08
S1mlvrsi,輪西,"141.00568,42.33379",2.5,DEM5A,地理院タイル 標高タイル 2026-10-08
S1mlzyet,東小浜,"135.78120,35.48519",11.8,DEM5A,地理院タイル 標高タイル 2026-10-08
S1mn9rbd,奥大井湖上,"138.18064,35.16781",479.4,DEM5A,地理院タイル 標高タイル 2026-10-08
S1mnal03,市ノ瀬,"138.48213,35.46234",284.3,DEM5A,地理院タイル 標高タイル 2026-10-08
S1mo6jk3,島原港,"130.37011,32.76864",6.8,DEM5A,地理院タイル 標高タイル 2026-10-08
S1mona6x,森林公園,"141.48153,43.05644",16.4,DEM5A,地理院タイル 標高タイル 2026-10-08
S1mp7edi,前田南,"140.40247,40.05053",84.0,DEM5A,地理院タイル 標高タイル 2026-10-08
S1mp9y0z,西佐川,"133.28667,33.51264",74.4,DEM5A,地理院タイル 標高タイル 2026-10-08
S1mpxxsp,天竜二俣,"137.82001,34.85914",42.8,DEM5A,地理院タイル 標高タイル 2026-10-08
S1mq8o1j,八幡新田,"136.91262,34.97378",31.1,DEM5A,地理院タイル 標高タイル 2026-10-08
S1mqlasu,東京ディズニーシー･ステーション,"139.88949,35.62723",5.0,DEM5A,地理院タイル 標高タイル 2026-10-08
S1mqnhnb,国吉,"140.31399,35.28043",17.0,DEM5A,地理院タイル 標高タイル 2026-10-08
S1mqrkq8,半蔵門,"139.74169,35.68538",29.8,DEM5A,地理院タイル 標高タイル 2026-10-08
S1mqu74r,上福岡,"139.51187,35.87387",19.9,DEM5A,地理院タイル 標高タイル 2026-10-08
S1mqyk5k,東長崎,"139.68319,35.72997",36.2,DEM5A,地理院タイル 標高タイル 2026-10-08
S1mrdmki,宮の坂,"139.64492,35.64755",34.4,DEM5A,地理院タイル 標高タイル 2026-10-08
S1mrpm8d,和銅黒谷,"139.10170,36.04676",181.2,DEM5A,地理院タイル 標高タイル 2026-10-08
S1mrqtp7,武蔵塚,"130.77030,32.85001",82.3,DEM5A,地理院タイル 標高タイル 2026-10-08
S1msdwp8,経堂,"139.63708,35.65131",39.0,DEM5A,地理院タイル 標高タイル 2026-10-08
S1msgeve,門松,"130.49595,33.62049",19.9,DEM5A,地理院タイル 標高タイル 2026-10-08
S1msmooy,日出塩,"137.89486,36.04906",812.7,DEM5A,地理院タイル 標高タイル 2026-10-08
S1msu8nh,峰山,"135.07213,35.62597",26.0,DEM5A,地理院タイル 標高タイル 2026-10-08
S1mt14ug,鹿討,"142.40494,43.38755",174.6,DEM5A,地理院タイル 標高タイル 2026-10-08
S1mt3od6,長門二見,"130.91480,34.25164",16.4,DEM5A,地理院タイル 標高タイル 2026-10-08
S1mt7ari,和泉大宮,"135.38502,34.46796",9.2,DEM5A,地理院タイル 標高タイル 2026-10-08
S1mtgu9b,芸大通,"137.06122,35.17188",82.9,DEM5A,地理院タイル 標高タイル 2026-10-08
S1mtikfn,横倉,"138.55034,36.97991",288.4,DEM5A,地理院タイル 標高タイル 2026-10-08
S1mtk85l,西頴娃,"130.49141,31.24117",21.1,DEM5A,地理院タイル 標高タイル 2026-10-08
S1muatmz,河和,"136.91226,34.77802",2.4,DEM5A,地理院タイル 標高タイル 2026-10-08
S1mvbxj1,群馬原町,"138.82415,36.57170",364.2,DEM5A,地理院タイル 標高タイル 2026-10-08
S1mwkdv5,東青原,"131.79745,34.58505",37.1,DEM5A,地理院タイル 標高タイル 2026-10-08
S1mwliz1,新鳥栖,"130.49098,33.37011",19.4,DEM5A,地理院タイル 標高タイル 2026-10-08
S1mwptxw,岩出,"135.32128,34.25502",24.4,DEM5A,地理院タイル 標高タイル 2026-10-08
S1mx3iqk,伊野灘,"132.90088,35.46124",6.1,DEM5A,地理院タイル 標高タイル 2026-10-08
S1mx4z58,庄内通,"136.89101,35.20381",3.9,DEM5A,地理院タイル 標高タイル 2026-10-08
S1mxg0n3,唐笠,"137.81021,35.40232",367.5,DEM5A,地理院タイル 標高タイル 2026-10-08
S1mxo4v6,河内磐船,"135.68465,34.77652",32.8,DEM5A,地理院タイル 標高タイル 2026-10-08
S1mxz9ia,牛ノ浜,"130.20717,31.97402",13.3,DEM5A,地理院タイル 標高タイル 2026-10-08
S1my2grg,鶴見緑地,"135.58071,34.71097",3.1,DEM5A,地理院タイル 標高タイル 2026-10-08
S1my2zh9,蒔田,"139.61053,35.43031",2.7,DEM5A,地理院タイル 標高タイル 2026-10-08
S1my7z7w,蛸地蔵,"135.37040,34.45639",9.0,DEM5A,地理院タイル 標高タイル 2026-10-08
S1my8k80,小泉町,"137.21781,36.67852",14.9,DEM5A,地理院タイル 標高タイル 2026-10-08
S1myne2s,山陽曽根,"134.77317,34.77551",2.0,DEM5A,地理院タイル 標高タイル 2026-10-08
S1mz10zj,肥後二見,"130.54939,32.41982",2.6,DEM5A,地理院タイル 標高タイル 2026-10-08
S1mz541o,百合が原,"141.36068,43.13140",3.4,DEM5A,地理院タイル 標高タイル 2026-10-08
S1mza5ye,小内海,"131.46606,31.73799",16.8,DEM5A,地理院タイル 標高タイル 2026-10-08
S1mzea6s,稲村ヶ崎,"139.52227,35.30433",9.1,DEM5A,地理院タイル 標高タイル 2026-10-08
S1mzf7ti,鰍沢口,"138.47088,35.54142",244.1,DEM5A,地理院タイル 標高タイル 2026-10-08
S1mzp6lh,西留辺蘂,"143.60336,43.78531",208.3,DEM5A,地理院タイル 標高タイル 2026-10-08
S1mzzq7s,大安寺,"133.88805,34.66292",1.4,DEM5A,地理院タイル 標高タイル 2026-10-08
S1n03zai,洞爺,"140.76345,42.55105",3.2,DEM5A,地理院タイル 標高タイル 2026-10-08
S1n09g62,千鳥町,"139.69142,35.57300",6.5,DEM5A,地理院タイル 標高タイル 2026-10-08
S1n0nori,十日町,"138.75622,37.13470",147.3,DEM5A,地理院タイル 標高タイル 2026-10-08
S1n1ahz4,紙屋町東,"132.45830,34.39498",1.9,DEM5A,地理院タイル 標高タイル 2026-10-08
S1n1iayv,西人吉,"130.72588,32.22843",111.3,DEM5A,地理院タイル 標高タイル 2026-10-08
S1n233gj,土佐上川口,"133.05604,33.04289",13.3,DEM5A,地理院タイル 標高タイル 2026-10-08
S1n254qb,黒井村,"130.91200,34.12804",6.5,DEM5A,地理院タイル 標高タイル 2026-10-08
S1n25gy8,桃谷,"135.52800,34.65853",8.1,DEM5A,地理院タイル 標高タイル 2026-10-08
S1n2abrv,杉山,"137.32075,34.68031",7.6,DEM5A,地理院タイル 標高タイル 2026-10-08
S1n2dgp7,堅田,"135.91510,35.12101",88.3,DEM5A,地理院タイル 標高タイル 2026-10-08
S1n2l4a0,南稚内,"141.68294,45.39793",4.4,DEM5A,地理院タイル 標高タイル 2026-10-08
S1n32i16,保見,"137.13436,35.13672",76.7,DEM5A,地理院タイル 標高タイル 2026-10-08
S1n3gvhk,縮景園前,"132.46531,34.39944",2.1,DEM5A,地理院タイル 標高タイル 2026-10-08
S1n3gxcu,板橋本町,"139.70560,35.76110",26.6,DEM5A,地理院タイル 標高タイル 2026-10-08
S1n4fwr5,河堀口,"135.52425,34.64103",6.1,DEM5A,地理院タイル 標高タイル 2026-10-08
S1n4md4e,三ツ屋,"136.64533,36.61160",1.4,DEM5A,地理院タイル 標高タイル 2026-10-08
S1n4oixw,嵯峨嵐山,"135.68131,35.01879",42.3,DEM5A,地理院タイル 標高タイル 2026-10-08
S1n5c1h2,海路,"130.61924,32.34938",56.8,DEM5A,地理院タイル 標高タイル 2026-10-08
S1n5ootk,西加積,"137.34022,36.74634",6.3,DEM5A,地理院タイル 標高タイル 2026-10-08
S1n5wziw,宮山,"139.37966,35.38222",10.9,DEM5A,地理院タイル 標高タイル 2026-10-08
S1n64i3o,西藤原,"136.47813,35.17019",152.9,DEM5A,地理院タイル 標高タイル 2026-10-08
S1n68hk1,高岩,"138.47753,36.11574",813.4,DEM5A,地理院タイル 標高タイル 2026-10-08
S1n6msti,東高円寺,"139.65830,35.69797",39.2,DEM5A,地理院タイル 標高タイル 2026-10-08
S1n6ozs4,黒姫,"138.19711,36.80732",672.0,DEM5A,地理院タイル 標高タイル 2026-10-08
S1n6uv2c,愛宕,"141.06511,38.39747",9.9,DEM5A,地理院タイル 標高タイル 2026-10-08
S1n7qcsx,皆瀬,"129.70176,33.21335",38.4,DEM5A,地理院タイル 標高タイル 2026-10-08
S1n7tovo,日向前田,"131.04035,31.90864",167.5,DEM5A,地理院タイル 標高タイル 2026-10-08
S1n87gal,余目,"139.91132,38.84437",11.3,DEM5A,地理院タイル 標高タイル 2026-10-08
S1n87ox9,櫛田神社前,"130.41159,33.59132",5.5,DEM5A,地理院タイル 標高タイル 2026-10-08
S1n8hjjm,宇治団地前,"133.46116,33.55203",14.1,DEM5A,地理院タイル 標高タイル 2026-10-08
S1n8lzq3,南風崎,"129.80100,33.08708",2.5,DEM5A,地理院タイル 標高タイル 2026-10-08
S1n8qg7j,新川町,"136.99031,34.89661",3.1,DEM5A,地理院タイル 標高タイル 2026-10-08
S1n8vaq1,伊勢朝日,"136.66887,35.03825",4.3,DEM5A,地理院タイル 標高タイル 2026-10-08
S1n9mdvi,二上,"135.68812,34.54657",67.0,DEM5A,地理院タイル 標高タイル 2026-10-08
S1na4eeu,JR小倉,"135.78626,34.88908",30.9,DEM5A,地理院タイル 標高タイル 2026-10-08
S1naeaqv,松田町,"135.50092,34.63946",3.2,DEM5A,地理院タイル 標高タイル 2026-10-08
S1nak1n2,すずかけ台,"139.48175,35.51710",71.0,DEM5A,地理院タイル 標高タイル 2026-10-08
S1nazu7z,味噌天神前,"130.72342,32.79581",12.0,DEM5A,地理院タイル 標高タイル 2026-10-08
S1nbidc6,郷沢,"140.65240,40.98777",4.9,DEM5A,地理院タイル 標高タイル 2026-10-08
S1nbondv,上相浦,"129.67040,33.19517",4.5,DEM5A,地理院タイル 標高タイル 2026-10-08
S1nbpwnd,霧島温泉,"130.73437,31.86815",166.1,DEM5A,地理院タイル 標高タイル 2026-10-08
S1nc1c6e,烏江,"136.59167,35.30554",3.1,DEM5A,地理院タイル 標高タイル 2026-10-08
S1nc2u9k,競馬場前,"140.77563,41.78455",13.5,DEM5A,地理院タイル 標高タイル 2026-10-08
S1nc9u2l,大館,"140.55578,40.28808",56.9,DEM5A,地理院タイル 標高タイル 2026-10-08
S1ncbv40,西大崎,"140.88969,38.63003",39.3,DEM5A,地理院タイル 標高タイル 2026-10-08
S1ncdnjs,関ヶ原,"136.47014,35.36372",121.5,DEM5A,地理院タイル 標高タイル 2026-10-08
S1ncuejs,傘松,"135.19583,35.58620",116.9,DEM5A,地理院タイル 標高タイル 2026-10-08
S1ncwaph,石倉,"140.45847,42.17288",6.9,DEM5A,地理院タイル 標高タイル 2026-10-08
S1ndag83,天矢場,"140.15601,36.52932",128.0,DEM5A,地理院タイル 標高タイル 2026-10-08
S1ndg1pi,矢部,"139.38655,35.57309",119.8,DEM5A,地理院タイル 標高タイル 2026-10-08
S1ndlptq,京成高砂,"139.86659,35.75087",1.3,DEM5A,地理院タイル 標高タイル 2026-10-08
S1ndoeox,燕三条,"138.93915,37.64836",8.1,DEM5A,地理院タイル 標高タイル 2026-10-08
S1ndtp22,芦屋,"135.30740,34.73427",15.1,DEM5A,地理院タイル 標高タイル 2026-10-08
S1ndvzbm,小松,"136.45302,36.40252",2.9,DEM5A,地理院タイル 標高タイル 2026-10-08
S1ndwesv,九条,"135.47399,34.67442",-1.5,DEM5A,地理院タイル 標高タイル 2026-10-08
S1ndy71w,東觜崎,"134.55768,34.88759",34.4,DEM5A,地理院タイル 標高タイル 2026-10-08
S1neqkjg,板橋区役所前,"139.71006,35.75131",28.5,DEM5A,地理院タイル 標高タイル 2026-10-08
S1neusqt,芝公園,"139.74976,35.65375",3.5,DEM5A,地理院タイル 標高タイル 2026-10-08
S1newn5b,船戸,"135.31124,34.24831",24.1,DEM5A,地理院タイル 標高タイル 2026-10-08
S1nfaohy,伊予平野,"132.51811,33.49561",23.1,DEM5A,地理院タイル 標高タイル 2026-10-08
S1nflre6,伊豆多賀,"139.06691,35.05948",56.4,DEM5A,地理院タイル 標高タイル 2026-10-08
S1ng638i,塩之沢,"138.45390,35.37967",182.1,DEM5A,地理院タイル 標高タイル 2026-10-08
S1nhoo80,伊勢川口,"136.35674,34.64782",42.2,DEM5A,地理院タイル 標高タイル 2026-10-08
S1nhuq6t,桜田門,"139.75181,35.67744",7.7,DEM5A,地理院タイル 標高タイル 2026-10-08
S1nhx05g,相野,"135.15595,34.94763",185.5,DEM5A,地理院タイル 標高タイル 2026-10-08
S1ni0trh,浜町アーケード,"129.87679,32.74466",3.5,DEM5A,地理院タイル 標高タイル 2026-10-08
S1ni2mly,柏原南口,"135.62499,34.58163",23.6,DEM5A,地理院タイル 標高タイル 2026-10-08
S1ni5njj,市立病院前,"130.54170,31.57549",7.6,DEM5A,地理院タイル 標高タイル 2026-10-08
S1niohel,西大原,"140.37797,35.26051",9.7,DEM5A,地理院タイル 標高タイル 2026-10-08
S1nj062w,折本,"139.97118,36.34063",40.1,DEM5A,地理院タイル 標高タイル 2026-10-08
S1njoyu7,新吉久,"137.05298,36.77613",2.8,DEM5A,地理院タイル 標高タイル 2026-10-08
S1njs35b,三方,"135.90941,35.55542",11.9,DEM10B,地理院タイル 標高タイル 2026-10-08
S1nk810y,修学院,"135.79030,35.05000",78.0,DEM5A,地理院タイル 標高タイル 2026-10-08
S1nkhfj7,徳田,"136.54398,34.82614",10.5,DEM5A,地理院タイル 標高タイル 2026-10-08
S1nkxxve,柏木町,"140.76542,41.78791",18.7,DEM5A,地理院タイル 標高タイル 2026-10-08
S1nlagnd,東粉浜,"135.49259,34.61823",2.9,DEM5A,地理院タイル 標高タイル 2026-10-08
S1nlbl4c,神野,"134.87903,34.79102",11.3,DEM5A,地理院タイル 標高タイル 2026-10-08
S1nlr447,永原,"136.12249,35.49894",96.4,DEM5A,地理院タイル 標高タイル 2026-10-08
S1nmlt8z,太閤通,"136.87339,35.16763",1.3,DEM5A,地理院タイル 標高タイル 2026-10-08
S1nmok08,狭山市,"139.41339,35.85734",67.3,DEM5A,地理院タイル 標高タイル 2026-10-08
S1nmqy75,浅草橋,"139.78547,35.69750",3.3,DEM5A,地理院タイル 標高タイル 2026-10-08
S1nntar1,芦屋,"135.30355,34.72777",11.5,DEM5A,地理院タイル 標高タイル 2026-10-08
S1nnue3z,大町,"134.14147,34.33742",15.1,DEM5A,地理院タイル 標高タイル 2026-10-08
S1no2vww,海ノ中道,"130.36147,33.66413",4.5,DEM5A,地理院タイル 標高タイル 2026-10-08
S1nobelb,貴志,"135.31185,34.20940",44.5,DEM5A,地理院タイル 標高タイル 2026-10-08
S1nofycv,大阪港,"135.43428,34.65385",0.6,DEM5A,地理院タイル 標高タイル 2026-10-08
S1nokpz1,湯平,"131.35431,33.19734",319.5,DEM5A,地理院タイル 標高タイル 2026-10-08
S1noku4p,知立,"137.03967,35.00623",14.1,DEM5A,地理院タイル 標高タイル 2026-10-08
S1nopb15,上湯沢,"140.48524,39.13414",102.1,DEM5A,地理院タイル 標高タイル 2026-10-08
S1np0kos,八草,"137.10675,35.17572",121.8,DEM5A,地理院タイル 標高タイル 2026-10-08
S1np8bn4,北条,"138.63700,37.33830",20.9,DEM5A,地理院タイル 標高タイル 2026-10-08
S1npentl,柘植,"136.25617,34.84675",252.3,DEM5A,地理院タイル 標高タイル 2026-10-08
S1npktpi,日進,"139.60606,35.93153",16.3,DEM5A,地理院タイル 標高タイル 2026-10-08
S1nprry0,彫刻の森,"139.05076,35.24665",537.6,DEM5A,地理院タイル 標高タイル 2026-10-08
S1nqeb1z,リゾートゲートウェイ･ステーション,"139.88495,35.63511",2.7,DEM5A,地理院タイル 標高タイル 2026-10-08
S1nqk0s3,苅藻,"135.15667,34.65371",1.8,DEM5A,地理院タイル 標高タイル 2026-10-08
S1nqoltu,八次,"132.87885,34.80228",165.7,DEM5A,地理院タイル 標高タイル 2026-10-08
S1nqs53t,桜井,"135.46083,34.81670",51.8,DEM5A,地理院タイル 標高タイル 2026-10-08
S1nrni7v,羽前成田,"140.03512,38.13106",198.6,DEM5A,地理院タイル 標高タイル 2026-10-08
S1nrr9b0,松原,"129.94632,32.97745",4.0,DEM5A,地理院タイル 標高タイル 2026-10-08
S1nrrm7o,高田,"135.74464,34.51634",60.0,DEM5A,地理院タイル 標高タイル 2026-10-08
S1ns3bd1,西大洲,"132.52713,33.50818",18.2,DEM5A,地理院タイル 標高タイル 2026-10-08
S1ns5fby,十三,"135.48231,34.72069",-0.3,DEM5A,地理院タイル 標高タイル 2026-10-08
S1ns7g70,禅昌寺,"137.22521,35.84914",403.8,DEM5A,地理院タイル 標高タイル 2026-10-08
S1nsb64u,加賀笠間,"136.52770,36.50315",14.1,DEM5A,地理院タイル 標高タイル 2026-10-08
S1nsdnkc,伏木,"137.05849,36.79226",1.3,DEM5A,地理院タイル 標高タイル 2026-10-08
S1nsi4ae,近義の里,"135.36291,34.43690",20.8,DEM5A,地理院タイル 標高タイル 2026-10-08
S1ntj5il,牟礼,"138.24681,36.75322",487.3,DEM5A,地理院タイル 標高タイル 2026-10-08
S1ntvo96,草津,"135.96211,35.02258",95.0,DEM5A,地理院タイル 標高タイル 2026-10-08
S1nui7k6,当麻,"142.51703,43.82554",153.1,DEM5A,地理院タイル 標高タイル 2026-10-08
S1nuovy9,桜井,"137.08838,34.91752",13.1,DEM5A,地理院タイル 標高タイル 2026-10-08
S1nv7ef7,仙北町,"141.14875,39.68769",120.8,DEM5A,地理院タイル 標高タイル 2026-10-08
S1nvnos6,松崎,"130.58211,33.39973",17.3,DEM5A,地理院タイル 標高タイル 2026-10-08
S1nw45c8,天塩川温泉,"142.25872,44.66508",49.0,DEM5A,地理院タイル 標高タイル 2026-10-08
S1nwwp37,阿波座,"135.48708,34.68150",0.3,DEM5A,地理院タイル 標高タイル 2026-10-08
S1nx271x,ジヤトコ前,"138.69004,35.15776",4.6,DEM5A,地理院タイル 標高タイル 2026-10-08
S1nx5xk7,古賀,"130.46689,33.73256",8.3,DEM5A,地理院タイル 標高タイル 2026-10-08
S1nx6upq,北13条東,"141.35494,43.07682",13.7,DEM5A,地理院タイル 標高タイル 2026-10-08
S1nxdvb1,常盤,"133.74334,34.53405",1.4,DEM5A,地理院タイル 標高タイル 2026-10-08
S1nxmur3,音別,"143.93247,42.88902",5.9,DEM5A,地理院タイル 標高タイル 2026-10-08
S1nxsyzc,田崎橋,"130.68842,32.78489",9.1,DEM5A,地理院タイル 標高タイル 2026-10-08
S1ny1r02,伊豆仁田,"138.94156,35.07876",11.5,DEM5A,地理院タイル 標高タイル 2026-10-08
S1ny6ie7,検見川浜,"140.05909,35.63717",4.1,DEM5A,地理院タイル 標高タイル 2026-10-08
S1nyqu5k,上越国際スキー場前,"138.82796,37.02873",206.2,DEM5A,地理院タイル 標高タイル 2026-10-08
S1nz5sv5,箱根湯本,"139.10395,35.23354",95.3,DEM5A,地理院タイル 標高タイル 2026-10-08
S1nz7ecg,隈之城,"130.30707,31.79257",9.9,DEM5A,地理院タイル 標高タイル 2026-10-08
S1nzhywo,後楽園,"139.75142,35.70787",9.9,DEM5A,地理院タイル 標高タイル 2026-10-08
S1nzw5a0,多宝塔,"135.77281,35.11644",355.3,DEM5A,地理院タイル 標高タイル 2026-10-08
S1o0l4we,木ノ下,"137.98800,35.90083",673.9,DEM5A,地理院タイル 標高タイル 2026-10-08
S1o0pmry,北柏,"139.98803,35.87568",13.0,DEM5A,地理院タイル 標高タイル 2026-10-08
S1o132f7,洛西口,"135.70314,34.96362",20.6,DEM5A,地理院タイル 標高タイル 2026-10-08
S1o1bybk,豊郷,"136.23099,35.19790",104.4,DEM5A,地理院タイル 標高タイル 2026-10-08
S1o1ckh0,郵便局前,"133.92632,34.66275",2.8,DEM5A,地理院タイル 標高タイル 2026-10-08
S1o1i7t7,小牛田,"141.06441,38.54066",12.3,DEM5A,地理院タイル 標高タイル 2026-10-08
S1o1ig48,京成上野,"139.77351,35.71131",10.3,DEM5A,地理院タイル 標高タイル 2026-10-08
S1o1l7bv,安曇沓掛,"137.85476,36.44781",647.1,DEM5A,地理院タイル 標高タイル 2026-10-08
S1o28m5g,三国港,"136.14035,36.22010",2.2,DEM5A,地理院タイル 標高タイル 2026-10-08
S1o32v3h,相武台下,"139.38632,35.49278",30.9,DEM5A,地理院タイル 標高タイル 2026-10-08
S1o35x6p,相生,"134.47376,34.81809",12.9,DEM5A,地理院タイル 標高タイル 2026-10-08
S1o3xn5z,富岡,"141.02273,37.33415",8.6,DEM5A,地理院タイル 標高タイル 2026-10-08
S1o46h83,寺田,"135.77209,34.85327",16.0,DEM5A,地理院タイル 標高タイル 2026-10-08
S1o4npcp,石原,"135.18016,35.30089",26.5,DEM5A,地理院タイル 標高タイル 2026-10-08
S1o5exs9,曙町東町,"133.49355,33.55157",8.8,DEM5A,地理院タイル 標高タイル 2026-10-08
S1o5mr70,健軍校前,"130.75110,32.78184",15.5,DEM5A,地理院タイル 標高タイル 2026-10-08
S1o5q11n,栃原,"136.50934,34.44456",66.1,DEM5A,地理院タイル 標高タイル 2026-10-08
S1o5qcbn,羽田空港第2ターミナル,"139.78820,35.55080",5.5,DEM5A,地理院タイル 標高タイル 2026-10-08
S1o5vmrx,南蛇井,"138.81388,36.23817",217.9,DEM5A,地理院タイル 標高タイル 2026-10-08
S1o65pj3,栗丘,"141.74439,43.08559",22.8,DEM5A,地理院タイル 標高タイル 2026-10-08
S1o65zi4,仲御徒町,"139.77619,35.70665",2.3,DEM5A,地理院タイル 標高タイル 2026-10-08
S1o6d8fm,侍浜,"141.76059,40.26161",154.9,DEM5A,地理院タイル 標高タイル 2026-10-08
S1o6gp1v,南流山,"139.90351,35.83814",3.6,DEM5A,地理院タイル 標高タイル 2026-10-08
S1o6nidb,淀屋橋,"135.50207,34.69176",2.6,DEM5A,地理院タイル 標高タイル 2026-10-08
S1o6o72r,公文明,"134.16234,34.26663",34.5,DEM5A,地理院タイル 標高タイル 2026-10-08
S1o6qgqi,牛浜,"139.33379,35.73434",124.8,DEM5A,地理院タイル 標高タイル 2026-10-08
S1o6v3kr,桃園,"136.47746,34.66338",18.3,DEM5A,地理院タイル 標高タイル 2026-10-08
S1o6vphp,京成八幡,"139.92817,35.72386",4.0,DEM5A,地理院タイル 標高タイル 2026-10-08
S1o7zliw,札苅,"140.46811,41.69926",10.1,DEM5A,地理院タイル 標高タイル 2026-10-08
S1o841v8,湯の川温泉,"140.78501,41.78010",4.5,DEM5A,地理院タイル 標高タイル 2026-10-08
S1o87mrn,北国分,"139.91422,35.76286",24.7,DEM5A,地理院タイル 標高タイル 2026-10-08
S1o8981b,蘭島,"140.85467,43.19653",5.0,DEM10B,地理院タイル 標高タイル 2026-10-08
S1o8ke2c,石原,"139.36900,36.14756",33.5,DEM5A,地理院タイル 標高タイル 2026-10-08
S1o8tfho,大野,"140.98413,37.40917",60.6,DEM5A,地理院タイル 標高タイル 2026-10-08
S1o8u8h9,近江舞子,"135.95937,35.23636",87.4,DEM5A,地理院タイル 標高タイル 2026-10-08
S1o8yu17,斗米,"141.29091,40.28561",104.6,DEM5A,地理院タイル 標高タイル 2026-10-08
S1o9ctsi,中河原,"139.45750,35.65950",51.3,DEM5A,地理院タイル 標高タイル 2026-10-08
S1o9iuw7,孝子,"135.15104,34.29067",62.5,DEM5A,地理院タイル 標高タイル 2026-10-08
S1o9xg3a,塩郷,"138.09065,34.99764",200.5,DEM5A,地理院タイル 標高タイル 2026-10-08
S1oa0t6x,足柄,"139.15451,35.27177",11.3,DEM5A,地理院タイル 標高タイル 2026-10-08
S1oa43bx,橋本,"130.32097,33.55512",9.1,DEM5A,地理院タイル 標高タイル 2026-10-08
S1oa8dms,西浜田,"132.05039,34.86939",4.8,DEM5A,地理院タイル 標高タイル 2026-10-08
S1oabr9n,大江山口内宮,"135.15840,35.43216",60.2,DEM5A,地理院タイル 標高タイル 2026-10-08
S1oae7z8,鷲別,"141.04266,42.35952",5.4,DEM5A,地理院タイル 標高タイル 2026-10-08
S1oaid9u,千葉,"140.11360,35.61275",10.7,DEM5A,地理院タイル 標高タイル 2026-10-08
S1oap9sb,東総元,"140.24763,35.25944",33.2,DEM5A,地理院タイル 標高タイル 2026-10-08
S1obamt3,萱町六丁目,"132.75622,33.85178",19.7,DEM5A,地理院タイル 標高タイル 2026-10-08
S1obpjxz,清川,"140.02069,38.79018",26.6,DEM5A,地理院タイル 標高タイル 2026-10-08
S1ocd0yr,信濃追分,"138.55849,36.33545",956.4,DEM5A,地理院タイル 標高タイル 2026-10-08
S1ocewzo,呼人,"144.21895,43.96379",6.3,DEM5A,地理院タイル 標高タイル 2026-10-08
S1ocgixy,木津,"135.08853,34.74406",138.8,DEM5A,地理院タイル 標高タイル 2026-10-08
S1ocqly7,伊豆長岡,"138.94751,35.03981",13.2,DEM5A,地理院タイル 標高タイル 2026-10-08
S1od7o16,柴山,"134.66386,35.64655",9.7,DEM5A,地理院タイル 標高タイル 2026-10-08
S1odfr8q,新木曽川,"136.77938,35.34204",8.3,DEM5A,地理院タイル 標高タイル 2026-10-08
S1odjddy,柏原,"135.07712,35.12720",108.5,DEM5A,地理院タイル 標高タイル 2026-10-08
S1odl9zv,志賀,"135.92482,35.20225",87.1,DEM5A,地理院タイル 標高タイル 2026-10-08
S1odpin2,紀三井寺,"135.18759,34.18771",2.3,DEM5A,地理院タイル 標高タイル 2026-10-08
S1odspph,西武球場前,"139.42034,35.77118",100.2,DEM5A,地理院タイル 標高タイル 2026-10-08
S1odzjaq,上島,"137.74557,34.74155",7.9,DEM5A,地理院タイル 標高タイル 2026-10-08
S1oe14hp,天王洲アイル,"139.75090,35.62179",2.7,DEM5A,地理院タイル 標高タイル 2026-10-08
S1oefb2i,矢田,"136.94799,35.19366",17.7,DEM5A,地理院タイル 標高タイル 2026-10-08
S1oeu0kf,東野尻,"136.94351,36.61864",60.7,DEM5A,地理院タイル 標高タイル 2026-10-08
S1ofb9w3,岩代,"135.27958,33.78040",7.5,DEM5A,地理院タイル 標高タイル 2026-10-08
S1ofjvq4,馬来田,"140.05851,35.36682",26.1,DEM5A,地理院タイル 標高タイル 2026-10-08
S1ofyj3e,廿日市,"132.33543,34.35789",4.6,DEM5A,地理院タイル 標高タイル 2026-10-08
S1og5jxe,茂木,"140.18142,36.53081",85.2,DEM5A,地理院タイル 標高タイル 2026-10-08
S1ogldtx,白川口,"137.18484,35.57937",174.5,DEM5A,地理院タイル 標高タイル 2026-10-08
S1ogml2y,岡寺,"135.79595,34.47424",81.6,DEM5A,地理院タイル 標高タイル 2026-10-08
S1ohi7yf,蒲郡競艇場前,"137.20212,34.82543",4.6,DEM5A,地理院タイル 標高タイル 2026-10-08
S1ohjfqf,京成金町,"139.87035,35.76845",2.4,DEM5A,地理院タイル 標高タイル 2026-10-08
S1ohs34h,下宇和,"132.53108,33.34978",203.3,DEM5A,地理院タイル 標高タイル 2026-10-08
S1ohx9vg,松本,"137.96434,36.23053",585.7,DEM5A,地理院タイル 標高タイル 2026-10-08
S1oim55w,越中島,"139.79250,35.66800",1.2,DEM5A,地理院タイル 標高タイル 2026-10-08
S1ojjarm,松山町,"141.07492,38.51270",9.2,DEM5A,地理院タイル 標高タイル 2026-10-08
S1ojlfe6,西宮,"135.33951,34.73668",2.6,DEM5A,地理院タイル 標高タイル 2026-10-08
S1ojos20,三石,"134.27630,34.80499",96.5,DEM5A,地理院タイル 標高タイル 2026-10-08
S1ok0npx,北山,"140.06750,36.45565",76.7,DEM5A,地理院タイル 標高タイル 2026-10-08
S1ok610r,駒川中野,"135.53275,34.62159",5.4,DEM5A,地理院タイル 標高タイル 2026-10-08
S1okcysq,朝日通,"130.55724,31.59478",3.2,DEM5A,地理院タイル 標高タイル 2026-10-08
S1okherc,外苑前,"139.71783,35.67037",31.9,DEM5A,地理院タイル 標高タイル 2026-10-08
S1okmip9,東伏見,"139.56357,35.72875",55.8,DEM5A,地理院タイル 標高タイル 2026-10-08
S1okov1o,千葉みなと,"140.10279,35.60690",3.8,DEM10B,地理院タイル 標高タイル 2026-10-08
S1okt3r5,日下,"133.37131,33.53342",19.9,DEM5A,地理院タイル 標高タイル 2026-10-08
S1oljuy7,電鉄魚津,"137.40034,36.81531",7.6,DEM5A,地理院タイル 標高タイル 2026-10-08
S1omfwzn,ファミリー公園前,"135.78504,34.59806",44.9,DEM5A,地理院タイル 標高タイル 2026-10-08
S1onlxcn,土佐岩原,"133.78819,33.82265",213.8,DEM5A,地理院タイル 標高タイル 2026-10-08
S1onmtpt,南四日市,"136.60959,34.94144",1.9,DEM5A,地理院タイル 標高タイル 2026-10-08
S1onnnki,安土,"136.13380,35.14257",88.8,DEM5A,地理院タイル 標高タイル 2026-10-08
S1onqkup,米原,"136.28987,35.31440",88.2,DEM5A,地理院タイル 標高タイル 2026-10-08
S1oo0fic,沢渡,"137.94403,35.80372",613.1,DEM5A,地理院タイル 標高タイル 2026-10-08
S1oodeeu,こどもの国,"137.16274,34.78860",5.7,DEM5A,地理院タイル 標高タイル 2026-10-08
S1op3oyb,淡路,"135.51698,34.73938",2.3,DEM5A,地理院タイル 標高タイル 2026-10-08
S1op49wm,公園上,"139.04330,35.24912",608.0,DEM5A,地理院タイル 標高タイル 2026-10-08
S1op5fgc,筑後草野,"130.64218,33.32211",32.4,DEM5A,地理院タイル 標高タイル 2026-10-08
S1opt9iw,水沼,"139.27759,36.49985",259.7,DEM5A,地理院タイル 標高タイル 2026-10-08
S1oqbm11,中福良,"130.73302,31.81389",143.0,DEM5A,地理院タイル 標高タイル 2026-10-08
S1oqwlm7,津山口,"133.98275,35.05447",96.9,DEM5A,地理院タイル 標高タイル 2026-10-08
S1or2p6g,手原,"135.99944,35.02743",106.0,DEM5A,地理院タイル 標高タイル 2026-10-08
S1oraff7,美作千代,"133.90604,35.05849",124.8,DEM5A,地理院タイル 標高タイル 2026-10-08
S1orkd73,山陽姫路,"134.68933,34.82879",11.4,DEM5A,地理院タイル 標高タイル 2026-10-08
S1orsqag,富合,"130.67284,32.71370",3.9,DEM5A,地理院タイル 標高タイル 2026-10-08
S1oryamp,細畑,"136.78540,35.40157",10.5,DEM5A,地理院タイル 標高タイル 2026-10-08
S1os91g0,大田郷,"139.95971,36.27827",36.0,DEM5A,地理院タイル 標高タイル 2026-10-08
S1osb3tk,東甘木,"130.46424,33.06222",5.7,DEM5A,地理院タイル 標高タイル 2026-10-08
S1osr62o,今川,"135.53109,34.62631",4.5,DEM5A,地理院タイル 標高タイル 2026-10-08
S1osxscw,北与野,"139.62855,35.89077",12.2,DEM5A,地理院タイル 標高タイル 2026-10-08
S1otgwft,安岡,"130.91673,34.02489",3.5,DEM5A,地理院タイル 標高タイル 2026-10-08
S1otl135,西宮,"135.34878,34.73901",7.5,DEM5A,地理院タイル 標高タイル 2026-10-08
S1otwka5,松山,"132.75098,33.83988",16.5,DEM5A,地理院タイル 標高タイル 2026-10-08
S1ou05mf,道川,"140.05707,39.56061",20.4,DEM5A,地理院タイル 標高タイル 2026-10-08
S1ou5n2s,本郷,"132.98747,34.40960",7.5,DEM5A,地理院タイル 標高タイル 2026-10-08
S1oua6pq,清水川,"141.02436,40.92196",9.5,DEM5A,地理院タイル 標高タイル 2026-10-08
S1ouixxs,川島,"139.91635,36.29593",36.4,DEM5A,地理院タイル 標高タイル 2026-10-08
S1oujd8k,横川駅,"132.45065,34.40960",3.9,DEM5A,地理院タイル 標高タイル 2026-10-08
S1ouv9nr,見沼代親水公園,"139.77070,35.81461",4.9,DEM5A,地理院タイル 標高タイル 2026-10-08
S1ouw4wv,美深,"142.35065,44.48290",79.7,DEM10B,地理院タイル 標高タイル 2026-10-08
S1ovkun4,丸森,"140.76172,37.93072",22.2,DEM5A,地理院タイル 標高タイル 2026-10-08
S1ovs6ls,菜畑,"135.70669,34.68550",121.9,DEM5A,地理院タイル 標高タイル 2026-10-08
S1ow09lh,塩川,"139.88720,37.59410",178.4,DEM5A,地理院タイル 標高タイル 2026-10-08
S1ow8uof,高柳,"139.99898,35.80830",23.4,DEM5A,地理院タイル 標高タイル 2026-10-08
S1owd6ii,新宮川,"137.35109,36.71731",19.1,DEM5A,地理院タイル 標高タイル 2026-10-08
S1owepir,松下,"136.79924,34.49615",2.6,DEM5A,地理院タイル 標高タイル 2026-10-08
S1oxc3js,新野,"134.75258,35.05023",132.4,DEM5A,地理院タイル 標高タイル 2026-10-08
S1oxhetj,鷲宮,"139.65696,36.09633",10.0,DEM5A,地理院タイル 標高タイル 2026-10-08
S1oxhmi0,十川,"132.85594,33.23490",104.1,DEM5A,地理院タイル 標高タイル 2026-10-08
S1oxmpji,川路,"137.81575,35.45312",378.2,DEM5A,地理院タイル 標高タイル 2026-10-08
S1oxy5vj,緑井,"132.47584,34.46747",9.1,DEM5A,地理院タイル 標高タイル 2026-10-08
S1oxzfar,妙寺,"135.51740,34.29851",58.2,DEM5A,地理院タイル 標高タイル 2026-10-08
S1oy0s8y,飯田岡,"139.13932,35.28791",18.6,DEM5A,地理院タイル 標高タイル 2026-10-08
S1oy1k0f,下小田井,"136.87081,35.20243",3.1,DEM5A,地理院タイル 標高タイル 2026-10-08
S1oybmtz,余戸,"132.73390,33.81625",8.2,DEM5A,地理院タイル 標高タイル 2026-10-08
S1oyki1g,本八戸,"141.48899,40.51637",6.7,DEM5A,地理院タイル 標高タイル 2026-10-08
S1oyxtbg,豊島園,"139.64861,35.74182",40.5,DEM5A,地理院タイル 標高タイル 2026-10-08
S1oyyma6,馬路,"132.38741,35.12804",8.9,DEM10B,地理院タイル 標高タイル 2026-10-08
S1oz7iv7,八幡,"137.73599,34.71707",5.2,DEM5A,地理院タイル 標高タイル 2026-10-08
S1oz9smr,義塾高校前,"140.52752,40.55580",53.6,DEM5A,地理院タイル 標高タイル 2026-10-08
S1p0joqr,元宇品口,"132.45971,34.35394",1.9,DEM5A,地理院タイル 標高タイル 2026-10-08
S1p0s9vy,石井,"134.35772,35.08192",198.5,DEM5A,地理院タイル 標高タイル 2026-10-08
S1p13nl9,六反地,"133.16940,33.26203",252.7,DEM5A,地理院タイル 標高タイル 2026-10-08
S1p1b4rs,下関,"130.92161,33.94915",2.6,DEM5A,地理院タイル 標高タイル 2026-10-08
S1p1ly7c,桜島桟橋通,"130.56099,31.60001",3.2,DEM5A,地理院タイル 標高タイル 2026-10-08
S1p2bitb,安芸幸崎,"133.04019,34.33816",2.9,DEM5A,地理院タイル 標高タイル 2026-10-08
S1p2fs16,浦和,"139.65715,35.85856",15.8,DEM5A,地理院タイル 標高タイル 2026-10-08
S1p2sjig,井尻,"130.44301,33.55221",13.2,DEM5A,地理院タイル 標高タイル 2026-10-08
S1p30fr1,笠間,"140.24651,36.37304",41.3,DEM5A,地理院タイル 標高タイル 2026-10-08
S1p399vi,磐城浅川,"140.41441,37.07984",306.8,DEM5A,地理院タイル 標高タイル 2026-10-08
S1p3tas8,観光通,"129.87778,32.74341",2.6,DEM5A,地理院タイル 標高タイル 2026-10-08
S1p3yfxl,米内沢,"140.37341,40.12842",38.2,DEM5A,地理院タイル 標高タイル 2026-10-08
S1p40jh7,函館,"140.72641,41.77400",1.2,DEM5A,地理院タイル 標高タイル 2026-10-08
S1p46f1k,御茶ノ水,"139.76482,35.69988",-0.4,DEM5A,地理院タイル 標高タイル 2026-10-08
S1p5fijh,末広町,"137.01344,36.74448",14.2,DEM5A,地理院タイル 標高タイル 2026-10-08
S1p5v6q2,新潟,"139.06137,37.91217",0.4,DEM5A,地理院タイル 標高タイル 2026-10-08
S1p6lzpc,常陸津田,"140.48292,36.40414",17.2,DEM5A,地理院タイル 標高タイル 2026-10-08
S1p6sta0,勝間,"131.95424,34.04198",48.4,DEM5A,地理院タイル 標高タイル 2026-10-08
S1p6wdul,向市場,"137.86945,35.15407",259.3,DEM5A,地理院タイル 標高タイル 2026-10-08
S1p74ty4,田代,"130.52486,33.38453",20.2,DEM5A,地理院タイル 標高タイル 2026-10-08
S1p78f6p,城陽,"135.78106,34.85558",23.7,DEM5A,地理院タイル 標高タイル 2026-10-08
S1p7tn1z,唐人町,"130.36994,33.59009",3.2,DEM5A,地理院タイル 標高タイル 2026-10-08
S1p8zssn,新居浜,"133.29476,33.94805",20.6,DEM5A,地理院タイル 標高タイル 2026-10-08
S1p91940,門静,"144.78272,43.05756",2.8,DEM5A,地理院タイル 標高タイル 2026-10-08
S1p97cua,鳥羽中,"136.18755,35.98150",12.7,DEM5A,地理院タイル 標高タイル 2026-10-08
S1p99rjt,北越谷,"139.77987,35.90172",4.9,DEM5A,地理院タイル 標高タイル 2026-10-08
S1p9buzg,三河三谷,"137.24775,34.81857",13.0,DEM5A,地理院タイル 標高タイル 2026-10-08
S1p9facz,越中中川,"137.02790,36.74985",10.8,DEM5A,地理院タイル 標高タイル 2026-10-08
S1p9m8eq,野芥,"130.34673,33.54822",16.8,DEM5A,地理院タイル 標高タイル 2026-10-08
S1p9ymfm,喜入,"130.53883,31.37133",3.7,DEM5A,地理院タイル 標高タイル 2026-10-08
S1pagncn,古淵,"139.41924,35.55598",106.9,DEM5A,地理院タイル 標高タイル 2026-10-08
S1pb5dz5,黒石,"130.74218,32.87044",65.4,DEM5A,地理院タイル 標高タイル 2026-10-08
S1pb8vkc,都賀,"140.14897,35.63576",27.8,DEM5A,地理院タイル 標高タイル 2026-10-08
S1pbg4si,和田浜,"133.26554,35.48057",5.0,DEM5A,地理院タイル 標高タイル 2026-10-08
S1pbgyih,中村,"132.94405,32.98454",6.0,DEM5A,地理院タイル 標高タイル 2026-10-08
S1pbnmfh,伊予大洲,"132.54484,33.51855",15.4,DEM5A,地理院タイル 標高タイル 2026-10-08
S1pbqjx0,北神戸,"136.59447,35.43006",18.6,DEM5A,地理院タイル 標高タイル 2026-10-08
S1pcbj0q,中愛別,"142.65548,43.89623",252.1,DEM5A,地理院タイル 標高タイル 2026-10-08
S1pcd6cf,村山,"138.28027,36.65928",336.1,DEM5A,地理院タイル 標高タイル 2026-10-08
S1pcdyjh,北安城,"137.09215,34.96464",18.8,DEM5A,地理院タイル 標高タイル 2026-10-08
S1pcn37i,宇品二丁目,"132.46465,34.36634",-0.1,DEM5A,地理院タイル 標高タイル 2026-10-08
S1pcr9pp,鹿児島駅前,"130.56235,31.60120",3.1,DEM5A,地理院タイル 標高タイル 2026-10-08
S1pcuiu9,新水前寺駅前,"130.72727,32.79331",11.0,DEM5A,地理院タイル 標高タイル 2026-10-08
S1pcw0sv,下浦,"134.42120,34.06762",8.9,DEM5A,地理院タイル 標高タイル 2026-10-08
S1pe3vhq,福工大前,"130.44074,33.69867",6.0,DEM5A,地理院タイル 標高タイル 2026-10-08
S1pez12d,西線11条,"141.33587,43.04496",27.1,DEM5A,地理院タイル 標高タイル 2026-10-08
S1pezrbr,西袋,"139.90771,38.81151",7.9,DEM5A,地理院タイル 標高タイル 2026-10-08
S1pf7vbe,青物横丁,"139.74313,35.60919",3.3,DEM5A,地理院タイル 標高タイル 2026-10-08
S1pfnz1i,船津,"136.22872,34.14217",8.3,DEM5A,地理院タイル 標高タイル 2026-10-08
S1pfp80k,鳥取,"134.22609,35.49422",5.5,DEM5A,地理院タイル 標高タイル 2026-10-08
S1pfz48j,市原,"135.76305,35.08816",151.3,DEM5A,地理院タイル 標高タイル 2026-10-08
S1pgaxfh,東鷲宮,"139.67970,36.08964",9.0,DEM5A,地理院タイル 標高タイル 2026-10-08
S1pgc9j1,名城公園,"136.90477,35.19046",5.3,DEM5A,地理院タイル 標高タイル 2026-10-08
S1pgcd18,三井野原,"133.11648,35.09123",724.4,DEM5A,地理院タイル 標高タイル 2026-10-08
S1pgj7it,陸中中野,"141.78776,40.30507",40.6,DEM5A,地理院タイル 標高タイル 2026-10-08
S1pgjyow,北久米,"132.79869,33.81927",36.2,DEM5A,地理院タイル 標高タイル 2026-10-08
S1pgouru,十府ヶ浦海岸,"141.82409,40.09683",10.6,DEM5A,地理院タイル 標高タイル 2026-10-08
S1pgp99m,さっぽろ,"141.35227,43.06605",17.1,DEM5A,地理院タイル 標高タイル 2026-10-08
S1pi2nal,本八幡,"139.92714,35.72210",3.2,DEM5A,地理院タイル 標高タイル 2026-10-08
S1pi951t,立山,"137.44549,36.58328",467.6,DEM5A,地理院タイル 標高タイル 2026-10-08
S1pikzdn,西八王子,"139.31200,35.65628",136.0,DEM5A,地理院タイル 標高タイル 2026-10-08
S1pinz8w,大塚,"132.40294,34.44181",88.4,DEM5A,地理院タイル 標高タイル 2026-10-08
S1piwt6d,江別,"141.55658,43.11014",9.3,DEM5A,地理院タイル 標高タイル 2026-10-08
S1pjbtih,三宅八幡,"135.79619,35.06238",96.4,DEM5A,地理院タイル 標高タイル 2026-10-08
S1pjpome,敷浪,"136.77349,36.84808",9.7,DEM5A,地理院タイル 標高タイル 2026-10-08
S1pjrkf7,新玉名,"130.57341,32.94271",7.4,DEM5A,地理院タイル 標高タイル 2026-10-08
S1pjvl2x,保谷,"139.56824,35.74826",51.9,DEM5A,地理院タイル 標高タイル 2026-10-08
S1pjx52f,馬庭,"139.00964,36.26147",97.9,DEM5A,地理院タイル 標高タイル 2026-10-08
S1pk47vm,玉野,"136.74780,35.26620",4.4,DEM5A,地理院タイル 標高タイル 2026-10-08
S1pk65gz,大関,"136.20378,36.18663",3.8,DEM5A,地理院タイル 標高タイル 2026-10-08
S1pkr65e,児玉,"139.13571,36.19284",94.6,DEM5A,地理院タイル 標高タイル 2026-10-08
S1pktaze,室蘭,"140.97617,42.31782",2.5,DEM5A,地理院タイル 標高タイル 2026-10-08
S1pkx797,江田,"140.82644,37.17914",137.2,DEM5A,地理院タイル 標高タイル 2026-10-08
S1pl9uj7,冷水浦,"135.19350,34.14198",10.8,DEM5A,地理院タイル 標高タイル 2026-10-08
S1plarrf,すずらんの里,"138.21179,35.93046",903.2,DEM5A,地理院タイル 標高タイル 2026-10-08
S1plcpr3,福生,"139.32774,35.74249",130.7,DEM5A,地理院タイル 標高タイル 2026-10-08
S1plgnvp,豊前長洲,"131.38324,33.56464",12.0,DEM5A,地理院タイル 標高タイル 2026-10-08
S1plp2mj,阿倍野,"135.51195,34.64228",16.6,DEM5A,地理院タイル 標高タイル 2026-10-08
S1pm01fy,神村学園前,"130.28400,31.70381",9.8,DEM5A,地理院タイル 標高タイル 2026-10-08
S1pm5rgs,志摩横山,"136.81836,34.33398",20.9,DEM5A,地理院タイル 標高タイル 2026-10-08
S1pmfvkw,西舞子,"135.02813,34.63870",3.6,DEM5A,地理院タイル 標高タイル 2026-10-08
S1pmfw1p,京都,"135.75884,34.98538",27.6,DEM5A,地理院タイル 標高タイル 2026-10-08
S1pndr7u,群馬大津,"138.62809,36.55381",631.5,DEM5A,地理院タイル 標高タイル 2026-10-08
S1pnlbtb,春日,"130.46938,33.53466",23.7,DEM5A,地理院タイル 標高タイル 2026-10-08
S1pnm67r,比治山橋,"132.46886,34.38329",3.0,DEM5A,地理院タイル 標高タイル 2026-10-08
S1pnqmos,麻植塚,"134.37638,34.07511",12.7,DEM5A,地理院タイル 標高タイル 2026-10-08
S1pntwtf,橋本,"135.61477,34.31826",90.8,DEM5A,地理院タイル 標高タイル 2026-10-08
S1pnvlbm,センター南,"139.57437,35.54519",19.6,DEM5A,地理院タイル 標高タイル 2026-10-08
S1po5zzl,陸前谷地,"140.99954,38.56513",15.4,DEM5A,地理院タイル 標高タイル 2026-10-08
S1podfvc,福居,"139.45867,36.30521",30.0,DEM5A,地理院タイル 標高タイル 2026-10-08
S1poliuw,栂・美木多,"135.49023,34.48505",62.4,DEM5A,地理院タイル 標高タイル 2026-10-08
S1poqe7z,フラワータウン,"135.20242,34.88550",189.5,DEM5A,地理院タイル 標高タイル 2026-10-08
S1poutde,向河原,"139.66729,35.57218",6.5,DEM5A,地理院タイル 標高タイル 2026-10-08
S1pp9gwd,亀山,"136.45051,34.85003",53.1,DEM5A,地理院タイル 標高タイル 2026-10-08
S1pp9ptc,西庶路,"144.12982,42.97613",6.0,DEM5A,地理院タイル 標高タイル 2026-10-08
S1ppmchb,馬下,"139.26037,37.73758",25.9,DEM5A,地理院タイル 標高タイル 2026-10-08
S1pppb6l,相内,"143.75640,43.79592",130.0,DEM5A,地理院タイル 標高タイル 2026-10-08
S1pq0879,岳南富士岡,"138.72339,35.16095",7.4,DEM5A,地理院タイル 標高タイル 2026-10-08
S1pq2dc8,丸山下,"139.32131,36.41681",129.8,DEM5A,地理院タイル 標高タイル 2026-10-08
S1pqt8rn,綾部,"135.25194,35.30215",38.2,DEM5A,地理院タイル 標高タイル 2026-10-08
S1pr898g,琴似,"141.30444,43.07545",21.1,DEM5A,地理院タイル 標高タイル 2026-10-08
S1prdfwz,大阪阿部野橋,"135.51451,34.64563",15.5,DEM5A,地理院タイル 標高タイル 2026-10-08
S1prpl0e,岩宿,"139.29715,36.39591",136.8,DEM5A,地理院タイル 標高タイル 2026-10-08
S1prwqc8,大町,"139.97334,35.77515",23.4,DEM5A,地理院タイル 標高タイル 2026-10-08
S1ps2bbd,顔戸,"137.10514,35.43453",110.4,DEM5A,地理院タイル 標高タイル 2026-10-08
S1psulml,津軽大沢,"140.51653,40.55783",56.6,DEM10B,地理院タイル 標高タイル 2026-10-08
S1pszsh4,名寄高校,"142.46548,44.33117",99.9,DEM10B,地理院タイル 標高タイル 2026-10-08
S1ptj2pg,入江岡,"138.48140,35.01504",3.6,DEM5A,地理院タイル 標高タイル 2026-10-08
S1ptrm10,上八木,"132.50660,34.49048",15.1,DEM5A,地理院タイル 標高タイル 2026-10-08
S1pu106q,松尾寺,"135.45028,35.48597",45.6,DEM5A,地理院タイル 標高タイル 2026-10-08
S1puzao7,瀬々串,"130.52274,31.42122",3.9,DEM5A,地理院タイル 標高タイル 2026-10-08
S1pv0rwo,ときわ台,"135.43809,34.90617",168.9,DEM5A,地理院タイル 標高タイル 2026-10-08
S1pvqh2g,堺筋本町,"135.50667,34.68211",4.4,DEM5A,地理院タイル 標高タイル 2026-10-08
S1pvsgn7,三谷,"133.61963,34.61643",18.0,DEM5A,地理院タイル 標高タイル 2026-10-08
S1pvztn7,小田林,"139.85360,36.30079",38.5,DEM5A,地理院タイル 標高タイル 2026-10-08
S1pw1w4n,段,"130.64577,32.46818",15.8,DEM5A,地理院タイル 標高タイル 2026-10-08
S1px2edz,総社,"133.73816,34.67418",17.0,DEM5A,地理院タイル 標高タイル 2026-10-08
S1px5qet,豊後竹田,"131.38983,32.97094",240.7,DEM5A,地理院タイル 標高タイル 2026-10-08
S1pxbf2n,横須賀中央,"139.66979,35.27884",11.8,DEM5A,地理院タイル 標高タイル 2026-10-08
S1pxcg6j,南千里,"135.50875,34.79241",55.9,DEM5A,地理院タイル 標高タイル 2026-10-08
S1pyk1n5,宝町,"139.77209,35.67567",3.9,DEM5A,地理院タイル 標高タイル 2026-10-08
S1pyk68o,日代,"131.91869,33.06613",5.3,DEM5A,地理院タイル 標高タイル 2026-10-08
S1pyz98u,阿下喜,"136.51904,35.14628",78.5,DEM5A,地理院タイル 標高タイル 2026-10-08
S1pyzsip,山田,"136.91166,35.78859",253.7,DEM5A,地理院タイル 標高タイル 2026-10-08
S1pz7kfo,北大垣,"136.60186,35.37529",8.2,DEM5A,地理院タイル 標高タイル 2026-10-08
S1pzj9w4,毛賀,"137.83938,35.48744",401.8,DEM5A,地理院タイル 標高タイル 2026-10-08
S1pzvj0r,西舞鶴,"135.33056,35.44185",3.0,DEM5A,地理院タイル 標高タイル 2026-10-08
S1pzwufl,白鳥高原,"136.84240,35.91320",413.4,DEM5A,地理院タイル 標高タイル 2026-10-08
S1q03o95,西馬込,"139.70632,35.58731",11.4,DEM5A,地理院タイル 標高タイル 2026-10-08
S1q0i3gp,摂津,"135.56143,34.78003",4.5,DEM5A,地理院タイル 標高タイル 2026-10-08
S1q0kcvg,船橋競馬場,"139.99795,35.68964",2.4,DEM5A,地理院タイル 標高タイル 2026-10-08
S1q138go,西川田,"139.85030,36.51425",97.9,DEM5A,地理院タイル 標高タイル 2026-10-08
S1q17he6,大山,"130.59925,31.19498",52.8,DEM5A,地理院タイル 標高タイル 2026-10-08
S1q17uxf,琴似,"141.30740,43.08151",14.9,DEM5A,地理院タイル 標高タイル 2026-10-08
S1q1ee2q,伊賀上野,"136.12276,34.78901",140.2,DEM5A,地理院タイル 標高タイル 2026-10-08
S1q1g91b,竹ノ塚,"139.79072,35.79437",2.5,DEM5A,地理院タイル 標高タイル 2026-10-08
S1q1ms3g,半田口,"136.92547,34.90909",10.0,DEM5A,地理院タイル 標高タイル 2026-10-08
S1q1se5m,西大路,"135.73149,34.98099",22.2,DEM5A,地理院タイル 標高タイル 2026-10-08
S1q1sylm,赤土小学校前,"139.76913,35.74306",3.2,DEM5A,地理院タイル 標高タイル 2026-10-08
S1q1whm9,八尾南,"135.58278,34.59722",9.9,DEM5A,地理院タイル 標高タイル 2026-10-08
S1q22m92,東武練馬,"139.66254,35.76865",33.5,DEM5A,地理院タイル 標高タイル 2026-10-08
S1q2fzqz,徳佐,"131.72020,34.39971",297.8,DEM5A,地理院タイル 標高タイル 2026-10-08
S1q2o2u8,早瀬,"137.77509,35.06058",145.4,DEM5A,地理院タイル 標高タイル 2026-10-08
S1q2rs6e,牧之郷,"138.95442,34.98886",43.6,DEM5A,地理院タイル 標高タイル 2026-10-08
S1q2tq9t,原爆資料館,"129.86356,32.77056",1.9,DEM5A,地理院タイル 標高タイル 2026-10-08
S1q3jkan,黒笹,"137.09160,35.12767",79.8,DEM5A,地理院タイル 標高タイル 2026-10-08
S1q3ml5a,三縄,"133.78744,34.00683",112.0,DEM5A,地理院タイル 標高タイル 2026-10-08
S1q4rvzl,杭瀬,"135.43868,34.71831",-1.4,DEM5A,地理院タイル 標高タイル 2026-10-08
S1q54es4,下浜,"140.06453,39.61968",23.8,DEM10B,地理院タイル 標高タイル 2026-10-08
S1q56xk9,大和新庄,"135.73603,34.48893",76.5,DEM5A,地理院タイル 標高タイル 2026-10-08
S1q57rzr,福田町,"140.95833,38.27498",4.7,DEM5A,地理院タイル 標高タイル 2026-10-08
S1q59tbv,西町,"137.21568,36.68919",11.7,DEM5A,地理院タイル 標高タイル 2026-10-08
S1q5e60r,札木,"137.39029,34.76448",9.3,DEM5A,地理院タイル 標高タイル 2026-10-08
S1q5r0t6,富士山下,"139.31584,36.41399",125.0,DEM5A,地理院タイル 標高タイル 2026-10-08
S1q5sd8l,清水原,"141.15645,38.85493",46.3,DEM5A,地理院タイル 標高タイル 2026-10-08
S1q5t76n,出目,"132.69194,33.25180",109.1,DEM5A,地理院タイル 標高タイル 2026-10-08
S1q644d2,村山,"140.38642,38.47710",84.0,DEM5A,地理院タイル 標高タイル 2026-10-08
S1q65oh4,黒子,"139.97500,36.24720",33.8,DEM5A,地理院タイル 標高タイル 2026-10-08
S1q66c8h,仏生山,"134.04272,34.28363",34.9,DEM5A,地理院タイル 標高タイル 2026-10-08
S1q71i76,余呉,"136.19827,35.53389",136.3,DEM5A,地理院タイル 標高タイル 2026-10-08
S1q7dxum,市島,"135.13006,35.20799",61.2,DEM5A,地理院タイル 標高タイル 2026-10-08
S1q7e4sr,小見川,"140.60460,35.84998",4.1,DEM5A,地理院タイル 標高タイル 2026-10-08
S1q7fncs,後免東町,"133.64826,33.57461",12.1,DEM5A,地理院タイル 標高タイル 2026-10-08
S1q7o6jo,香里園,"135.63094,34.78456",5.8,DEM5A,地理院タイル 標高タイル 2026-10-08
S1q7p2gg,生野,"134.78913,35.16322",304.7,DEM5A,地理院タイル 標高タイル 2026-10-08
S1q82gy1,川西,"132.17731,34.15660",13.6,DEM5A,地理院タイル 標高タイル 2026-10-08
S1q8x77a,中島公園,"141.35505,43.04848",27.0,DEM5A,地理院タイル 標高タイル 2026-10-08
S1q8z1uc,赤星,"133.45650,33.96681",14.5,DEM5A,地理院タイル 標高タイル 2026-10-08
S1q9jlss,土佐一宮,"133.57723,33.57899",2.7,DEM5A,地理院タイル 標高タイル 2026-10-08
S1qa1rjq,二月田,"130.63010,31.25432",8.6,DEM5A,地理院タイル 標高タイル 2026-10-08
S1qajjsg,大和田,"135.60255,34.74293",1.9,DEM5A,地理院タイル 標高タイル 2026-10-08
S1qao26h,小本,"136.86146,35.14906",1.2,DEM5A,地理院タイル 標高タイル 2026-10-08
S1qb1rxl,高見ノ里,"135.54601,34.57518",20.5,DEM5A,地理院タイル 標高タイル 2026-10-08
S1qb5y1j,務田,"132.60061,33.28286",149.5,DEM5A,地理院タイル 標高タイル 2026-10-08
S1qbjmbo,王子保,"136.16556,35.86632",52.5,DEM5A,地理院タイル 標高タイル 2026-10-08
S1qbljqf,瀬見温泉,"140.41963,38.75513",149.5,DEM5A,地理院タイル 標高タイル 2026-10-08
S1qc3lck,香椎花園前,"130.43459,33.67001",8.0,DEM5A,地理院タイル 標高タイル 2026-10-08
S1qca37i,田沢,"137.94103,36.30170",556.0,DEM5A,地理院タイル 標高タイル 2026-10-08
S1qcd34l,杉原,"137.19247,36.41586",310.8,DEM5A,地理院タイル 標高タイル 2026-10-08
S1qcl8j2,大庄,"137.27538,36.61953",109.7,DEM5A,地理院タイル 標高タイル 2026-10-08
S1qdkp5f,鶴橋,"135.53000,34.66555",3.3,DEM5A,地理院タイル 標高タイル 2026-10-08
S1qdss9u,芦ノ牧温泉,"139.93224,37.39541",295.9,DEM5A,地理院タイル 標高タイル 2026-10-08
S1qe5sft,草野,"140.94725,37.07385",4.9,DEM5A,地理院タイル 標高タイル 2026-10-08
S1qee3gq,形原,"137.18463,34.79841",15.6,DEM5A,地理院タイル 標高タイル 2026-10-08
S1qeeka7,都城,"131.07401,31.73660",147.3,DEM5A,地理院タイル 標高タイル 2026-10-08
S1qep3az,名手,"135.43368,34.27295",54.9,DEM5A,地理院タイル 標高タイル 2026-10-08
S1qf43ou,上長瀞,"139.11329,36.08615",151.6,DEM5A,地理院タイル 標高タイル 2026-10-08
S1qf8g8y,小橋,"133.93659,34.65763",4.9,DEM5A,地理院タイル 標高タイル 2026-10-08
S1qfb99v,殿山,"140.60101,36.34943",22.3,DEM5A,地理院タイル 標高タイル 2026-10-08
S1qfecqv,白岡,"139.66688,36.01778",10.1,DEM5A,地理院タイル 標高タイル 2026-10-08
S1qfgeh5,立川南,"139.41258,35.69617",82.9,DEM5A,地理院タイル 標高タイル 2026-10-08
S1qfgi6d,安中,"138.91449,36.33165",135.0,DEM5A,地理院タイル 標高タイル 2026-10-08
S1qfpyet,水窪,"137.87050,35.16333",271.2,DEM5A,地理院タイル 標高タイル 2026-10-08
S1qfrf10,芳賀台,"140.00540,36.56641",130.5,DEM5A,地理院タイル 標高タイル 2026-10-08
S1qgwtur,教育大前,"130.59031,33.80817",26.2,DEM5A,地理院タイル 標高タイル 2026-10-08
S1qhixa9,牧,"131.63785,33.23712",8.3,DEM5A,地理院タイル 標高タイル 2026-10-08
S1qhjxdp,上尾,"139.58881,35.97302",16.6,DEM5A,地理院タイル 標高タイル 2026-10-08
S1qhnb0q,柿平,"137.64401,34.99052",139.3,DEM5A,地理院タイル 標高タイル 2026-10-08
S1qhsu3o,柿崎,"138.38592,37.27778",3.9,DEM5A,地理院タイル 標高タイル 2026-10-08
S1qhubnb,善光寺,"138.58922,35.65984",257.9,DEM5A,地理院タイル 標高タイル 2026-10-08
S1qi80s6,京急新子安,"139.65585,35.48722",3.1,DEM5A,地理院タイル 標高タイル 2026-10-08
S1qiqufp,石川町,"139.64292,35.43891",2.7,DEM5A,地理院タイル 標高タイル 2026-10-08
S1qircx9,流通センター,"139.74919,35.58145",3.8,DEM5A,地理院タイル 標高タイル 2026-10-08
S1qj0g7s,光風台,"140.11417,35.43957",17.8,DEM5A,地理院タイル 標高タイル 2026-10-08
S1qj24lk,新ノ口,"135.79466,34.52515",55.8,DEM5A,地理院タイル 標高タイル 2026-10-08
S1qj6r6q,住吉大社,"135.49019,34.61257",1.9,DEM5A,地理院タイル 標高タイル 2026-10-08
S1qjdfyn,勝田台,"140.12605,35.71539",24.2,DEM5A,地理院タイル 標高タイル 2026-10-08
S1qjuwf1,県庁前,"137.20974,36.69558",7.2,DEM5A,地理院タイル 標高タイル 2026-10-08
S1qjvdek,横尾,"133.36332,34.52149",9.5,DEM5A,地理院タイル 標高タイル 2026-10-08
S1qjyiaq,宇島,"131.12648,33.62129",3.3,DEM5A,地理院タイル 標高タイル 2026-10-08
S1qjz7yo,あわくら温泉,"134.33694,35.18851",367.4,DEM5A,地理院タイル 標高タイル 2026-10-08
S1qkfr9n,みつわ台,"140.13489,35.63873",25.2,DEM5A,地理院タイル 標高タイル 2026-10-08
S1qkz3zd,豪徳寺,"139.64700,35.65370",35.6,DEM5A,地理院タイル 標高タイル 2026-10-08
S1qm0xgf,豊後中川,"131.00588,33.28446",141.9,DEM5A,地理院タイル 標高タイル 2026-10-08
S1qm7run,下館,"139.97819,36.30404",31.3,DEM5A,地理院タイル 標高タイル 2026-10-08
S1qmd7wb,桑川,"139.45880,38.37518",7.8,DEM5A,地理院タイル 標高タイル 2026-10-08
S1qmhge2,富士急ハイランド,"138.78182,35.48954",830.1,DEM5A,地理院タイル 標高タイル 2026-10-08
S1qmnzb2,鵜方,"136.82573,34.32937",2.5,DEM5A,地理院タイル 標高タイル 2026-10-08
S1qmtq12,下立口,"137.53298,36.85961",126.9,DEM5A,地理院タイル 標高タイル 2026-10-08
S1qn3jnq,東刈谷,"137.04363,34.97736",14.8,DEM5A,地理院タイル 標高タイル 2026-10-08
S1qn5bv5,上夜久野,"134.93173,35.34184",143.9,DEM5A,地理院タイル 標高タイル 2026-10-08
S1qo8o9o,西女満別,"144.14829,43.88003",8.5,DEM5A,地理院タイル 標高タイル 2026-10-08
S1qogtp4,船尾,"135.45066,34.54993",3.5,DEM5A,地理院タイル 標高タイル 2026-10-08
S1qoli1i,東舞鶴,"135.39479,35.46858",5.8,DEM5A,地理院タイル 標高タイル 2026-10-08
S1qols1h,白木山,"132.58782,34.50057",63.9,DEM5A,地理院タイル 標高タイル 2026-10-08
S1qouevb,太宰府,"130.53120,33.51834",46.4,DEM5A,地理院タイル 標高タイル 2026-10-08
S1qp68lh,俊徳道,"135.57162,34.65858",3.7,DEM5A,地理院タイル 標高タイル 2026-10-08
S1qpm97n,志度,"134.17311,34.32142",2.4,DEM5A,地理院タイル 標高タイル 2026-10-08
S1qpqtm7,泊,"137.55601,36.95192",16.7,DEM5A,地理院タイル 標高タイル 2026-10-08
S1qpu6zm,伯耆大山,"133.38417,35.43012",7.7,DEM5A,地理院タイル 標高タイル 2026-10-08
S1qq16p9,富浦,"141.15655,42.44187",6.2,DEM5A,地理院タイル 標高タイル 2026-10-08
S1qqhj0n,小平,"139.48845,35.73692",71.3,DEM5A,地理院タイル 標高タイル 2026-10-08
S1qqs1l4,八千代台,"140.09077,35.70135",29.1,DEM5A,地理院タイル 標高タイル 2026-10-08
S1qqscet,河崎口,"133.30536,35.45676",5.3,DEM5A,地理院タイル 標高タイル 2026-10-08
S1qqt2t7,JR河内永和,"135.57232,34.66433",2.9,DEM5A,地理院タイル 標高タイル 2026-10-08
S1qr154w,河山,"131.98385,34.23628",68.0,DEM5A,地理院タイル 標高タイル 2026-10-08
S1qre9rc,皆実町六丁目,"132.46441,34.37439",0.8,DEM5A,地理院タイル 標高タイル 2026-10-08
S1qrjcib,天橋立,"135.18287,35.55738",2.7,DEM5A,地理院タイル 標高タイル 2026-10-08
S1qrlfeu,平石,"139.93928,36.55500",107.9,DEM5A,地理院タイル 標高タイル 2026-10-08
S1qrpoup,飯浦,"131.70213,34.66873",24.4,DEM10B,地理院タイル 標高タイル 2026-10-08
S1qrw2dp,貿易センター,"135.19946,34.68937",2.1,DEM5A,地理院タイル 標高タイル 2026-10-08
S1qs5ieg,半家,"132.79196,33.20179",64.1,DEM5A,地理院タイル 標高タイル 2026-10-08
S1qscbx1,小田,"132.63023,35.28477",20.9,DEM5A,地理院タイル 標高タイル 2026-10-08
S1qsgpfw,船橋日大前,"140.06008,35.72725",28.3,DEM5A,地理院タイル 標高タイル 2026-10-08
S1qsphlj,東梅田,"135.49982,34.70056",0.1,DEM5A,地理院タイル 標高タイル 2026-10-08
S1qsyqit,荒浜,"138.60195,37.40473",5.6,DEM5A,地理院タイル 標高タイル 2026-10-08
S1qta76v,新里,"139.23698,36.41855",175.3,DEM5A,地理院タイル 標高タイル 2026-10-08
S1qtipjr,旭川四条,"142.37582,43.76401",116.1,DEM5A,地理院タイル 標高タイル 2026-10-08
S1qtjccr,狐ヶ崎,"138.45974,35.01143",16.3,DEM5A,地理院タイル 標高タイル 2026-10-08
S1qts0oy,神崎川,"135.47314,34.73197",0.6,DEM5A,地理院タイル 標高タイル 2026-10-08
S1qu5wmw,石川プール前,"140.55047,40.54317",55.3,DEM5A,地理院タイル 標高タイル 2026-10-08
S1qudk84,紀伊田原,"135.86813,33.53648",3.8,DEM5A,地理院タイル 標高タイル 2026-10-08
S1qvnjls,野木,"139.73479,36.22991",21.3,DEM5A,地理院タイル 標高タイル 2026-10-08
S1qvxk0z,見奈良,"132.87368,33.79305",104.6,DEM5A,地理院タイル 標高タイル 2026-10-08
S1qvy8q4,小砂川,"139.88572,39.13760",34.9,DEM5A,地理院タイル 標高タイル 2026-10-08
S1qvydfr,豊四季,"139.93928,35.86653",18.8,DEM5A,地理院タイル 標高タイル 2026-10-08
S1qwm0fs,筒石,"138.06058,37.12732",82.1,DEM5A,地理院タイル 標高タイル 2026-10-08
S1qwrr7x,有備館,"140.86436,38.65805",54.9,DEM5A,地理院タイル 標高タイル 2026-10-08
S1qx4cfb,由比ヶ浜,"139.54157,35.31288",8.6,DEM5A,地理院タイル 標高タイル 2026-10-08
S1qx5326,星置,"141.21064,43.13227",9.8,DEM10B,地理院タイル 標高タイル 2026-10-08
S1qx5env,上永谷,"139.57279,35.40137",34.2,DEM5A,地理院タイル 標高タイル 2026-10-08
S1qxb0i9,北堀之内,"138.89631,37.25574",76.3,DEM5A,地理院タイル 標高タイル 2026-10-08
S1qxsohf,筑豊中間,"130.71684,33.81691",8.9,DEM5A,地理院タイル 標高タイル 2026-10-08
S1qxuok2,肥前長田,"130.08005,32.86180",5.1,DEM5A,地理院タイル 標高タイル 2026-10-08
S1qxz4fk,美濃太田,"137.01953,35.44561",69.1,DEM5A,地理院タイル 標高タイル 2026-10-08
S1qy4q4e,いずえ,"133.45065,34.58798",34.3,DEM5A,地理院タイル 標高タイル 2026-10-08
S1qy844x,柿ケ島,"136.57090,35.97250",220.8,DEM5A,地理院タイル 標高タイル 2026-10-08
S1qybfgq,鎌手,"131.87831,34.75166",37.9,DEM5A,地理院タイル 標高タイル 2026-10-08
S1qykhmt,市民公園前,"136.84190,35.40057",29.3,DEM5A,地理院タイル 標高タイル 2026-10-08
S1qyvpmy,阿波山川,"134.23455,34.05522",30.8,DEM5A,地理院タイル 標高タイル 2026-10-08
S1qz28k5,国府宮,"136.80293,35.25428",5.0,DEM5A,地理院タイル 標高タイル 2026-10-08
S1qzf2y4,伏見稲荷,"135.76931,34.96913",27.5,DEM5A,地理院タイル 標高タイル 2026-10-08
S1qzjtdn,秋川,"139.28675,35.72805",155.9,DEM5A,地理院タイル 標高タイル 2026-10-08
S1r05h5x,京セラ前,"136.18041,35.07484",131.3,DEM5A,地理院タイル 標高タイル 2026-10-08
S1r0iuh6,伊那大島,"137.91322,35.59570",518.8,DEM5A,地理院タイル 標高タイル 2026-10-08
S1r15xa0,東福山,"133.40654,34.49527",0.8,DEM5A,地理院タイル 標高タイル 2026-10-08
S1r1fapi,須賀川,"140.37142,37.30036",242.2,DEM5A,地理院タイル 標高タイル 2026-10-08
S1r229xm,新田辺,"135.77282,34.82072",20.6,DEM5A,地理院タイル 標高タイル 2026-10-08
S1r2f0wb,保内,"139.01468,37.63931",11.4,DEM5A,地理院タイル 標高タイル 2026-10-08
S1r2stqy,新所沢,"139.45717,35.80580",73.9,DEM5A,地理院タイル 標高タイル 2026-10-08
S1r2xe08,天文館通,"130.55474,31.59051",4.3,DEM5A,地理院タイル 標高タイル 2026-10-08
S1r2z6ca,居能,"131.22805,33.96664",2.3,DEM5A,地理院タイル 標高タイル 2026-10-08
S1r33ew5,禾生,"138.92924,35.57520",420.4,DEM5A,地理院タイル 標高タイル 2026-10-08
S1r39mop,松永,"133.25892,34.45096",2.0,DEM5A,地理院タイル 標高タイル 2026-10-08
S1r4aul2,鎌倉,"139.55026,35.31878",7.4,DEM5A,地理院タイル 標高タイル 2026-10-08
S1r4ioqa,上総東,"140.34491,35.26329",17.2,DEM5A,地理院タイル 標高タイル 2026-10-08
S1r4zt1d,須磨海浜公園,"135.12661,34.64716",8.2,DEM5A,地理院タイル 標高タイル 2026-10-08
S1r57e12,木岐,"134.56950,33.76660",7.1,DEM5A,地理院タイル 標高タイル 2026-10-08
S1r5iffb,富士山,"138.79484,35.48359",809.2,DEM5A,地理院タイル 標高タイル 2026-10-08
S1r6mpcp,愛宕橋,"140.88141,38.24744",24.9,DEM5A,地理院タイル 標高タイル 2026-10-08
S1r71eah,堺市,"135.49867,34.57762",13.3,DEM5A,地理院タイル 標高タイル 2026-10-08
S1r7e95e,池の浦,"136.81841,34.47913",7.2,DEM5A,地理院タイル 標高タイル 2026-10-08
S1r7l5bo,美濃山崎,"136.62154,35.19872",6.6,DEM5A,地理院タイル 標高タイル 2026-10-08
S1r7nvcb,下祗園,"132.46229,34.43941",6.1,DEM5A,地理院タイル 標高タイル 2026-10-08
S1r7rhfa,妙法寺,"135.11037,34.67500",74.3,DEM5A,地理院タイル 標高タイル 2026-10-08
S1r8d320,八千代町,"129.87042,32.75460",2.4,DEM5A,地理院タイル 標高タイル 2026-10-08
S1r8fenm,西上田,"138.20906,36.41687",421.1,DEM5A,地理院タイル 標高タイル 2026-10-08
S1r8myl7,萩ノ茶屋,"135.49905,34.64559",2.4,DEM5A,地理院タイル 標高タイル 2026-10-08
S1r9fizn,浦宿,"141.42146,38.43651",1.6,DEM5A,地理院タイル 標高タイル 2026-10-08
S1r9ooyh,千代台,"140.74868,41.78411",12.3,DEM5A,地理院タイル 標高タイル 2026-10-08
S1r9z1z6,立小路,"140.54271,38.74202",227.8,DEM5A,地理院タイル 標高タイル 2026-10-08
S1ra1hbv,見晴台,"131.10971,32.81755",512.1,DEM5A,地理院タイル 標高タイル 2026-10-08
S1ra62ek,姥堂,"139.88099,37.61600",187.6,DEM5A,地理院タイル 標高タイル 2026-10-08
S1rb267x,大石,"135.23107,34.70770",13.3,DEM5A,地理院タイル 標高タイル 2026-10-08
S1rb3hl9,上横須賀,"137.07214,34.83012",2.3,DEM5A,地理院タイル 標高タイル 2026-10-08
S1rb9b6t,大分,"131.60670,33.23260",5.4,DEM5A,地理院タイル 標高タイル 2026-10-08
S1rblyne,野田玉川,"141.82890,40.08275",26.3,DEM5A,地理院タイル 標高タイル 2026-10-08
S1rc9ga9,一畑口,"132.88285,35.46460",7.2,DEM5A,地理院タイル 標高タイル 2026-10-08
S1rcs68r,三条京阪,"135.77369,35.00922",41.0,DEM5A,地理院タイル 標高タイル 2026-10-08
S1rdb0bo,津幡,"136.73074,36.65788",11.4,DEM5A,地理院タイル 標高タイル 2026-10-08
S1rdno9k,鹿王院,"135.68525,35.01705",35.6,DEM5A,地理院タイル 標高タイル 2026-10-08
S1re6xik,柏森,"136.90025,35.34482",26.7,DEM5A,地理院タイル 標高タイル 2026-10-08
S1re8p5o,寺田,"137.31878,36.69871",12.6,DEM5A,地理院タイル 標高タイル 2026-10-08
S1re93f2,塩町,"132.91344,34.77423",171.0,DEM5A,地理院タイル 標高タイル 2026-10-08
S1reamwj,角田,"140.77241,37.97929",12.0,DEM5A,地理院タイル 標高タイル 2026-10-08
S1repzpd,都住,"138.32216,36.70405",345.7,DEM5A,地理院タイル 標高タイル 2026-10-08
S1rf156v,越水,"140.29791,40.78732",12.4,DEM5A,地理院タイル 標高タイル 2026-10-08
S1rf1u03,桜沢,"138.34963,36.71264",329.3,DEM5A,地理院タイル 標高タイル 2026-10-08
S1rgexds,美浜,"135.93661,35.60524",13.0,DEM5A,地理院タイル 標高タイル 2026-10-08
S1rgkn5v,白楽,"139.62792,35.48950",18.7,DEM5A,地理院タイル 標高タイル 2026-10-08
S1rgma8g,羽後四ツ屋,"140.51200,39.50161",32.6,DEM5A,地理院タイル 標高タイル 2026-10-08
S1rgwiqp,戸田公園,"139.67835,35.80777",2.5,DEM5A,地理院タイル 標高タイル 2026-10-08
S1rgxtup,五日町,"138.90851,37.12007",140.8,DEM5A,地理院タイル 標高タイル 2026-10-08
S1rgz0j8,YRP野比,"139.68526,35.21257",16.8,DEM5A,地理院タイル 標高タイル 2026-10-08
S1rh3r66,美加の台,"135.57701,34.42477",139.7,DEM5A,地理院タイル 標高タイル 2026-10-08
S1ri1g5o,青山町,"136.17773,34.67306",191.2,DEM5A,地理院タイル 標高タイル 2026-10-08
S1ri61t8,湯ノ峠,"131.17255,34.08521",17.9,DEM5A,地理院タイル 標高タイル 2026-10-08
S1ridpfc,木葉,"130.62634,32.91636",17.4,DEM5A,地理院タイル 標高タイル 2026-10-08
S1rifdvo,高畠,"140.15281,37.99233",215.8,DEM5A,地理院タイル 標高タイル 2026-10-08
S1riylme,京急久里浜,"139.70221,35.23147",1.2,DEM5A,地理院タイル 標高タイル 2026-10-08
S1rj0xhb,向島,"135.76977,34.91472",12.0,DEM5A,地理院タイル 標高タイル 2026-10-08
S1rj0ys8,鶴丸,"130.74871,32.03058",223.6,DEM5A,地理院タイル 標高タイル 2026-10-08
S1rj1qns,越前大野,"136.49695,35.98324",175.1,DEM5A,地理院タイル 標高タイル 2026-10-08
S1rjlp5u,千歳町,"129.86119,32.78925",18.7,DEM5A,地理院タイル 標高タイル 2026-10-08
S1rk81r0,宇野,"133.95381,34.49509",1.1,DEM5A,地理院タイル 標高タイル 2026-10-08
S1rk877z,社台,"141.41778,42.57905",6.3,DEM5A,地理院タイル 標高タイル 2026-10-08
S1rkazhw,巻,"138.88960,37.75699",3.7,DEM5A,地理院タイル 標高タイル 2026-10-08
S1rkioko,恋山形,"134.27909,35.25588",257.7,DEM5A,地理院タイル 標高タイル 2026-10-08
S1rkmktv,三鷹台,"139.58929,35.69205",46.8,DEM5A,地理院タイル 標高タイル 2026-10-08
S1rkxtmm,町田,"139.44580,35.54270",81.8,DEM5A,地理院タイル 標高タイル 2026-10-08
S1rkyq29,東湊,"135.46270,34.56482",1.6,DEM5A,地理院タイル 標高タイル 2026-10-08
S1rla0jj,五条,"135.69869,34.35574",117.8,DEM5A,地理院タイル 標高タイル 2026-10-08
S1rlv1oq,八事日赤,"136.96489,35.14464",53.3,DEM5A,地理院タイル 標高タイル 2026-10-08
S1rmvrgx,中部国際空港,"136.81598,34.85990",4.0,DEM5A,地理院タイル 標高タイル 2026-10-08
S1rnptbk,矢島,"140.13904,39.23031",53.6,DEM5A,地理院タイル 標高タイル 2026-10-08
S1ro354k,七里ヶ浜,"139.51004,35.30629",13.2,DEM5A,地理院タイル 標高タイル 2026-10-08
S1ro4ob9,川角,"139.34647,35.93760",51.6,DEM5A,地理院タイル 標高タイル 2026-10-08
S1ro6oh6,十日市場,"139.51667,35.52621",33.4,DEM5A,地理院タイル 標高タイル 2026-10-08
S1roo8yh,誕生寺,"133.95924,34.95164",154.9,DEM5A,地理院タイル 標高タイル 2026-10-08
S1rooytn,植田,"137.37324,34.71097",6.1,DEM5A,地理院タイル 標高タイル 2026-10-08
S1roz6ui,萩,"131.40157,34.39370",3.8,DEM5A,地理院タイル 標高タイル 2026-10-08
S1rp1gh0,中強羅,"139.04032,35.24808",659.6,DEM5A,地理院タイル 標高タイル 2026-10-08
S1rpcmxl,新川崎,"139.67160,35.55159",5.0,DEM5A,地理院タイル 標高タイル 2026-10-08
S1rpg88q,丹波橋,"135.76542,34.93892",29.7,DEM5A,地理院タイル 標高タイル 2026-10-08
S1rposyp,左通,"140.58613,39.80191",244.8,DEM5A,地理院タイル 標高タイル 2026-10-08
S1rpt96e,南鹿児島,"130.54360,31.55480",10.6,DEM5A,地理院タイル 標高タイル 2026-10-08
S1rq3e0h,恵那,"137.40779,35.45509",269.1,DEM5A,地理院タイル 標高タイル 2026-10-08
S1rq3tfu,東吾野,"139.26028,35.89247",132.6,DEM5A,地理院タイル 標高タイル 2026-10-08
S1rq911k,習志野,"140.04280,35.71538",26.4,DEM5A,地理院タイル 標高タイル 2026-10-08
S1rqf17n,柴平,"140.78806,40.23077",116.3,DEM5A,地理院タイル 標高タイル 2026-10-08
S1rqrv7y,比良,"135.94406,35.21996",88.4,DEM5A,地理院タイル 標高タイル 2026-10-08
S1rqt60c,草野,"135.15237,34.99693",185.2,DEM5A,地理院タイル 標高タイル 2026-10-08
S1rqz7um,内ヶ巻,"138.85177,37.25001",91.1,DEM5A,地理院タイル 標高タイル 2026-10-08
S1rr34m3,押上,"139.81305,35.70945",0.6,DEM5A,地理院タイル 標高タイル 2026-10-08
S1rr4qmv,浦本,"137.93983,37.07419",12.4,DEM5A,地理院タイル 標高タイル 2026-10-08
S1rr5d0w,大木,"129.85013,33.22155",35.6,DEM5A,地理院タイル 標高タイル 2026-10-08
S1rrkh22,伊勢市,"136.71007,34.49164",2.3,DEM5A,地理院タイル 標高タイル 2026-10-08
S1rsei25,沢田,"141.38240,38.43236",1.1,DEM5A,地理院タイル 標高タイル 2026-10-08
S1rsfvc4,青函トンネル記念館,"140.34708,41.25431",61.6,DEM5A,地理院タイル 標高タイル 2026-10-08
S1rt6ad9,四ツ倉,"140.98086,37.10228",3.8,DEM5A,地理院タイル 標高タイル 2026-10-08
S1rt9d7a,西松任,"136.54910,36.51782",17.9,DEM5A,地理院タイル 標高タイル 2026-10-08
S1rt9yo1,上川,"142.76680,43.84851",338.0,DEM5A,地理院タイル 標高タイル 2026-10-08
S1rtaocp,新金岡,"135.51527,34.56820",17.1,DEM5A,地理院タイル 標高タイル 2026-10-08
S1rtco30,置賜,"140.14255,37.95405",226.6,DEM5A,地理院タイル 標高タイル 2026-10-08
S1rtpip3,堂島,"139.91174,37.55477",186.2,DEM5A,地理院タイル 標高タイル 2026-10-08
S1rtu1qf,新高島,"139.62649,35.46196",5.7,DEM5A,地理院タイル 標高タイル 2026-10-08
S1ru2n5h,浜名湖佐久米,"137.59925,34.78923",2.5,DEM5A,地理院タイル 標高タイル 2026-10-08
S1ru5ik1,出雲崎,"138.71625,37.53182",30.7,DEM5A,地理院タイル 標高タイル 2026-10-08
S1ru73he,芝山千代田,"140.39961,35.75402",41.5,DEM5A,地理院タイル 標高タイル 2026-10-08
S1rultgn,姨捨,"138.09315,36.50288",547.7,DEM5A,地理院タイル 標高タイル 2026-10-08
S1runc40,西分,"133.79091,33.51783",13.5,DEM5A,地理院タイル 標高タイル 2026-10-08
S1runj4s,大野城,"130.48007,33.52497",27.6,DEM5A,地理院タイル 標高タイル 2026-10-08
S1ruplfg,吉野口,"135.75057,34.42088",107.3,DEM5A,地理院タイル 標高タイル 2026-10-08
S1ruu1cc,近江今津,"136.03230,35.39820",86.2,DEM5A,地理院タイル 標高タイル 2026-10-08
S1ruubcb,法華口,"134.85637,34.87527",38.0,DEM5A,地理院タイル 標高タイル 2026-10-08
S1ruw7mz,八景水谷,"130.72298,32.84128",25.7,DEM5A,地理院タイル 標高タイル 2026-10-08
S1rv7b6x,春日町,"138.40063,34.97843",14.8,DEM5A,地理院タイル 標高タイル 2026-10-08
S1rvd2jx,東村山,"139.46586,35.75997",75.4,DEM5A,地理院タイル 標高タイル 2026-10-08
S1rvhy30,高田本山,"136.51638,34.75512",1.5,DEM5A,地理院タイル 標高タイル 2026-10-08
S1rvqwkx,大津市役所前,"135.85566,35.01837",88.6,DEM5A,地理院タイル 標高タイル 2026-10-08
S1rvw4k5,山郷,"134.28875,35.23270",308.8,DEM5A,地理院タイル 標高タイル 2026-10-08
S1rw5uk2,比立内,"140.45320,39.90498",205.8,DEM10B,地理院タイル 標高タイル 2026-10-08
S1rwbd2i,西府,"139.45739,35.67094",63.4,DEM5A,地理院タイル 標高タイル 2026-10-08
S1rwcz17,七道,"135.48051,34.59219",1.6,DEM5A,地理院タイル 標高タイル 2026-10-08
S1rwdq3y,福知山,"135.11827,35.29671",17.6,DEM5A,地理院タイル 標高タイル 2026-10-08
S1rwhvxg,御堂,"141.23705,40.00436",295.0,DEM5A,地理院タイル 標高タイル 2026-10-08
S1rxmgok,越後滝谷,"138.83497,37.36872",34.2,DEM5A,地理院タイル 標高タイル 2026-10-08
S1ry0yvx,日比野,"136.72860,35.16367",-1.4,DEM5A,地理院タイル 標高タイル 2026-10-08
S1rypyes,横屋,"136.65956,35.38693",6.8,DEM5A,地理院タイル 標高タイル 2026-10-08
S1ryza2f,二里ヶ浜,"135.10416,34.25753",4.6,DEM5A,地理院タイル 標高タイル 2026-10-08
S1rzlplp,本郷,"137.01359,35.17533",46.8,DEM5A,地理院タイル 標高タイル 2026-10-08
S1s0m821,都通,"130.54301,31.58086",5.7,DEM5A,地理院タイル 標高タイル 2026-10-08
S1s1208r,石原町,"130.86601,33.78466",51.7,DEM5A,地理院タイル 標高タイル 2026-10-08
S1s1j2h4,羽前小松,"140.04854,38.00469",222.0,DEM5A,地理院タイル 標高タイル 2026-10-08
S1s1phm1,苦竹,"140.91907,38.26883",12.4,DEM5A,地理院タイル 標高タイル 2026-10-08
S1s1wozl,上野毛,"139.63891,35.61199",29.4,DEM5A,地理院タイル 標高タイル 2026-10-08
S1s1wphc,恵良,"131.17442,33.25504",362.1,DEM5A,地理院タイル 標高タイル 2026-10-08
S1s25a7s,芦ノ牧温泉南,"139.91866,37.33458",419.8,DEM5A,地理院タイル 標高タイル 2026-10-08
S1s2urv0,追分口,"136.26137,36.08249",12.2,DEM5A,地理院タイル 標高タイル 2026-10-08
S1s3cbay,庄内,"135.47514,34.75035",2.2,DEM5A,地理院タイル 標高タイル 2026-10-08
S1s3y5bl,藤田,"140.53941,37.87888",87.1,DEM5A,地理院タイル 標高タイル 2026-10-08
S1s42wix,中学校,"140.14846,35.74012",17.1,DEM5A,地理院タイル 標高タイル 2026-10-08
S1s49a25,北大曲,"140.49806,39.48949",29.6,DEM5A,地理院タイル 標高タイル 2026-10-08
S1s4fhdr,サンドーム西,"136.18068,35.93655",21.7,DEM5A,地理院タイル 標高タイル 2026-10-08
S1s4g27b,新島々,"137.82176,36.18980",691.9,DEM5A,地理院タイル 標高タイル 2026-10-08
S1s4i4rd,さくら夙川,"135.33127,34.73904",6.0,DEM5A,地理院タイル 標高タイル 2026-10-08
S1s4ro5p,秦野,"139.22608,35.37007",95.2,DEM5A,地理院タイル 標高タイル 2026-10-08
S1s5o7j6,おゆみ野,"140.16634,35.55002",18.8,DEM5A,地理院タイル 標高タイル 2026-10-08
S1s5shpk,南荒尾,"130.43313,32.96583",4.3,DEM5A,地理院タイル 標高タイル 2026-10-08
S1s5w7gh,若葉,"139.40849,35.94907",32.9,DEM5A,地理院タイル 標高タイル 2026-10-08
S1s6ejzk,木古内,"140.43399,41.67789",4.1,DEM5A,地理院タイル 標高タイル 2026-10-08
S1s6i22c,三国,"136.14995,36.21692",3.4,DEM5A,地理院タイル 標高タイル 2026-10-08
S1s6xdv6,久々野,"137.27683,36.05234",675.6,DEM5A,地理院タイル 標高タイル 2026-10-08
S1s6zwl7,岩室,"138.88000,37.72143",5.7,DEM5A,地理院タイル 標高タイル 2026-10-08
S1s72h7m,安里,"127.69573,26.21674",9.8,DEM5A,地理院タイル 標高タイル 2026-10-08
S1s7c8ru,京口,"134.70544,34.83476",16.0,DEM5A,地理院タイル 標高タイル 2026-10-08
S1s7jewh,黒部平,"137.65058,36.56705",1817.3,DEM5A,地理院タイル 標高タイル 2026-10-08
S1s7mit1,共和,"136.95458,35.03536",14.1,DEM5A,地理院タイル 標高タイル 2026-10-08
S1s86k34,榎原,"131.30654,31.53468",36.9,DEM5A,地理院タイル 標高タイル 2026-10-08
S1s898rt,小長井,"130.18646,32.92418",5.8,DEM5A,地理院タイル 標高タイル 2026-10-08
S1s8pc9u,東仙台,"140.91964,38.27624",16.2,DEM5A,地理院タイル 標高タイル 2026-10-08
S1s8qnea,西鹿島,"137.80795,34.84675",41.5,DEM5A,地理院タイル 標高タイル 2026-10-08
S1s932oj,久留米高校前,"130.51710,33.29839",16.0,DEM5A,地理院タイル 標高タイル 2026-10-08
S1s98ja5,鵜原,"140.27896,35.14125",13.1,DEM5A,地理院タイル 標高タイル 2026-10-08
S1sa6vdy,山陽須磨,"135.11231,34.64357",9.4,DEM5A,地理院タイル 標高タイル 2026-10-08
S1sa9qyx,助信,"137.73846,34.72360",6.2,DEM5A,地理院タイル 標高タイル 2026-10-08
S1safybi,六浦,"139.61149,35.32272",4.2,DEM5A,地理院タイル 標高タイル 2026-10-08
S1sao9ya,上野広小路,"139.77297,35.70760",4.4,DEM5A,地理院タイル 標高タイル 2026-10-08
S1saq4qh,はりま勝原,"134.61428,34.81016",2.9,DEM5A,地理院タイル 標高タイル 2026-10-08
S1sbj57y,霧島神宮,"130.83699,31.81820",227.7,DEM5A,地理院タイル 標高タイル 2026-10-08
S1sc0kdt,白山,"139.75230,35.72155",13.8,DEM5A,地理院タイル 標高タイル 2026-10-08
S1sc18b0,越谷レイクタウン,"139.82253,35.87611",4.3,DEM5A,地理院タイル 標高タイル 2026-10-08
S1scai6j,新千歳空港,"141.68079,42.78754",24.0,DEM5A,地理院タイル 標高タイル 2026-10-08
S1scr6hk,鯖石,"140.55274,40.53558",60.8,DEM5A,地理院タイル 標高タイル 2026-10-08
S1sd27qs,感田,"130.73315,33.75887",11.0,DEM5A,地理院タイル 標高タイル 2026-10-08
S1sd3yd3,尾白内,"140.61343,42.11122",4.2,DEM5A,地理院タイル 標高タイル 2026-10-08
S1sdhszg,北山,"140.85190,38.28514",87.4,DEM5A,地理院タイル 標高タイル 2026-10-08
S1sdiwuk,竹田,"134.83579,35.29924",98.3,DEM5A,地理院タイル 標高タイル 2026-10-08
S1sdjn95,青倉,"134.81169,35.26711",123.8,DEM5A,地理院タイル 標高タイル 2026-10-08
S1sdn6x3,板柳,"140.46187,40.69724",15.7,DEM5A,地理院タイル 標高タイル 2026-10-08
S1sdvgoq,井口,"132.38585,34.37176",5.0,DEM5A,地理院タイル 標高タイル 2026-10-08
S1se8ae9,中飯降,"135.53244,34.30447",69.1,DEM5A,地理院タイル 標高タイル 2026-10-08
S1sejlz7,逢隈,"140.85475,38.06762",8.9,DEM5A,地理院タイル 標高タイル 2026-10-08
S1septgx,西浦,"137.17871,34.78997",14.7,DEM5A,地理院タイル 標高タイル 2026-10-08
S1sfcsaw,八幡前,"135.79244,35.06617",97.7,DEM5A,地理院タイル 標高タイル 2026-10-08
S1sfu3m3,北四番丁,"140.86911,38.27210",45.6,DEM5A,地理院タイル 標高タイル 2026-10-08
S1sg49cy,浅虫温泉,"140.86248,40.89140",4.0,DEM5A,地理院タイル 標高タイル 2026-10-08
S1sg9cyc,吉井,"138.98437,36.25609",119.8,DEM5A,地理院タイル 標高タイル 2026-10-08
S1sgdf2p,市役所前,"135.15298,33.88961",2.7,DEM5A,地理院タイル 標高タイル 2026-10-08
S1sgjo0w,西山天王山,"135.68855,34.91289",22.7,DEM5A,地理院タイル 標高タイル 2026-10-08
S1sgqzxk,塩屋,"135.08328,34.63372",6.3,DEM5A,地理院タイル 標高タイル 2026-10-08
S1sgzdis,巌根,"139.93381,35.41479",3.8,DEM5A,地理院タイル 標高タイル 2026-10-08
S1shd4gs,南行徳,"139.90240,35.67283",0.7,DEM5A,地理院タイル 標高タイル 2026-10-08
S1si4za1,方南町,"139.65794,35.68351",39.6,DEM5A,地理院タイル 標高タイル 2026-10-08
S1si904y,神田,"139.77088,35.69242",4.8,DEM5A,地理院タイル 標高タイル 2026-10-08
S1siqd2x,服部天神,"135.47518,34.76293",4.2,DEM5A,地理院タイル 標高タイル 2026-10-08
S1siu4lk,八日市場,"140.55239,35.69929",7.8,DEM5A,地理院タイル 標高タイル 2026-10-08
S1sixur0,新旭,"136.03557,35.35549",97.5,DEM5A,地理院タイル 標高タイル 2026-10-08
S1sj19sw,JR野江,"135.54139,34.70684",3.1,DEM5A,地理院タイル 標高タイル 2026-10-08
S1sj53cc,昭和町通,"129.86070,32.79053",21.0,DEM5A,地理院タイル 標高タイル 2026-10-08
S1sj9ixr,信貴山口,"135.64236,34.62010",65.3,DEM5A,地理院タイル 標高タイル 2026-10-08
S1sjf9kq,矢越,"141.42910,38.93527",163.5,DEM5A,地理院タイル 標高タイル 2026-10-08
S1sjk0if,南郷13丁目,"141.42297,43.03572",29.5,DEM5A,地理院タイル 標高タイル 2026-10-08
S1sjl8d4,成岩,"136.92184,34.88620",9.7,DEM5A,地理院タイル 標高タイル 2026-10-08
S1sjru71,常陸鴻巣,"140.46770,36.47226",39.5,DEM5A,地理院タイル 標高タイル 2026-10-08
S1sjvmpj,大袋,"139.77794,35.92460",5.0,DEM5A,地理院タイル 標高タイル 2026-10-08
S1sjwi97,千里,"137.13245,36.63459",26.1,DEM5A,地理院タイル 標高タイル 2026-10-08
S1sjwuyg,国谷,"139.82385,36.45146",70.5,DEM5A,地理院タイル 標高タイル 2026-10-08
S1sk9uhg,草江,"131.27421,33.93652",3.0,DEM5A,地理院タイル 標高タイル 2026-10-08
S1ske571,上飯田,"136.92968,35.20361",7.8,DEM5A,地理院タイル 標高タイル 2026-10-08
S1skopy8,日赤病院前,"132.45594,34.38074",0.7,DEM5A,地理院タイル 標高タイル 2026-10-08
S1skwchh,曽谷,"136.61445,36.49001",54.4,DEM5A,地理院タイル 標高タイル 2026-10-08
S1sl33v8,仁万,"132.40351,35.15100",4.8,DEM10B,地理院タイル 標高タイル 2026-10-08
S1sl868k,隼人,"130.74021,31.74376",15.0,DEM5A,地理院タイル 標高タイル 2026-10-08
S1slhvlo,本宿,"137.25997,34.89293",94.2,DEM5A,地理院タイル 標高タイル 2026-10-08
S1slwp0j,瀬谷,"139.48259,35.47040",62.8,DEM5A,地理院タイル 標高タイル 2026-10-08
S1smd0aq,工業団地,"132.80201,32.95638",19.4,DEM5A,地理院タイル 標高タイル 2026-10-08
S1smjorp,田村,"136.28188,35.35631",88.4,DEM5A,地理院タイル 標高タイル 2026-10-08
S1smtdkw,油田,"136.97030,36.65506",42.2,DEM5A,地理院タイル 標高タイル 2026-10-08
S1smuz66,幡屋,"132.93931,35.33468",33.9,DEM5A,地理院タイル 標高タイル 2026-10-08
S1soanhk,添田,"130.85652,33.56732",76.9,DEM5A,地理院タイル 標高タイル 2026-10-08
S1sp28gp,鵜住居,"141.88790,39.32673",4.9,DEM5A,地理院タイル 標高タイル 2026-10-08
S1sp8hup,今宮戎,"135.50152,34.65486",2.7,DEM5A,地理院タイル 標高タイル 2026-10-08
S1spnu8y,四季の郷,"140.07862,38.18601",183.8,DEM5A,地理院タイル 標高タイル 2026-10-08
S1spsnbm,一乗寺,"135.78752,35.04438",71.1,DEM5A,地理院タイル 標高タイル 2026-10-08
S1sq2fr7,野辺地,"141.11964,40.85513",18.6,DEM5A,地理院タイル 標高タイル 2026-10-08
S1sqgvxf,讃岐塩屋,"133.77733,34.28505",2.0,DEM5A,地理院タイル 標高タイル 2026-10-08
S1sqj80i,七久保,"137.91137,35.65468",694.8,DEM5A,地理院タイル 標高タイル 2026-10-08
S1sqmvcr,直江,"132.80763,35.38371",8.9,DEM5A,地理院タイル 標高タイル 2026-10-08
S1sr5w3n,馬込,"139.71184,35.59637",20.0,DEM5A,地理院タイル 標高タイル 2026-10-08
S1srkzjf,花月総持寺,"139.67286,35.50032",3.2,DEM5A,地理院タイル 標高タイル 2026-10-08
S1srldeb,西三荘,"135.57589,34.73734",2.7,DEM5A,地理院タイル 標高タイル 2026-10-08
S1srwdn2,板野,"134.46522,34.14195",7.0,DEM5A,地理院タイル 標高タイル 2026-10-08
S1srwf6t,吉浦,"132.52725,34.25774",3.6,DEM5A,地理院タイル 標高タイル 2026-10-08
S1ss66ma,朝霧,"135.01748,34.64424",8.1,DEM5A,地理院タイル 標高タイル 2026-10-08
S1ssso74,茂原,"140.30407,35.42683",9.4,DEM5A,地理院タイル 標高タイル 2026-10-08
S1sswsea,白島,"132.46570,34.40407",2.7,DEM5A,地理院タイル 標高タイル 2026-10-08
S1ssz6u8,強羅,"139.04810,35.25081",542.3,DEM5A,地理院タイル 標高タイル 2026-10-08
S1st1m1m,立町,"132.46097,34.39433",1.6,DEM5A,地理院タイル 標高タイル 2026-10-08
S1stf31f,美女平,"137.45877,36.58334",970.2,DEM5A,地理院タイル 標高タイル 2026-10-08
S1stns52,手稲,"141.24385,43.12013",10.2,DEM5A,地理院タイル 標高タイル 2026-10-08
S1su1swe,小網町,"132.44449,34.39446",3.0,DEM5A,地理院タイル 標高タイル 2026-10-08
S1su426i,寺前,"134.74320,35.06530",146.5,DEM5A,地理院タイル 標高タイル 2026-10-08
S1su4en2,子吉,"140.05993,39.35043",11.4,DEM5A,地理院タイル 標高タイル 2026-10-08
S1su8rv8,今池,"136.93754,35.16938",18.1,DEM5A,地理院タイル 標高タイル 2026-10-08
S1sudfxl,山本,"129.98127,33.39326",5.1,DEM5A,地理院タイル 標高タイル 2026-10-08
S1suypzp,かみのやま温泉,"140.27845,38.15190",177.3,DEM5A,地理院タイル 標高タイル 2026-10-08
S1sv311s,羽後境,"140.32056,39.61919",52.8,DEM5A,地理院タイル 標高タイル 2026-10-08
S1sv9nj2,石津,"135.45504,34.55540",3.4,DEM5A,地理院タイル 標高タイル 2026-10-08
S1swrfpc,穴守稲荷,"139.74672,35.55033",1.4,DEM5A,地理院タイル 標高タイル 2026-10-08
S1swwbjq,長井,"140.03357,38.10653",201.8,DEM5A,地理院タイル 標高タイル 2026-10-08
S1swzqt0,地御前,"132.32005,34.34089",2.7,DEM5A,地理院タイル 標高タイル 2026-10-08
S1sx3d0g,新三田,"135.20862,34.91014",154.5,DEM5A,地理院タイル 標高タイル 2026-10-08
S1sx8wye,椎名町,"139.69431,35.72649",30.6,DEM5A,地理院タイル 標高タイル 2026-10-08
S1sxwjl5,大戸瀬,"140.03376,40.75950",3.7,DEM5A,地理院タイル 標高タイル 2026-10-08
S1syhgr2,土橋,"137.12947,35.05823",33.4,DEM5A,地理院タイル 標高タイル 2026-10-08
S1sylbh4,諫早（雲仙・島原口）,"130.04151,32.85124",15.3,DEM5A,地理院タイル 標高タイル 2026-10-08
S1synxbu,黒沢,"140.09313,39.32042",16.4,DEM5A,地理院タイル 標高タイル 2026-10-08
S1syzrfa,若林,"139.65991,35.64592",29.7,DEM5A,地理院タイル 標高タイル 2026-10-08
S1sz1yoq,東海学園前,"130.74266,32.81128",26.6,DEM5A,地理院タイル 標高タイル 2026-10-08
S1sz3q7u,黒磯,"140.06015,36.97012",293.9,DEM5A,地理院タイル 標高タイル 2026-10-08
S1szevrp,山西,"132.72416,33.85563",2.8,DEM5A,地理院タイル 標高タイル 2026-10-08
S1szgw8q,木野,"135.77653,35.07109",98.3,DEM5A,地理院タイル 標高タイル 2026-10-08
S1szrsca,逗子・葉山,"139.58052,35.29422",2.8,DEM5A,地理院タイル 標高タイル 2026-10-08
S1szukzg,谷頭,"131.05400,31.78919",164.5,DEM5A,地理院タイル 標高タイル 2026-10-08
S1szyex6,運河,"139.90604,35.91437",19.0,DEM5A,地理院タイル 標高タイル 2026-10-08
S1t10k2t,高屋,"140.07101,38.75250",49.5,DEM5A,地理院タイル 標高タイル 2026-10-08
S1t1u2mj,播磨,"136.67462,35.07827",11.1,DEM5A,地理院タイル 標高タイル 2026-10-08
S1t2jlus,円山公園,"141.31951,43.05573",17.7,DEM5A,地理院タイル 標高タイル 2026-10-08
S1t34uvm,二軒茶屋,"135.76582,35.07803",122.0,DEM5A,地理院タイル 標高タイル 2026-10-08
S1t3a82t,杉並町,"140.75947,41.78861",17.9,DEM5A,地理院タイル 標高タイル 2026-10-08
S1t3xmvy,及位,"140.36119,38.99296",273.8,DEM5A,地理院タイル 標高タイル 2026-10-08
S1t43wja,西笠松,"136.75777,35.36883",9.2,DEM5A,地理院タイル 標高タイル 2026-10-08
S1t4bngk,北内,"133.44200,33.54998",14.0,DEM5A,地理院タイル 標高タイル 2026-10-08
S1t4ft2u,四所,"135.29040,35.44619",20.9,DEM5A,地理院タイル 標高タイル 2026-10-08
S1t4ql1s,北鹿沼,"139.73775,36.58069",160.5,DEM5A,地理院タイル 標高タイル 2026-10-08
S1t4rqtk,渡辺通,"130.40496,33.58407",2.5,DEM5A,地理院タイル 標高タイル 2026-10-08
S1t4u927,宮ノ越,"137.76393,35.88848",859.6,DEM5A,地理院タイル 標高タイル 2026-10-08
S1t4vzl8,渡川,"131.60407,34.32294",233.2,DEM5A,地理院タイル 標高タイル 2026-10-08
S1t4yfu1,上万場,"136.87661,35.84460",313.6,DEM5A,地理院タイル 標高タイル 2026-10-08
S1t558cl,波田,"137.85645,36.20041",688.4,DEM5A,地理院タイル 標高タイル 2026-10-08
S1t58kj7,平磯,"140.60758,36.35751",22.1,DEM5A,地理院タイル 標高タイル 2026-10-08
S1t58slw,艫作,"139.86490,40.60854",57.5,DEM5A,地理院タイル 標高タイル 2026-10-08
S1t5dbug,多ノ郷,"133.29463,33.41068",2.5,DEM5A,地理院タイル 標高タイル 2026-10-08
S1t5jjig,中荒井,"139.75093,37.18024",577.0,DEM5A,地理院タイル 標高タイル 2026-10-08
S1t5vel2,広,"132.62919,34.22821",1.5,DEM5A,地理院タイル 標高タイル 2026-10-08
S1t62z1u,湯本,"140.84984,37.00695",11.3,DEM5A,地理院タイル 標高タイル 2026-10-08
S1t68cpc,多賀城,"141.00538,38.29168",3.3,DEM5A,地理院タイル 標高タイル 2026-10-08
S1t6c5o7,伏石,"134.04783,34.30982",16.3,DEM5A,地理院タイル 標高タイル 2026-10-08
S1t6ot1c,ロープウェイ入口,"141.33728,43.03397",35.8,DEM5A,地理院タイル 標高タイル 2026-10-08
S1t6ukv9,福俵,"140.34187,35.54617",9.7,DEM5A,地理院タイル 標高タイル 2026-10-08
S1t6vzad,安治川口,"135.44387,34.67339",-0.2,DEM5A,地理院タイル 標高タイル 2026-10-08
S1t70bu7,ハウステンボス,"129.79629,33.09223",2.3,DEM5A,地理院タイル 標高タイル 2026-10-08
S1t7b0zl,ゆだ高原,"140.73717,39.30108",271.9,DEM5A,地理院タイル 標高タイル 2026-10-08
S1t7d18g,松尾,"140.45808,35.63636",7.4,DEM5A,地理院タイル 標高タイル 2026-10-08
S1t7dp74,温泉津,"132.35076,35.09127",8.4,DEM10B,地理院タイル 標高タイル 2026-10-08
S1t8epgc,曳舟,"139.81667,35.71851",0.2,DEM5A,地理院タイル 標高タイル 2026-10-08
S1t93ymy,越中中島,"137.22490,36.72219",5.3,DEM5A,地理院タイル 標高タイル 2026-10-08
S1t9cb0u,沢良宜,"135.56596,34.79402",6.8,DEM5A,地理院タイル 標高タイル 2026-10-08
S1ta4dvk,加茂野,"136.98512,35.46089",75.9,DEM5A,地理院タイル 標高タイル 2026-10-08
S1taq2pa,木見,"133.82382,34.52784",14.1,DEM5A,地理院タイル 標高タイル 2026-10-08
S1taqs2i,内宿,"139.59998,36.01380",13.4,DEM5A,地理院タイル 標高タイル 2026-10-08
S1tb84og,河原町,"140.88782,38.24057",15.8,DEM5A,地理院タイル 標高タイル 2026-10-08
S1tbgprk,山の街,"135.15321,34.74621",317.0,DEM5A,地理院タイル 標高タイル 2026-10-08
S1tbpjjd,瀬戸市,"137.07844,35.22591",92.2,DEM5A,地理院タイル 標高タイル 2026-10-08
S1tbrxhn,宮田,"137.93887,35.76727",647.8,DEM5A,地理院タイル 標高タイル 2026-10-08
S1tcfjzg,梅ヶ沢,"141.08523,38.68163",22.0,DEM5A,地理院タイル 標高タイル 2026-10-08
S1tcn6sh,旭,"133.50848,33.55882",6.0,DEM5A,地理院タイル 標高タイル 2026-10-08
S1tcvmfi,矢賀,"132.49771,34.39912",2.4,DEM5A,地理院タイル 標高タイル 2026-10-08
S1td47xj,新西金沢,"136.62274,36.55306",8.8,DEM5A,地理院タイル 標高タイル 2026-10-08
S1td48j1,下泉,"138.09011,35.02213",214.1,DEM5A,地理院タイル 標高タイル 2026-10-08
S1tdnjrj,新福島,"135.48556,34.69488",-0.8,DEM5A,地理院タイル 標高タイル 2026-10-08
S1tdrrmm,茂尻,"142.08213,43.53710",71.4,DEM5A,地理院タイル 標高タイル 2026-10-08
S1tdwx1i,大町,"132.47075,34.46145",5.5,DEM5A,地理院タイル 標高タイル 2026-10-08
S1te2ync,氏家,"139.96213,36.68161",164.5,DEM5A,地理院タイル 標高タイル 2026-10-08
S1tf4qyd,山形,"140.32747,38.24845",132.2,DEM5A,地理院タイル 標高タイル 2026-10-08
S1tffdcx,前沢,"141.12625,39.04924",27.4,DEM5A,地理院タイル 標高タイル 2026-10-08
S1tfommi,目名,"140.46568,42.76141",79.0,DEM5A,地理院タイル 標高タイル 2026-10-08
S1tfvrvd,舞子,"135.03423,34.63325",6.4,DEM5A,地理院タイル 標高タイル 2026-10-08
S1tg4q9t,備後落合,"133.14831,35.00113",451.7,DEM5A,地理院タイル 標高タイル 2026-10-08
S1tgdftl,秋田,"140.12958,39.71738",7.2,DEM5A,地理院タイル 標高タイル 2026-10-08
S1tgezpf,瀬戸口,"137.08213,35.20656",89.5,DEM5A,地理院タイル 標高タイル 2026-10-08
S1tgmi9x,毘沙門,"140.47774,40.85806",15.9,DEM10B,地理院タイル 標高タイル 2026-10-08
S1thw110,うきは,"130.78915,33.33504",43.4,DEM5A,地理院タイル 標高タイル 2026-10-08
S1ti2os9,上野,"139.77666,35.71305",6.0,DEM5A,地理院タイル 標高タイル 2026-10-08
S1ti8vys,田子,"135.67753,33.49030",12.6,DEM5A,地理院タイル 標高タイル 2026-10-08
S1tj5ygy,陸奥岩崎,"139.92419,40.58333",8.1,DEM5A,地理院タイル 標高タイル 2026-10-08
S1tjl6z5,名古屋城,"136.90557,35.18147",13.6,DEM5A,地理院タイル 標高タイル 2026-10-08
S1tjwc88,餘部,"134.55689,35.64870",43.8,DEM5A,地理院タイル 標高タイル 2026-10-08
S1tk5tip,刈羽,"138.61965,37.42999",8.4,DEM5A,地理院タイル 標高タイル 2026-10-08
S1tkelk2,十九条,"136.66103,35.39574",6.8,DEM5A,地理院タイル 標高タイル 2026-10-08
S1tkgfd6,原田,"130.53934,33.45177",50.0,DEM5A,地理院タイル 標高タイル 2026-10-08
S1tkjb1v,越前高田,"136.31870,36.02479",46.8,DEM5A,地理院タイル 標高タイル 2026-10-08
S1tl7dg7,藻琴,"144.32001,43.96840",4.4,DEM5A,地理院タイル 標高タイル 2026-10-08
S1tlinlt,鬼怒川温泉,"139.71668,36.82252",385.6,DEM5A,地理院タイル 標高タイル 2026-10-08
S1tlmdca,知多半田,"136.92588,34.89399",6.9,DEM5A,地理院タイル 標高タイル 2026-10-08
S1tlr7s5,備中広瀬,"133.60650,34.75854",53.3,DEM5A,地理院タイル 標高タイル 2026-10-08
S1tm21oj,堅下,"135.62732,34.58843",16.4,DEM5A,地理院タイル 標高タイル 2026-10-08
S1tmpv3d,千国,"137.90085,36.76324",540.2,DEM5A,地理院タイル 標高タイル 2026-10-08
S1tnqdv3,西御坊,"135.15294,33.88634",1.6,DEM5A,地理院タイル 標高タイル 2026-10-08
S1tnris2,野志,"137.38939,35.32207",498.3,DEM5A,地理院タイル 標高タイル 2026-10-08
S1tnsy60,千垣,"137.37390,36.57375",320.2,DEM5A,地理院タイル 標高タイル 2026-10-08
S1to6ywc,帖佐,"130.63281,31.72696",8.0,DEM5A,地理院タイル 標高タイル 2026-10-08
S1toyvy0,田園調布,"139.66728,35.59729",30.3,DEM5A,地理院タイル 標高タイル 2026-10-08
S1tp8red,西中通,"138.59283,37.39254",6.7,DEM5A,地理院タイル 標高タイル 2026-10-08
S1tpxsnz,合川,"140.33013,40.16130",39.2,DEM5A,地理院タイル 標高タイル 2026-10-08
S1tqk6zk,鏡川橋,"133.49875,33.55570",10.3,DEM5A,地理院タイル 標高タイル 2026-10-08
S1tr929x,十二湖,"139.94196,40.55159",6.8,DEM5A,地理院タイル 標高タイル 2026-10-08
S1trqrzq,丸亀,"133.79322,34.29200",2.6,DEM5A,地理院タイル 標高タイル 2026-10-08
S1tsmo3p,江釣子,"141.07578,39.29846",75.5,DEM5A,地理院タイル 標高タイル 2026-10-08
S1ttbhi6,甲賀,"136.21275,34.90129",199.4,DEM5A,地理院タイル 標高タイル 2026-10-08
S1tterpq,鹿島旭,"140.51264,36.22449",30.3,DEM5A,地理院タイル 標高タイル 2026-10-08
S1ttgrqz,山田上口,"136.69429,34.49584",4.5,DEM5A,地理院タイル 標高タイル 2026-10-08
S1tu3hli,八家,"134.72259,34.78404",2.4,DEM5A,地理院タイル 標高タイル 2026-10-08
S1tubm9w,北五泉,"139.16968,37.74681",11.1,DEM5A,地理院タイル 標高タイル 2026-10-08
S1tul47s,西18丁目,"141.33041,43.05724",18.1,DEM5A,地理院タイル 標高タイル 2026-10-08
S1tur34b,西泉,"136.63337,36.55339",9.9,DEM10B,地理院タイル 標高タイル 2026-10-08
S1tur4t6,下久野,"132.99247,35.26487",222.5,DEM5A,地理院タイル 標高タイル 2026-10-08
S1tusas8,上三依塩原温泉口,"139.72730,37.01438",702.4,DEM5A,地理院タイル 標高タイル 2026-10-08
S1tvd5ny,安平,"141.82524,42.81415",30.1,DEM5A,地理院タイル 標高タイル 2026-10-08
S1tvvew3,吉野町,"139.61857,35.43539",1.8,DEM5A,地理院タイル 標高タイル 2026-10-08
S1twf2ec,佐久平,"138.46403,36.27789",701.9,DEM5A,地理院タイル 標高タイル 2026-10-08
S1twoa2z,多寄,"142.39636,44.24039",127.0,DEM10B,地理院タイル 標高タイル 2026-10-08
S1twtbwq,川添,"136.47365,34.41988",69.3,DEM5A,地理院タイル 標高タイル 2026-10-08
S1txddnx,津奈木,"130.45021,32.23240",8.9,DEM5A,地理院タイル 標高タイル 2026-10-08
S1txwhwr,音羽町,"138.39585,34.97840",15.7,DEM5A,地理院タイル 標高タイル 2026-10-08
S1ty5i36,木太町,"134.07995,34.33192",0.8,DEM5A,地理院タイル 標高タイル 2026-10-08
S1tyim54,八街,"140.31742,35.66318",44.3,DEM5A,地理院タイル 標高タイル 2026-10-08
S1tylt4l,せきてらす前,"136.91423,35.48340",53.3,DEM5A,地理院タイル 標高タイル 2026-10-08
S1tyoa6c,下川合,"137.78639,35.06933",137.8,DEM5A,地理院タイル 標高タイル 2026-10-08
S1tyu704,東新津,"139.14359,37.78773",8.2,DEM5A,地理院タイル 標高タイル 2026-10-08
S1tz0p9f,湯の川,"140.79010,41.78115",4.6,DEM5A,地理院タイル 標高タイル 2026-10-08
S1tz0pfp,蒲生,"139.79176,35.86689",4.3,DEM5A,地理院タイル 標高タイル 2026-10-08
S1tz38c6,五位野,"130.50409,31.47524",36.9,DEM5A,地理院タイル 標高タイル 2026-10-08
S1tz4abv,細野,"137.86578,36.39707",575.7,DEM5A,地理院タイル 標高タイル 2026-10-08
S1tzmmyl,松井山手,"135.72757,34.83319",65.2,DEM5A,地理院タイル 標高タイル 2026-10-08
S1tzpmj9,坂北,"138.01576,36.43071",601.2,DEM5A,地理院タイル 標高タイル 2026-10-08
S1u0mv3c,南千住,"139.79918,35.73331",1.2,DEM5A,地理院タイル 標高タイル 2026-10-08
S1u14wfe,岡見,"131.91261,34.77181",14.1,DEM5A,地理院タイル 標高タイル 2026-10-08
S1u1g7tv,香椎宮前,"130.44261,33.65512",3.6,DEM5A,地理院タイル 標高タイル 2026-10-08
S1u2v9wy,古高松南,"134.12165,34.34110",9.7,DEM5A,地理院タイル 標高タイル 2026-10-08
S1u31yx8,吉名,"132.86578,34.32065",10.6,DEM5A,地理院タイル 標高タイル 2026-10-08
S1u3eyps,南宿,"136.72866,35.34788",6.9,DEM5A,地理院タイル 標高タイル 2026-10-08
S1u3s6jg,井出,"138.49098,35.24746",158.6,DEM5A,地理院タイル 標高タイル 2026-10-08
S1u4e25p,亀嵩,"133.05287,35.20627",287.3,DEM5A,地理院タイル 標高タイル 2026-10-08
S1u4hlb3,土深井,"140.71305,40.22249",91.3,DEM5A,地理院タイル 標高タイル 2026-10-08
S1u4twvd,ゆめみ野,"140.03513,35.92091",21.0,DEM5A,地理院タイル 標高タイル 2026-10-08
S1u53gzh,寺原,"140.05480,35.91172",20.1,DEM5A,地理院タイル 標高タイル 2026-10-08
S1u57ikp,山崎,"140.27462,42.31461",4.0,DEM5A,地理院タイル 標高タイル 2026-10-08
S1u6638t,大塩,"134.75756,34.77938",1.2,DEM5A,地理院タイル 標高タイル 2026-10-08
S1u6aq1l,清水,"138.48910,35.02340",1.9,DEM5A,地理院タイル 標高タイル 2026-10-08
S1u6fd1t,中電前,"132.45562,34.38914",2.2,DEM5A,地理院タイル 標高タイル 2026-10-08
S1u6gwet,六町,"139.82181,35.78478",1.2,DEM5A,地理院タイル 標高タイル 2026-10-08
S1u6lmi9,狩場沢,"141.07120,40.90046",10.8,DEM5A,地理院タイル 標高タイル 2026-10-08
S1u70snw,鶴田,"139.85880,36.53828",111.4,DEM5A,地理院タイル 標高タイル 2026-10-08
S1u71u6d,新那加,"136.83386,35.40011",26.3,DEM5A,地理院タイル 標高タイル 2026-10-08
S1u7jutr,茅沼,"144.50377,43.20213",15.8,DEM5A,地理院タイル 標高タイル 2026-10-08
S1u80cie,喜連瓜破,"135.55209,34.60919",6.4,DEM5A,地理院タイル 標高タイル 2026-10-08
S1u866pk,大濠公園,"130.37962,33.58996",2.9,DEM5A,地理院タイル 標高タイル 2026-10-08
S1u8d3l9,鳥居本,"136.28304,35.28478",100.6,DEM5A,地理院タイル 標高タイル 2026-10-08
S1u8pi2f,上三田,"132.64384,34.53868",106.2,DEM5A,地理院タイル 標高タイル 2026-10-08
S1u8tpri,船尾,"130.76744,33.63021",51.3,DEM5A,地理院タイル 標高タイル 2026-10-08
S1u92ako,浅草,"139.79245,35.71393",1.9,DEM5A,地理院タイル 標高タイル 2026-10-08
S1u9i4ho,上宇和,"132.50138,33.37996",215.3,DEM5A,地理院タイル 標高タイル 2026-10-08
S1u9wg5o,関,"136.39489,34.84909",81.5,DEM5A,地理院タイル 標高タイル 2026-10-08
S1ua1rli,祝園,"135.79202,34.76019",30.0,DEM5A,地理院タイル 標高タイル 2026-10-08
S1ua3qyl,夜間瀬,"138.40334,36.75997",497.3,DEM5A,地理院タイル 標高タイル 2026-10-08
S1uac5dz,唐櫃台,"135.21160,34.79033",311.8,DEM5A,地理院タイル 標高タイル 2026-10-08
S1uagrpj,羽間,"133.84734,34.20958",89.9,DEM5A,地理院タイル 標高タイル 2026-10-08
S1uamipy,四谷三丁目,"139.71932,35.68783",34.8,DEM5A,地理院タイル 標高タイル 2026-10-08
S1ub4gga,和倉温泉,"136.92583,37.07470",2.2,DEM5A,地理院タイル 標高タイル 2026-10-08
S1ub4u6g,近江塩津,"136.15139,35.53971",123.6,DEM5A,地理院タイル 標高タイル 2026-10-08
S1ub80gx,思案橋,"129.88034,32.74267",4.2,DEM5A,地理院タイル 標高タイル 2026-10-08
S1ub9c0c,丸山,"135.14396,34.68592",95.0,DEM5A,地理院タイル 標高タイル 2026-10-08
S1ubh06n,下今市,"139.69277,36.72560",390.7,DEM5A,地理院タイル 標高タイル 2026-10-08
S1ucqktj,平塚,"139.34947,35.32763",8.1,DEM5A,地理院タイル 標高タイル 2026-10-08
S1ud1tbl,鳴石,"129.81680,33.29962",3.4,DEM5A,地理院タイル 標高タイル 2026-10-08
S1ud1z9i,みずほ台,"139.55078,35.83820",20.7,DEM5A,地理院タイル 標高タイル 2026-10-08
S1ud422i,田老,"141.96465,39.73185",11.5,DEM5A,地理院タイル 標高タイル 2026-10-08
S1uddbp3,野上,"139.11087,36.11161",139.6,DEM5A,地理院タイル 標高タイル 2026-10-08
S1udkdzv,板宿,"135.13380,34.66013",18.2,DEM5A,地理院タイル 標高タイル 2026-10-08
S1udosda,吉富,"135.49855,35.09206",118.3,DEM5A,地理院タイル 標高タイル 2026-10-08
S1udxjzx,中浜,"133.24518,35.50636",3.3,DEM5A,地理院タイル 標高タイル 2026-10-08
S1ue4rph,稲原,"135.22969,33.85275",41.1,DEM5A,地理院タイル 標高タイル 2026-10-08
S1uf69ib,錦岡,"141.48723,42.60255",6.1,DEM5A,地理院タイル 標高タイル 2026-10-08
S1ufql0c,森林公園,"139.37533,36.04516",40.2,DEM5A,地理院タイル 標高タイル 2026-10-08
S1uftcgd,吉永,"134.20442,34.81224",38.8,DEM5A,地理院タイル 標高タイル 2026-10-08
S1ufym15,あかぢ,"130.72460,33.72729",11.3,DEM5A,地理院タイル 標高タイル 2026-10-08
S1ufypkg,西富山,"137.17709,36.69938",10.5,DEM5A,地理院タイル 標高タイル 2026-10-08
S1ug11s7,小舟渡,"136.43405,36.07553",88.1,DEM5A,地理院タイル 標高タイル 2026-10-08
S1ug58hf,根笠,"131.99862,34.21053",55.1,DEM5A,地理院タイル 標高タイル 2026-10-08
S1ug5xm2,五橋,"140.88111,38.25188",30.0,DEM5A,地理院タイル 標高タイル 2026-10-08
S1ugmsss,中川辺,"137.06513,35.48708",100.1,DEM5A,地理院タイル 標高タイル 2026-10-08
S1ugywx4,酒田,"139.84591,38.92221",2.0,DEM5A,地理院タイル 標高タイル 2026-10-08
S1uhc0ho,高,"133.07068,34.87788",271.0,DEM5A,地理院タイル 標高タイル 2026-10-08
S1uhlyjv,坂,"132.51113,34.33886",4.3,DEM5A,地理院タイル 標高タイル 2026-10-08
S1uhzyj3,宮ヶ浜,"130.61972,31.27714",2.9,DEM5A,地理院タイル 標高タイル 2026-10-08
S1ui13cx,島松,"141.57314,42.92245",25.0,DEM10B,地理院タイル 標高タイル 2026-10-08
S1uia8cx,儀保,"127.71930,26.22450",83.0,DEM5A,地理院タイル 標高タイル 2026-10-08
S1uicmrh,伊予立川,"132.67730,33.60075",112.9,DEM5A,地理院タイル 標高タイル 2026-10-08
S1uiekdq,糠南,"142.00090,44.92079",15.0,DEM5A,地理院タイル 標高タイル 2026-10-08
S1uiohjd,小波瀬西工大前,"130.97182,33.75287",10.7,DEM5A,地理院タイル 標高タイル 2026-10-08
S1uj6t7l,一戸,"141.29739,40.21037",149.5,DEM5A,地理院タイル 標高タイル 2026-10-08
S1ujllra,大須観音,"136.89808,35.16141",8.8,DEM5A,地理院タイル 標高タイル 2026-10-08
S1ujxsln,三条,"134.04952,34.31985",8.6,DEM5A,地理院タイル 標高タイル 2026-10-08
S1uk06pq,大田口,"133.72658,33.78554",225.1,DEM5A,地理院タイル 標高タイル 2026-10-08
S1ukk3h8,学田,"142.38648,43.36652",168.5,DEM5A,地理院タイル 標高タイル 2026-10-08
S1ukwosd,利府,"140.98480,38.32935",10.8,DEM5A,地理院タイル 標高タイル 2026-10-08
S1ul2a1o,富浦,"139.83775,35.04623",8.9,DEM5A,地理院タイル 標高タイル 2026-10-08
S1ul6hz7,荒木,"130.50269,33.27685",11.3,DEM5A,地理院タイル 標高タイル 2026-10-08
S1umag89,新田原,"131.00833,33.69512",19.9,DEM5A,地理院タイル 標高タイル 2026-10-08
S1umteuc,磐梯熱海,"140.27062,37.48076",313.2,DEM5A,地理院タイル 標高タイル 2026-10-08
S1un35c2,相見,"137.16027,34.88804",9.3,DEM5A,地理院タイル 標高タイル 2026-10-08
S1una8yh,会津越川,"139.46943,37.39869",328.5,DEM5A,地理院タイル 標高タイル 2026-10-08
S1unar7r,五日市,"132.36773,34.36684",2.1,DEM5A,地理院タイル 標高タイル 2026-10-08
S1unrzcx,西台,"139.67268,35.78708",3.8,DEM5A,地理院タイル 標高タイル 2026-10-08
S1untj8s,鹿島サッカースタジアム,"140.63591,35.99307",35.6,DEM5A,地理院タイル 標高タイル 2026-10-08
S1uo9oym,人吉,"130.75382,32.21614",106.7,DEM5A,地理院タイル 標高タイル 2026-10-08
S1up4tng,朝潮橋,"135.44869,34.66076",1.0,DEM5A,地理院タイル 標高タイル 2026-10-08
S1uq0gpz,大隅横川,"130.70292,31.90622",186.7,DEM5A,地理院タイル 標高タイル 2026-10-08
S1uq550e,新白島,"132.46113,34.40842",3.0,DEM5A,地理院タイル 標高タイル 2026-10-08
S1uqnctj,筑前前原,"130.19917,33.55701",10.3,DEM5A,地理院タイル 標高タイル 2026-10-08
S1uqwb06,摂待,"141.96215,39.80948",16.6,DEM5A,地理院タイル 標高タイル 2026-10-08
S1ur6ao9,風祭,"139.12916,35.24624",35.7,DEM5A,地理院タイル 標高タイル 2026-10-08
S1us1ifu,奥洞海,"130.76408,33.88891",3.1,DEM5A,地理院タイル 標高タイル 2026-10-08
S1us6ubu,本鵠沼,"139.47529,35.33103",9.5,DEM5A,地理院タイル 標高タイル 2026-10-08
S1us90df,新整備場,"139.78680,35.54279",5.7,DEM5A,地理院タイル 標高タイル 2026-10-08
S1usg5zd,大手町,"132.75523,33.83975",17.6,DEM5A,地理院タイル 標高タイル 2026-10-08
S1usn6jv,貝塚市役所前,"135.36064,34.43942",18.9,DEM5A,地理院タイル 標高タイル 2026-10-08
S1uu5bz8,出光美術館,"130.96527,33.94772",2.5,DEM5A,地理院タイル 標高タイル 2026-10-08
S1uu79d3,下島,"137.94015,35.81318",622.8,DEM5A,地理院タイル 標高タイル 2026-10-08
S1uvixpl,餅原,"131.13267,31.75702",154.7,DEM5A,地理院タイル 標高タイル 2026-10-08
S1uvuwbr,赤池,"137.01820,35.12103",39.2,DEM5A,地理院タイル 標高タイル 2026-10-08
S1uwcnze,湯田村,"133.37145,34.55188",12.9,DEM5A,地理院タイル 標高タイル 2026-10-08
S1uwjk10,滝谷不動,"135.58668,34.48139",75.6,DEM5A,地理院タイル 標高タイル 2026-10-08
S1uwls99,柚木,"138.63911,35.15731",18.3,DEM5A,地理院タイル 標高タイル 2026-10-08
S1uwqw8d,阪神国道,"135.35485,34.73739",3.4,DEM5A,地理院タイル 標高タイル 2026-10-08
S1uwtc6i,防府,"131.56902,34.05322",7.7,DEM5A,地理院タイル 標高タイル 2026-10-08
S1uwuowh,東池袋,"139.71886,35.72595",27.9,DEM5A,地理院タイル 標高タイル 2026-10-08
S1uwuya5,矢吹,"140.32825,37.20556",288.9,DEM5A,地理院タイル 標高タイル 2026-10-08
S1ux9jh9,三室戸,"135.80637,34.89896",18.8,DEM5A,地理院タイル 標高タイル 2026-10-08
S1uxyb92,松屋町,"135.51234,34.67547",5.7,DEM5A,地理院タイル 標高タイル 2026-10-08
S1uxyq8h,榎戸,"140.28812,35.68407",39.8,DEM5A,地理院タイル 標高タイル 2026-10-08
S1uyywed,赤羽橋,"139.74419,35.65497",4.4,DEM5A,地理院タイル 標高タイル 2026-10-08
S1uz0gbq,唐崎,"135.86696,35.04980",93.4,DEM5A,地理院タイル 標高タイル 2026-10-08
S1uz3qsd,新市,"133.26962,34.55423",20.8,DEM5A,地理院タイル 標高タイル 2026-10-08
S1uz8px5,山ノ内,"132.95770,34.82964",225.7,DEM5A,地理院タイル 標高タイル 2026-10-08
S1uzbhuq,大和,"139.46123,35.46989",62.8,DEM5A,地理院タイル 標高タイル 2026-10-08
S1uzekrl,鹿島田,"139.67498,35.55145",5.3,DEM5A,地理院タイル 標高タイル 2026-10-08
S1v0nms3,通町筋,"130.70988,32.80318",11.3,DEM5A,地理院タイル 標高タイル 2026-10-08
S1v1d1r0,西岩国,"132.19574,34.16298",5.3,DEM5A,地理院タイル 標高タイル 2026-10-08
S1v2me98,小岩,"139.88185,35.73333",2.0,DEM5A,地理院タイル 標高タイル 2026-10-08
S1v2qkta,豊洲,"139.79573,35.65442",2.5,DEM5A,地理院タイル 標高タイル 2026-10-08
S1v33jwo,京成中山,"139.94438,35.71695",5.8,DEM5A,地理院タイル 標高タイル 2026-10-08
S1v34wcv,等持院・立命館大学衣笠キャンパス前,"135.72368,35.02783",60.4,DEM5A,地理院タイル 標高タイル 2026-10-08
S1v3f9xo,新鹿沼,"139.74478,36.55683",139.6,DEM5A,地理院タイル 標高タイル 2026-10-08
S1v3hq91,下野大沢,"139.73240,36.68644",303.3,DEM5A,地理院タイル 標高タイル 2026-10-08
S1v3tlj0,越前島橋,"136.27726,36.09012",17.0,DEM5A,地理院タイル 標高タイル 2026-10-08
S1v4e028,北信太,"135.44144,34.51054",12.7,DEM5A,地理院タイル 標高タイル 2026-10-08
S1v4h7lc,川棚温泉,"130.92176,34.14587",4.0,DEM5A,地理院タイル 標高タイル 2026-10-08
S1v4ukgx,小中野,"141.51010,40.51878",3.9,DEM5A,地理院タイル 標高タイル 2026-10-08
S1v6es99,原向,"139.42053,36.61731",578.0,DEM5A,地理院タイル 標高タイル 2026-10-08
S1v6vsr4,田中,"138.32921,36.35442",511.9,DEM5A,地理院タイル 標高タイル 2026-10-08
S1v7129i,時又,"137.82775,35.46404",382.5,DEM5A,地理院タイル 標高タイル 2026-10-08
S1v73pul,甲斐大島,"138.45214,35.32817",147.5,DEM5A,地理院タイル 標高タイル 2026-10-08
S1v7q5nf,粉河,"135.40419,34.27072",43.5,DEM5A,地理院タイル 標高タイル 2026-10-08
S1v7sh0p,萩原,"136.75770,35.27717",4.5,DEM5A,地理院タイル 標高タイル 2026-10-08
S1v7sy85,室見,"130.33986,33.58067",3.0,DEM5A,地理院タイル 標高タイル 2026-10-08
S1v7vbyq,奥多摩,"139.09694,35.80940",343.1,DEM5A,地理院タイル 標高タイル 2026-10-08
S1v839u8,伊勢川島,"136.56695,34.97766",22.1,DEM5A,地理院タイル 標高タイル 2026-10-08
S1v8gga5,大町西公園,"140.86459,38.25893",43.2,DEM5A,地理院タイル 標高タイル 2026-10-08
S1v8k57m,飯坂温泉,"140.45468,37.83013",91.8,DEM5A,地理院タイル 標高タイル 2026-10-08
S1v8mwxu,箕面船場阪大前,"135.49029,34.82170",100.4,DEM5A,地理院タイル 標高タイル 2026-10-08
S1v8xyup,仁木,"140.77082,43.15410",7.2,DEM10B,地理院タイル 標高タイル 2026-10-08
S1v9khmo,六条,"136.23961,36.02821",10.8,DEM5A,地理院タイル 標高タイル 2026-10-08
S1v9l2b9,柳田,"140.55383,39.27634",94.1,DEM5A,地理院タイル 標高タイル 2026-10-08
S1vag9zi,新浦安,"139.91253,35.64952",2.1,DEM5A,地理院タイル 標高タイル 2026-10-08
S1vauady,明覚,"139.28922,36.00357",79.4,DEM5A,地理院タイル 標高タイル 2026-10-08
S1vbe47x,北山田,"131.10092,33.28202",318.2,DEM5A,地理院タイル 標高タイル 2026-10-08
S1vbqf7h,大船,"139.53133,35.35359",10.1,DEM5A,地理院タイル 標高タイル 2026-10-08
S1vcy987,江古田,"139.67279,35.73747",36.9,DEM5A,地理院タイル 標高タイル 2026-10-08
S1vd2uop,長柄,"135.83507,34.57413",63.7,DEM5A,地理院タイル 標高タイル 2026-10-08
S1vdmicj,鴨宮,"139.17991,35.27569",11.4,DEM5A,地理院タイル 標高タイル 2026-10-08
S1ve2971,住ノ江,"135.48702,34.60528",1.6,DEM5A,地理院タイル 標高タイル 2026-10-08
S1vekc1d,荒川二丁目,"139.78469,35.73860",1.7,DEM5A,地理院タイル 標高タイル 2026-10-08
S1vf34fy,片倉町,"139.60643,35.49000",21.4,DEM5A,地理院タイル 標高タイル 2026-10-08
S1vf9fff,府中競馬正門前,"139.48516,35.66835",54.6,DEM5A,地理院タイル 標高タイル 2026-10-08
S1vfbwjd,北浦,"133.60352,33.57319",3.8,DEM5A,地理院タイル 標高タイル 2026-10-08
S1vfk47d,長坂,"138.36665,35.82743",729.0,DEM5A,地理院タイル 標高タイル 2026-10-08
S1vfu7n3,西青山,"136.23813,34.67634",313.9,DEM5A,地理院タイル 標高タイル 2026-10-08
S1vg11pw,西千葉,"140.10333,35.62263",14.1,DEM5A,地理院タイル 標高タイル 2026-10-08
S1vg8mv2,西田原本,"135.78955,34.55391",49.4,DEM5A,地理院タイル 標高タイル 2026-10-08
S1vgb1ck,銚子,"140.82746,35.72933",5.7,DEM5A,地理院タイル 標高タイル 2026-10-08
S1vh78a5,東葉勝田台,"140.12584,35.71641",26.2,DEM5A,地理院タイル 標高タイル 2026-10-08
S1vhj6cr,泉外旭川,"140.11269,39.73804",8.8,DEM5A,地理院タイル 標高タイル 2026-10-08
S1vhyb8p,岩手二日町,"141.45603,39.32349",238.8,DEM5A,地理院タイル 標高タイル 2026-10-08
S1via82r,緑園都市,"139.52178,35.43930",32.1,DEM5A,地理院タイル 標高タイル 2026-10-08
S1vimven,白塚,"136.53253,34.77070",2.5,DEM5A,地理院タイル 標高タイル 2026-10-08
S1vislht,近鉄下田,"135.70438,34.54140",53.8,DEM5A,地理院タイル 標高タイル 2026-10-08
S1vj3sx1,東大和市,"139.43429,35.73291",93.2,DEM5A,地理院タイル 標高タイル 2026-10-08
S1vjgan8,名島,"130.43169,33.64252",5.5,DEM5A,地理院タイル 標高タイル 2026-10-08
S1vjif6h,郡家,"134.25083,35.41281",52.1,DEM5A,地理院タイル 標高タイル 2026-10-08
S1vjoyjr,大和,"140.07323,36.34555",45.8,DEM5A,地理院タイル 標高タイル 2026-10-08
S1vkiz1r,早稲田,"139.71905,35.71187",7.8,DEM5A,地理院タイル 標高タイル 2026-10-08
S1vkiz1r-2,早稲田,"139.72219,35.70568",16.3,DEM5A,地理院タイル 標高タイル 2026-10-08
S1vl173a,鈴鹿,"136.58880,34.87847",7.6,DEM5A,地理院タイル 標高タイル 2026-10-08
S1vl19lh,百合ヶ丘,"139.51608,35.60903",70.6,DEM5A,地理院タイル 標高タイル 2026-10-08
S1vl2emj,小幡,"136.97556,35.20007",31.7,DEM5A,地理院タイル 標高タイル 2026-10-08
S1vl2o04,熊本城・市役所前,"130.70799,32.80386",11.0,DEM5A,地理院タイル 標高タイル 2026-10-08
S1vlhxs4,阿波福井,"134.60529,33.82406",15.3,DEM5A,地理院タイル 標高タイル 2026-10-08
S1vm75a3,東長原,"139.94813,37.56652",272.8,DEM5A,地理院タイル 標高タイル 2026-10-08
S1vml4uu,青井岳,"131.21810,31.82787",266.5,DEM5A,地理院タイル 標高タイル 2026-10-08
S1vmrvaz,笠縫,"135.79411,34.54142",52.6,DEM5A,地理院タイル 標高タイル 2026-10-08
S1vnhk0l,板東,"134.50682,34.15530",16.1,DEM5A,地理院タイル 標高タイル 2026-10-08
S1vnohuq,原野,"137.74153,35.87127",838.0,DEM5A,地理院タイル 標高タイル 2026-10-08
S1vnr8vu,六輪,"136.72915,35.20222",0.4,DEM5A,地理院タイル 標高タイル 2026-10-08
S1vnszvz,瓦町,"134.05294,34.33908",2.0,DEM5A,地理院タイル 標高タイル 2026-10-08
S1vom4so,木野山,"133.61435,34.82572",77.7,DEM5A,地理院タイル 標高タイル 2026-10-08
S1voxnqt,函館アリーナ前,"140.78222,41.78200",5.6,DEM5A,地理院タイル 標高タイル 2026-10-08
S1vpb8be,千里,"136.55620,34.79852",3.4,DEM5A,地理院タイル 標高タイル 2026-10-08
S1vpeh5d,上野部,"137.83004,34.84724",34.1,DEM5A,地理院タイル 標高タイル 2026-10-08
S1vpgbwt,上古沢,"135.54801,34.25733",233.7,DEM5A,地理院タイル 標高タイル 2026-10-08
S1vpjxip,幕別,"143.35938,42.90789",27.1,DEM5A,地理院タイル 標高タイル 2026-10-08
S1vpmjuc,反町,"139.62536,35.47422",14.2,DEM5A,地理院タイル 標高タイル 2026-10-08
S1vpp9cy,勿来,"140.78669,36.88356",5.4,DEM5A,地理院タイル 標高タイル 2026-10-08
S1vpso3r,五百川,"140.38774,37.48244",221.4,DEM5A,地理院タイル 標高タイル 2026-10-08
S1vpsq09,西粟倉,"134.33578,35.16034",309.1,DEM5A,地理院タイル 標高タイル 2026-10-08
S1vpt5o5,新小金井,"139.52675,35.69592",62.5,DEM5A,地理院タイル 標高タイル 2026-10-08
S1vq77h4,備後赤坂,"133.30616,34.47229",16.0,DEM5A,地理院タイル 標高タイル 2026-10-08
S1vqaiwk,小涌谷,"139.05319,35.24034",523.4,DEM5A,地理院タイル 標高タイル 2026-10-08
S1vqgf17,ふかや花園,"139.24837,36.13070",74.2,DEM5A,地理院タイル 標高タイル 2026-10-08
S1vsc4yf,南行橋,"130.98121,33.71631",4.8,DEM5A,地理院タイル 標高タイル 2026-10-08
S1vscepj,神代,"132.20925,33.99878",3.6,DEM5A,地理院タイル 標高タイル 2026-10-08
S1vsw9bu,長都,"141.62300,42.85217",25.5,DEM10B,地理院タイル 標高タイル 2026-10-08
S1vsw9k6,海神,"139.97179,35.70593",15.6,DEM5A,地理院タイル 標高タイル 2026-10-08
S1vt3pwh,大行司,"130.87474,33.39690",159.6,DEM5A,地理院タイル 標高タイル 2026-10-08
S1vt5n5d,駅家,"133.32573,34.54897",19.5,DEM5A,地理院タイル 標高タイル 2026-10-08
S1vtdeu3,巣子,"141.14865,39.78343",209.8,DEM5A,地理院タイル 標高タイル 2026-10-08
S1vtk1ri,片原町,"137.01291,36.74631",9.1,DEM5A,地理院タイル 標高タイル 2026-10-08
S1vtm0ze,泉佐野,"135.31737,34.41107",10.1,DEM5A,地理院タイル 標高タイル 2026-10-08
S1vtn8db,名取,"140.88275,38.17310",6.7,DEM5A,地理院タイル 標高タイル 2026-10-08
S1vu3b7l,土橋,"132.75597,33.83233",17.3,DEM5A,地理院タイル 標高タイル 2026-10-08
S1vuekfb,公園,"140.15375,35.73075",16.8,DEM5A,地理院タイル 標高タイル 2026-10-08
S1vuh85x,中洲川端,"130.40634,33.59461",2.6,DEM5A,地理院タイル 標高タイル 2026-10-08
S1vukb24,篠原,"133.63162,33.57688",7.2,DEM5A,地理院タイル 標高タイル 2026-10-08
S1vulubr,徳島,"134.55150,34.07451",1.4,DEM5A,地理院タイル 標高タイル 2026-10-08
S1vuteqh,江津,"132.22322,35.01279",7.3,DEM5A,地理院タイル 標高タイル 2026-10-08
S1vw7q3g,鉢形,"139.20863,36.11373",94.8,DEM5A,地理院タイル 標高タイル 2026-10-08
S1vwnsr7,新西大寺町筋,"133.92633,34.65872",3.0,DEM5A,地理院タイル 標高タイル 2026-10-08
S1vx19tx,松前,"132.70500,33.78591",2.0,DEM5A,地理院タイル 標高タイル 2026-10-08
S1vx8z94,本城,"130.72299,33.87505",2.3,DEM5A,地理院タイル 標高タイル 2026-10-08
S1vxnv3c,水海道,"139.99140,36.01782",12.4,DEM5A,地理院タイル 標高タイル 2026-10-08
S1vxsfwd,浅海,"132.80303,34.00997",3.9,DEM5A,地理院タイル 標高タイル 2026-10-08
S1vy310l,久保田,"130.22942,33.25569",3.9,DEM5A,地理院タイル 標高タイル 2026-10-08
S1vykwxq,由布院,"131.35492,33.26245",452.6,DEM5A,地理院タイル 標高タイル 2026-10-08
S1vzd0z0,古川,"140.96778,38.57067",18.2,DEM5A,地理院タイル 標高タイル 2026-10-08
S1vze3j9,大戸,"140.45773,35.88993",4.4,DEM5A,地理院タイル 標高タイル 2026-10-08
S1vzm8m6,加勢,"131.01011,32.84781",356.8,DEM5A,地理院タイル 標高タイル 2026-10-08
S1w08pbk,宿毛,"132.71359,32.93252",2.0,DEM5A,地理院タイル 標高タイル 2026-10-08
S1w0da08,浄心,"136.89079,35.19210",3.1,DEM5A,地理院タイル 標高タイル 2026-10-08
S1w0dotk,さがみ野,"139.42870,35.47151",63.6,DEM5A,地理院タイル 標高タイル 2026-10-08
S1w0g9a3,西広島,"132.42818,34.39818",3.9,DEM5A,地理院タイル 標高タイル 2026-10-08
S1w0ydim,羽後飯塚,"140.07338,39.89896",4.4,DEM5A,地理院タイル 標高タイル 2026-10-08
S1w16phl,中間,"130.70935,33.82776",3.2,DEM5A,地理院タイル 標高タイル 2026-10-08
S1w1adv8,岸辺,"135.54133,34.77694",9.5,DEM5A,地理院タイル 標高タイル 2026-10-08
S1w1ifg3,弘明寺,"139.59691,35.42410",19.8,DEM5A,地理院タイル 標高タイル 2026-10-08
S1w1ifg3-2,弘明寺,"139.60200,35.42298",4.3,DEM5A,地理院タイル 標高タイル 2026-10-08
S1w1izpc,箱根板橋,"139.14518,35.24515",14.7,DEM5A,地理院タイル 標高タイル 2026-10-08
S1w1nkk3,浜寺駅前,"135.44352,34.54156",3.1,DEM5A,地理院タイル 標高タイル 2026-10-08
S1w1vo5l,上市場,"137.75242,35.05020",168.4,DEM5A,地理院タイル 標高タイル 2026-10-08
S1w244wg,黒井,"138.26817,37.18403",2.7,DEM5A,地理院タイル 標高タイル 2026-10-08
S1w262mg,円行寺口,"133.52079,33.56576",2.8,DEM5A,地理院タイル 標高タイル 2026-10-08
S1w2aj27,恵み野,"141.57442,42.90261",25.9,DEM10B,地理院タイル 標高タイル 2026-10-08
S1w2p5ye,日御子,"136.61514,36.46464",79.2,DEM5A,地理院タイル 標高タイル 2026-10-08
S1w2tarj,代々木公園,"139.68965,35.66912",21.1,DEM5A,地理院タイル 標高タイル 2026-10-08
S1w3izvd,関市役所前,"136.91285,35.49903",58.1,DEM5A,地理院タイル 標高タイル 2026-10-08
S1w3ks9o,発坂,"136.46616,36.07259",101.7,DEM5A,地理院タイル 標高タイル 2026-10-08
S1w3ovu1,帝塚山,"135.49835,34.62195",13.6,DEM5A,地理院タイル 標高タイル 2026-10-08
S1w3safw,九州工大前,"130.84016,33.90046",6.8,DEM5A,地理院タイル 標高タイル 2026-10-08
S1w3z1jc,新能町,"137.03782,36.77028",2.5,DEM5A,地理院タイル 標高タイル 2026-10-08
S1w3zy9e,一ツ木,"137.02545,35.01360",12.5,DEM5A,地理院タイル 標高タイル 2026-10-08
S1w4hh7q,和泉鳥取,"135.26323,34.34253",40.2,DEM5A,地理院タイル 標高タイル 2026-10-08
S1w4wdb5,西鉄香椎,"130.44141,33.66015",2.5,DEM5A,地理院タイル 標高タイル 2026-10-08
S1w55nrr,高崎商科大学前,"139.02938,36.28446",89.5,DEM5A,地理院タイル 標高タイル 2026-10-08
S1w5cl9o,塔寺,"139.78522,37.56944",246.7,DEM5A,地理院タイル 標高タイル 2026-10-08
S1w5pdcd,小木ノ城,"138.70422,37.51563",40.6,DEM5A,地理院タイル 標高タイル 2026-10-08
S1w5pxrg,愛環梅坪,"137.16091,35.10516",41.0,DEM5A,地理院タイル 標高タイル 2026-10-08
S1w5ru3h,見能林,"134.66704,33.90304",2.2,DEM5A,地理院タイル 標高タイル 2026-10-08
S1w6eaxj,橋本,"135.68422,34.88199",16.0,DEM5A,地理院タイル 標高タイル 2026-10-08
S1w7docq,伊勢若松,"136.61679,34.86950",4.0,DEM5A,地理院タイル 標高タイル 2026-10-08
S1w7sxvi,平城,"135.78465,34.70146",75.4,DEM5A,地理院タイル 標高タイル 2026-10-08
S1w7wygm,松倉,"141.80150,39.25646",58.0,DEM5A,地理院タイル 標高タイル 2026-10-08
S1w8gnxy,北能代,"140.03376,40.25411",6.5,DEM5A,地理院タイル 標高タイル 2026-10-08
S1w8im49,筑前大分,"130.62984,33.59015",66.7,DEM5A,地理院タイル 標高タイル 2026-10-08
S1w8ln02,上浦,"130.63715,33.39871",22.7,DEM5A,地理院タイル 標高タイル 2026-10-08
S1w8lpqd,高浜港,"136.98938,34.92153",13.4,DEM5A,地理院タイル 標高タイル 2026-10-08
S1w8nx1l,西山,"138.64183,37.44826",14.4,DEM5A,地理院タイル 標高タイル 2026-10-08
S1w8yql9,土師ノ里,"135.61561,34.57162",26.8,DEM5A,地理院タイル 標高タイル 2026-10-08
S1w95v03,西中島南方,"135.49860,34.72655",0.5,DEM5A,地理院タイル 標高タイル 2026-10-08
S1w9aj20,高田市,"135.74297,34.50672",64.9,DEM5A,地理院タイル 標高タイル 2026-10-08
S1wadla7,藤棚,"130.73540,33.72201",10.9,DEM5A,地理院タイル 標高タイル 2026-10-08
S1wapxou,草薙,"138.44179,35.00185",18.3,DEM5A,地理院タイル 標高タイル 2026-10-08
S1waqkbe,日野春,"138.39428,35.79073",609.7,DEM5A,地理院タイル 標高タイル 2026-10-08
S1war0ws,智頭,"134.22558,35.26510",176.3,DEM5A,地理院タイル 標高タイル 2026-10-08
S1wazx81,ケーブル比叡,"135.82217,35.06426",675.4,DEM5A,地理院タイル 標高タイル 2026-10-08
S1wc2wl9,雫石,"140.97481,39.68923",185.7,DEM5A,地理院タイル 標高タイル 2026-10-08
S1wc48pw,会津西方,"139.66150,37.48094",239.6,DEM5A,地理院タイル 標高タイル 2026-10-08
S1wcbcu9,運動公園,"139.30086,36.42041",148.3,DEM5A,地理院タイル 標高タイル 2026-10-08
S1wch30m,西寒河江,"140.26659,38.37958",101.1,DEM5A,地理院タイル 標高タイル 2026-10-08
S1wcki6b,二色浜,"135.34476,34.43218",12.3,DEM5A,地理院タイル 標高タイル 2026-10-08
S1wcr0tv,永平寺口,"136.32674,36.09580",46.0,DEM5A,地理院タイル 標高タイル 2026-10-08
S1wcttq8,戸越銀座,"139.71500,35.61601",20.1,DEM5A,地理院タイル 標高タイル 2026-10-08
S1wd5o61,新所原,"137.48445,34.72326",30.4,DEM5A,地理院タイル 標高タイル 2026-10-08
S1wd8np4,吉水,"139.57935,36.34562",48.8,DEM5A,地理院タイル 標高タイル 2026-10-08
S1wd9onf,万ヶ塚,"131.06395,31.81717",163.8,DEM5A,地理院タイル 標高タイル 2026-10-08
S1wdlfl5,大津京,"135.85689,35.02413",90.2,DEM5A,地理院タイル 標高タイル 2026-10-08
S1wdlmpf,吉見,"130.90364,34.07006",4.4,DEM5A,地理院タイル 標高タイル 2026-10-08
S1wdv6b0,西前田,"134.10476,34.29603",10.2,DEM5A,地理院タイル 標高タイル 2026-10-08
S1wdzbx1,東田,"137.41371,34.76531",21.1,DEM5A,地理院タイル 標高タイル 2026-10-08
S1wee9mw,蹴上,"135.79040,35.00801",68.0,DEM5A,地理院タイル 標高タイル 2026-10-08
S1wefzim,坂部,"136.91672,34.94097",10.0,DEM5A,地理院タイル 標高タイル 2026-10-08
S1wels9w,堀米,"139.58033,36.32844",40.3,DEM5A,地理院タイル 標高タイル 2026-10-08
S1wf4gda,鬼無,"133.99373,34.32540",12.0,DEM5A,地理院タイル 標高タイル 2026-10-08
S1wfal8e,石蟹,"133.47956,34.95473",165.3,DEM5A,地理院タイル 標高タイル 2026-10-08
S1wfivco,片浜,"138.81867,35.11837",5.2,DEM5A,地理院タイル 標高タイル 2026-10-08
S1wfyz3d,小前田,"139.22239,36.12893",87.8,DEM5A,地理院タイル 標高タイル 2026-10-08
S1wg232j,新八代,"130.63460,32.51784",4.3,DEM5A,地理院タイル 標高タイル 2026-10-08
S1wggcs7,越中山田,"136.88755,36.53855",105.1,DEM5A,地理院タイル 標高タイル 2026-10-08
S1wh8jzb,市民病院前,"137.02621,36.75819",5.7,DEM5A,地理院タイル 標高タイル 2026-10-08
S1whbzy0,会津川口,"139.52376,37.45507",283.6,DEM5A,地理院タイル 標高タイル 2026-10-08
S1whvb08,筑前垣生,"130.70237,33.81844",9.3,DEM5A,地理院タイル 標高タイル 2026-10-08
S1wicfh6,倉永,"130.46379,33.07187",13.2,DEM5A,地理院タイル 標高タイル 2026-10-08
S1wj1kbi,磯崎,"140.61793,36.37775",26.8,DEM5A,地理院タイル 標高タイル 2026-10-08
S1wj1r8y,中里,"129.68747,33.20822",22.9,DEM5A,地理院タイル 標高タイル 2026-10-08
S1wj3m3w,西宮名塩,"135.30889,34.82723",90.2,DEM5A,地理院タイル 標高タイル 2026-10-08
S1wjrb9c,坂本比叡山口,"135.87129,35.07059",116.0,DEM5A,地理院タイル 標高タイル 2026-10-08
S1wk4qvp,大隅大川原,"130.92428,31.77278",290.6,DEM5A,地理院タイル 標高タイル 2026-10-08
S1wke5wu,大平,"140.55953,41.06587",16.2,DEM10B,地理院タイル 標高タイル 2026-10-08
S1wkhnoq,緑が丘,"139.67915,35.60648",20.9,DEM5A,地理院タイル 標高タイル 2026-10-08
S1wknqd9,新井,"138.25563,37.02674",60.4,DEM5A,地理院タイル 標高タイル 2026-10-08
S1wl182d,弥彦,"138.83178,37.69920",18.2,DEM5A,地理院タイル 標高タイル 2026-10-08
S1wm59js,小野,"134.93422,34.84313",46.6,DEM5A,地理院タイル 標高タイル 2026-10-08
S1wmj7yi,下妻,"139.96448,36.18229",21.5,DEM5A,地理院タイル 標高タイル 2026-10-08
S1wml8xe,那岐,"134.20989,35.21376",295.5,DEM5A,地理院タイル 標高タイル 2026-10-08
S1wn66qw,稲城,"139.50023,35.63614",47.3,DEM5A,地理院タイル 標高タイル 2026-10-08
S1wn6mi3,関下有知,"136.91458,35.51353",64.1,DEM5A,地理院タイル 標高タイル 2026-10-08
S1wo6uop,上条,"139.05075,37.34678",192.6,DEM5A,地理院タイル 標高タイル 2026-10-08
S1woktzw,葛岡,"140.81861,38.26886",131.4,DEM5A,地理院タイル 標高タイル 2026-10-08
S1wooq6g,新庚申塚,"139.73035,35.74110",26.1,DEM5A,地理院タイル 標高タイル 2026-10-08
S1woxpek,阿波半田,"134.03625,34.04099",69.3,DEM5A,地理院タイル 標高タイル 2026-10-08
S1wp9cfw,吉久,"137.05635,36.78187",1.8,DEM5A,地理院タイル 標高タイル 2026-10-08
S1wpijgf,智恵文,"142.41481,44.45551",85.8,DEM5A,地理院タイル 標高タイル 2026-10-08
S1wpug6b,小野上,"138.92211,36.55249",271.6,DEM5A,地理院タイル 標高タイル 2026-10-08
S1wq4jg5,南田辺,"135.52087,34.62556",7.9,DEM5A,地理院タイル 標高タイル 2026-10-08
S1wq7o3w,坊城,"135.76515,34.49346",65.5,DEM5A,地理院タイル 標高タイル 2026-10-08
S1wqg5dm,横川一丁目,"132.45007,34.40711",3.1,DEM5A,地理院タイル 標高タイル 2026-10-08
S1wr3bye,馬立,"140.11473,35.42376",21.4,DEM5A,地理院タイル 標高タイル 2026-10-08
S1wr5s9s,北本,"139.53341,36.03243",27.4,DEM5A,地理院タイル 標高タイル 2026-10-08
S1wr8kne,原,"136.99709,35.12604",18.4,DEM5A,地理院タイル 標高タイル 2026-10-08
S1wra3a0,木幡,"135.79610,34.92622",14.7,DEM5A,地理院タイル 標高タイル 2026-10-08
S1wrcqao,園田,"135.44811,34.75185",2.8,DEM5A,地理院タイル 標高タイル 2026-10-08
S1wrfa3p,越後岩塚,"138.75641,37.38634",38.7,DEM5A,地理院タイル 標高タイル 2026-10-08
S1wrg0a8,平岩,"137.86562,36.88688",264.2,DEM5A,地理院タイル 標高タイル 2026-10-08
S1wrj2g6,塚西,"135.49461,34.62356",4.3,DEM5A,地理院タイル 標高タイル 2026-10-08
S1wrkn6s,愛本,"137.55361,36.85578",148.4,DEM5A,地理院タイル 標高タイル 2026-10-08
S1wrwavb,諏訪神社,"129.88426,32.75252",11.2,DEM5A,地理院タイル 標高タイル 2026-10-08
S1wshuav,三峰口,"138.97773,35.96017",318.0,DEM5A,地理院タイル 標高タイル 2026-10-08
S1wt0cu0,大町,"140.70914,41.77018",2.9,DEM5A,地理院タイル 標高タイル 2026-10-08
S1wtw85t,新神戸,"135.19612,34.70556",42.3,DEM5A,地理院タイル 標高タイル 2026-10-08
S1wu2dbb,蘇我,"140.13065,35.58232",3.5,DEM5A,地理院タイル 標高タイル 2026-10-08
S1wuo1u0,越後鹿渡,"138.67159,37.04809",205.2,DEM5A,地理院タイル 標高タイル 2026-10-08
S1wuuu2f,成島,"140.07556,37.94337",241.3,DEM5A,地理院タイル 標高タイル 2026-10-08
S1wuv39n,久ノ浜,"140.99578,37.14247",5.5,DEM5A,地理院タイル 標高タイル 2026-10-08
S1wv0d3g,知寄町,"133.56151,33.55790",-0.0,DEM5A,地理院タイル 標高タイル 2026-10-08
S1wv3jk7,咲来,"142.26754,44.69267",47.3,DEM5A,地理院タイル 標高タイル 2026-10-08
S1wvcj90,大阪城北詰,"135.52536,34.69450",2.8,DEM5A,地理院タイル 標高タイル 2026-10-08
S1wvodxw,道明寺,"135.62023,34.56838",21.7,DEM5A,地理院タイル 標高タイル 2026-10-08
S1wvyrh2,山城青谷,"135.80015,34.82814",21.0,DEM5A,地理院タイル 標高タイル 2026-10-08
S1ww2369,太郎丸エンゼルランド,"136.20569,36.13133",5.4,DEM5A,地理院タイル 標高タイル 2026-10-08
S1wxbwzn,滑河,"140.34787,35.87706",5.2,DEM5A,地理院タイル 標高タイル 2026-10-08
S1wxwkl1,東能代,"140.06572,40.19158",8.3,DEM5A,地理院タイル 標高タイル 2026-10-08
S1wy2645,金山,"130.36175,33.55961",9.2,DEM5A,地理院タイル 標高タイル 2026-10-08
S1wyk7s0,桜並木,"130.46647,33.54478",17.2,DEM5A,地理院タイル 標高タイル 2026-10-08
S1wyqr20,宮前,"135.18891,34.21341",2.4,DEM5A,地理院タイル 標高タイル 2026-10-08
S1wysvn6,西勝間田,"134.08952,35.04344",104.9,DEM5A,地理院タイル 標高タイル 2026-10-08
S1wyvwl6,陸前大塚,"141.12919,38.37902",1.4,DEM5A,地理院タイル 標高タイル 2026-10-08
S1wz49d7,具同,"132.91492,32.97940",7.0,DEM5A,地理院タイル 標高タイル 2026-10-08
S1wze9x6,京都精華大前,"135.76891,35.07305",111.9,DEM5A,地理院タイル 標高タイル 2026-10-08
S1wzy5gm,羽立,"139.86202,39.90454",8.0,DEM5A,地理院タイル 標高タイル 2026-10-08
S1x0d9dm,小路,"135.55627,34.66134",2.2,DEM5A,地理院タイル 標高タイル 2026-10-08
S1x0r2nm,佳景山,"141.23964,38.49797",5.8,DEM5A,地理院タイル 標高タイル 2026-10-08
S1x18vj5,肥後西村,"130.80886,32.20227",119.4,DEM5A,地理院タイル 標高タイル 2026-10-08
S1x1c6lj,天童,"140.36943,38.36006",102.1,DEM5A,地理院タイル 標高タイル 2026-10-08
S1x1vlpc,浮間舟渡,"139.69149,35.79126",1.4,DEM5A,地理院タイル 標高タイル 2026-10-08
S1x2k3fd,伊勢鎌倉,"136.27838,34.57402",143.4,DEM5A,地理院タイル 標高タイル 2026-10-08
S1x2xoet,学園通り,"134.13683,34.27059",25.3,DEM5A,地理院タイル 標高タイル 2026-10-08
S1x2z4zz,高井田,"135.63903,34.57144",25.0,DEM5A,地理院タイル 標高タイル 2026-10-08
S1x31cx8,大和川,"135.48675,34.59466",7.4,DEM5A,地理院タイル 標高タイル 2026-10-08
S1x3j3pe,鐘釣,"137.65134,36.73441",449.6,DEM5A,地理院タイル 標高タイル 2026-10-08
S1x3l4sm,小島谷,"138.77134,37.57456",16.5,DEM5A,地理院タイル 標高タイル 2026-10-08
S1x4d5ij,新里,"140.52005,40.58739",33.4,DEM5A,地理院タイル 標高タイル 2026-10-08
S1x4g9ej,羽前松岡,"139.78044,38.04539",163.7,DEM5A,地理院タイル 標高タイル 2026-10-08
S1x4mex2,志木,"139.57530,35.82217",19.0,DEM5A,地理院タイル 標高タイル 2026-10-08
S1x4n665,北浜,"144.35246,43.95853",6.8,DEM5A,地理院タイル 標高タイル 2026-10-08
S1x4nmse,田無,"139.53898,35.72720",60.7,DEM5A,地理院タイル 標高タイル 2026-10-08
S1x4peut,呉服町,"130.40957,33.59784",4.3,DEM5A,地理院タイル 標高タイル 2026-10-08
S1x4v4r4,直川,"131.77952,32.89867",59.5,DEM5A,地理院タイル 標高タイル 2026-10-08
S1x5obqp,妙蓮寺,"139.63331,35.49878",21.8,DEM5A,地理院タイル 標高タイル 2026-10-08
S1x60v0q,浅間町,"136.89021,35.18332",2.5,DEM5A,地理院タイル 標高タイル 2026-10-08
S1x61s42,南大嶺,"131.18520,34.16148",81.3,DEM5A,地理院タイル 標高タイル 2026-10-08
S1x661mx,倉敷,"133.76554,34.60168",4.6,DEM5A,地理院タイル 標高タイル 2026-10-08
S1x6v7ml,三木里,"136.20255,34.00147",19.5,DEM5A,地理院タイル 標高タイル 2026-10-08
S1x6z2l2,西栗栖,"134.47060,34.95244",115.6,DEM5A,地理院タイル 標高タイル 2026-10-08
S1x76x9m,美幌,"144.10558,43.83704",12.3,DEM5A,地理院タイル 標高タイル 2026-10-08
S1x7dp0y,那加,"136.83558,35.40053",27.7,DEM5A,地理院タイル 標高タイル 2026-10-08
S1x7jiio,三日月,"134.43535,34.98483",116.9,DEM5A,地理院タイル 標高タイル 2026-10-08
S1x86hex,衣笠,"139.66099,35.25711",14.7,DEM5A,地理院タイル 標高タイル 2026-10-08
S1x86jxv,落部,"140.42086,42.18766",8.9,DEM5A,地理院タイル 標高タイル 2026-10-08
S1x8w0u3,板橋,"139.71920,35.74503",26.4,DEM5A,地理院タイル 標高タイル 2026-10-08
S1x9sls6,黒部湖,"137.65842,36.56653",1539.2,DEM5A,地理院タイル 標高タイル 2026-10-08
S1x9v7ju,拝島,"139.34368,35.72125",119.8,DEM5A,地理院タイル 標高タイル 2026-10-08
S1x9vgd1,大元,"133.91080,34.64726",1.9,DEM5A,地理院タイル 標高タイル 2026-10-08
S1xalmit,麻生田,"136.53561,35.13359",94.6,DEM5A,地理院タイル 標高タイル 2026-10-08
S1xarx4w,須佐,"131.60579,34.62192",9.2,DEM10B,地理院タイル 標高タイル 2026-10-08
S1xb2h53,西大滝,"138.48087,36.97924",313.5,DEM5A,地理院タイル 標高タイル 2026-10-08
S1xbes8e,甲西,"136.08237,35.00061",137.3,DEM5A,地理院タイル 標高タイル 2026-10-08
S1xboab9,佐野のわたし,"139.01829,36.30252",83.6,DEM5A,地理院タイル 標高タイル 2026-10-08
S1xbvvqf,篠原,"137.12077,35.15473",103.3,DEM5A,地理院タイル 標高タイル 2026-10-08
S1xbwnis,美乃坂本,"137.45036,35.47926",311.3,DEM5A,地理院タイル 標高タイル 2026-10-08
S1xc1bvq,新宿,"139.69993,35.68980",37.5,DEM5A,地理院タイル 標高タイル 2026-10-08
S1xcjekn,東武動物公園,"139.72689,36.02470",7.8,DEM5A,地理院タイル 標高タイル 2026-10-08
S1xcsc4c,三柿野,"136.87616,35.40008",42.2,DEM5A,地理院タイル 標高タイル 2026-10-08
S1xcz0yr,近江長岡,"136.37402,35.35908",138.4,DEM5A,地理院タイル 標高タイル 2026-10-08
S1xdgmyz,繁藤,"133.69021,33.68035",347.1,DEM5A,地理院タイル 標高タイル 2026-10-08
S1xdsmva,豊平公園,"141.37616,43.04211",31.6,DEM5A,地理院タイル 標高タイル 2026-10-08
S1xe11g5,赤塚,"140.41516,36.38175",39.8,DEM5A,地理院タイル 標高タイル 2026-10-08
S1xeedcy,長岡,"138.85397,37.44776",22.3,DEM5A,地理院タイル 標高タイル 2026-10-08
S1xexgx5,小禄,"127.66703,26.19655",26.6,DEM5A,地理院タイル 標高タイル 2026-10-08
S1xf2jyj,妙心寺,"135.71785,35.02628",61.4,DEM5A,地理院タイル 標高タイル 2026-10-08
S1xfdmw4,聖マリア病院前,"130.51039,33.30215",13.1,DEM5A,地理院タイル 標高タイル 2026-10-08
S1xfua23,扇大橋,"139.77085,35.76414",2.2,DEM5A,地理院タイル 標高タイル 2026-10-08
S1xg3fyw,新尾道,"133.19021,34.43008",28.0,DEM5A,地理院タイル 標高タイル 2026-10-08
S1xg57v3,柳瀬,"131.97680,34.25738",75.8,DEM5A,地理院タイル 標高タイル 2026-10-08
S1xgvpxn,本由良,"131.34382,34.03180",8.3,DEM5A,地理院タイル 標高タイル 2026-10-08
S1xh7qql,梨郷,"140.09812,38.05728",214.4,DEM5A,地理院タイル 標高タイル 2026-10-08
S1xhw06w,上前津,"136.90665,35.15743",9.2,DEM5A,地理院タイル 標高タイル 2026-10-08
S1xi23wd,広丘,"137.94959,36.14793",665.0,DEM5A,地理院タイル 標高タイル 2026-10-08
S1xj2d43,加茂宮,"139.61694,35.93577",15.7,DEM5A,地理院タイル 標高タイル 2026-10-08
S1xk23g6,安足間,"142.69388,43.85198",287.9,DEM5A,地理院タイル 標高タイル 2026-10-08
S1xk8shy,小野,"135.92269,35.13885",94.2,DEM5A,地理院タイル 標高タイル 2026-10-08
S1xkcpvq,中舟生,"140.39224,36.64554",51.0,DEM5A,地理院タイル 標高タイル 2026-10-08
S1xkw14u,大堂津,"131.38210,31.55691",3.9,DEM5A,地理院タイル 標高タイル 2026-10-08
S1xl5ocy,北小谷,"137.90644,36.84257",400.7,DEM5A,地理院タイル 標高タイル 2026-10-08
S1xlcv33,賢島,"136.81943,34.30839",4.1,DEM5A,地理院タイル 標高タイル 2026-10-08
S1xlx8jj,甲奴,"133.08127,34.70364",344.5,DEM5A,地理院タイル 標高タイル 2026-10-08
S1xmgil8,石見津田,"131.86476,34.72272",4.8,DEM5A,地理院タイル 標高タイル 2026-10-08
S1xn2lpo,入谷,"139.78455,35.72067",1.9,DEM5A,地理院タイル 標高タイル 2026-10-08
S1xn3zwm,杁ヶ池公園,"137.03790,35.17175",66.8,DEM5A,地理院タイル 標高タイル 2026-10-08
S1xnb8lr,清里,"138.43663,35.91915",1274.9,DEM5A,地理院タイル 標高タイル 2026-10-08
S1xo5rr8,笠松,"136.76465,35.37468",10.4,DEM5A,地理院タイル 標高タイル 2026-10-08
S1xoyrqc,月岡,"137.26349,36.62646",88.1,DEM5A,地理院タイル 標高タイル 2026-10-08
S1xpbrbh,玖村,"132.50804,34.48201",14.6,DEM5A,地理院タイル 標高タイル 2026-10-08
S1xpkw0k,岡,"140.78034,38.01902",8.9,DEM5A,地理院タイル 標高タイル 2026-10-08
S1xqen53,佐世保,"129.72663,33.16372",3.2,DEM5A,地理院タイル 標高タイル 2026-10-08
S1xqiyqp,干潟,"140.60331,35.71834",6.8,DEM5A,地理院タイル 標高タイル 2026-10-08
S1xqqf47,羽生,"139.53383,36.17026",15.2,DEM5A,地理院タイル 標高タイル 2026-10-08
S1xqvphp,新城,"137.49300,34.90107",56.1,DEM5A,地理院タイル 標高タイル 2026-10-08
S1xqzcqs,伊集院,"130.39581,31.63016",70.8,DEM5A,地理院タイル 標高タイル 2026-10-08
S1xr8d0l,中多久,"130.11229,33.28333",51.2,DEM5A,地理院タイル 標高タイル 2026-10-08
S1xrf5ef,長鳥,"138.68410,37.36642",55.9,DEM5A,地理院タイル 標高タイル 2026-10-08
S1xrly2v,能美根上,"136.45962,36.45146",7.8,DEM5A,地理院タイル 標高タイル 2026-10-08
S1xs2w9q,下呂,"137.23939,35.80610",367.3,DEM5A,地理院タイル 標高タイル 2026-10-08
S1xs5q0v,東池袋四丁目,"139.72073,35.72550",26.5,DEM5A,地理院タイル 標高タイル 2026-10-08
S1xsbewd,三川,"141.80079,42.94505",52.7,DEM5A,地理院タイル 標高タイル 2026-10-08
S1xsp7yv,みなとみらい,"139.63246,35.45768",3.1,DEM5A,地理院タイル 標高タイル 2026-10-08
S1xsuo95,美江寺,"136.66147,35.41338",9.3,DEM5A,地理院タイル 標高タイル 2026-10-08
S1xt8i5q,博多,"130.42055,33.58975",3.5,DEM5A,地理院タイル 標高タイル 2026-10-08
S1xtc9on,神宮前,"136.91257,35.12571",2.4,DEM5A,地理院タイル 標高タイル 2026-10-08
S1xv6q0l,高ノ宮,"132.93043,35.47180",2.6,DEM5A,地理院タイル 標高タイル 2026-10-08
S1xvb9mq,希望が丘高校前,"130.71152,33.80850",9.0,DEM5A,地理院タイル 標高タイル 2026-10-08
S1xvlyst,上芦別,"142.21107,43.48853",113.0,DEM5A,地理院タイル 標高タイル 2026-10-08
S1xvpjzs,島田,"131.96085,33.99044",9.8,DEM5A,地理院タイル 標高タイル 2026-10-08
S1xvpljr,宮崎神宮,"131.43063,31.93868",7.6,DEM5A,地理院タイル 標高タイル 2026-10-08
S1xw36bz,宮原,"139.60952,35.94053",14.6,DEM5A,地理院タイル 標高タイル 2026-10-08
S1xwqo6s,小佐野,"141.83647,39.26457",19.8,DEM5A,地理院タイル 標高タイル 2026-10-08
S1xws93x,堀内,"141.85949,40.05190",21.3,DEM5A,地理院タイル 標高タイル 2026-10-08
S1xwuss5,北久里浜,"139.68639,35.24916",4.6,DEM5A,地理院タイル 標高タイル 2026-10-08
S1xwvenl,木津用水,"136.92602,35.36684",37.6,DEM5A,地理院タイル 標高タイル 2026-10-08
S1xx0r3x,越後石山,"139.09547,37.89637",1.8,DEM5A,地理院タイル 標高タイル 2026-10-08
S1xx77mm,安達,"140.46668,37.61264",204.1,DEM5A,地理院タイル 標高タイル 2026-10-08
S1xx9t7x,紀伊宮原,"135.16998,34.07795",9.7,DEM5A,地理院タイル 標高タイル 2026-10-08
S1xxdha5,富戸,"139.13169,34.91004",99.8,DEM5A,地理院タイル 標高タイル 2026-10-08
S1xxlq8o,大佐倉,"140.25072,35.72993",17.2,DEM5A,地理院タイル 標高タイル 2026-10-08
S1xxp9fo,下川沿,"140.49664,40.27635",46.0,DEM5A,地理院タイル 標高タイル 2026-10-08
S1xyfdyl,梅林,"132.49413,34.48072",11.8,DEM5A,地理院タイル 標高タイル 2026-10-08
S1xymylx,下兵庫,"135.63474,34.32259",104.4,DEM5A,地理院タイル 標高タイル 2026-10-08
S1xz3iv8,番田,"139.36311,35.54538",89.3,DEM5A,地理院タイル 標高タイル 2026-10-08
S1xz91yh,肥前古賀,"129.95152,32.79832",45.7,DEM5A,地理院タイル 標高タイル 2026-10-08
S1xz9a5j,釜戸,"137.30523,35.41123",217.4,DEM5A,地理院タイル 標高タイル 2026-10-08
S1xzugdr,稲永,"136.86336,35.09151",2.0,DEM5A,地理院タイル 標高タイル 2026-10-08
S1y0f5o7,門司,"130.93253,33.90432",5.7,DEM5A,地理院タイル 標高タイル 2026-10-08
S1y0vs7f,お台場海浜公園,"139.77853,35.62980",5.3,DEM5A,地理院タイル 標高タイル 2026-10-08
S1y20ap0,有戸,"141.18930,40.91400",15.0,DEM5A,地理院タイル 標高タイル 2026-10-08
S1y229yr,香久山,"135.82510,34.51069",70.2,DEM5A,地理院タイル 標高タイル 2026-10-08
S1y23k27,前原,"140.02752,35.70065",23.2,DEM5A,地理院タイル 標高タイル 2026-10-08
S1y26o9b,出雲坂根,"133.12058,35.10244",564.0,DEM5A,地理院タイル 標高タイル 2026-10-08
S1y2clx6,秋津,"139.49684,35.77849",56.2,DEM5A,地理院タイル 標高タイル 2026-10-08
S1y2uc6o,逆瀬川,"135.35089,34.79702",48.5,DEM5A,地理院タイル 標高タイル 2026-10-08
S1y2w2pg,樋口,"139.12262,36.13108",122.0,DEM5A,地理院タイル 標高タイル 2026-10-08
S1y30vib,竹田,"135.75616,34.95599",16.7,DEM5A,地理院タイル 標高タイル 2026-10-08
S1y3a74j,猪苗代湖畔,"140.14758,37.50064",517.6,DEM5A,地理院タイル 標高タイル 2026-10-08
S1y3aud4,丸渕,"136.72899,35.22252",1.3,DEM5A,地理院タイル 標高タイル 2026-10-08
S1y4c4vo,東松江,"133.12849,35.44548",2.0,DEM5A,地理院タイル 標高タイル 2026-10-08
S1y4dg0e,英賀保,"134.64478,34.81336",3.0,DEM5A,地理院タイル 標高タイル 2026-10-08
S1y4nksv,西国立,"139.42390,35.69379",79.8,DEM5A,地理院タイル 標高タイル 2026-10-08
S1y4q8ub,北新川,"136.99248,34.90597",11.2,DEM5A,地理院タイル 標高タイル 2026-10-08
S1y55cpu,茨木,"135.56207,34.81508",16.2,DEM5A,地理院タイル 標高タイル 2026-10-08
S1y5d9i4,松ノ浜,"135.41462,34.50886",3.3,DEM5A,地理院タイル 標高タイル 2026-10-08
S1y5ru6m,亀井,"130.72230,32.83774",14.7,DEM5A,地理院タイル 標高タイル 2026-10-08
S1y5xlzg,小田原,"139.15558,35.25629",13.7,DEM5A,地理院タイル 標高タイル 2026-10-08
S1y6231g,大塚,"139.72794,35.73179",24.5,DEM5A,地理院タイル 標高タイル 2026-10-08
S1y6rt9o,二島,"130.74880,33.88944",4.1,DEM5A,地理院タイル 標高タイル 2026-10-08
S1y7jca0,福野,"136.95162,35.64635",137.0,DEM5A,地理院タイル 標高タイル 2026-10-08
S1y840cw,東本願寺前,"141.34936,43.05171",24.2,DEM5A,地理院タイル 標高タイル 2026-10-08
S1y8cift,雑餉隈,"130.46236,33.54727",15.9,DEM5A,地理院タイル 標高タイル 2026-10-08
S1y8mmrd,学,"134.28678,34.05768",24.4,DEM5A,地理院タイル 標高タイル 2026-10-08
S1y8ypih,青島,"131.46702,31.79952",5.0,DEM5A,地理院タイル 標高タイル 2026-10-08
S1y9obhx,滝野川一丁目,"139.73541,35.74730",16.2,DEM5A,地理院タイル 標高タイル 2026-10-08
S1y9tsz4,滝宮,"133.92240,34.24817",38.5,DEM5A,地理院タイル 標高タイル 2026-10-08
S1y9uhti,宮口,"137.77375,34.83045",48.2,DEM5A,地理院タイル 標高タイル 2026-10-08
S1ya89j9,藤生,"132.19854,34.11263",3.4,DEM5A,地理院タイル 標高タイル 2026-10-08
S1yaio08,宗道,"139.97059,36.15362",18.6,DEM5A,地理院タイル 標高タイル 2026-10-08
S1yajtmj,西神楽,"142.39366,43.68224",144.4,DEM5A,地理院タイル 標高タイル 2026-10-08
S1yakj9y,陸前赤井,"141.23900,38.43242",1.1,DEM5A,地理院タイル 標高タイル 2026-10-08
S1yal7b4,赤碕,"133.63450,35.51232",24.8,DEM5A,地理院タイル 標高タイル 2026-10-08
S1yas9hq,東須磨,"135.12749,34.65521",18.5,DEM5A,地理院タイル 標高タイル 2026-10-08
S1yaugke,中塩田,"138.20467,36.36323",469.9,DEM5A,地理院タイル 標高タイル 2026-10-08
S1yaz4h5,上滝,"137.29569,36.60955",145.4,DEM5A,地理院タイル 標高タイル 2026-10-08
S1ybdc22,一志,"136.43609,34.65490",16.7,DEM5A,地理院タイル 標高タイル 2026-10-08
S1yblbt6,大原,"134.32782,35.12391",239.2,DEM5A,地理院タイル 標高タイル 2026-10-08
S1ybqjth,菅野,"139.91940,35.72827",5.4,DEM5A,地理院タイル 標高タイル 2026-10-08
S1ybr2t8,牛田,"137.06088,34.99928",17.0,DEM5A,地理院タイル 標高タイル 2026-10-08
S1yct5ok,今里,"135.54331,34.66952",0.8,DEM5A,地理院タイル 標高タイル 2026-10-08
S1yczq2t,石神井公園,"139.60655,35.74364",45.7,DEM5A,地理院タイル 標高タイル 2026-10-08
S1ydewnq,岸根公園,"139.61655,35.49551",17.0,DEM5A,地理院タイル 標高タイル 2026-10-08
S1ydls9s,千船,"135.44535,34.71225",-0.0,DEM5A,地理院タイル 標高タイル 2026-10-08
S1ydzirn,朝倉神社前,"133.48083,33.55203",12.4,DEM5A,地理院タイル 標高タイル 2026-10-08
S1ye81vo,浅草,"139.79756,35.71057",3.7,DEM5A,地理院タイル 標高タイル 2026-10-08
S1yeao4g,京成西船,"139.95884,35.71169",6.8,DEM5A,地理院タイル 標高タイル 2026-10-08
S1yeexqt,知床斜里,"144.66164,43.91083",3.8,DEM5A,地理院タイル 標高タイル 2026-10-08
S1yen4rt,瀬戸市役所前,"137.08421,35.22499",94.0,DEM5A,地理院タイル 標高タイル 2026-10-08
S1yf0gkp,飯島,"137.92899,35.67759",646.8,DEM5A,地理院タイル 標高タイル 2026-10-08
S1yfmc8p,小奴可,"133.21117,34.99457",547.0,DEM5A,地理院タイル 標高タイル 2026-10-08
S1yg7ym1,三ツ沢下町,"139.61522,35.47648",10.8,DEM5A,地理院タイル 標高タイル 2026-10-08
S1ygugbm,中小国,"140.59686,41.05165",10.0,DEM10B,地理院タイル 標高タイル 2026-10-08
S1ygzdjn,榎町,"137.31660,36.65764",80.1,DEM5A,地理院タイル 標高タイル 2026-10-08
S1yh3kek,茶所,"136.76892,35.40208",10.1,DEM5A,地理院タイル 標高タイル 2026-10-08
S1yh7wnf,長太ノ浦,"136.62635,34.89152",2.9,DEM5A,地理院タイル 標高タイル 2026-10-08
S1yh8mjf,歓遊舎ひこさん,"130.85957,33.54943",93.9,DEM5A,地理院タイル 標高タイル 2026-10-08
S1yhs0zt,運動公園前,"140.50302,40.58940",37.4,DEM5A,地理院タイル 標高タイル 2026-10-08
S1yj1ozc,勝どき,"139.77713,35.65893",1.5,DEM5A,地理院タイル 標高タイル 2026-10-08
S1yjmblq,飛鳥,"135.79817,34.46500",88.9,DEM5A,地理院タイル 標高タイル 2026-10-08
S1yjmxi4,河毛,"136.24951,35.44844",98.9,DEM5A,地理院タイル 標高タイル 2026-10-08
S1yjw5r1,磐城石川,"140.44400,37.14072",285.5,DEM5A,地理院タイル 標高タイル 2026-10-08
S1yjyhcx,赤水,"130.99288,32.91315",467.3,DEM5A,地理院タイル 標高タイル 2026-10-08
S1ykdkve,耳成,"135.81539,34.51241",66.4,DEM5A,地理院タイル 標高タイル 2026-10-08
S1ykyqas,富士見台,"139.62982,35.73585",43.6,DEM5A,地理院タイル 標高タイル 2026-10-08
S1ylx0kr,大土呂,"136.21651,36.01055",9.3,DEM5A,地理院タイル 標高タイル 2026-10-08
S1ymdy9f,狭山ヶ丘,"139.41702,35.81041",94.6,DEM5A,地理院タイル 標高タイル 2026-10-08
S1ympddm,内山,"137.55676,36.84682",164.9,DEM5A,地理院タイル 標高タイル 2026-10-08
S1ymr1x5,宮脇,"140.10009,36.21464",296.8,DEM5A,地理院タイル 標高タイル 2026-10-08
S1yn8k54,高師,"137.38172,34.72711",19.9,DEM5A,地理院タイル 標高タイル 2026-10-08
S1ynumpu,倉吉,"133.84903,35.45499",10.6,DEM5A,地理院タイル 標高タイル 2026-10-08
S1ynzqng,大場,"138.93938,35.09220",12.9,DEM5A,地理院タイル 標高タイル 2026-10-08
S1yoe6wh,佐那具,"136.16315,34.80419",150.5,DEM5A,地理院タイル 標高タイル 2026-10-08
S1yoqtv8,片貝,"139.09567,36.39390",100.3,DEM5A,地理院タイル 標高タイル 2026-10-08
S1yozi4t,新田,"140.59303,37.83776",46.2,DEM5A,地理院タイル 標高タイル 2026-10-08
S1yp1xmn,中納言,"133.93757,34.65751",4.5,DEM5A,地理院タイル 標高タイル 2026-10-08
S1ypanov,三十八社,"136.19368,35.98913",9.7,DEM5A,地理院タイル 標高タイル 2026-10-08
S1yptlpf,当別,"141.51379,43.22214",14.2,DEM5A,地理院タイル 標高タイル 2026-10-08
S1ypvtbi,朝来,"135.41760,33.69676",17.0,DEM5A,地理院タイル 標高タイル 2026-10-08
S1yqbadh,大宝,"139.97019,36.20316",19.7,DEM5A,地理院タイル 標高タイル 2026-10-08
S1yrcv8m,児島,"133.80769,34.46281",3.1,DEM5A,地理院タイル 標高タイル 2026-10-08
S1yroqua,峰,"139.91492,36.55757",114.5,DEM5A,地理院タイル 標高タイル 2026-10-08
S1yrrgbz,美々津,"131.60231,32.32592",8.0,DEM5A,地理院タイル 標高タイル 2026-10-08
S1ysyvfz,太平,"141.34926,43.12392",4.5,DEM5A,地理院タイル 標高タイル 2026-10-08
S1yszrhc,計石,"136.43457,35.99753",147.7,DEM5A,地理院タイル 標高タイル 2026-10-08
S1yth8hs,新祝園,"135.79277,34.76033",30.2,DEM5A,地理院タイル 標高タイル 2026-10-08
S1ytlcj2,芦原橋,"135.48919,34.65857",0.8,DEM5A,地理院タイル 標高タイル 2026-10-08
S1ytou4m,本郷,"130.62883,33.38484",15.8,DEM5A,地理院タイル 標高タイル 2026-10-08
S1yttxqo,下地,"137.37062,34.78098",7.4,DEM5A,地理院タイル 標高タイル 2026-10-08
S1yu3h35,多田羅,"140.08984,36.51598",89.7,DEM5A,地理院タイル 標高タイル 2026-10-08
S1yuav63,能登部,"136.86938,36.96099",9.4,DEM5A,地理院タイル 標高タイル 2026-10-08
S1yudc3k,北池袋,"139.71640,35.74034",27.9,DEM5A,地理院タイル 標高タイル 2026-10-08
S1yv2nhc,備後矢野,"133.12607,34.66474",307.9,DEM5A,地理院タイル 標高タイル 2026-10-08
S1yvsohp,西塩釜,"141.01837,38.31195",4.5,DEM5A,地理院タイル 標高タイル 2026-10-08
S1yvsy2x,新伊勢崎,"139.20182,36.31809",62.7,DEM5A,地理院タイル 標高タイル 2026-10-08
S1yvtn9q,長門峡,"131.57874,34.30452",218.1,DEM5A,地理院タイル 標高タイル 2026-10-08
S1yvyrpu,見附,"138.90482,37.54015",15.9,DEM5A,地理院タイル 標高タイル 2026-10-08
S1yvzw11,和邇,"135.92232,35.16165",87.5,DEM5A,地理院タイル 標高タイル 2026-10-08
S1yw7llm,泉,"140.44550,37.77875",82.1,DEM5A,地理院タイル 標高タイル 2026-10-08
S1ywexku,分倍河原,"139.46864,35.66824",52.3,DEM5A,地理院タイル 標高タイル 2026-10-08
S1ywk0ib,名電赤坂,"137.31114,34.85936",42.8,DEM5A,地理院タイル 標高タイル 2026-10-08
S1ywnks7,瓦ヶ浜,"135.89464,34.98833",89.1,DEM5A,地理院タイル 標高タイル 2026-10-08
S1yx8cgb,摩耶ケーブル,"135.21600,34.72009",146.6,DEM5A,地理院タイル 標高タイル 2026-10-08
S1yx9w5f,船引,"140.57461,37.44313",409.2,DEM5A,地理院タイル 標高タイル 2026-10-08
S1yxftq5,王子駅前,"139.73823,35.75273",5.5,DEM5A,地理院タイル 標高タイル 2026-10-08
S1yyec2i,播磨町,"134.86813,34.71668",5.3,DEM5A,地理院タイル 標高タイル 2026-10-08
S1yylebp,薩摩松元,"130.43884,31.60538",106.5,DEM5A,地理院タイル 標高タイル 2026-10-08
S1yynvfr,熊本高専前,"130.74628,32.87821",82.5,DEM5A,地理院タイル 標高タイル 2026-10-08
S1yyrndm,与野本町,"139.62600,35.88092",7.5,DEM5A,地理院タイル 標高タイル 2026-10-08
S1yytohx,蔚山町,"130.69702,32.80380",10.8,DEM5A,地理院タイル 標高タイル 2026-10-08
S1yzc0fj,高擶,"140.35883,38.33071",113.1,DEM5A,地理院タイル 標高タイル 2026-10-08
S1yzmcz1,川東,"140.40615,37.27011",244.5,DEM5A,地理院タイル 標高タイル 2026-10-08
S1z06d9q,中ふ頭,"135.41723,34.63393",3.2,DEM5A,地理院タイル 標高タイル 2026-10-08
S1z0jal6,東照宮,"140.88672,38.27727",42.8,DEM5A,地理院タイル 標高タイル 2026-10-08
S1z0khuu,八多喜,"132.54077,33.56245",8.9,DEM5A,地理院タイル 標高タイル 2026-10-08
S1z0sgah,東都筑,"137.58661,34.79044",11.8,DEM5A,地理院タイル 標高タイル 2026-10-08
S1z0u3zr,一条橋,"133.61408,33.57466",4.4,DEM5A,地理院タイル 標高タイル 2026-10-08
S1z12ufb,坂ノ市,"131.75150,33.23671",3.7,DEM5A,地理院タイル 標高タイル 2026-10-08
