station_id,name,qid,kana,romaji,opened,distance_m,source
S0002ity,柏,Q865156,かしわ,kashiwa,1896-12-25,55,Wikidata Q865156（2026-10-07取得）
S0007dwm,親不知,Q5359597,おやしらず,oyashirazu,1912-10-15,6,Wikidata Q5359597（2026-10-07取得）
S001c1je,茂林寺前,Q8190293,もりんじまえ,morinji-mae,1927-04-01,86,Wikidata Q8190293（2026-10-07取得）
S001yezq,南大町,Q11407681,みなみおおまち,minami-omachi,1934-02-01,29,Wikidata Q11407681（2026-10-07取得）
S002cr3x,中野新橋,Q1132589,なかのしんばし,nakano-shimbashi,1961-02-08,47,Wikidata Q1132589（2026-10-07取得）
S0031bq2,北新・松本大学前,Q11401796,きたにいまつもとだいがくまえ,kitanii-matsumotodaigakumae,1921-10-02,37,Wikidata Q11401796（2026-10-07取得）
S003xr4s,四条大宮,Q11420006,しじょうおおみや,shijo-omiya,1910-03-25,28,Wikidata Q11420006（2026-10-07取得）
S004t4la,あまや,Q4740753,あまや,amaya,1999-08-07,59,Wikidata Q4740753（2026-10-07取得）
S0052965,上総大久保,Q6381728,かずさおおくぼ,kazusa-okubo,1928-05-16,16,Wikidata Q6381728（2026-10-07取得）
S00542aj,洗馬,Q5359498,せば,seba,1909-12-01,8,Wikidata Q5359498（2026-10-07取得）
S005794r,青梅,Q843019,おうめ,ome,1894-11-19,13,Wikidata Q843019（2026-10-07取得）
S005es3p,南桜井,Q5367953,みなみさくらい,minami-sakurai,1930-12-09,36,Wikidata Q5367953（2026-10-07取得）
S005f02e,石嶺,Q11585621,,ishimine,2019-10-01,16,Wikidata Q11585621（2026-10-07取得）
S005gbok,後三年,Q5587140,ごさんねん,gosannen,1921-12-12,45,Wikidata Q5587140（2026-10-07取得）
S005p7da,菊川,Q1043756,きくかわ,kikukawa,1978-12-21,9,Wikidata Q1043756（2026-10-07取得）
S005s7ov,種市,Q6543151,たねいち,taneichi,1924-11-10,17,Wikidata Q6543151（2026-10-07取得）
S005ueea,黒松内,Q864218,くろまつない,kuromatsunai,1903-11-03,25,Wikidata Q864218（2026-10-07取得）
S006bmvl,新座,Q7034510,にいざ,niiza,1973-04-01,13,Wikidata Q7034510（2026-10-07取得）
S006oreh,栄町,Q7402753,さかえまち,sakaemachi,1988-12-02,35,Wikidata Q7402753（2026-10-07取得）
S007447d,調布,Q1063956,ちょうふ,chofu,1913-04-15,77,Wikidata Q1063956（2026-10-07取得）
S007ecvu,鳴子御殿湯,Q1092587,なるこごてんゆ,naruko-gotenyu,1952-01-25,17,Wikidata Q1092587（2026-10-07取得）
S007ocex,本山,Q5358559,もとやま,motoyama,1913-12-20,73,Wikidata Q5358559（2026-10-07取得）
S008jwkq,毘沙門台,Q4917323,,bishamondai,1994-08-20,30,Wikidata Q4917323（2026-10-07取得）
S008wev6,滝山,Q7678415,,takiyama,1913-04-13,18,Wikidata Q7678415（2026-10-07取得）
S008y6oo,夜須,Q8049937,やす,yasu,2002-07-01,24,Wikidata Q8049937（2026-10-07取得）
S0097i92,蔵本,Q6445576,くらもと,kuramoto,1899-09-12,4,Wikidata Q6445576（2026-10-07取得）
S00a8ah4,南木曽,Q5359502,なぎそ,nagiso,1909-07-15,63,Wikidata Q5359502（2026-10-07取得）
S00akn9e,六会日大前,Q4309032,むつあいにちだいまえ,mutsuai-nichidaimae,1929-04-01,19,Wikidata Q4309032（2026-10-07取得）
S00b2t7g,岩田,Q5357651,いわた,iwata,1899-06-05,49,Wikidata Q5357651（2026-10-07取得）
S00bg2lc,中延,Q1040875,なかのぶ,nakanobu,1927-07-06,50,Wikidata Q1040875（2026-10-07取得）
S00bk9mi,月江寺,Q5530322,げっこうじ,gekkoji,1931-10-01,7,Wikidata Q5530322（2026-10-07取得）
S00btdqp,いずみ野,Q6102365,いずみの,izumino,1976-04-08,12,Wikidata Q6102365（2026-10-07取得）
S00clmih,今井浜海岸,Q6002975,いまいはまかいがん,imaihama-kaigan,1962-07-07,9,Wikidata Q6002975（2026-10-07取得）
S00crium,小野屋,Q7094525,,onoya,1923-09-29,16,Wikidata Q7094525（2026-10-07取得）
S00czs93,東新町,Q772815,ひがししんまち,higashi-shimmachi,1914-01-01,31,Wikidata Q772815（2026-10-07取得）
S00d10y9,青井,Q850623,あおい,aoi,2005-08-24,10,Wikidata Q850623（2026-10-07取得）
S00d52fh,佐久,Q869335,,saku,1922-11-08,78,Wikidata Q869335（2026-10-07取得）
S00d7tw0,山家,Q871068,やまが,yamaga,1910-08-25,3,Wikidata Q871068（2026-10-07取得）
S00dalr0,西江井ヶ島,Q7040324,にしえいがしま,nishi-eigashima,1923-08-19,17,Wikidata Q7040324（2026-10-07取得）
S00dkhpf,鳥浜,Q7825788,とりはま,torihama,1989-07-05,20,Wikidata Q7825788（2026-10-07取得）
S00dymvz,金武,Q11647331,かなたけ,kanatake,1960-05-01,20,Wikidata Q11647331（2026-10-07取得）
S00e77oe,越中宮崎,Q3701462,えっちゅうみやざき,etchu-miyazaki,1957-10-01,16,Wikidata Q3701462（2026-10-07取得）
S00en9j9,南羽生,Q6862883,みなみはにゅう,minami-hanyu,1903-09-13,77,Wikidata Q6862883（2026-10-07取得）
S00eq0lk,鳩ノ巣,Q8013671,はとのす,hatonosu,1944-07-01,27,Wikidata Q8013671（2026-10-07取得）
S00f2b3b,塩山,Q5381477,えんざん,enzan,1903-06-11,3,Wikidata Q5381477（2026-10-07取得）
S00f30ni,東員,Q7862665,とういん,toin,2005-03-26,9,Wikidata Q7862665（2026-10-07取得）
S00f34hb,田中口,Q11575385,,tanakaguchi,1924-06-15,12,Wikidata Q11575385（2026-10-07取得）
S00fut8a,太秦,Q1044091,うずまさ,uzumasa,1989,38,Wikidata Q1044091（2026-10-07取得）
S00fv34z,長門市,Q6958700,ながとし,nagatoshi,1924-11-03,52,Wikidata Q6958700（2026-10-07取得）
S00g27qn,豊浜,Q5358658,とよはま,toyohama,1916-04-01,45,Wikidata Q5358658（2026-10-07取得）
S00gbnvl,宝木,Q899305,ほうぎ,hogi,1907-04-28,25,Wikidata Q899305（2026-10-07取得）
S00gx13i,大沢,Q8081694,おおさわ,osawa,1899-05-15,22,Wikidata Q8081694（2026-10-07取得）
S00i1249,割出,Q11398004,わりだし,waridashi,1925-05-10,28,Wikidata Q11398004（2026-10-07取得）
S00i8xea,後閑,Q1770583,ごかん,gokan,1926-11-20,31,Wikidata Q1770583（2026-10-07取得）
S00igg2i,北府,Q6417707,,kitago,1924,3,Wikidata Q6417707（2026-10-07取得）
S00ij2b8,七軒茶屋,Q7496103,しちけんじゃや,shichikenjaya,1910-12-25,40,Wikidata Q7496103（2026-10-07取得）
S00jl883,塚原,Q7850037,つかはら,tsukahara,1925-10-15,31,Wikidata Q7850037（2026-10-07取得）
S00k25ae,桃川,Q11537053,もものかわ,momonokawa,1935-03-01,3,Wikidata Q11537053（2026-10-07取得）
S00kke1n,狛江,Q4229429,こまえ,komae,1927-05-27,4,Wikidata Q4229429（2026-10-07取得）
S00l3qi9,由仁,Q8061286,,yuni,1892-08-01,20,Wikidata Q8061286（2026-10-07取得）
S00mgwap,砥堀,Q11587558,とほり,tohori,1935-11-20,39,Wikidata Q11587558（2026-10-07取得）
S00nb8g6,越後大島,Q5332428,えちごおおしま,echigo-oshima,1931-08-10,6,Wikidata Q5332428（2026-10-07取得）
S00ngv7j,甲州街道,Q6455297,こうしゅうかいどう,koshu-kaido,2000-01-10,5,Wikidata Q6455297（2026-10-07取得）
S00nsr8j,女鹿,Q6808127,めが,mega,1962-10-30,2,Wikidata Q6808127（2026-10-07取得）
S00o7vvx,西田井,Q337972,にしだい,nishidai,1913-07-11,18,Wikidata Q337972（2026-10-07取得）
S00od9zf,岩手船越,Q6100776,いわてふなこし,iwate-funakoshi,1936-11-10,30,Wikidata Q6100776（2026-10-07取得）
S00olf9h,ひぐち,Q5760181,ひぐち,higuchi,1992-03-14,10,Wikidata Q5760181（2026-10-07取得）
S00oo6lf,勾当台公園,Q11400640,,kotodai-koen,1987-07-15,40,Wikidata Q11400640（2026-10-07取得）
S00osc8a,伊予亀岡,Q899227,いよかめおか,iyo-kameoka,1925-06-21,7,Wikidata Q899227（2026-10-07取得）
S00q5tf2,万博記念公園,Q4853524,ばんぱくきねんこうえん,bampaku-kinenkoen,2005-08-24,5,Wikidata Q4853524（2026-10-07取得）
S00qgeio,布忍,Q7069909,ぬのせ,nunose,1922-04-18,36,Wikidata Q7069909（2026-10-07取得）
S00qjacx,権堂,Q11542302,ごんどう,gondo,1926-06-28,29,Wikidata Q11542302（2026-10-07取得）
S00qromb,妙見口,Q6949396,,myokenguchi,1923-11-03,107,Wikidata Q6949396（2026-10-07取得）
S00qwbyc,妙興寺,Q6949401,,myokoji,1924-02-03,38,Wikidata Q6949401（2026-10-07取得）
S00qx22s,富原,Q7818894,とみはら,tomihara,1930-12-11,25,Wikidata Q7818894（2026-10-07取得）
S00r0742,島原,Q7496811,しまばら,shimabara,1913-09-24,31,Wikidata Q7496811（2026-10-07取得）
S00rc51i,福山,Q800797,ふくやま,fukuyama,1891-09-11,42,Wikidata Q800797（2026-10-07取得）
S00rtnr7,山吹,Q988643,やまぶき,yamabuki,1923-01-15,1,Wikidata Q988643（2026-10-07取得）
S00sb4ej,港町,Q6863265,みなとちょう,minatocho,1932-03-21,31,Wikidata Q6863265（2026-10-07取得）
S00t1d7u,笠岡,Q5358698,かさおか,kasaoka,1891-07-14,34,Wikidata Q5358698（2026-10-07取得）
S00t3l14,比延,Q3095773,ひえ,hie,1924-12-27,36,Wikidata Q3095773（2026-10-07取得）
S00tgau5,京急東神奈川,Q6960205,けいきゅうひがしかながわ,keikyu higashi‐kanagawa,1915-12-24,30,Wikidata Q6960205（2026-10-07取得）
S00u8pnt,古間,Q5355756,ふるま,furuma,1913-10-01,7,Wikidata Q5355756（2026-10-07取得）
S00uii7e,海浦,Q11559047,うみのうら,uminoura,1959-06-01,30,Wikidata Q11559047（2026-10-07取得）
S00v6t37,横江,Q8054605,よこえ,yokoe,1936-12-26,34,Wikidata Q8054605（2026-10-07取得）
S00v9hl0,大物,Q2039189,だいもつ,daimotsu,1905,11,Wikidata Q2039189（2026-10-07取得）
S00vql88,知多奥田,Q5102188,,chita-okuda,1975,69,Wikidata Q5102188（2026-10-07取得）
S00vthjl,二俣,Q5510466,ふたまた,futamata,1988-07-16,28,Wikidata Q5510466（2026-10-07取得）
S00vy1ak,三間坂,Q5365283,,mimasaka,1897,35,Wikidata Q5365283（2026-10-07取得）
S00w2ewx,甲斐岩間,Q6347326,かいいわま,kai-iwama,1927-12-17,56,Wikidata Q6347326（2026-10-07取得）
S00w8gal,勝瑞,Q8190586,しょうずい,shozui,1916-07-01,63,Wikidata Q8190586（2026-10-07取得）
S00wal0k,幌別,Q5904684,ほろべつ,horobetsu,1892,9,Wikidata Q5904684（2026-10-07取得）
S00wh8pw,摂津市,Q3970969,せっつし,settsu-shi,2010,8,Wikidata Q3970969（2026-10-07取得）
S00x8eas,西山名,Q11627819,にしやまな,nishi-yamana,1930-06-15,28,Wikidata Q11627819（2026-10-07取得）
S00xil38,出雲科学館パークタウン前,Q11395900,,izumo science center-park town-mae,1928-09-15,41,Wikidata Q11395900（2026-10-07取得）
S00xnhyo,嘉瀬,Q6374094,かせ,kase,1930-07-15,2,Wikidata Q6374094（2026-10-07取得）
S00y2w9x,大森,Q80420,おおもり,omori,1876-06-12,50,Wikidata Q80420（2026-10-07取得）
S00yejnu,大谷地,Q8081807,おおやち,oyachi,1982-03-21,12,Wikidata Q8081807（2026-10-07取得）
S00yezap,篠路,Q2491059,しのろ,shinoro,1986,14,Wikidata Q2491059（2026-10-07取得）
S00yox6i,保々,Q11385644,ほぼ,hobo,1931,8,Wikidata Q11385644（2026-10-07取得）
S00yr7kr,小田急永山,Q124458677,おだきゅうながやま,odakyu nagayama,1974-06-01,12,Wikidata Q124458677（2026-10-07取得）
S00yu48x,高久,Q872928,たかく,takaku,1914-06-25,17,Wikidata Q872928（2026-10-07取得）
S00yvdkx,竜王,Q7385664,りゅうおう,ryuo,1903-12-15,37,Wikidata Q7385664（2026-10-07取得）
S00yvubg,蟇目,Q5760565,ひきめ,hikime,1934-11-06,18,Wikidata Q5760565（2026-10-07取得）
S00zi3if,湘南海岸公園,Q858964,しょうなんかいがんこうえん,shonankaigankoen,1904-09-01,9,Wikidata Q858964（2026-10-07取得）
S00zjkzc,川治湯元,Q6379552,,kawaji-yumoto,1986-10-09,21,Wikidata Q6379552（2026-10-07取得）
S00zkaha,北永野田,Q5357406,きたながのだ,kita-naganoda,1932-12-06,20,Wikidata Q5357406（2026-10-07取得）
S00zv7dy,八幡平,Q5637061,はちまんたい,hachimantai,1931-10-17,36,Wikidata Q5637061（2026-10-07取得）
S0103ltx,赤間,Q871575,,akama,1890-09-28,11,Wikidata Q871575（2026-10-07取得）
S010fy2a,舞木,Q6951115,もうぎ,mogi,1914-07-21,31,Wikidata Q6951115（2026-10-07取得）
S010my31,品川シーサイド,Q849106,しながわシーサイド,shinagawa seaside,2002-12-01,13,Wikidata Q849106（2026-10-07取得）
S0113spf,三河大野,Q773619,みかわおおの,mikawa-ono,1923-02-01,66,Wikidata Q773619（2026-10-07取得）
S0116qpf,馬出九大病院前,Q4357456,まいだしきゅうだいびょういんまえ,maidashi-kyudai-byoin-mae,1984-04-27,98,Wikidata Q4357456（2026-10-07取得）
S011nxmg,東宮原,Q11526625,,higashi-miyahara,1983-12-22,1,Wikidata Q11526625（2026-10-07取得）
S012coml,大谷向,Q5209838,だいやむこう,daiyamuko,1917-01-02,20,Wikidata Q5209838（2026-10-07取得）
S012d01i,八東,Q5682226,,hatto,1930-12-01,4,Wikidata Q5682226（2026-10-07取得）
S012euxo,豊幌,Q872671,とよほろ,toyohoro,1956-11-01,90,Wikidata Q872671（2026-10-07取得）
S012h0vn,中田,Q6960342,なかた,nakata,1956-11-30,57,Wikidata Q6960342（2026-10-07取得）
S012whb3,直方,Q7071610,,nogata,1891-08-30,18,Wikidata Q7071610（2026-10-07取得）
S0139kin,比津,Q4504158,ひつ,hitsu,1935-12-05,30,Wikidata Q4504158（2026-10-07取得）
S013h50y,横芝,Q5363081,よこしば,yokoshiba,1897-06-01,38,Wikidata Q5363081（2026-10-07取得）
S013wn9h,三河鹿島,Q6845736,,mikawa-kashima,1936,21,Wikidata Q6845736（2026-10-07取得）
S014zx28,指宿,Q872956,,ibusuki,1934-12-19,44,Wikidata Q872956（2026-10-07取得）
S0152op7,東中野,Q800921,ひがしなかの,higashi-nakano,1906-06-14,189,Wikidata Q800921（2026-10-07取得）
S01576yk,碧海古井,Q5701307,,hekikai-furui,1926,26,Wikidata Q5701307（2026-10-07取得）
S015bv9z,瓜連,Q7900656,うりづら,urizura,1918-06-12,29,Wikidata Q7900656（2026-10-07取得）
S015trzn,羽前金沢,Q7904809,うぜんかねざわ,uzen-kanezawa,1951-12-25,39,Wikidata Q7904809（2026-10-07取得）
S01602oe,茅町,Q6380432,,kayamachi,1922,19,Wikidata Q6380432（2026-10-07取得）
S0160cmt,あき総合病院前,Q104541066,あきそうごうびょういんまえ,aki-sogo-byoin-mae,2021-03-13,1167,Wikidata Q104541066（2026-10-07取得）
S0168z6y,おりはた,Q7102656,おりはた,orihata,1959-06-01,4,Wikidata Q7102656（2026-10-07取得）
S016adw4,尼崎センタープール前,Q4739116,あまがさきセンタープールまえ,amagasaki center pool-mae,1952,14,Wikidata Q4739116（2026-10-07取得）
S016w6nz,片瀬山,Q4251612,かたせやま,kataseyama,1971-07-01,21,Wikidata Q4251612（2026-10-07取得）
S01753pw,北坂戸,Q6417594,きたさかど,kita-sakado,1973-08-21,28,Wikidata Q6417594（2026-10-07取得）
S017dsoa,山北,Q5357538,やまきた,yamakita,1889-02-01,80,Wikidata Q5357538（2026-10-07取得）
S017uner,西高蔵,Q903624,,nishi takakura,1974-03-30,20,Wikidata Q903624（2026-10-07取得）
S0182ob2,宇治山田,Q7878210,うじやまだ,ujiyamada,1931-03-17,12,Wikidata Q7878210（2026-10-07取得）
S018tyhz,直見,Q5357485,なおみ,naomi,1920-11-20,14,Wikidata Q5357485（2026-10-07取得）
S018w84q,越前たけふ,Q6962163,えちぜんたけふ,echizen-takefu,2020-03-16,61,Wikidata Q6962163（2026-10-07取得）
S018yh5y,安芸津,Q4701251,あきつ,akitsu,1935-02-17,64,Wikidata Q4701251（2026-10-07取得）
S019ispa,札幌,Q801404,さっぽろ,sapporo,1880-11-28,69,Wikidata Q801404（2026-10-07取得）
S019zjem,柳本,Q4188827,,yanagimoto,1898-05-11,36,Wikidata Q4188827（2026-10-07取得）
S01a7v0k,江島,Q772390,えじま,ejima,1926-11-10,4,Wikidata Q772390（2026-10-07取得）
S01ahx5n,湖遊館新駅,Q11563269,,koyukan shineki,1995-10-01,13,Wikidata Q11563269（2026-10-07取得）
S01ai4pm,備前原,Q4919388,びぜんはら,bizen-hara,1927-04-01,2,Wikidata Q4919388（2026-10-07取得）
S01b4kq0,柏原,Q871139,かしわばら,kashiwabara,1900-02-21,62,Wikidata Q871139（2026-10-07取得）
S01bbt3o,春江,Q5359897,はるえ,harue,1926,74,Wikidata Q5359897（2026-10-07取得）
S01bdie7,稲荷山公園,Q6013618,いなりやまこうえん,inariyama-koen,1933-04-01,98,Wikidata Q6013618（2026-10-07取得）
S01c00ks,東白楽,Q5753538,ひがしはくらく,higashi-hakuraku,1927-03-10,27,Wikidata Q5753538（2026-10-07取得）
S01cch9v,荒野台,Q6455333,こうやだい,koyadai,1985-03-14,31,Wikidata Q6455333（2026-10-07取得）
S01cktnb,川西池田,Q855900,かわにしいけだ,kawanishi-ikeda,1893,12,Wikidata Q855900（2026-10-07取得）
S01cxwan,木場,Q126770,きば,kiba,1967-09-14,55,Wikidata Q126770（2026-10-07取得）
S01daypr,清滝,Q11669253,きよたき,kiyotaki,1927-01-21,0,Wikidata Q11669253（2026-10-07取得）
S01dn9r2,畝傍,Q5362428,,unebi,1893-05-23,60,Wikidata Q5362428（2026-10-07取得）
S01dq2h5,赤坂,Q4700316,あかさか,akasaka,1929-06-19,8,Wikidata Q4700316（2026-10-07取得）
S01dq54h,横須賀,Q844320,よこすか,yokosuka,1889-06-16,18,Wikidata Q844320（2026-10-07取得）
S01dugdy,岸里,Q126082,きしのさと,kishinosato,1956-06-01,19,Wikidata Q126082（2026-10-07取得）
S01eemwt,厚岸,Q900296,,akkeshi,1917-12-01,5,Wikidata Q900296（2026-10-07取得）
S01eg6k0,久慈,Q6442347,くじ,kuji,1930-03-27,2,Wikidata Q6442347（2026-10-07取得）
S01ej00d,日向沓掛,Q5357514,ひゅうがくつかけ,hyuga-kutsukake,1965-09-15,87,Wikidata Q5357514（2026-10-07取得）
S01envp2,棚方,Q11539007,たながた,tanagata,1989-03-11,50,Wikidata Q11539007（2026-10-07取得）
S01ernio,岩泉小本,Q7090669,いわいずみおもと,iwaizumi-omoto,1984-04-01,43,Wikidata Q7090669（2026-10-07取得）
S01exorc,粟津,Q4829987,あわず,awazu,1907,27,Wikidata Q4829987（2026-10-07取得）
S01f8u4i,東岡崎,Q5753801,,higashi-okazaki,1923-08-08,21,Wikidata Q5753801（2026-10-07取得）
S01fcj60,三門,Q564431,みかど,mikado,1903-08-16,52,Wikidata Q564431（2026-10-07取得）
S01fshbb,茶内,Q900332,,chanai,1919-11-25,6,Wikidata Q900332（2026-10-07取得）
S01gfgvm,宮崎空港,Q11454569,みやざきくうこう,miyazaki airport,1996-07-18,2,Wikidata Q11454569（2026-10-07取得）
S01hcy27,長門長沢,Q6958686,ながとながさわ,nagato-nagasawa,1929-05-16,31,Wikidata Q6958686（2026-10-07取得）
S01hpjlz,土佐久礼,Q7827529,とさくれ,tosa-kure,1939-11-15,13,Wikidata Q7827529（2026-10-07取得）
S01i3a8c,足利,Q1004362,あしかが,ashikaga,1888-05-22,34,Wikidata Q1004362（2026-10-07取得）
S01i67f7,若宮,Q7960796,わかみや,wakamiya,1934-11-01,18,Wikidata Q7960796（2026-10-07取得）
S01i7vqt,千城台北,Q5102077,ちしろだいきた,chishirodai-kita,1988-03-28,41,Wikidata Q5102077（2026-10-07取得）
S01ikdz9,本宿,Q6918021,もとじゅく,motojuku,1989-03-29,29,Wikidata Q6918021（2026-10-07取得）
S01jg8im,青沼,Q4778718,あおぬま,aonuma,1915-12-08,23,Wikidata Q4778718（2026-10-07取得）
S01jrdu3,南石井,Q11408311,みなみいしい,minami-ishii,1957-08-01,2,Wikidata Q11408311（2026-10-07取得）
S01jv0bn,葛西,Q126762,かさい,kasai,1969-03-29,35,Wikidata Q126762（2026-10-07取得）
S01jwgf9,野州平川,Q8049775,やしゅうひらかわ,yashu-hirakawa,1944-10-01,25,Wikidata Q8049775（2026-10-07取得）
S01jzz4z,生田,Q4199128,いくた,ikuta,1927-04-01,39,Wikidata Q4199128（2026-10-07取得）
S01ka60b,不破一色,Q5510941,,fuwa-ishiki,1921,11,Wikidata Q5510941（2026-10-07取得）
S01kdkb9,仲ノ町,Q6960280,なかのちょう,nakanocho,1913-12-28,17,Wikidata Q6960280（2026-10-07取得）
S01kfq9r,敬川,Q7904087,うやがわ,uyagawa,1959-04-01,7,Wikidata Q7904087（2026-10-07取得）
S01kuzgo,狭間,Q4494570,はざま,hazama,1967-10-01,28,Wikidata Q4494570（2026-10-07取得）
S01kv2dh,北勢中央公園口,Q11401181,ほくせいちゅうおうこえんぐち,hokusei chuo koenguchi,1931,13,Wikidata Q11401181（2026-10-07取得）
S01kzfp3,苅田,Q5360826,かんだ,kanda,1895-04-01,48,Wikidata Q5360826（2026-10-07取得）
S01l3t9g,富士フイルム前,Q5507389,ふじフィルムまえ,fujifilm-mae,1956-08-13,56,Wikidata Q5507389（2026-10-07取得）
S01lauk1,須恵,Q5361722,すえ,sue,1904-01-01,16,Wikidata Q5361722（2026-10-07取得）
S01ldhcx,松戸新田,Q11530713,まつどしんでん,matsudo-shinden,1955-04-21,34,Wikidata Q11530713（2026-10-07取得）
S01lmfqa,大津,Q1042976,おおつ,otsu,1921-08-01,24,Wikidata Q1042976（2026-10-07取得）
S01lt5zs,平戸橋,Q2856594,,hiratobashi,1924,41,Wikidata Q2856594（2026-10-07取得）
S01lwhjt,佐味田川,Q7409577,,samitagawa,1983-11-30,9,Wikidata Q7409577（2026-10-07取得）
S01m0dqa,三宮,Q111796671,さんのみや,sannomiya,1981-02-05,131,Wikidata Q111796671（2026-10-07取得）
S01mp4sh,宝塚,Q1043188,たからづか,takarazuka,1897,70,Wikidata Q1043188（2026-10-07取得）
S01mtybv,長谷,Q858830,はせ,hase,1907-08-16,14,Wikidata Q858830（2026-10-07取得）
S01n2vfw,北上尾,Q845123,きたあげお,kita-ageo,1988-12-17,89,Wikidata Q845123（2026-10-07取得）
S01n79ar,調川,Q11631732,つきのかわ,tsukinokawa,1933-06-25,42,Wikidata Q11631732（2026-10-07取得）
S01oguhp,喜多山,Q373353,,kitayama,1920-05-01,32,Wikidata Q373353（2026-10-07取得）
S01oj5zm,隅田,Q3557713,すだ,suda,1898,39,Wikidata Q3557713（2026-10-07取得）
S01ond2j,井細田,Q6078639,いさいだ,isaida,1926-11-24,33,Wikidata Q6078639（2026-10-07取得）
S01orc7i,紀伊日置,Q2784473,きいひき,kii-hiki,1936-10-30,12,Wikidata Q2784473（2026-10-07取得）
S01ozx5g,下島,Q11360851,しもじま,shimojima,1922-05-10,24,Wikidata Q11360851（2026-10-07取得）
S01p1dlq,水口石橋,Q6862817,みなくちいしばし,minakuchi ishibashi,1957-08-16,21,Wikidata Q6862817（2026-10-07取得）
S01pf441,矢幅,Q899791,やはば,yahaba,1898-09-01,41,Wikidata Q899791（2026-10-07取得）
S01q4mf3,出屋敷,Q5268529,でやしき,deyashiki,1905,5,Wikidata Q5268529（2026-10-07取得）
S01r5fld,真申,Q11583416,まさる,masaru,1931-08-29,27,Wikidata Q11583416（2026-10-07取得）
S01ro443,すすきの,Q3563658,すすきの,susukino,1971-12-16,26,Wikidata Q3563658（2026-10-07取得）
S01rwfnt,中山観音,Q3970265,,nakayama-kannon,1961,17,Wikidata Q3970265（2026-10-07取得）
S01rxrus,二宮,Q511262,にのみや,ninomiya,1908-04-15,96,Wikidata Q511262（2026-10-07取得）
S01s3z51,横磯,Q8054652,よこいそ,yokoiso,1954-12-25,14,Wikidata Q8054652（2026-10-07取得）
S01seq0f,今池,Q11377169,,imaike,1970,43,Wikidata Q11377169（2026-10-07取得）
S01t0vqy,吉備津,Q6404041,きびつ,kibitsu,1904-11-15,20,Wikidata Q6404041（2026-10-07取得）
S01t12x5,国母,Q6426880,こくぼ,kokubo,1928-03-30,92,Wikidata Q6426880（2026-10-07取得）
S01u4mx4,御門台,Q6845576,みかどだい,mikadodai,1908,18,Wikidata Q6845576（2026-10-07取得）
S01uqu4t,丹治部,Q3611240,たじべ,tajibe,1930-12-11,7,Wikidata Q3611240（2026-10-07取得）
S01uukhp,柳,Q8048223,やなぎ,yanagi,1925,16,Wikidata Q8048223（2026-10-07取得）
S01v686z,研究学園,Q5366720,けんきゅうがくえん,kenkyu-gakuen,2005-08-24,12,Wikidata Q5366720（2026-10-07取得）
S01vfuba,伊豆北川,Q6102174,いずほっかわ,izu-hokkawa,1961-10-01,38,Wikidata Q6102174（2026-10-07取得）
S01vp11k,南御殿場,Q5357375,みなみごてんば,minami-gotemba,1962-07-20,17,Wikidata Q5357375（2026-10-07取得）
S01w8sxa,信濃荒井,Q11386194,しなのあらい,shinano-arai,1921-10-02,49,Wikidata Q11386194（2026-10-07取得）
S01x78f0,磯部,Q11588103,いそべ,isobe,1925-05-10,23,Wikidata Q11588103（2026-10-07取得）
S01x7s3y,中目黒,Q1132605,なかめぐろ,naka-meguro,1927-08-28,27,Wikidata Q1132605（2026-10-07取得）
S01x93n2,鹿渡,Q6345630,かど,kado,1902-08-01,3,Wikidata Q6345630（2026-10-07取得）
S01xc8rn,九段下,Q76899,くだんした,kudanshita,1964-12-23,38,Wikidata Q76899（2026-10-07取得）
S01xjrfj,東犀川三四郎,Q11528056,,higashi saigawa sanshiro,1993-03-18,6,Wikidata Q11528056（2026-10-07取得）
S01xq6m4,千住大橋,Q388969,せんじゅおおはし,senjuohashi,1931-12-19,22,Wikidata Q388969（2026-10-07取得）
S01xwkat,日比野,Q5750779,,hibino,1971-03-29,9,Wikidata Q5750779（2026-10-07取得）
S01xyxf2,小屋平,Q11459767,,koyadaira,,5,Wikidata Q11459767（2026-10-07取得）
S01y43ek,京王稲田堤,Q4251057,けいおういなだづつみ,keio-inadazutsumi,1971-04-01,81,Wikidata Q4251057（2026-10-07取得）
S01ypqg5,能瀬,Q11611990,のせ,nose,1960-02-10,38,Wikidata Q11611990（2026-10-07取得）
S01yxo9c,六甲道,Q1042660,ろっこうみち,rokkomichi,1934-07-20,22,Wikidata Q1042660（2026-10-07取得）
S01z39ta,黒松,Q6446346,,kuromatsu,1987-07-15,28,Wikidata Q6446346（2026-10-07取得）
S01z3jfw,小金城趾,Q11464338,,kogane-joshi,1953-12-24,55,Wikidata Q11464338（2026-10-07取得）
S01zlmt8,油島,Q899240,ゆしま,yushima,1944-02-01,33,Wikidata Q899240（2026-10-07取得）
S01zship,熊山,Q5360774,くまやま,kumayama,1930-08-11,21,Wikidata Q5360774（2026-10-07取得）
S020ado6,新江古田,Q275527,しんえごた,shin-egota,1997-12-19,30,Wikidata Q275527（2026-10-07取得）
S020fh5v,龍ケ崎市,Q89525862,りゅうがさきし,ryugasakishi,,20,Wikidata Q89525862（2026-10-07取得）
S020k59l,南小倉,Q5360687,みなみこくら,minami-kokura,1941-08-20,39,Wikidata Q5360687（2026-10-07取得）
S020zqj9,金川,Q11647060,かながわ,kanagawa,1898-12-21,13,Wikidata Q11647060（2026-10-07取得）
S021073p,大磯,Q865175,おおいそ,oiso,1887-07-11,34,Wikidata Q865175（2026-10-07取得）
S0216lcc,北条町,Q5965208,ほうじょうまち,hojomachi,1915-03-03,36,Wikidata Q5965208（2026-10-07取得）
S021q479,桐原,Q11537186,きりはら,kirihara,1926-06-28,7,Wikidata Q11537186（2026-10-07取得）
S0229tmx,松浦発電所前,Q11531850,まつうらはつでんしょまえ,matsuura-hatsudenshomae,1989-03-11,33,Wikidata Q11531850（2026-10-07取得）
S022su0m,南瀬高,Q5359655,みなみせたか,minami-setaka,1935-03-23,37,Wikidata Q5359655（2026-10-07取得）
S023fojj,津島,Q7850314,,tsushima,1898,70,Wikidata Q7850314（2026-10-07取得）
S023ms8c,宮之阪,Q9303785,みやのさか,miyanosaka,1940,17,Wikidata Q9303785（2026-10-07取得）
S023oamq,鴻巣,Q801054,こうのす,konosu,1883-07-28,8,Wikidata Q801054（2026-10-07取得）
S02496qu,伊勢崎,Q5963232,いせさき,isesaki,1889-11-20,79,Wikidata Q5963232（2026-10-07取得）
S024bypr,幸,Q11484096,さいわい,saiwai,2000-03-11,75,Wikidata Q11484096（2026-10-07取得）
S02519l1,本通,Q5893165,,hondori,1994-08-20,12,Wikidata Q5893165（2026-10-07取得）
S025o7wb,三会,Q11354374,みえ,mie,1913-09-24,19,Wikidata Q11354374（2026-10-07取得）
S025o8ls,会津荒海,Q4699442,あいづあらかい,aizu-arakai,1947-12-12,14,Wikidata Q4699442（2026-10-07取得）
S025xc7i,粟津,Q4829985,あわづ,awazu,1913,22,Wikidata Q4829985（2026-10-07取得）
S026bszp,天神,Q1039182,,tenjin,1981-07-26,27,Wikidata Q1039182（2026-10-07取得）
S026q1i4,久根別,Q5361521,くねべつ,kunebetsu,1913-09-15,25,Wikidata Q5361521（2026-10-07取得）
S027bycn,浅香山,Q4803423,あさかやま,asakayama,1915-06-22,40,Wikidata Q4803423（2026-10-07取得）
S027gkyv,南彦根,Q1042827,みなみひこね,minami-hikone,1981-06-30,21,Wikidata Q1042827（2026-10-07取得）
S027qlrr,三ツ沢上町,Q903553,みつざわかみちょう,mitsuzawa-kamicho,1985-03-14,17,Wikidata Q903553（2026-10-07取得）
S027rzwe,古町,Q11411531,こまち,komachi,1888-10-28,14,Wikidata Q11411531（2026-10-07取得）
S027ud0i,野蒜,Q7045673,のびる,nobiru,1928-04-10,8,Wikidata Q7045673（2026-10-07取得）
S028kk5k,赤池,Q11635756,,akaike,1904-04-01,84,Wikidata Q11635756（2026-10-07取得）
S028lsfs,日吉,Q871551,ひよし,hiyoshi,1910-08-25,94,Wikidata Q871551（2026-10-07取得）
S0294uab,千葉寺,Q11405986,ちばでら,chibadera,1992-04-01,7,Wikidata Q11405986（2026-10-07取得）
S029cpi8,台場,Q906784,だいば,daiba,1995-11-01,6,Wikidata Q906784（2026-10-07取得）
S029luwg,西富士宮,Q7040330,にしふじのみや,nishi-fujinomiya,1927-07-15,43,Wikidata Q7040330（2026-10-07取得）
S02a0otz,上総牛久,Q6381724,かずさうしく,kazusa-ushiku,1925-03-07,9,Wikidata Q6381724（2026-10-07取得）
S02a7h32,上諸江,Q11360123,かみもろえ,kamimoroe,1925-05-10,31,Wikidata Q11360123（2026-10-07取得）
S02aajdz,斗賀野,Q7813039,とがの,togano,1924-03-30,8,Wikidata Q7813039（2026-10-07取得）
S02as3ra,松島海岸,Q6788203,まつしまかいがん,matsushima-kaigan,1927-04-18,25,Wikidata Q6788203（2026-10-07取得）
S02b4u77,新大村,Q7497155,しんおおむら,shin-omura,2022-09-23,13,Wikidata Q7497155（2026-10-07取得）
S02b70qh,折壁,Q7102664,おりかべ,orikabe,1928-09-02,21,Wikidata Q7102664（2026-10-07取得）
S02c08bf,有明,Q4790200,ありあけ,ariake,1915-08-08,159,Wikidata Q4790200（2026-10-07取得）
S02c4cam,釧路,Q1073704,くしろ,kushiro,1901,6,Wikidata Q1073704（2026-10-07取得）
S02d7sss,光洋台,Q899000,こうようだい,koyodai,1986-11-01,15,Wikidata Q899000（2026-10-07取得）
S02dekb8,不二越,Q5507428,ふじこし,fujikoshi,1914-12-06,13,Wikidata Q5507428（2026-10-07取得）
S02dkjxy,田野倉,Q7683727,たのくら,tanokura,1929-06-19,46,Wikidata Q7683727（2026-10-07取得）
S02dnu2g,原当麻,Q5654301,はらたいま,harataima,1931-04-29,38,Wikidata Q5654301（2026-10-07取得）
S02evoo3,越前開発,Q5332618,,echizen kaihotsu,1932-08-20,45,Wikidata Q5332618（2026-10-07取得）
S02gsz83,深日町,Q5507595,ふけちょう,fukecho,1944-06-01,77,Wikidata Q5507595（2026-10-07取得）
S02hb8x0,南若松,Q6862983,みなみわかまつ,minami-wakamatsu,1995-08-10,27,Wikidata Q6862983（2026-10-07取得）
S02hgxaz,柳津,Q8048245,,yanaizu,1921,10,Wikidata Q8048245（2026-10-07取得）
S02hkmhq,山岸,Q11467906,やまぎし,yamagishi,1951-01-10,44,Wikidata Q11467906（2026-10-07取得）
S02hoo9t,新可児,Q7497102,,shin-kani,1928,21,Wikidata Q7497102（2026-10-07取得）
S02hqe3u,栃木,Q7811990,とちぎ,tochigi,1888-05-22,28,Wikidata Q7811990（2026-10-07取得）
S02hroqu,常滑,Q7813672,,tokoname,1913,18,Wikidata Q7813672（2026-10-07取得）
S02hunx8,愛知川,Q5332406,,echigawa,1898-06-11,12,Wikidata Q5332406（2026-10-07取得）
S02i2w4z,東大宮,Q861532,ひがしおおみや,higashi-omiya,1964-03-20,43,Wikidata Q861532（2026-10-07取得）
S02ik59l,西大塚,Q7040476,にしおおつか,nishi-otsuka,1914-11-15,4,Wikidata Q7040476（2026-10-07取得）
S02izvc4,田原本,Q7689224,,tawaramoto,1923-03-21,12,Wikidata Q7689224（2026-10-07取得）
S02j07cs,久留里,Q6447492,くるり,kururi,1912-12-28,14,Wikidata Q6447492（2026-10-07取得）
S02j282o,下山口,Q7496941,しもやまぐち,shimo-yamaguchi,1929-05-01,8,Wikidata Q7496941（2026-10-07取得）
S02j6dmb,網田,Q8081436,,oda,1899-12-25,18,Wikidata Q8081436（2026-10-07取得）
S02jcp8b,山寺,Q8047609,やまでら,yamadera,1933-10-17,47,Wikidata Q8047609（2026-10-07取得）
S02jcp9q,石岡,Q5363819,いしおか,ishioka,1895-11-04,30,Wikidata Q5363819（2026-10-07取得）
S02kvxm3,だいどう豊里,Q180979,だいどうとよさと,daido-toyosato,2006-12-24,22,Wikidata Q180979（2026-10-07取得）
S02l8lnz,新鉾田,Q7497093,しんほこた,shin-hokota,1985-03-14,62,Wikidata Q7497093（2026-10-07取得）
S02lakmv,富水,Q7818992,とみず,tomizu,1927-04-01,44,Wikidata Q7818992（2026-10-07取得）
S02ll9kh,谷上,Q111796265,たにがみ,,1988-04-02,18,Wikidata Q111796265（2026-10-07取得）
S02lm1bv,芦屋川,Q1108743,あしやがわ,ashiyagawa,1920,35,Wikidata Q1108743（2026-10-07取得）
S02lvy4r,赤木,Q990164,あかぎ,akagi,1913-12-27,47,Wikidata Q990164（2026-10-07取得）
S02lxllc,御花畑,Q7080615,おはなばたけ,ohanabatake,1917-09-27,8,Wikidata Q7080615（2026-10-07取得）
S02mmm33,土井,Q5288604,どい,doi,1904-01-01,13,Wikidata Q5288604（2026-10-07取得）
S02naox4,北山,Q2580188,きたやま,kitayama,1990-10-24,73,Wikidata Q2580188（2026-10-07取得）
S02ntp6d,三ノ輪,Q1072979,みのわ,minowa,1961-03-28,65,Wikidata Q1072979（2026-10-07取得）
S02nu6jq,米川,Q8054925,よねかわ,yonekawa,1934-12-01,40,Wikidata Q8054925（2026-10-07取得）
S02od1bb,重安,Q7496414,しげやす,shigeyasu,1916,15,Wikidata Q7496414（2026-10-07取得）
S02ogko3,小川町,Q844858,おがわまち,ogawamachi,1923-05-11,13,Wikidata Q844858（2026-10-07取得）
S02palua,一武,Q10863990,いちぶ,ichibu,1924-03-30,7,Wikidata Q10863990（2026-10-07取得）
S02pyfh5,魚崎,Q7897889,うおざき,uozaki,1905-04-12,64,Wikidata Q7897889（2026-10-07取得）
S02q38y6,下新,Q11360937,しもにい,shimonii,1921-10-02,33,Wikidata Q11360937（2026-10-07取得）
S02qmnwv,石鳥谷,Q899768,いしどりや,ishidoriya,1893-02-15,27,Wikidata Q899768（2026-10-07取得）
S02qnrlp,馬堀,Q1044103,うまほり,umahori,1935,55,Wikidata Q1044103（2026-10-07取得）
S02qs1rb,心臓血管センター,Q7497852,しんぞうけっかんセンター,shinzo-kekkan center,1965-09-08,17,Wikidata Q7497852（2026-10-07取得）
S02r3wur,陸奥赤石,Q11658608,むつあかいし,mutsu-akaishi,1929-11-26,37,Wikidata Q11658608（2026-10-07取得）
S02rc7yr,玄武洞,Q871678,げんぶどう,gembudo,1912-03-02,6,Wikidata Q871678（2026-10-07取得）
S02rd2m3,新青森,Q1187835,しんあおもり,shin-aomori,1986-11-01,24,Wikidata Q1187835（2026-10-07取得）
S02rryv4,国領,Q4227494,こくりょう,kokuryo,1913-04-15,19,Wikidata Q4227494（2026-10-07取得）
S02sstkk,荻川,Q7080040,おぎかわ,ogikawa,1917-09-04,85,Wikidata Q7080040（2026-10-07取得）
S02swg19,速星,Q5685963,はやほし,hayahoshi,1927-09-01,61,Wikidata Q5685963（2026-10-07取得）
S02t6ono,中泉,Q11366406,,nakaizumi,1898-02-09,59,Wikidata Q11366406（2026-10-07取得）
S02t8qwr,要町,Q128296,かなめちょう,kanamecho,1983-06-24,22,Wikidata Q128296（2026-10-07取得）
S02tbu4d,天道,Q7700917,,tento,1901-12-09,6,Wikidata Q7700917（2026-10-07取得）
S02u4e36,南中郷,Q5353339,みなみなかごう,minami-nakago,1910-02-01,25,Wikidata Q5353339（2026-10-07取得）
S02ujn5a,十和田南,Q7829526,とわだみなみ,towada-minami,1920-07-04,61,Wikidata Q7829526（2026-10-07取得）
S02v6l7z,近鉄郡山,Q6414349,,kintetsu-koriyama,1921-04-01,1,Wikidata Q6414349（2026-10-07取得）
S02vb81n,平木田,Q5768955,ひらきだ,hirakida,1914-11-01,54,Wikidata Q5768955（2026-10-07取得）
S02w5q7j,吹越,Q5507606,ふっこし,fukkoshi,1943-03-10,2,Wikidata Q5507606（2026-10-07取得）
S02w8txk,東小泉,Q5753636,ひがしこいずみ,higashi-koizumi,1941-12-01,62,Wikidata Q5753636（2026-10-07取得）
S02w9gdc,通洞,Q7850448,つうどう,tsudo,1912-12-31,32,Wikidata Q7850448（2026-10-07取得）
S02wff3q,谷保,Q5366778,やほ,yaho,1929-12-11,22,Wikidata Q5366778（2026-10-07取得）
S02wjkue,東福島,Q874513,ひがしふくしま,higashi-fukushima,1923-10-15,93,Wikidata Q874513（2026-10-07取得）
S02wycd6,内部,Q7903270,うつべ,utsube,1922,15,Wikidata Q7903270（2026-10-07取得）
S02x52ev,岩滝口,Q6100768,いわたきぐち,iwatakiguchi,1925-07-31,17,Wikidata Q6100768（2026-10-07取得）
S02xazs8,新府,Q7497041,しんぷ,shimpu,1945-06-10,39,Wikidata Q7497041（2026-10-07取得）
S02xhbq9,藤代,Q5365268,ふじしろ,fujishiro,1896-12-25,9,Wikidata Q5365268（2026-10-07取得）
S02xzb5p,名電各務原,Q6809969,,meiden kakamigahara,1926,34,Wikidata Q6809969（2026-10-07取得）
S02y2ybn,笹平,Q11602590,,sasadaira,1953-11-16,15,Wikidata Q11602590（2026-10-07取得）
S02ydh1l,真倉,Q6732545,まぐら,magura,1929-06-01,26,Wikidata Q6732545（2026-10-07取得）
S02ypwv2,瀬戸瀬,Q7456827,せとせ,setose,1927,5,Wikidata Q7456827（2026-10-07取得）
S02yvg08,宇佐,Q5360282,うさ,usa,1909-12-21,89,Wikidata Q5360282（2026-10-07取得）
S02ywb1h,留辺蘂,Q8189517,るべしべ,rubeshibe,1912,9,Wikidata Q8189517（2026-10-07取得）
S02ywcb0,宮崎台,Q6884463,みやざきだい,miyazakidai,1966-04-01,57,Wikidata Q6884463（2026-10-07取得）
S02z1s7w,西大路三条,Q11627577,にしおうじさんじょう,nishioji-sanjo,1910-03-25,42,Wikidata Q11627577（2026-10-07取得）
S02z21wc,浦添前田,Q11397778,,urasoe-maeda,2019-10-01,11,Wikidata Q11397778（2026-10-07取得）
S02z25yh,鶯谷,Q801546,うぐいすだに,uguisudani,1912-07-11,30,Wikidata Q801546（2026-10-07取得）
S02zlyrt,紀伊神谷,Q6406045,きいかみや,kii-kamiya,1928-06-18,8,Wikidata Q6406045（2026-10-07取得）
S02zuiyk,茗荷谷,Q1078367,みょうがだに,myogadani,1954-01-20,8,Wikidata Q1078367（2026-10-07取得）
S02zzezd,新大阪,Q801438,しんおおさか,shin‐osaka,1964-09-24,46,Wikidata Q801438（2026-10-07取得）
S0300r1v,はるひ野,Q4496149,はるひの,haruhino,2004-12-11,59,Wikidata Q4496149（2026-10-07取得）
S0303iue,本津幡,Q5891934,ほんつばた,hon-tsubata,1902-06-25,13,Wikidata Q5891934（2026-10-07取得）
S030e3b6,東松江,Q11527362,,higashi-matsue,1930-12-01,47,Wikidata Q11527362（2026-10-07取得）
S030i059,新藤原,Q7497085,しんふじわら,shin-fujiwara,1919-12-28,25,Wikidata Q7497085（2026-10-07取得）
S030uxa3,金沢文庫,Q6360872,かなざわぶんこ,kanazawa-bunko,1930-04-01,49,Wikidata Q6360872（2026-10-07取得）
S030ybsj,二子玉川,Q1042466,ふたこたまがわ,futako-tamagawa,1907-04-01,27,Wikidata Q1042466（2026-10-07取得）
S030zmtk,南部,Q2897595,みなべ,minabe,1931-09-21,84,Wikidata Q2897595（2026-10-07取得）
S0316x99,中央弘前,Q5119035,ちゅうおうひろさき,chuo-hirosaki,1952-01-26,61,Wikidata Q5119035（2026-10-07取得）
S031b6zk,東松山,Q5753688,ひがしまつやま,higashi-matsuyama,1923-10-01,31,Wikidata Q5753688（2026-10-07取得）
S031doyc,池月,Q642558,いけづき,ikezuki,1914-04-19,7,Wikidata Q642558（2026-10-07取得）
S031ldln,都留市,Q7850306,つるし,tsurushi,1929-09-16,60,Wikidata Q7850306（2026-10-07取得）
S031yrqa,盛岡,Q785390,もりおか,morioka,1890-11-01,13,Wikidata Q785390（2026-10-07取得）
S032sc8j,由比,Q871110,ゆい,yui,1916-04-15,18,Wikidata Q871110（2026-10-07取得）
S033fp3a,新富山口,Q105545827,しんとやまぐち,shin-toyamaguchi,2022-03-12,47,Wikidata Q105545827（2026-10-07取得）
S033h59p,播磨徳久,Q5657520,はりまとくさ,harima-tokusa,1935-07-30,5,Wikidata Q5657520（2026-10-07取得）
S033hc1l,多奈川,Q7682211,たながわ,tanagawa,1944-06-01,25,Wikidata Q7682211（2026-10-07取得）
S033vcgi,八戸ノ里,Q8046634,,yaenosato,1936-11-19,14,Wikidata Q8046634（2026-10-07取得）
S034dels,中書島,Q2093385,ちゅうしょじま,chushojima,1910,23,Wikidata Q2093385（2026-10-07取得）
S0357zv0,須賀,Q7635706,,suka,1921,32,Wikidata Q7635706（2026-10-07取得）
S035iv28,長洲,Q6958659,,nagasu,1891-04-01,133,Wikidata Q6958659（2026-10-07取得）
S035nq6a,トロッコ嵐山,Q10959626,トロッコあらしやま,torokko arashiyama,1991-04-27,84,Wikidata Q10959626（2026-10-07取得）
S035sfm7,吉野原,Q11414370,,yoshinohara,1983-12-22,28,Wikidata Q11414370（2026-10-07取得）
S035vobw,浜中,Q900326,はまなか,hamanaka,1919,6,Wikidata Q900326（2026-10-07取得）
S035vxcg,越生,Q845041,おごせ,ogose,1933-04-15,15,Wikidata Q845041（2026-10-07取得）
S035x6gj,仁方,Q7032188,にがた,nigata,1935-11-24,31,Wikidata Q7032188（2026-10-07取得）
S03670b2,富加,Q7818896,とみか,tomika,1923-10-05,32,Wikidata Q7818896（2026-10-07取得）
S036fwo8,学研北生駒,Q8055973,がっけんきたいこま,gakken kita-ikoma,2006-03-27,8,Wikidata Q8055973（2026-10-07取得）
S036reik,尾張横須賀,Q7114286,,owari-yokosuka,1912,45,Wikidata Q7114286（2026-10-07取得）
S036rwbx,関門海峡めかり,Q11656480,,kanmonkaikyo mekari,2009-04-26,49,Wikidata Q11656480（2026-10-07取得）
S0375xwb,千倉,Q553855,ちくら,chikura,1921-06-01,25,Wikidata Q553855（2026-10-07取得）
S0377qp0,浪江,Q6961838,なみえ,namie,1898-08-23,32,Wikidata Q6961838（2026-10-07取得）
S037eb4t,西調布,Q4321505,にしちょうふ,nishi-chofu,1916-09-01,71,Wikidata Q4321505（2026-10-07取得）
S037gwvp,新清洲,Q7497109,,shin-kiyosu,1928,44,Wikidata Q7497109（2026-10-07取得）
S037j209,早戸,Q5686168,はやと,hayato,1956-09-20,9,Wikidata Q5686168（2026-10-07取得）
S0382efd,西衣山,Q11629491,にしきぬやま,nishikinuyama,1968-06-10,20,Wikidata Q11629491（2026-10-07取得）
S0389bc4,尾奈,Q7091654,おな,ona,1936-12-01,15,Wikidata Q7091654（2026-10-07取得）
S038b800,北中込,Q6417576,きたなかごみ,kita-nakagomi,1915-08-08,30,Wikidata Q6417576（2026-10-07取得）
S039i7jc,豊後清川,Q4997662,ぶんごきよかわ,bungo-kiyokawa,1922-11-23,113,Wikidata Q4997662（2026-10-07取得）
S039mpgh,落居,Q7076320,おちい,ochii,1930-06-01,16,Wikidata Q7076320（2026-10-07取得）
S03ao0b5,東総社,Q3661745,ひがしそうじゃ,higashi-soja,1904-11-15,10,Wikidata Q3661745（2026-10-07取得）
S03awjc1,蓮町（馬場記念公園前）,Q11621722,はすまち,hasumachi,2006-04-29,44,Wikidata Q11621722（2026-10-07取得）
S03azidj,大手町,Q1326767,おおてまち,otemachi,1956-07-20,155,Wikidata Q1326767（2026-10-07取得）
S03bn7zc,総元,Q5509878,ふさもと,fusamoto,1937-08-25,36,Wikidata Q5509878（2026-10-07取得）
S03bnxgs,日向市,Q5357695,ひゅうがし,hyugashi,1921-10-11,11,Wikidata Q5357695（2026-10-07取得）
S03cbsz3,湘南台,Q1036357,しょうなんだい,shonandai,1966-11-07,36,Wikidata Q1036357（2026-10-07取得）
S03cnbz0,向洋,Q5359178,むかいなだ,mukainada,1920-08-01,2,Wikidata Q5359178（2026-10-07取得）
S03cptfo,新小平,Q7497112,しんこだいら,shin-kodaira,1973-04-01,13,Wikidata Q7497112（2026-10-07取得）
S03czzyo,北戸田,Q844358,きたとだ,kita-toda,1985-09-30,129,Wikidata Q844358（2026-10-07取得）
S03d92mq,いこいの村,Q11259169,いこいのむら,ikoi-no-mura,1989-03-11,12,Wikidata Q11259169（2026-10-07取得）
S03doq5f,佐々,Q7429393,さざ,saza,1931-12-27,24,Wikidata Q7429393（2026-10-07取得）
S03dxqul,古見,Q3610911,こみ,komi,1924-05-01,9,Wikidata Q3610911（2026-10-07取得）
S03ebtmg,長岡京,Q780734,ながおかきょう,nagaokakyo,1931-08-01,19,Wikidata Q780734（2026-10-07取得）
S03ev36x,乃木坂,Q347791,のぎざか,nogizaka,1972-10-20,7,Wikidata Q347791（2026-10-07取得）
S03h1vpa,甲東園,Q6455321,,kotoen,1922,36,Wikidata Q6455321（2026-10-07取得）
S03hffnp,韮山,Q7039921,にらやま,nirayama,1900-08-05,11,Wikidata Q7039921（2026-10-07取得）
S03htr1x,弘高下,Q5770467,ひろこうした,hirokoshita,1952-01-26,18,Wikidata Q5770467（2026-10-07取得）
S03hxl10,東我孫子,Q5753445,ひがしあびこ,higashi-abiko,1950-10-12,33,Wikidata Q5753445（2026-10-07取得）
S03i2566,紀伊細川,Q6406043,きいほそかわ,kii-hosokawa,1928-06-18,2,Wikidata Q6406043（2026-10-07取得）
S03i8js6,新井薬師前,Q843454,あらいやくしまえ,araiyakushi-mae,1927-04-16,24,Wikidata Q843454（2026-10-07取得）
S03jdkob,上総中川,Q6381717,かずさなかがわ,kazusa-nakagawa,1930-04-01,11,Wikidata Q6381717（2026-10-07取得）
S03jmlx6,水天宮前,Q80546,すいてんぐうまえ,suitengumae,1990-11-28,50,Wikidata Q80546（2026-10-07取得）
S03k87kh,桃内,Q6897475,ももうち,momouchi,1944-02-15,24,Wikidata Q6897475（2026-10-07取得）
S03kaq2t,松橋,Q5358556,まつばせ,matsubase,1895-01-28,26,Wikidata Q5358556（2026-10-07取得）
S03kxhql,東森,Q898576,ひがしもり,higashi-mori,1927-12-25,5,Wikidata Q898576（2026-10-07取得）
S03kzdw2,越後広田,Q4702824,えちごひろた,echigo-hirota,1921-12-27,9,Wikidata Q4702824（2026-10-07取得）
S03lwz0x,岩塚,Q863205,,iwatsuka,1982-09-21,45,Wikidata Q863205（2026-10-07取得）
S03msuod,人見,Q11376170,,hitomi,1990-04-01,23,Wikidata Q11376170（2026-10-07取得）
S03n57j4,西魚津,Q11630014,にしうおづ,nishi-uozu,1936-06-05,27,Wikidata Q11630014（2026-10-07取得）
S03n9nxo,安針塚,Q4765822,あんじんづか,anjinzuka,1934-10-01,21,Wikidata Q4765822（2026-10-07取得）
S03nrrlr,大門,Q5209452,だいもん,daimon,1988-01-31,49,Wikidata Q5209452（2026-10-07取得）
S03nwo2o,上金田,Q11360492,,kami kanada,1990-04-01,53,Wikidata Q11360492（2026-10-07取得）
S03o8gwo,三原,Q1136514,みはら,mihara,1894-06-10,22,Wikidata Q1136514（2026-10-07取得）
S03o9zuv,大岩,Q899457,おおいわ,oiwa,1950-01-01,13,Wikidata Q899457（2026-10-07取得）
S03ps1cx,久居,Q2815904,ひさい,hisai,1908,17,Wikidata Q2815904（2026-10-07取得）
S03q80ax,宇部岬,Q7876464,,ubemisaki,1923-08-01,73,Wikidata Q7876464（2026-10-07取得）
S03qt4ow,海老江,Q1073347,えびえ,ebie,1997,36,Wikidata Q1073347（2026-10-07取得）
S03r3dtr,広木,Q5296556,ひろき,hiroki,2009-03-14,39,Wikidata Q5296556（2026-10-07取得）
S03rf10z,さぎの宮,Q7399284,さぎのみや,saginomiya,1909-12-06,24,Wikidata Q7399284（2026-10-07取得）
S03roaum,問寒別,Q7813349,,toikanbetsu,1923-11-10,50,Wikidata Q7813349（2026-10-07取得）
S03rsio9,丹生川,Q11368598,にゅうがわ,nyugawa,1931,40,Wikidata Q11368598（2026-10-07取得）
S03s7t9u,厨川,Q6446090,くりやがわ,kuriyagawa,1918-11-01,75,Wikidata Q6446090（2026-10-07取得）
S03s9piw,奥津軽いまべつ,Q4546298,おくつがるいまべつ,okutsugaru-imabetsu,1988-03-13,20,Wikidata Q4546298（2026-10-07取得）
S03sqe5n,小川原,Q5357185,こがわら,kogawara,1944-08-01,31,Wikidata Q5357185（2026-10-07取得）
S03sr9c1,茂吉記念館前,Q6895338,もきちきねんかんまえ,mokichi kinenkan-mae,1952-05-03,48,Wikidata Q6895338（2026-10-07取得）
S03t3zj7,笠上黒生,Q6373952,かさがみくろはえ,kasagami-kurohae,1925-07-01,4,Wikidata Q6373952（2026-10-07取得）
S03ttei7,美作江見,Q6862009,みまさかえみ,mimasaka-emi,1934-11-28,24,Wikidata Q6862009（2026-10-07取得）
S03u3g08,大沼,Q1049310,おおぬま,onuma,1903-06-28,31,Wikidata Q1049310（2026-10-07取得）
S03uem8x,植苗,Q3601205,,uenae,1926,52,Wikidata Q3601205（2026-10-07取得）
S03uk8qe,博多南,Q906691,はかたみなみ,hakata-minami,1990,7,Wikidata Q906691（2026-10-07取得）
S03unmpb,市振,Q5359733,いちぶり,ichiburi,1912-10-15,11,Wikidata Q5359733（2026-10-07取得）
S03v4af5,湯浅,Q3205738,ゆあさ,yuasa,1927-08-14,19,Wikidata Q3205738（2026-10-07取得）
S03vaszd,桑折,Q873996,こおり,koori,1887-12-15,22,Wikidata Q873996（2026-10-07取得）
S03vpkf7,鶴泊,Q7850261,つるどまり,tsurudomari,1918-09-25,40,Wikidata Q7850261（2026-10-07取得）
S03w2lka,蓮,Q5637088,はちす,hachisu,1921-10-10,38,Wikidata Q5637088（2026-10-07取得）
S03wlxu3,上北沢,Q4211559,かみきたざわ,kami-kitazawa,1913-04-15,3,Wikidata Q4211559（2026-10-07取得）
S03wnb7k,安国,Q8050034,やすくに,yasukuni,1914-10-05,7,Wikidata Q8050034（2026-10-07取得）
S03wqenk,金島,Q11647040,かねしま,kaneshima,1921,54,Wikidata Q11647040（2026-10-07取得）
S03wyarg,蒲池,Q11621327,かまち,kamachi,1937-10-01,80,Wikidata Q11621327（2026-10-07取得）
S03wyhmi,丹荘,Q845044,たんしょう,tansho,1931-07-01,52,Wikidata Q845044（2026-10-07取得）
S03x3trq,松葉,Q11532248,まつば,matsuba,1971-11-01,1,Wikidata Q11532248（2026-10-07取得）
S03x6784,椿,Q2888525,つばき,tsubaki,1935-03-29,20,Wikidata Q2888525（2026-10-07取得）
S03xbojc,高島,Q5360396,たかしま,takashima,1985-03-14,49,Wikidata Q5360396（2026-10-07取得）
S03xldkq,多摩湖,Q7446596,たまこ,tamako,1936-12-30,26,Wikidata Q7446596（2026-10-07取得）
S03xswko,佐古,Q7403047,さこ,sako,1935-03-20,56,Wikidata Q7403047（2026-10-07取得）
S03y1uht,田主丸,Q4844946,たぬしまる,tanushimaru,1928-12-24,43,Wikidata Q4844946（2026-10-07取得）
S03y1vl8,宝山寺,Q11452536,ほうざんじ,hozanji,1918-08-29,23,Wikidata Q11452536（2026-10-07取得）
S03yomoe,北高岩,Q5357135,きたたかいわ,kitatakaiwa,1923-08-10,29,Wikidata Q5357135（2026-10-07取得）
S03yovjo,川辺宿,Q4445007,,kawabejuku,1999-01-11,15,Wikidata Q4445007（2026-10-07取得）
S03yxmrq,関屋,Q7447216,せきや,sekiya,1927-07-01,20,Wikidata Q7447216（2026-10-07取得）
S03zd8u2,王子神谷,Q151406,おうじかみや,oji-kamiya,1991-11-29,7,Wikidata Q151406（2026-10-07取得）
S03zr2j0,腰越,Q858923,こしごえ,koshigoe,1903-06-20,2,Wikidata Q858923（2026-10-07取得）
S03zruki,西明寺,Q11628435,さいみょうじ,saimyouji,1971-11-01,15,Wikidata Q11628435（2026-10-07取得）
S03zxy7s,稲毛,Q909403,いなげ,inage,1899-09-13,78,Wikidata Q909403（2026-10-07取得）
S04028sy,今川河童,Q11376925,,imagawa kappa,1990-10-01,8,Wikidata Q11376925（2026-10-07取得）
S040ap55,乙女,Q7108977,おとめ,otome,1915-08-08,28,Wikidata Q7108977（2026-10-07取得）
S040r012,和泉多摩川,Q4197917,いずみたまがわ,izumi-tamagawa,1927-04-01,10,Wikidata Q4197917（2026-10-07取得）
S0411se3,新百合ヶ丘,Q1061373,しんゆりがおか,shin-yurigaoka,1974-06-01,17,Wikidata Q1061373（2026-10-07取得）
S0412bpg,大桑,Q5359405,おおくわ,okuwa,1951-09-01,13,Wikidata Q5359405（2026-10-07取得）
S041etye,高松,Q7677135,たかまつ,takamatsu,1998-11-27,26,Wikidata Q7677135（2026-10-07取得）
S041jus6,白金台,Q112357,しろかねだい,shirokanedai,2000-09-26,49,Wikidata Q112357（2026-10-07取得）
S041ww1m,忠岡,Q7674341,ただおか,tadaoka,1925-07-11,29,Wikidata Q7674341（2026-10-07取得）
S041xsfj,長池,Q1049403,ながいけ,nagaike,1896,21,Wikidata Q1049403（2026-10-07取得）
S0422dnk,小森江,Q5360818,こもりえ,komorie,1988-03-13,141,Wikidata Q5360818（2026-10-07取得）
S042b1a6,豊富,Q7830931,とよとみ,toyotomi,1926-09-25,14,Wikidata Q7830931（2026-10-07取得）
S042n7ec,高輪ゲートウェイ,Q38278207,たかなわゲートウェイ,takanawa gateway,2020-03-14,14,Wikidata Q38278207（2026-10-07取得）
S042qa59,木戸,Q11518435,きど,kido,1898-08-23,18,Wikidata Q11518435（2026-10-07取得）
S0433xpq,御領,Q5587024,ごりょう,goryo,1963-10-31,9,Wikidata Q5587024（2026-10-07取得）
S04349xn,岩沢,Q6100712,いわさわ,iwasawa,1921-11-18,15,Wikidata Q6100712（2026-10-07取得）
S0435dhx,南郷18丁目,Q3563856,なんごうじゅうはっちょうめ,nango-juhatchome,1982-03-21,8,Wikidata Q3563856（2026-10-07取得）
S043eqhq,円座,Q11394779,,enza,1926-12-21,34,Wikidata Q11394779（2026-10-07取得）
S043i2zo,大森台,Q8081632,おおもりだい,omoridai,1992-04-01,45,Wikidata Q8081632（2026-10-07取得）
S043ppc8,阿波中島,Q4829620,あわなかしま,awa-nakashima,1936-03-27,30,Wikidata Q4829620（2026-10-07取得）
S043rift,八坂,Q8014496,やさか,yasaka,1942-10-01,72,Wikidata Q8014496（2026-10-07取得）
S043tw3r,会津塩沢,Q4699457,あいづしおざわ,aizu-shiozawa,1965-02-01,4,Wikidata Q4699457（2026-10-07取得）
S043yrlw,森上,Q6912218,,morikami,1899,17,Wikidata Q6912218（2026-10-07取得）
S0446vld,瑞光四丁目,Q180497,ずいこうよんちょうめ,zuiko yonchome,2006-12-24,24,Wikidata Q180497（2026-10-07取得）
S044i84a,逗子,Q844325,ずし,zushi,1927-06-16,150,Wikidata Q844325（2026-10-07取得）
S044juh2,四条,Q2328455,しじょう,shijo,1981-05-29,35,Wikidata Q2328455（2026-10-07取得）
S0454fl3,内名,Q7876730,うちな,uchina,1955-07-20,9,Wikidata Q7876730（2026-10-07取得）
S045dy00,重富,Q5373899,しげとみ,shigetomi,1901-06-10,3,Wikidata Q5373899（2026-10-07取得）
S045vk11,北18条,Q3563837,きたじゅうはちじょう,kita-juhachi-jo,1971-12-16,65,Wikidata Q3563837（2026-10-07取得）
S046gl9l,京急大津,Q5370884,けいきゅうおおつ,keikyu otsu,1930-04-01,51,Wikidata Q5370884（2026-10-07取得）
S046vu8z,北見,Q6417815,きたみ,kitami,1911,14,Wikidata Q6417815（2026-10-07取得）
S047br8r,黄金,Q6425765,こがね,kogane,1925-08-20,33,Wikidata Q6425765（2026-10-07取得）
S0486g4h,扇町,Q843811,おうぎまち,ogimachi,1969-12-06,2,Wikidata Q843811（2026-10-07取得）
S048gnhe,新発田,Q7496029,しばた,shibata,1912-09-02,22,Wikidata Q7496029（2026-10-07取得）
S04942nj,武里,Q7678100,たけさと,takesato,1899-12-29,12,Wikidata Q7678100（2026-10-07取得）
S049hdh7,宮の陣,Q6884381,みやのじん,miyanojin,1924-04-12,44,Wikidata Q6884381（2026-10-07取得）
S049pbcr,古江,Q5509790,ふるえ,furue,1922-08-22,32,Wikidata Q5509790（2026-10-07取得）
S049sllk,伊与喜,Q6101348,いよき,iyoki,1963-12-18,4,Wikidata Q6101348（2026-10-07取得）
S049wyd0,平木,Q11483042,,hiragi,1912-04-30,15,Wikidata Q11483042（2026-10-07取得）
S04a5do1,大和高田,Q8047971,やまとたかだ,yamato-takada,1925-03-21,10,Wikidata Q8047971（2026-10-07取得）
S04a5u2v,小野田,Q5358039,おのだ,onoda,1900-12-03,44,Wikidata Q5358039（2026-10-07取得）
S04afeo3,三苫,Q11356991,みとま,mitoma,1925-07-01,82,Wikidata Q11356991（2026-10-07取得）
S04agnl0,中豊,Q6960351,なかとよ,nakatoyo,1958-02-01,17,Wikidata Q6960351（2026-10-07取得）
S04agxxx,小樽築港,Q1045805,おたるちっこう,otaru-chikko,1910-11-21,7,Wikidata Q1045805（2026-10-07取得）
S04akz3q,波止浜,Q875845,はしはま,hashihama,1924-12-01,11,Wikidata Q875845（2026-10-07取得）
S04ashry,陸奥鶴田,Q6944031,むつつるだ,mutsu-tsuruda,1918-09-25,54,Wikidata Q6944031（2026-10-07取得）
S04aun8e,波高島,Q5355524,はだかじま,hadakajima,1927-12-17,8,Wikidata Q5355524（2026-10-07取得）
S04aus31,越後早川,Q5332408,えちごはやかわ,echigo-hayakawa,1924-07-31,44,Wikidata Q5332408（2026-10-07取得）
S04b37n3,二ノ瀬,Q7039093,にのせ,ninose,1929-10-20,69,Wikidata Q7039093（2026-10-07取得）
S04bhplq,中野栄,Q6960283,なかのさかえ,nakanosakae,1981-04-01,9,Wikidata Q6960283（2026-10-07取得）
S04bkuhe,松草,Q6788120,まつくさ,matsukusa,1930-10-31,13,Wikidata Q6788120（2026-10-07取得）
S04bm10x,清澄白河,Q80542,きよすみしらかわ,kiyosumi-shirakawa,2000-12-12,54,Wikidata Q80542（2026-10-07取得）
S04br4z5,練馬春日町,Q275521,ねりまかすがちょう,nerima-kasugacho,1991-12-10,78,Wikidata Q275521（2026-10-07取得）
S04bz5mo,高野,Q6455332,こうや,koya,2008-03-30,16,Wikidata Q6455332（2026-10-07取得）
S04c0pl2,打出,Q7876712,うちで,uchide,1907,53,Wikidata Q7876712（2026-10-07取得）
S04da3eh,最上,Q2027908,もがみ,mogami,1916-08-01,30,Wikidata Q2027908（2026-10-07取得）
S04df9jr,福間,Q5359639,ふくま,fukuma,1890-09-28,116,Wikidata Q5359639（2026-10-07取得）
S04djoq3,湯の洞温泉口,Q8061356,ゆのほらおんせんぐち,yunohora-onsen-guchi,1926-07-15,11,Wikidata Q8061356（2026-10-07取得）
S04don0a,丸の内,Q854702,,marunouchi,1981-11-27,98,Wikidata Q854702（2026-10-07取得）
S04e0nis,瓢箪山,Q5962811,,hyotan-yama,1936,41,Wikidata Q5962811（2026-10-07取得）
S04e55vm,気仙沼,Q6394927,けせんぬま,kesennuma,1929-07-31,8,Wikidata Q6394927（2026-10-07取得）
S04ej50s,海老名,Q865932,えびな,ebina,1941-11-25,85,Wikidata Q865932（2026-10-07取得）
S04epwlz,和戸,Q7959314,わど,wado,1899-12-20,82,Wikidata Q7959314（2026-10-07取得）
S04fbgaw,鎌ヶ谷大仏,Q12060945,かまがやだいぶつ,kamagaya-daibutsu,1949-01-08,23,Wikidata Q12060945（2026-10-07取得）
S04fkhgj,平間,Q5366557,ひらま,hirama,1927-03-09,10,Wikidata Q5366557（2026-10-07取得）
S04fq7ej,森下,Q6912331,,morishita,1915,10,Wikidata Q6912331（2026-10-07取得）
S04fr5kk,膳所,Q1042692,ぜぜ,zeze,1880-07-15,12,Wikidata Q1042692（2026-10-07取得）
S04fstlv,針中野,Q5657576,はりなかの,harinakano,1923-04-13,10,Wikidata Q5657576（2026-10-07取得）
S04g5z2z,アイランドセンター,Q11282449,アイランドセンター,island center,1990-02-21,4,Wikidata Q11282449（2026-10-07取得）
S04g69h8,南林間,Q999127,みなみりんかん,minami-rinkan,1929-04-01,13,Wikidata Q999127（2026-10-07取得）
S04gxagj,日羽,Q11510266,ひわ,hiwa,1956-05-15,23,Wikidata Q11510266（2026-10-07取得）
S04hj9tp,川南,Q5357937,かわみなみ,kawaminami,1921-06-11,52,Wikidata Q5357937（2026-10-07取得）
S04hldpn,見老津,Q2748587,みろづ,mirozu,1938-09-07,50,Wikidata Q2748587（2026-10-07取得）
S04hpmu1,なにわ橋,Q858429,なにわばし,naniwabashi,2008-10-19,203,Wikidata Q858429（2026-10-07取得）
S04hu807,福井,Q867992,ふくい,fukui,1896,28,Wikidata Q867992（2026-10-07取得）
S04hya8u,帷子ノ辻,Q11060256,かたびらのつじ,katabiranotsuji,1926-03-10,14,Wikidata Q11060256（2026-10-07取得）
S04i13vh,羽島市役所前,Q5679033,,hashimashiyakushomae,1929,93,Wikidata Q5679033（2026-10-07取得）
S04i2amy,池田,Q866156,いけだ,ikeda,1910,3,Wikidata Q866156（2026-10-07取得）
S04i5dn3,東京国際クルーズターミナル,Q852902,とうきょうこくさいクルーズターミナル,tokyo international cruise terminal,1995-11-01,6,Wikidata Q852902（2026-10-07取得）
S04iw7ym,富田浜,Q5358789,とみだはま,tomidahama,1907,77,Wikidata Q5358789（2026-10-07取得）
S04j1hts,上桑名川,Q6357167,かみくわながわ,kami-kuwanagawa,1931-09-16,75,Wikidata Q6357167（2026-10-07取得）
S04jsdag,岩屋,Q6100857,いわや,iwaya,1899-06-13,22,Wikidata Q6100857（2026-10-07取得）
S04kb4i0,川越市,Q4702993,かわごえし,kawagoeshi,1914-05-01,25,Wikidata Q4702993（2026-10-07取得）
S04kbv9l,東三条,Q5753817,ひがしさんじょう,higashi-sanjo,1897-11-20,102,Wikidata Q5753817（2026-10-07取得）
S04krwsm,大阪,Q801694,おおさか,osaka,1874,110,Wikidata Q801694（2026-10-07取得）
S04l3r17,武蔵小杉,Q801207,むさしこすぎ,musashi-kosugi,1927-11-01,54,Wikidata Q801207（2026-10-07取得）
S04m711g,西畑,Q7040558,にしはた,nishihata,1937-02-01,39,Wikidata Q7040558（2026-10-07取得）
S04mk43d,祖師ヶ谷大蔵,Q4429457,そしがやおおくら,soshigaya-okura,1927-04-01,48,Wikidata Q4429457（2026-10-07取得）
S04mpcu8,礼拝,Q7283837,らいはい,raihai,1913-12-16,41,Wikidata Q7283837（2026-10-07取得）
S04mphiv,紀伊内原,Q2898294,きいうちはら,kii-uchihara,1929-04-21,8,Wikidata Q2898294（2026-10-07取得）
S04mqktc,不動前,Q852869,ふどうまえ,fudomae,1923-03-11,17,Wikidata Q852869（2026-10-07取得）
S04n93hi,三河東郷,Q773025,みかわとうごう,mikawa-togo,1900-12-15,22,Wikidata Q773025（2026-10-07取得）
S04o1bmc,四十万,Q11419624,しじま,shijima,1915-06-22,6,Wikidata Q11419624（2026-10-07取得）
S04o7q8f,宝達,Q5965165,ほうだつ,hodatsu,1898-04-24,39,Wikidata Q5965165（2026-10-07取得）
S04og2ud,安来,Q5357024,やすぎ,yasugi,1908-04-05,23,Wikidata Q5357024（2026-10-07取得）
S04or94x,木曽川,Q871019,きそがわ,kisogawa,1886-06-01,160,Wikidata Q871019（2026-10-07取得）
S04ou6l5,古市,Q5509796,ふるいち,furuichi,1898-03-24,58,Wikidata Q5509796（2026-10-07取得）
S04oy577,金塚,Q6360909,かなづか,kanazuka,1914-06-01,82,Wikidata Q6360909（2026-10-07取得）
S04p8fn8,地福,Q6192262,じふく,jifuku,1918-11-03,27,Wikidata Q6192262（2026-10-07取得）
S04pch9n,石垣,Q8192092,,ishikaki,1963-10-31,21,Wikidata Q8192092（2026-10-07取得）
S04pwqh0,滑川,Q5359984,なめりかわ,namerikawa,1908-11-16,42,Wikidata Q5359984（2026-10-07取得）
S04q3rue,石巻あゆみ野,Q18990335,いしのまきあゆみの,ishinomakiayumino,2016-03-26,21,Wikidata Q18990335（2026-10-07取得）
S04qkvgf,矢岳,Q8050160,,yatake,1909-11-21,2,Wikidata Q8050160（2026-10-07取得）
S04qq4kw,マリンパーク,Q11341119,マリンパーク,marine park,1990-02-21,4,Wikidata Q11341119（2026-10-07取得）
S04qyip1,北方真桑,Q6417692,きたがたまくわ,kitagata-makuwa,1956-03-20,42,Wikidata Q6417692（2026-10-07取得）
S04r0qo8,安東,Q8049967,,yasuhigashi,1994-08-20,47,Wikidata Q8049967（2026-10-07取得）
S04r26aq,周防花岡,Q7651556,すおうはなおか,suo-hanaoka,1932-05-29,42,Wikidata Q7651556（2026-10-07取得）
S04r2tdx,両国,Q801389,りょうごく,ryogoku,1904-04-05,55,Wikidata Q801389（2026-10-07取得）
S04rmcyg,平城山,Q1043313,ならやま,narayama,1985,23,Wikidata Q1043313（2026-10-07取得）
S04rn9js,小櫃,Q7074984,おびつ,obitsu,1912-12-28,18,Wikidata Q7074984（2026-10-07取得）
S04rq2oo,栗橋,Q846796,くりはし,kurihashi,1885-07-16,16,Wikidata Q846796（2026-10-07取得）
S04rr41b,東姫路,Q21065659,ひがしひめじ,higashi-himeji,2016-03-26,93,Wikidata Q21065659（2026-10-07取得）
S04rxvms,西出雲,Q861518,にしいずも,nishi-izumo,1913-11-21,10,Wikidata Q861518（2026-10-07取得）
S04skd6y,弘前東高前,Q5770706,ひろさきひがしこうまえ,hirosaki-higashikomae,1927-09-07,78,Wikidata Q5770706（2026-10-07取得）
S04slcvo,近鉄富田,Q2913531,きんてつとみだ,kintetsu tomida,1929,48,Wikidata Q2913531（2026-10-07取得）
S04sxtjg,西笠田,Q3431859,,nishi-kaseda,1952-10-01,25,Wikidata Q3431859（2026-10-07取得）
S04tawt4,尾張一宮,Q871495,おわりいちのみや,owari-ichinomiya,1886-05-01,12,Wikidata Q871495（2026-10-07取得）
S04tjjet,京都河原町,Q2085248,きょうとかわらまち,kyoto-kawaramachi,1963-06-17,53,Wikidata Q2085248（2026-10-07取得）
S04u47xm,下府,Q7496976,しもこう,shimoko,1921-09-01,39,Wikidata Q7496976（2026-10-07取得）
S04u5dvn,馬堀海岸,Q5370891,まぼりかいがん,maborikaigan,1930-04-01,53,Wikidata Q5370891（2026-10-07取得）
S04ugn6m,岩本,Q775068,いわもと,iwamoto,1924-03-31,105,Wikidata Q775068（2026-10-07取得）
S04upjtq,大三東,Q11431812,おおみさき,ohmisaki,1913-05-10,26,Wikidata Q11431812（2026-10-07取得）
S04vd344,押切,Q7106616,おしきり,oshikiri,1901-09-01,26,Wikidata Q7106616（2026-10-07取得）
S04vri1j,澄川,Q3563679,すみかわ,sumikawa,1971-12-16,54,Wikidata Q3563679（2026-10-07取得）
S04vsryp,山陽女学園前,Q7420797,さんようじょがくえんまえ,sanyo-joshidai-mae,1950-12-24,20,Wikidata Q7420797（2026-10-07取得）
S04vtmd8,小城,Q11459485,おぎ,ogi,1903-12-14,2,Wikidata Q11459485（2026-10-07取得）
S04vz0bq,大曲,Q1052987,おおまがり,omagari,1904-12-21,50,Wikidata Q1052987（2026-10-07取得）
S04we8gr,のの岳,Q7049528,ののだけ,nonodake,1968-10-24,1,Wikidata Q7049528（2026-10-07取得）
S04wqr3c,桂川,Q1071814,かつらがわ,katsuragawa,2008-10-18,31,Wikidata Q1071814（2026-10-07取得）
S04wt41x,枕崎,Q5374442,まくらざき,makurazaki,1931-03-10,5,Wikidata Q5374442（2026-10-07取得）
S04wy2k3,外城田,Q7813584,ときだ,tokida,1963-04-01,31,Wikidata Q7813584（2026-10-07取得）
S04wzfmx,江見,Q553871,えみ,emi,1922-12-20,12,Wikidata Q553871（2026-10-07取得）
S04wzida,戸手,Q7812762,とで,tode,1914-07-21,29,Wikidata Q7812762（2026-10-07取得）
S04xhpip,泉,Q5353527,いずみ,izumi,1897-02-25,9,Wikidata Q5353527（2026-10-07取得）
S04yaau7,根本,Q6991333,ねもと,nemoto,1952-12-26,55,Wikidata Q6991333（2026-10-07取得）
S04yg7rs,新金谷,Q7497101,しんかなや,shin-kanaya,1927-06-10,57,Wikidata Q7497101（2026-10-07取得）
S04yiw2j,恋ヶ窪,Q6426270,こいがくぼ,koigakubo,1955-02-10,36,Wikidata Q6426270（2026-10-07取得）
S04zara2,大岡山,Q843724,おおおかやま,ookayama,1923-03-11,73,Wikidata Q843724（2026-10-07取得）
S04zgiyl,瀬田,Q7456324,,seta,1916-11-11,11,Wikidata Q7456324（2026-10-07取得）
S04zy9xr,石神前,Q8013316,いしがみまえ,ishigamimae,1928-10-13,30,Wikidata Q8013316（2026-10-07取得）
S04zzteg,岩倉,Q11474183,,iwakura,1912-08-06,41,Wikidata Q11474183（2026-10-07取得）
S0507zz4,大阪梅田,Q20023052,おおさかうめだ,osaka-umeda,1906-12-21,95,Wikidata Q20023052（2026-10-07取得）
S05080x5,豊前川崎,Q5003440,ぶぜんかわさき,buzen-kawasaki,1899-07-10,24,Wikidata Q5003440（2026-10-07取得）
S050cb4g,羽鳥,Q5363166,はとり,hatori,1895-12-01,60,Wikidata Q5363166（2026-10-07取得）
S050ertd,川倉,Q6379584,かわくら,kawakura,1932-04-24,16,Wikidata Q6379584（2026-10-07取得）
S0516wuv,知和,Q3611176,ちわ,chiwa,1931-09-12,12,Wikidata Q3611176（2026-10-07取得）
S051oywo,和佐,Q2898336,わさ,wasa,1930-12-14,32,Wikidata Q2898336（2026-10-07取得）
S051xaxr,ベル前,Q4883087,,bell-mae,1989-10-01,28,Wikidata Q4883087（2026-10-07取得）
S051yj8g,寺家,Q11457762,じけ,jike,2017-03-04,34,Wikidata Q11457762（2026-10-07取得）
S052ca3o,庄川口,Q7506111,,shogawaguchi,,58,Wikidata Q7506111（2026-10-07取得）
S052cfgb,北鉄金沢,Q128034889,ほくてつかなざわ,hokutetsu‐kanazawa,2001-03-28,74,Wikidata Q128034889（2026-10-07取得）
S052s1xs,白馬大池,Q5640612,はくばおおいけ,hakuba-oike,1947-12-01,31,Wikidata Q5640612（2026-10-07取得）
S053u7uw,下総橘,Q7497065,しもうさたちばな,shimosa-tachibana,1933-03-11,19,Wikidata Q7497065（2026-10-07取得）
S0545hrg,永覚,Q5350274,えかく,ekaku,1976-04-26,31,Wikidata Q5350274（2026-10-07取得）
S054a0dj,赤倉温泉,Q1756866,あかくらおんせん,akakura-onsen,1917-11-01,30,Wikidata Q1756866（2026-10-07取得）
S054e68x,岩村,Q11475181,,iwamura,1934-01-26,12,Wikidata Q11475181（2026-10-07取得）
S0551edp,小伝馬町,Q1072970,こでんまちょう,kodemmacho,1962-05-31,38,Wikidata Q1072970（2026-10-07取得）
S0554ge3,来迎寺,Q7283860,らいこうじ,raikoji,1898-12-27,26,Wikidata Q7283860（2026-10-07取得）
S055jrnz,弥刀,Q6881841,みと,mito,1925-12-10,83,Wikidata Q6881841（2026-10-07取得）
S055nhxu,上北台,Q6357916,かみきただい,kamikitadai,1998-11-27,11,Wikidata Q6357916（2026-10-07取得）
S055u3t8,高田,Q5356482,こうだ,koda,1994-03-01,20,Wikidata Q5356482（2026-10-07取得）
S0564dan,伊勢上野,Q4559494,,ise-ueno,1987-03-27,16,Wikidata Q4559494（2026-10-07取得）
S056quki,備中高松,Q4918797,びっちゅうたかまつ,bitchu-takamatsu,1904-11-15,33,Wikidata Q4918797（2026-10-07取得）
S0571ngb,雪が谷大塚,Q8060692,ゆきがやおおつか,yukigaya-otsuka,1923-04-05,14,Wikidata Q8060692（2026-10-07取得）
S057ygd7,沖松島,Q11552516,おきまつしま,oki-matsushima,1911-11-18,25,Wikidata Q11552516（2026-10-07取得）
S0582zeb,柴崎,Q4418205,しばさき,shibasaki,1913-04-15,20,Wikidata Q4418205（2026-10-07取得）
S058k2d4,神立,Q5363063,かんだつ,kandatsu,1895-11-04,10,Wikidata Q5363063（2026-10-07取得）
S058nnh2,八木原,Q1706435,やぎはら,yagihara,1921-07-01,25,Wikidata Q1706435（2026-10-07取得）
S059s87l,東美浜,Q5753699,,higashi-mihama,1961-08-01,25,Wikidata Q5753699（2026-10-07取得）
S059tmyt,山ノ内,Q11465822,やまのうち,yamanouchi,1910-03-25,9,Wikidata Q11465822（2026-10-07取得）
S05a96ms,野江内代,Q83607,のえうちんだい,noe-uchindai,1977-04-06,35,Wikidata Q83607（2026-10-07取得）
S05ankyg,市尾,Q5986275,,ichio,1923-12-05,9,Wikidata Q5986275（2026-10-07取得）
S05aobqc,三保三隅,Q6845309,みほみすみ,miho-misumi,1922-09-01,26,Wikidata Q6845309（2026-10-07取得）
S05avd9d,楚原,Q11541143,そはら,sohara,1914,14,Wikidata Q11541143（2026-10-07取得）
S05b11kp,太田,Q8081729,おおた,ota,1909-02-17,11,Wikidata Q8081729（2026-10-07取得）
S05b8xs0,三日市町,Q6849920,みっかいちちょう,mikkaichicho,1914-10-21,7,Wikidata Q6849920（2026-10-07取得）
S05canfh,下飯田,Q573742,しもいいだ,shimoiida,1999-08-29,30,Wikidata Q573742（2026-10-07取得）
S05cc5lu,福浦,Q5507751,ふくうら,fukuura,1989-07-05,18,Wikidata Q5507751（2026-10-07取得）
S05cd9rg,鴫野,Q180485,しぎの,shigino,1933-09-01,33,Wikidata Q180485（2026-10-07取得）
S05ck336,岩島,Q6100736,いわしま,iwashima,1945-01-02,20,Wikidata Q6100736（2026-10-07取得）
S05cp6jc,大湊,Q8081617,おおみなと,ominato,1921-09-25,69,Wikidata Q8081617（2026-10-07取得）
S05dha9y,本厚木,Q4499730,ほんあつぎ,hon-atsugi,1927-04-01,27,Wikidata Q4499730（2026-10-07取得）
S05dhpyu,猿田,Q5364199,さるだ,saruda,1898-01-25,30,Wikidata Q5364199（2026-10-07取得）
S05e068u,吉田口,Q3611312,よしだぐち,yoshidaguchi,1915-04-28,80,Wikidata Q3611312（2026-10-07取得）
S05e8iqo,交通センター前,Q11373972,,kotsu-center-mae,1999-05-07,24,Wikidata Q11373972（2026-10-07取得）
S05ehq8b,美濃市,Q11609236,みのし,minoshi,1923-10-05,52,Wikidata Q11609236（2026-10-07取得）
S05ernt5,和田河原,Q254831,わだがはら,wadagahara,1925-10-15,71,Wikidata Q254831（2026-10-07取得）
S05erv2w,三瀬谷,Q5357769,みせだに,misedani,1925-08-25,4,Wikidata Q5357769（2026-10-07取得）
S05essvn,上小田井,Q1652826,,kami-otai,1991-10-27,33,Wikidata Q1652826（2026-10-07取得）
S05ew1py,羽後本荘,Q7877841,うごほんじょう,ugo-honjo,1922-06-30,44,Wikidata Q7877841（2026-10-07取得）
S05f20fx,高尾山口,Q4450115,たかおさんぐち,takaosanguchi,1967-10-01,20,Wikidata Q4450115（2026-10-07取得）
S05fce5d,関,Q7447194,せき,seki,1923-10-05,8,Wikidata Q7447194（2026-10-07取得）
S05funrk,小浦,Q6434684,こうら,koura,1931-08-29,30,Wikidata Q6434684（2026-10-07取得）
S05fupfn,中妻,Q6960360,なかつま,nakatsuma,1920-02-01,19,Wikidata Q6960360（2026-10-07取得）
S05futld,犬飼,Q6059273,いぬかい,inukai,1917-07-20,12,Wikidata Q6059273（2026-10-07取得）
S05g1n8m,寸座,Q7641773,すんざ,sunza,1955-05-06,17,Wikidata Q7641773（2026-10-07取得）
S05gok9t,大久保,Q11432075,おおくぼ,okubo,1902-10-21,49,Wikidata Q11432075（2026-10-07取得）
S05gvy77,新田野,Q11503778,にったの,nittano,1960-06-20,61,Wikidata Q11503778（2026-10-07取得）
S05hpdni,三野瀬,Q5357755,みのせ,minose,1932-04-26,9,Wikidata Q5357755（2026-10-07取得）
S05hpj0a,伊那上郷,Q985474,いなかみさと,ina-kamisato,1923-08,5,Wikidata Q985474（2026-10-07取得）
S05i5sqq,稚子塚,Q5097230,ちごづか,chigozuka,1931-08-15,33,Wikidata Q5097230（2026-10-07取得）
S05iatf5,小島新田,Q6426486,こじましんでん,kojimashinden,1944-10-01,46,Wikidata Q6426486（2026-10-07取得）
S05idetb,末恒,Q899337,すえつね,suetsune,1928-09-11,23,Wikidata Q899337（2026-10-07取得）
S05idvi8,彦山,Q5760676,ひこさん,hikosan,1942-08-25,1,Wikidata Q5760676（2026-10-07取得）
S05ilxru,春木場,Q5675737,はるきば,harukiba,1964-09-10,53,Wikidata Q5675737（2026-10-07取得）
S05iyo4s,新田,Q8191166,しんでん,shinden,1899-12-20,38,Wikidata Q8191166（2026-10-07取得）
S05jrvnz,開,Q11655334,ひらき,hiraki,1938-10-01,61,Wikidata Q11655334（2026-10-07取得）
S05kdr4p,白河,Q872774,しらかわ,shirakawa,1887-07-16,119,Wikidata Q872774（2026-10-07取得）
S05kv2ct,小串郷,Q7080305,,ogushigo,1944-10-21,1,Wikidata Q7080305（2026-10-07取得）
S05kzlaf,武州荒木,Q5001622,ぶしゅうあらき,bushu-araki,1921-04-01,36,Wikidata Q5001622（2026-10-07取得）
S05lcb5d,浜村,Q899246,はまむら,hamamura,1907-04-28,17,Wikidata Q899246（2026-10-07取得）
S05ljzoi,湊川公園,Q5358502,,minatogawa-koen,1983-06-17,54,Wikidata Q5358502（2026-10-07取得）
S05lkwvf,水橋,Q5359616,みずはし,mizuhashi,1908-11-16,21,Wikidata Q5359616（2026-10-07取得）
S05lmddj,昭和,Q1581652,しょうわ,showa,1931-03-20,41,Wikidata Q1581652（2026-10-07取得）
S05lrgc1,三島二日町,Q11355227,みしまふつかまち,mishima-futsukamachi,1932-12-15,69,Wikidata Q11355227（2026-10-07取得）
S05lw92z,本川越,Q842892,ほんかわごえ,hon-kawagoe,1895-03-21,11,Wikidata Q842892（2026-10-07取得）
S05lwbuz,越前野中,Q5332619,,echizen nonaka,1950-09-10,8,Wikidata Q5332619（2026-10-07取得）
S05ly2ip,上松,Q871440,あげまつ,agematsu,1910-10-05,29,Wikidata Q871440（2026-10-07取得）
S05ly3p3,横瀬,Q8016151,よこぜ,yokoze,1969-10-14,25,Wikidata Q8016151（2026-10-07取得）
S05mktea,森口,Q11539359,もりぐち,moriguchi,1922-05-10,13,Wikidata Q11539359（2026-10-07取得）
S05nbras,東十条,Q800919,ひがしじゅうじょう,higashi-jujo,1931-08-01,131,Wikidata Q800919（2026-10-07取得）
S05ngj4l,岐阜,Q1144885,ぎふ,gifu,1887-01-21,4,Wikidata Q1144885（2026-10-07取得）
S05nnm66,鷹の台,Q7677190,たかのだい,takanodai,1948-10-21,33,Wikidata Q7677190（2026-10-07取得）
S05ojba4,山城,Q11467716,やまじょう,yamajo,1931,32,Wikidata Q11467716（2026-10-07取得）
S05ovmtv,本吉原,Q5891947,,hon-yoshiwara,1950,21,Wikidata Q5891947（2026-10-07取得）
S05p0cj8,矢神,Q8046683,やがみ,yagami,1953-02-10,27,Wikidata Q8046683（2026-10-07取得）
S05pawod,肥後橋,Q126343,ひごばし,higobashi,1965-10-01,15,Wikidata Q126343（2026-10-07取得）
S05pilxg,那智,Q2584944,なち,nachi,1912-12-04,27,Wikidata Q2584944（2026-10-07取得）
S05pn2u1,玉造,Q1131039,たまつくり,tamatsukuri,1895,136,Wikidata Q1131039（2026-10-07取得）
S05qkd23,鹿島台,Q899018,かしまだい,kashimadai,1892-03-01,29,Wikidata Q899018（2026-10-07取得）
S05qngfz,長谷寺,Q5678737,,hasedera,1929-10-27,30,Wikidata Q5678737（2026-10-07取得）
S05quwc8,狛田,Q6428039,,komada,1928-11-03,28,Wikidata Q6428039（2026-10-07取得）
S05r3iev,北花田,Q2084907,きたはなだ,kitahanada,1987-04-18,101,Wikidata Q2084907（2026-10-07取得）
S05ra1iw,南鳥海,Q11408820,みなみちょうかい,minamichokai,1951,25,Wikidata Q11408820（2026-10-07取得）
S05rb6q2,松尾大社,Q3610994,まつおたいしゃ,matsuo-taisha,1928,57,Wikidata Q3610994（2026-10-07取得）
S05rcd4r,西山口,Q11627816,,nishiyamaguchi,1933-08-18,33,Wikidata Q11627816（2026-10-07取得）
S05s1s2v,可部,Q6344009,かべ,kabe,1911-07-13,91,Wikidata Q6344009（2026-10-07取得）
S05s2pju,院内,Q11658111,いんない,innai,1904-10-21,6,Wikidata Q11658111（2026-10-07取得）
S05sam0k,七重浜,Q5364820,ななえはま,nanaehama,1926-06-21,89,Wikidata Q5364820（2026-10-07取得）
S05sddyh,駒ヶ岳,Q864617,こまがたけ,komagatake,1903-06-28,34,Wikidata Q864617（2026-10-07取得）
S05sp8kn,町方,Q11578241,,machikata,1924,104,Wikidata Q11578241（2026-10-07取得）
S05suxpg,会津柳津,Q4699465,あいづやないづ,aizu-yanaizu,1928-11-20,6,Wikidata Q4699465（2026-10-07取得）
S05sw5iz,奈良,Q1150978,なら,nara,1890,24,Wikidata Q1150978（2026-10-07取得）
S05sz3ah,仙台,Q801429,せんだい,sendai,1887-12-15,16,Wikidata Q801429（2026-10-07取得）
S05tgl3b,春日川,Q11513610,かすががわ,kasugagawa,1911-11-18,26,Wikidata Q11513610（2026-10-07取得）
S05u6v78,五郎,Q899112,ごろう,goro,1918-02-14,33,Wikidata Q899112（2026-10-07取得）
S05ue6w4,関内,Q800982,かんない,kannai,1964-05-19,244,Wikidata Q800982（2026-10-07取得）
S05uuv7n,鵠沼海岸,Q4244329,くげぬまかいがん,kugenuma-kaigan,1929-04-01,14,Wikidata Q4244329（2026-10-07取得）
S05v4roc,和光市,Q128298,わこうし,wakoshi,1934-02-01,6,Wikidata Q128298（2026-10-07取得）
S05v4t40,大江,Q3610937,おおえ,oe,1988-07-16,12,Wikidata Q3610937（2026-10-07取得）
S05vf62j,黒岩,Q864270,くろいわ,kuroiwa,1903-11-03,17,Wikidata Q864270（2026-10-07取得）
S05vu7y1,大崎,Q801695,おおさき,osaki,1901,46,Wikidata Q801695（2026-10-07取得）
S05vxnh1,額田,Q7068845,ぬかだ,nukada,1897-11-16,10,Wikidata Q7068845（2026-10-07取得）
S05vz7cc,常陸太田,Q1305575,ひたちおおた,hitachi-ota,1899-04-01,22,Wikidata Q1305575（2026-10-07取得）
S05weohm,真菅,Q6785665,ますが,masuga,1925-03-21,30,Wikidata Q6785665（2026-10-07取得）
S05wv631,武蔵小金井,Q801206,むさしこがねい,musashi-koganei,1924-04-04,57,Wikidata Q801206（2026-10-07取得）
S05x5vcf,山河内,Q8047629,やまがわち,yamagawachi,1942-07-01,66,Wikidata Q8047629（2026-10-07取得）
S05xh05p,久津川,Q6448547,,kutsukawa,1928-11-03,10,Wikidata Q6448547（2026-10-07取得）
S05xk4oe,青木,Q8081472,,ogi,1905,11,Wikidata Q8081472（2026-10-07取得）
S05ybala,梅小路京都西,Q55670097,うめこうじきょうとにし,umekoji-kyotonishi,2019-03-16,27,Wikidata Q55670097（2026-10-07取得）
S05yju6u,西条,Q5358968,さいじょう,saijo,1894-06-10,3,Wikidata Q5358968（2026-10-07取得）
S05ypzly,千里中央,Q2056658,せんりちゅうおう,senri-chuo,1970-09-14,60,Wikidata Q2056658（2026-10-07取得）
S05ypzly-2,千里中央,Q2056658,せんりちゅうおう,senri-chuo,1970-09-14,314,Wikidata Q2056658（2026-10-07取得）
S05yzqjp,上中,Q11358411,,kaminaka,1918-11-10,22,Wikidata Q11358411（2026-10-07取得）
S05z13nx,極楽橋,Q5578128,ごくらくばし,gokurakubashi,1929-02-21,10,Wikidata Q5578128（2026-10-07取得）
S05z4uxk,鈴蘭台,Q7651395,すずらんだい,suzurandai,1928-11-28,13,Wikidata Q7651395（2026-10-07取得）
S05z5g6v,庭瀬,Q5360428,にわせ,niwase,1891-04-25,48,Wikidata Q5360428（2026-10-07取得）
S05z99tj,北大路,Q2176324,きたおおじ,kitaoji,1981-05-29,56,Wikidata Q2176324（2026-10-07取得）
S05zqzmx,いのつき,Q11259923,いのつき,inotsuki,1990-03-10,39,Wikidata Q11259923（2026-10-07取得）
S05zr9ve,北加賀屋,Q126335,きたかがや,kitakagaya,1972-11-09,46,Wikidata Q126335（2026-10-07取得）
S05zw4v4,昆布,Q864378,こんぶ,konbu,1904-10-15,28,Wikidata Q864378（2026-10-07取得）
S060ei02,鼓滝,Q7850404,,tsuzumigataki,1913-04-13,31,Wikidata Q7850404（2026-10-07取得）
S060q7kd,新地,Q374566,しんち,shinchi,1897-11-10,2,Wikidata Q374566（2026-10-07取得）
S060x0o0,立場,Q573441,たてば,tateba,1999-08-29,64,Wikidata Q573441（2026-10-07取得）
S060yyu2,京阪大津京,Q8081539,けいはんおおつきょう,keihan-otsukyo,1946,90,Wikidata Q8081539（2026-10-07取得）
S06138v3,県庁前,Q6388822,けんちょうまえ,kencho-mae,1999-03-24,16,Wikidata Q6388822（2026-10-07取得）
S0617taw,美作土居,Q6862011,みまさかどい,mimasaka-doi,1936-04-08,11,Wikidata Q6862011（2026-10-07取得）
S061ctpk,渡辺橋,Q981701,わたなべばし,watanabebashi,2008,87,Wikidata Q981701（2026-10-07取得）
S061g4pc,苅安賀,Q6371137,,kariyasuka,1900,3,Wikidata Q6371137（2026-10-07取得）
S061qj8h,新須屋,Q11504303,,shinsuya,1984-09-01,9,Wikidata Q11504303（2026-10-07取得）
S061w9fy,野島公園,Q7047813,のじまこうえん,nojimakoen,1989-07-05,25,Wikidata Q7047813（2026-10-07取得）
S0624yxp,阿知須,Q4699770,,ajisu,1953-08-15,11,Wikidata Q4699770（2026-10-07取得）
S06292pl,越後須原,Q5332423,えちごすはら,echigo-suhara,1942-11-01,24,Wikidata Q5332423（2026-10-07取得）
S0635o8i,大崎広小路,Q8081686,おおさきひろこうじ,osaki-hirokoji,1927-10-09,25,Wikidata Q8081686（2026-10-07取得）
S06387f5,徳和,Q7813777,とくわ,tokuwa,1894-12-31,80,Wikidata Q7813777（2026-10-07取得）
S063bog9,千丁,Q5358139,せんちょう,sencho,1926-06-01,33,Wikidata Q5358139（2026-10-07取得）
S063m2x4,鶴巻温泉,Q4506211,つるまきおんせん,tsurumaki-onsen,1927-04-01,75,Wikidata Q4506211（2026-10-07取得）
S063phfv,六甲ケーブル下,Q11392444,,rokko cable shita,1932-03-10,9,Wikidata Q11392444（2026-10-07取得）
S063rtpd,門出,Q102397252,かどで,kadode,2020-11-12,14,Wikidata Q102397252（2026-10-07取得）
S063u8xy,会津田島,Q4699458,あいづたじま,aizu-tajima,1934-12-27,15,Wikidata Q4699458（2026-10-07取得）
S064c8bl,新小岩,Q1063750,しんこいわ,shin-koiwa,1926-02-14,50,Wikidata Q1063750（2026-10-07取得）
S0650upu,一日市場,Q11352732,ひといちば,hitoichiba,1915-01-06,54,Wikidata Q11352732（2026-10-07取得）
S0654rf3,志久,Q11490824,,shiku,1983-12-22,7,Wikidata Q11490824（2026-10-07取得）
S065afrl,妹背牛,Q875565,もせうし,moseushi,1898-07-16,45,Wikidata Q875565（2026-10-07取得）
S065fjgt,仙川,Q906121,せんがわ,sengawa,1913-04-15,31,Wikidata Q906121（2026-10-07取得）
S065ixf5,柳橋,Q11534356,,yanagibashi,1953-11-16,6,Wikidata Q11534356（2026-10-07取得）
S065okdh,広電阿品,Q11485783,ひろでんあじな,hiroden-ajina,1978-08-01,52,Wikidata Q11485783（2026-10-07取得）
S06632vv,西添田,Q5359072,にしそえだ,nishi-soeda,1903-12-21,32,Wikidata Q5359072（2026-10-07取得）
S06684e5,撫牛子,Q6959563,ないじょうし,naijoshi,1935-04-15,38,Wikidata Q6959563（2026-10-07取得）
S066ud99,杉田,Q873973,すぎた,sugita,1917-09-11,38,Wikidata Q873973（2026-10-07取得）
S0670lcp,住吉,Q7637169,すみよし,sumiyoshi,1905,27,Wikidata Q7637169（2026-10-07取得）
S0679jlb,巣鴨,Q801500,すがも,sugamo,1903,53,Wikidata Q801500（2026-10-07取得）
S067cmx3,浜坂,Q872032,はまさか,hamasaka,1911-11-10,47,Wikidata Q872032（2026-10-07取得）
S067xaot,会津高原尾瀬口,Q4699473,あいづこうげんおぜぐち,aizukogen-ozeguchi,1953-11-08,4,Wikidata Q4699473（2026-10-07取得）
S068cf0r,上米内,Q11360015,かみよない,kami-yonai,1923-10-10,27,Wikidata Q11360015（2026-10-07取得）
S068j3d4,北春日部,Q6417560,きたかすかべ,kita-kasukabe,1966-09-01,84,Wikidata Q6417560（2026-10-07取得）
S068jhqb,動物園前,Q1038365,どうぶつえんまえ,dobutsuen-mae,1938-04-21,51,Wikidata Q1038365（2026-10-07取得）
S068l00y,関都,Q7447211,せきと,sekito,1899-07-15,4,Wikidata Q7447211（2026-10-07取得）
S068ue56,葭池温泉前,Q8013211,よしいけおんせんまえ,yoshiikeonsenmae,1930-01-21,33,Wikidata Q8013211（2026-10-07取得）
S068y6ou,ユーカリが丘,Q8062735,ユーカリがおか,yukarigaoka,1982-11-01,45,Wikidata Q8062735（2026-10-07取得）
S0695cah,沢入,Q7667614,そうり,sori,1912-12-31,29,Wikidata Q7667614（2026-10-07取得）
S069gsod,社家,Q7462638,しゃけ,shake,1926-07-15,15,Wikidata Q7462638（2026-10-07取得）
S06ac0d5,二木島,Q5357620,にぎしま,nigishima,1959-07-15,15,Wikidata Q5357620（2026-10-07取得）
S06actmn,大川寺,Q5209603,だいせんじ,daisenji,1929-06-10,34,Wikidata Q5209603（2026-10-07取得）
S06ad64o,新魚津,Q7497139,,shin-uozu,1936-08-21,58,Wikidata Q7497139（2026-10-07取得）
S06afnl0,長谷野,Q6958676,,nagatanino,1916-12-27,35,Wikidata Q6958676（2026-10-07取得）
S06ai2bv,県庁前,Q5358517,,kenchomae,1985-06-18,21,Wikidata Q5358517（2026-10-07取得）
S06ajorb,山口,Q8192374,やまぐち,yamaguchi,1913-02-20,38,Wikidata Q8192374（2026-10-07取得）
S06ak9wb,いわて沼宮内,Q1136556,いわてぬまくない,iwate-numakunai,1891-09-01,43,Wikidata Q1136556（2026-10-07取得）
S06balql,和多田,Q7972973,,watada,1983-03-22,61,Wikidata Q7972973（2026-10-07取得）
S06bc8ek,白糸台,Q5368205,しらいとだい,shiraitodai,1917-10-22,44,Wikidata Q5368205（2026-10-07取得）
S06bqedk,丹波竹田,Q1043249,たんばたけだ,tamba-takeda,1899-07-15,9,Wikidata Q1043249（2026-10-07取得）
S06d08jz,陸中八木,Q6543180,りくちゅうやぎ,rikuchu-yagi,1925-11-01,11,Wikidata Q6543180（2026-10-07取得）
S06dg47q,直江津,Q130065,なおえつ,naoetsu,1886-08-15,139,Wikidata Q130065（2026-10-07取得）
S06dit17,黄波戸,Q6418844,きわど,kiwado,1928-12-09,11,Wikidata Q6418844（2026-10-07取得）
S06dyq7t,楠橋,Q11541233,,kusubashi,1958,25,Wikidata Q11541233（2026-10-07取得）
S06e1qio,山崎,Q1037335,やまざき,yamazaki,1876-08-09,93,Wikidata Q1037335（2026-10-07取得）
S06e5k80,象潟,Q6416385,きさかた,kisakata,1921-11-15,55,Wikidata Q6416385（2026-10-07取得）
S06e7cbq,神埼,Q5358654,かんざき,kanzaki,1891-08-20,57,Wikidata Q5358654（2026-10-07取得）
S06ebfhk,武蔵小杉,Q801207,むさしこすぎ,musashi-kosugi,1927-11-01,408,Wikidata Q801207（2026-10-07取得）
S06efyg8,南多摩,Q5366901,みなみたま,minami-tama,1927-11-01,5,Wikidata Q5366901（2026-10-07取得）
S06ejp2d,葛,Q6449282,,kuzu,1923-12-05,64,Wikidata Q6449282（2026-10-07取得）
S06eknyc,神杉,Q11590345,かみすぎ,kamisugi,1922-06-22,37,Wikidata Q11590345（2026-10-07取得）
S06f2qbx,国立競技場,Q275113,こくりつきょうぎじょう,kokuritsu-kyogijo,2000-12-12,59,Wikidata Q275113（2026-10-07取得）
S06f6aov,上沢,Q5358508,,kamisawa,1983-06-17,36,Wikidata Q5358508（2026-10-07取得）
S06f8381,新川,Q128203,,shinkawa,1986,50,Wikidata Q128203（2026-10-07取得）
S06fdsbv,村野,Q6937332,むらの,murano,1929,20,Wikidata Q6937332（2026-10-07取得）
S06fjh0x,敷地,Q5370077,しきじ,shikiji,1940-04-01,42,Wikidata Q5370077（2026-10-07取得）
S06flsh9,九頭竜湖,Q3611337,くずりゅうこ,kuzuryuko,1972-12-15,20,Wikidata Q3611337（2026-10-07取得）
S06g181q,菅尾,Q7634716,,sugao,1921-03-27,30,Wikidata Q7634716（2026-10-07取得）
S06gmcm6,南伊東,Q6862914,みなみいとう,minami-ito,1961-12-10,9,Wikidata Q6862914（2026-10-07取得）
S06gtd66,三関,Q6883371,みつせき,mitsuseki,1923-11-05,19,Wikidata Q6883371（2026-10-07取得）
S06h2bdy,宮村,Q6884339,みやむら,miyamura,1988-07-16,21,Wikidata Q6884339（2026-10-07取得）
S06hhtuh,河瀬,Q614782,かわせ,kawase,1896-05-01,11,Wikidata Q614782（2026-10-07取得）
S06i6t04,前橋,Q1062416,まえばし,maebashi,1884-08-20,40,Wikidata Q1062416（2026-10-07取得）
S06ide07,六郷土手,Q7360103,ろくごうどて,rokugodote,1901-02-01,28,Wikidata Q7360103（2026-10-07取得）
S06iozxn,男衾,Q7075604,おぶすま,obusuma,1925-07-10,43,Wikidata Q7075604（2026-10-07取得）
S06j30wh,遊佐,Q8062241,ゆざ,yuza,1919-12-05,2,Wikidata Q8062241（2026-10-07取得）
S06jfba0,入広瀬,Q6069716,いりひろせ,irihirose,1942-11-01,18,Wikidata Q6069716（2026-10-07取得）
S06jh9ru,新南陽,Q5357664,しんなんよう,shinnan-yo,1926-04-18,15,Wikidata Q5357664（2026-10-07取得）
S06jkkpn,藤阪,Q855872,ふじさか,fujisaka,1898,24,Wikidata Q855872（2026-10-07取得）
S06jp9vo,中軽井沢,Q11367191,なかかるいざわ,naka-karuizawa,1910-07-15,116,Wikidata Q11367191（2026-10-07取得）
S06k0ogu,矢場町,Q863884,,yabacho,1967-03-30,81,Wikidata Q863884（2026-10-07取得）
S06k0sn9,藤野,Q5507458,ふじの,fujino,1943-07-15,97,Wikidata Q5507458（2026-10-07取得）
S06kbsyi,藤崎,Q4357513,ふじさき,fujisaki,1981-07-26,40,Wikidata Q4357513（2026-10-07取得）
S06kt9nv,伊勢松本,Q4142990,いせまつもと,ise-matsumoto,1913,22,Wikidata Q4142990（2026-10-07取得）
S06kzewl,近江神宮前,Q8081616,おうみじんぐうまえ,omijingumae,1927,64,Wikidata Q8081616（2026-10-07取得）
S06l2khw,水島,Q11548524,みずしま,mizushima,1948-08-20,6,Wikidata Q11548524（2026-10-07取得）
S06laymw,西大路御池,Q2679380,にしおおじおいけ,nishioji oike,2008-01-16,44,Wikidata Q2679380（2026-10-07取得）
S06lce6v,生駒,Q5996117,いこま,ikoma,1914-04-30,14,Wikidata Q5996117（2026-10-07取得）
S06lf072,大福,Q5209097,だいふく,daifuku,1929-01-05,10,Wikidata Q5209097（2026-10-07取得）
S06lj1at,愛甲石田,Q1107009,あいこういしだ,aiko-ishida,1927-04-01,28,Wikidata Q1107009（2026-10-07取得）
S06ltbqm,兵庫,Q59517,ひょうご,hyogo,1888,58,Wikidata Q59517（2026-10-07取得）
S06m0dlw,白兎,Q7498961,しろうさぎ,shirousagi,1989-12-16,5,Wikidata Q7498961（2026-10-07取得）
S06mixke,壬生,Q6827788,みぶ,mibu,1931-08-11,31,Wikidata Q6827788（2026-10-07取得）
S06mmk82,郡元,Q869329,,korimoto,1986-12-01,742,Wikidata Q869329（2026-10-07取得）
S06mrfsq,代々木八幡,Q1083866,よよぎはちまん,yoyogi-hachiman,1927-04-01,49,Wikidata Q1083866（2026-10-07取得）
S06n3bn7,厚狭,Q1136582,あさ,asa,1900,54,Wikidata Q1136582（2026-10-07取得）
S06n5i8l,鷹ノ巣,Q7677206,たかのす,takanosu,1900-10-07,30,Wikidata Q7677206（2026-10-07取得）
S06nhms3,富士,Q871632,ふじ,fuji,1909-04-21,60,Wikidata Q871632（2026-10-07取得）
S06o0yvx,中小田井,Q11363923,,naka-otai,1912,36,Wikidata Q11363923（2026-10-07取得）
S06o27hd,芦川,Q4805063,あしがわ,ashigawa,1929-02-11,14,Wikidata Q4805063（2026-10-07取得）
S06obrzh,郷原,Q5627747,ごうばら,gobara,1946-04-20,7,Wikidata Q5627747（2026-10-07取得）
S06odyuf,越後堀之内,Q3660584,えちごほりのうち,echigo-horinouchi,1922-08-01,32,Wikidata Q3660584（2026-10-07取得）
S06oe155,上飯島,Q11360525,かみいいじま,kami-iijima,1954-04-10,29,Wikidata Q11360525（2026-10-07取得）
S06pcqrb,丸山,Q11368292,,maruyama,1922-07-18,7,Wikidata Q11368292（2026-10-07取得）
S06pgmqa,遠軽,Q5377447,えんがる,engaru,1915-11-01,38,Wikidata Q5377447（2026-10-07取得）
S06plf0t,大仁,Q8081500,おおひと,ohito,1899-07-17,24,Wikidata Q8081500（2026-10-07取得）
S06pm0ki,二日市,Q154366,ふつかいち,futsukaichi,1889-12-11,76,Wikidata Q154366（2026-10-07取得）
S06qewjb,喜志,Q6416576,きし,kishi,1898-04-14,21,Wikidata Q6416576（2026-10-07取得）
S06qnq20,半田,Q5647224,はんだ,handa,1886-03-01,13,Wikidata Q5647224（2026-10-07取得）
S06qp95o,玉垣,Q11572461,,tamagaki,1973,5,Wikidata Q11572461（2026-10-07取得）
S06rnbre,財部,Q5357407,たからべ,takarabe,1929-04-28,18,Wikidata Q5357407（2026-10-07取得）
S06rohwo,西掛川,Q7040359,にしかけがわ,nishi-kakegawa,1954-10-10,11,Wikidata Q7040359（2026-10-07取得）
S06rpoci,椎田,Q5360095,しいだ,shiida,1897-09-25,18,Wikidata Q5360095（2026-10-07取得）
S06sbvjj,新舞子,Q7497116,,shin-maiko,1912,25,Wikidata Q7497116（2026-10-07取得）
S06sd8gt,南生駒,Q6862892,みなみいこま,minami-ikoma,1926-12-28,6,Wikidata Q6862892（2026-10-07取得）
S06skse5,福野,Q5507674,ふくの,fukuno,1897-05-04,27,Wikidata Q5507674（2026-10-07取得）
S06sm6c6,溜池山王,Q277208,ためいけさんのう,tameike-sanno,1997-09-30,65,Wikidata Q277208（2026-10-07取得）
S06spiig,日向,Q5363469,ひゅうが,hyuga,1899-10-12,24,Wikidata Q5363469（2026-10-07取得）
S06sqrwx,大高,Q871424,おおだか,odaka,1886-03-01,38,Wikidata Q871424（2026-10-07取得）
S06ssfie,吹田,Q59351,すいた,suita,1876-08-09,10,Wikidata Q59351（2026-10-07取得）
S06ssfie-2,吹田,Q7635540,すいた,suita,1921,82,Wikidata Q7635540（2026-10-07取得）
S06td46o,九条,Q6442373,,kujo,1921-04-01,3,Wikidata Q6442373（2026-10-07取得）
S06tgwkn,磯子,Q79378,いそご,isogo,1964-05-19,77,Wikidata Q79378（2026-10-07取得）
S06thfrm,岩手上郷,Q3890386,いわてかみごう,iwate-kamigo,1914-04-18,39,Wikidata Q3890386（2026-10-07取得）
S06tl9bs,東塩釜,Q11526434,ひがししおがま,higashi-shiogama,1927-04-18,16,Wikidata Q11526434（2026-10-07取得）
S06tx5cw,南神城,Q6862924,みなみかみしろ,minami-kamishiro,1942-12-15,32,Wikidata Q6862924（2026-10-07取得）
S06tzp75,美浜緑苑,Q6845244,,mihama ryokuen,1987,34,Wikidata Q6845244（2026-10-07取得）
S06u4p1s,南宇都宮,Q6862982,みなみうつのみや,minami-utsunomiya,1932-04-17,34,Wikidata Q6862982（2026-10-07取得）
S06u5crs,近鉄八尾,Q6414378,きんてつやお,kintetsu-yao,1924-10-31,33,Wikidata Q6414378（2026-10-07取得）
S06u6erm,山陽天満,Q7420796,さんようてんま,sanyo-temma,1941-04-27,15,Wikidata Q7420796（2026-10-07取得）
S06u8mux,後潟,Q7901961,うしろがた,ushirogata,1951-12-05,22,Wikidata Q7901961（2026-10-07取得）
S06uw4kb,幡生,Q861522,はたぶ,hatabu,1901-05-27,139,Wikidata Q861522（2026-10-07取得）
S06v3wi9,大通,Q2365150,おおどおり,odori,1971-12-16,82,Wikidata Q2365150（2026-10-07取得）
S06vv71o,王寺,Q856582,おうじ,oji,1890-12-27,55,Wikidata Q856582（2026-10-07取得）
S06w6vnm,東野,Q5754116,,higashino,1933-05-24,15,Wikidata Q5754116（2026-10-07取得）
S06wgjw5,西向日,Q3970300,にしむこう,nishi-muko,1934,62,Wikidata Q3970300（2026-10-07取得）
S06wk9c7,淵垣,Q5506928,ふちがき,fuchigaki,1960-03-29,16,Wikidata Q5506928（2026-10-07取得）
S06xfc5t,永尾,Q6958485,,nagao,1949,31,Wikidata Q6958485（2026-10-07取得）
S06xij8j,犬島新町,Q11571223,いぬじましんまち,inujima-shimmachi,2006-04-29,6,Wikidata Q11571223（2026-10-07取得）
S06y2zel,中央林間,Q906671,ちゅうおうりんかん,chuo-rinkan,1929-04-01,68,Wikidata Q906671（2026-10-07取得）
S06y7jz7,光岡,Q7705341,,teruoka,1934-06-25,6,Wikidata Q7705341（2026-10-07取得）
S06ysils,綱島,Q7937387,つなしま,tsunashima,1926-02-14,8,Wikidata Q7937387（2026-10-07取得）
S06yxdlt,六本松,Q4357453,,ropponmatsu,2005-02-03,29,Wikidata Q4357453（2026-10-07取得）
S06z2bq5,清里町,Q6419076,きよさとちょう,kiyosatocho,1929,15,Wikidata Q6419076（2026-10-07取得）
S06z66hi,亀川,Q5359653,かめがわ,kamegawa,1911-07-16,78,Wikidata Q5359653（2026-10-07取得）
S06z792f,倉敷市,Q10888157,くらしきし,kurashikishi,1948-08-20,62,Wikidata Q10888157（2026-10-07取得）
S06z8qsr,西高岡,Q5359705,にしたかおか,nishi-takaoka,1956-11-19,26,Wikidata Q5359705（2026-10-07取得）
S06zfd4z,尾頭橋,Q871489,おとうばし,otobashi,1995-03-16,2,Wikidata Q871489（2026-10-07取得）
S070tds2,神明,Q11590326,,shinmei,1924-02-23,17,Wikidata Q11590326（2026-10-07取得）
S07193un,長野,Q374916,ながの,nagano,1888-05-01,87,Wikidata Q374916（2026-10-07取得）
S071oke0,大山,Q8081809,おおやま,oyama,1931-08-25,57,Wikidata Q8081809（2026-10-07取得）
S071q9hy,下菅谷,Q7496935,しもすがや,shimo-sugaya,1897-11-16,20,Wikidata Q7496935（2026-10-07取得）
S0723q5h,中水野,Q6960224,なかみずの,nakamizuno,1988-01-31,20,Wikidata Q6960224（2026-10-07取得）
S072eaf2,緑川,Q6842946,,midorikawa,1960-04-01,15,Wikidata Q6842946（2026-10-07取得）
S072fmoo,甲斐大泉,Q3558352,かいおおいずみ,kai-oizumi,1933-07-29,15,Wikidata Q3558352（2026-10-07取得）
S072fnej,森小路,Q2430458,もりしょうじ,morishoji,1931,12,Wikidata Q2430458（2026-10-07取得）
S072r300,玉出,Q125822,たまで,tamade,1958-05-31,47,Wikidata Q125822（2026-10-07取得）
S072v5cg,四ツ木,Q8015357,よつぎ,yotsugi,1912-11-03,29,Wikidata Q8015357（2026-10-07取得）
S073ytcv,南河内,Q6862867,みなみごうち,minami-gochi,1960-11-01,27,Wikidata Q6862867（2026-10-07取得）
S073zojc,行橋,Q5360403,ゆくはし,yukuhashi,1895-08-15,29,Wikidata Q5360403（2026-10-07取得）
S07458cp,西原,Q8190635,にしばら,nishibara,1964-10-01,12,Wikidata Q8190635（2026-10-07取得）
S074cmfn,新日鉄前,Q7497686,,shinnittetsu-mae,1912,55,Wikidata Q7497686（2026-10-07取得）
S074lima,大河端,Q11437101,おこばた,okobata,1925-05-10,35,Wikidata Q11437101（2026-10-07取得）
S074nfli,福島高松,Q5507719,ふくしまたかまつ,fukushima-takamatsu,1949-09-15,1,Wikidata Q5507719（2026-10-07取得）
S075726g,上狛,Q1049010,かみこま,kamikoma,1902,14,Wikidata Q1049010（2026-10-07取得）
S075cg3i,狩生,Q5358631,かりう,kariu,1959-04-15,13,Wikidata Q5358631（2026-10-07取得）
S075z3us,伊勢原,Q4205219,いせはら,isehara,1927-04-01,32,Wikidata Q4205219（2026-10-07取得）
S0769mhh,寺田町,Q1131188,てらだちょう,teradacho,1932-07-16,55,Wikidata Q1131188（2026-10-07取得）
S076avz1,立江,Q7688271,たつえ,tatsue,1916-12-15,15,Wikidata Q7688271（2026-10-07取得）
S076tax9,上溝,Q6358129,かみみぞ,kamimizo,1931-04-29,20,Wikidata Q6358129（2026-10-07取得）
S077544z,守山自衛隊前,Q6912440,,moriyama-jieitai-mae,1905,31,Wikidata Q6912440（2026-10-07取得）
S077eunc,羽生田,Q5651465,はにゅうだ,hanyuda,1903-04-19,19,Wikidata Q5651465（2026-10-07取得）
S077kkd4,出雲八代,Q6102418,いずもやしろ,izumo yashiro,1932-12-18,6,Wikidata Q6102418（2026-10-07取得）
S077ogod,枚岡,Q11533397,ひらおか,hiraoka,1914-04-30,40,Wikidata Q11533397（2026-10-07取得）
S07875sl,勢浜,Q7446696,,seihama,1961-07-15,39,Wikidata Q7446696（2026-10-07取得）
S0788d5p,白石,Q7498921,,shiroishi,1908-06-01,11,Wikidata Q7498921（2026-10-07取得）
S078qqu1,西野尻,Q11629755,にしのじり,nishi-nojiri,1931,33,Wikidata Q11629755（2026-10-07取得）
S078smxp,久我原,Q6441938,くがはら,kugahara,1960-06-20,8,Wikidata Q6441938（2026-10-07取得）
S078x51w,和知,Q870939,わち,wachi,1910-08-25,14,Wikidata Q870939（2026-10-07取得）
S07935ql,陸中門崎,Q7334117,りくちゅうかんざき,rikuchu-kanzaki,1925-07-26,26,Wikidata Q7334117（2026-10-07取得）
S079906x,安食,Q864215,あじき,ajiki,1901-02-02,26,Wikidata Q864215（2026-10-07取得）
S079fgtq,米ノ津,Q11603963,こめのつ,komenotsu,1923-10-15,17,Wikidata Q11603963（2026-10-07取得）
S079hs3b,小波渡,Q11462584,こばと,kobato,1944-10-01,17,Wikidata Q11462584（2026-10-07取得）
S079ik8m,湯里,Q5355643,ゆさと,yusato,1935-05-01,8,Wikidata Q5355643（2026-10-07取得）
S079k6b1,的形,Q6787732,まとがた,matogata,1923-08-19,56,Wikidata Q6787732（2026-10-07取得）
S07aertu,津軽湯の沢,Q7849963,つがるゆのさわ,tsugaru-yunosawa,1949-06-01,11,Wikidata Q7849963（2026-10-07取得）
S07aiurs,奈多,Q6967916,,nata,1960-08-01,31,Wikidata Q6967916（2026-10-07取得）
S07auajj,若狭高浜,Q7960833,,wakasa-takahama,1921-04-03,5,Wikidata Q7960833（2026-10-07取得）
S07b4bew,駒ヶ谷,Q6428062,こまがたに,komagatani,1929-03-29,42,Wikidata Q6428062（2026-10-07取得）
S07bhea6,JR藤森,Q1048325,ジェイアールふじのもり,jr fujinomori,1997,43,Wikidata Q1048325（2026-10-07取得）
S07bhip9,松井田,Q5357126,まついだ,matsuida,1885-10-15,21,Wikidata Q5357126（2026-10-07取得）
S07bm1nt,中名,Q871029,なかみょう,nakamyo,1934-05-20,25,Wikidata Q871029（2026-10-07取得）
S07c2efz,杜せきのした,Q11098774,もりせきのした,morisekinoshita,2007-03-18,7,Wikidata Q11098774（2026-10-07取得）
S07cft3z,東中間,Q11523892,,higashi-nakama,1956,78,Wikidata Q11523892（2026-10-07取得）
S07dj43s,浜松町,Q800873,はままつちょう,hamamatsucho,1909-12-16,50,Wikidata Q800873（2026-10-07取得）
S07dp097,神保町,Q76805,じんぼうちょう,jimbocho,1972-06-30,42,Wikidata Q76805（2026-10-07取得）
S07dqfeu,日吉町,Q11505064,ひよしちょう,hiyoshicho,1908,35,Wikidata Q11505064（2026-10-07取得）
S07dqqpb,三越前,Q76898,みつこしまえ,mitsukoshimae,1932-04-29,190,Wikidata Q76898（2026-10-07取得）
S07e0qo6,富士川,Q871702,ふじかわ,fujikawa,1889-02-01,34,Wikidata Q871702（2026-10-07取得）
S07ehnpt,東三国,Q1136561,ひがしみくに,higashi-mikuni,1970-02-24,38,Wikidata Q1136561（2026-10-07取得）
S07elbpg,磐城棚倉,Q11587870,いわきたなくら,iwaki-tanakura,1916-11-29,33,Wikidata Q11587870（2026-10-07取得）
S07epgpi,菊名,Q801006,きくな,kikuna,1926-02-14,68,Wikidata Q801006（2026-10-07取得）
S07eqesx,西小倉,Q5360805,にしこくら,nishi-kokura,1974-12-14,10,Wikidata Q5360805（2026-10-07取得）
S07ezf58,大道,Q5209088,だいどう,daido,1900-12-03,2,Wikidata Q5209088（2026-10-07取得）
S07f0m9f,特牛,Q6434348,こっとい,kottoi,1928-09-09,6,Wikidata Q6434348（2026-10-07取得）
S07hiezo,新琴似,Q128201,しんことに,shin-kotoni,1934,7,Wikidata Q128201（2026-10-07取得）
S07hiyl2,三郷,Q856606,さんごう,sango,1980-03-03,31,Wikidata Q856606（2026-10-07取得）
S07hoa69,平野,Q5769424,,hirano,1913-04-13,21,Wikidata Q5769424（2026-10-07取得）
S07jtc93,多磨霊園,Q7680496,たまれいえん,tama-reien,1916-10-31,82,Wikidata Q7680496（2026-10-07取得）
S07jtfcj,水無瀬,Q3970142,,minase,1939,47,Wikidata Q3970142（2026-10-07取得）
S07kaye9,木造,Q11519398,きづくり,kizukuri,1924-12-21,13,Wikidata Q11519398（2026-10-07取得）
S07l8as7,阿南,Q4751223,あなん,anan,1936-03-27,103,Wikidata Q4751223（2026-10-07取得）
S07lrun3,川原町,Q6379686,かわらまち,kawaramachi,1929,81,Wikidata Q6379686（2026-10-07取得）
S07m72gb,長堀橋,Q1038083,ながほりばし,nagahoribashi,1969-12-06,49,Wikidata Q1038083（2026-10-07取得）
S07mexlg,東郡家,Q5753668,ひがしこおげ,higashi-koge,1956-11-01,27,Wikidata Q5753668（2026-10-07取得）
S07mnf4j,若狭和田,Q7960834,,wakasa-wada,1934-06-01,40,Wikidata Q7960834（2026-10-07取得）
S07nxowo,福岡,Q5361592,ふくおか,fukuoka,1898-11-01,11,Wikidata Q5361592（2026-10-07取得）
S07oj568,湯江,Q5355790,ゆえ,yue,1934-03-24,87,Wikidata Q5355790（2026-10-07取得）
S07ojzjl,三里木,Q7418923,,sanrigi,1914-06-21,54,Wikidata Q7418923（2026-10-07取得）
S07p5n1s,中判田,Q6960160,,nakahanda,1914-04-01,78,Wikidata Q6960160（2026-10-07取得）
S07pjv79,喜々津,Q5356036,ききつ,kikitsu,1898-11-27,18,Wikidata Q5356036（2026-10-07取得）
S07pl1d2,竜田川,Q7688343,たつたがわ,tatsutagawa,1926-11-01,64,Wikidata Q7688343（2026-10-07取得）
S07q0f4y,膳,Q8192788,ぜん,zen,1928-11-10,21,Wikidata Q8192788（2026-10-07取得）
S07q9dag,小淵沢,Q842899,こぶちざわ,kobuchizawa,1904-12-21,27,Wikidata Q842899（2026-10-07取得）
S07qadyg,長津田,Q801229,ながつた,nagatsuta,1908-09-23,69,Wikidata Q801229（2026-10-07取得）
S07qau1g,日奈久温泉,Q11505237,ひなぐおんせん,hinagu onsen,1923-07-15,6,Wikidata Q11505237（2026-10-07取得）
S07qmyd9,笹川,Q7424969,ささがわ,sasagawa,1931-11-10,19,Wikidata Q7424969（2026-10-07取得）
S07rfbx8,東日本橋,Q906172,ひがしにほんばし,higashi-nihonbashi,1962-05-31,33,Wikidata Q906172（2026-10-07取得）
S07rgrqs,呉ポートピア,Q6445833,くれポートピア,kure-portopia,1992-03-19,36,Wikidata Q6445833（2026-10-07取得）
S07rpb00,学文路,Q6359870,かむろ,kamuro,1924-11-01,45,Wikidata Q6359870（2026-10-07取得）
S07rpxbd,北田辺,Q6417611,きたたなべ,kita-tanabe,1923-12-28,40,Wikidata Q6417611（2026-10-07取得）
S07rs05u,土佐新荘,Q7827531,とさしんじょう,tosa-shinjo,1939-11-15,10,Wikidata Q7827531（2026-10-07取得）
S07sezms,窪川,Q6441296,くぼかわ,kubokawa,1951-11-12,31,Wikidata Q6441296（2026-10-07取得）
S07srj5y,足滝,Q4805058,あしだき,ashidaki,1937-04-01,22,Wikidata Q4805058（2026-10-07取得）
S07ta000,船津,Q5508746,ふなつ,funatsu,1929,32,Wikidata Q5508746（2026-10-07取得）
S07tp23b,溝の口,Q5366296,みぞのくち,mizonokuchi,1927-07-15,29,Wikidata Q5366296（2026-10-07取得）
S07tyy39,真幸,Q6782461,,masaki,1911-03-11,3,Wikidata Q6782461（2026-10-07取得）
S07tz943,彼杵,Q7562156,,sonogi,1898-01-20,35,Wikidata Q7562156（2026-10-07取得）
S07ubmnh,長町,Q131842883,ながまち,nagamachi,1987-07-15,81,Wikidata Q131842883（2026-10-07取得）
S07ur8bm,目出,Q6805205,めで,mede,1915-11-25,34,Wikidata Q6805205（2026-10-07取得）
S07w1ds2,Jヴィレッジ,Q55530499,ジェイビレッジ,j-village,2019-04-20,57,Wikidata Q55530499（2026-10-07取得）
S07wg7bz,橋本,Q800895,はしもと,hashimoto,1908-09-23,45,Wikidata Q800895（2026-10-07取得）
S07wncg2,沢ノ町,Q7428584,さわのちょう,sawanocho,1942-02-15,21,Wikidata Q7428584（2026-10-07取得）
S07ws7iz,渡島沼尻,Q898620,おしまぬまじり,oshima-numajiri,1945-06-01,20,Wikidata Q898620（2026-10-07取得）
S07xkoeh,豊野,Q5355867,とよの,toyono,1898-09-01,60,Wikidata Q5355867（2026-10-07取得）
S07xkscm,河内天美,Q6379447,かわちあまみ,kawachi-amami,1923-04-13,77,Wikidata Q6379447（2026-10-07取得）
S07xt6ql,稲荷口,Q8190406,,inariguchi,1954,27,Wikidata Q8190406（2026-10-07取得）
S07xx4kf,浦安,Q1077988,うらやす,urayasu,1969-03-29,14,Wikidata Q1077988（2026-10-07取得）
S07y04ew,宇頭,Q7903518,,uto,1923,13,Wikidata Q7903518（2026-10-07取得）
S07y4gb7,新吉野,Q899315,,shin-yoshino,1910-01-07,30,Wikidata Q899315（2026-10-07取得）
S07yamsh,平林,Q11483132,ひらばやし,hirabayashi,1944,1,Wikidata Q11483132（2026-10-07取得）
S07yglnc,豊川稲荷,Q7830673,,toyokawa-inari,1954,37,Wikidata Q7830673（2026-10-07取得）
S07ynof9,良川,Q8056106,よしかわ,yoshikawa,1901-06-15,29,Wikidata Q8056106（2026-10-07取得）
S07yqo0c,泉体育館,Q6102266,いずみたいいくかん,izumi-taiikukan,1998-11-27,12,Wikidata Q6102266（2026-10-07取得）
S07yukmr,我孫子前,Q281912,あびこまえ,abikomae,1912-10-10,62,Wikidata Q281912（2026-10-07取得）
S07z41po,楠久,Q11541157,くすく,kusuku,1930-03-21,30,Wikidata Q11541157（2026-10-07取得）
S07zhxws,大島,Q1040931,おおじま,ojima,1978-12-21,114,Wikidata Q1040931（2026-10-07取得）
S07zjsrg,豪渓,Q5627757,ごうけい,gokei,1925-04-17,17,Wikidata Q5627757（2026-10-07取得）
S07znh1r,田原町,Q7689222,,tawaramachi,1937-04-01,11,Wikidata Q7689222（2026-10-07取得）
S07zrkwn,藤岡,Q5507472,ふじおか,fujioka,1929-04-01,27,Wikidata Q5507472（2026-10-07取得）
S07ztphg,紀伊長島,Q5357703,きいながしま,kii-nagashima,1930-04-29,31,Wikidata Q5357703（2026-10-07取得）
S07zwz5v,絹延橋,Q6414428,,kinunobebashi,1913-04-13,20,Wikidata Q6414428（2026-10-07取得）
S07zx1q3,東唐津,Q5753595,ひがしからつ,higashi-karatsu,1925-06-15,70,Wikidata Q5753595（2026-10-07取得）
S07zy5hd,稲田,Q6013353,いなだ,inada,1897-06-05,75,Wikidata Q6013353（2026-10-07取得）
S080gjny,あおば通,Q4778563,あおばどおり,aoba-dori,2000-03-11,16,Wikidata Q4778563（2026-10-07取得）
S080pgi8,南阿蘇白川水源,Q11408720,みなみあそしらかわすいげん,minamiaso-shirakawasuigen,2012-03-17,35,Wikidata Q11408720（2026-10-07取得）
S080v7y3,湯野上温泉,Q8061357,ゆのかみおんせん,yunokami-onsen,1932-12-22,22,Wikidata Q8061357（2026-10-07取得）
S080vl23,立会川,Q3019280,たちあいがわ,tachiaigawa,1904-05-08,23,Wikidata Q3019280（2026-10-07取得）
S0814uox,桑野,Q6449058,くわの,kuwano,1936-03-27,38,Wikidata Q6449058（2026-10-07取得）
S08165nc,松浦,Q6788226,まつうら,matsuura,1933-06-25,34,Wikidata Q6788226（2026-10-07取得）
S081lzuu,釜石,Q3892979,かまいし,kamaishi,1939-09-17,4,Wikidata Q3892979（2026-10-07取得）
S081wm6i,座間,Q4160705,ざま,zama,1927-07-28,33,Wikidata Q4160705（2026-10-07取得）
S082fyx6,竜ヶ崎,Q7385617,りゅうがさき,ryugasaki,1900,26,Wikidata Q7385617（2026-10-07取得）
S082oesl,押野,Q11497729,おしの,oshino,1915-06-02,45,Wikidata Q11497729（2026-10-07取得）
S082xsdu,浦山,Q7899809,,urayama,1922-11-05,50,Wikidata Q7899809（2026-10-07取得）
S0842bst,六田,Q6931506,むだ,muda,1925-10-25,14,Wikidata Q6931506（2026-10-07取得）
S084hmlj,小幌,Q5370732,こぼろ,koboro,1943-09-25,19,Wikidata Q5370732（2026-10-07取得）
S084tj6v,新横浜,Q801437,しんよこはま,shin‐yokohama,1964-10-01,74,Wikidata Q801437（2026-10-07取得）
S085fwjn,磐梯町,Q4854335,ばんだいまち,bandaimachi,1899-07-15,58,Wikidata Q4854335（2026-10-07取得）
S085kt0w,額田,Q7068851,,nukata,1920-07-13,58,Wikidata Q7068851（2026-10-07取得）
S0861lg2,立川北,Q844136,たちかわきた,tachikawa-kita,1998-11-27,60,Wikidata Q844136（2026-10-07取得）
S086ffby,豊後森,Q4997666,ぶんごもり,bungo-mori,1929-12-15,70,Wikidata Q4997666（2026-10-07取得）
S086ht7j,紀伊新庄,Q2888734,きいしんじょう,kii-shinjo,1933-12-20,6,Wikidata Q2888734（2026-10-07取得）
S086r27n,後台,Q5576119,ごだい,godai,1935-09-01,39,Wikidata Q5576119（2026-10-07取得）
S087g1tq,三鷹,Q546655,みたか,mitaka,1929-09-01,15,Wikidata Q546655（2026-10-07取得）
S087iria,柳原,Q11534168,やなぎはら,yanagihara,1926-06-28,40,Wikidata Q11534168（2026-10-07取得）
S087rm7o,小野,Q7094422,おの,ono,1906-06-11,17,Wikidata Q7094422（2026-10-07取得）
S087rnh6,水沢江刺,Q1136658,みずさわえさし,mizusawa-esashi,1985,20,Wikidata Q1136658（2026-10-07取得）
S087ujw7,川口,Q735498,かわぐち,kawaguchi,1910-09-10,17,Wikidata Q735498（2026-10-07取得）
S088pmk4,中神,Q8013086,なかがみ,nakagami,1908-05-16,11,Wikidata Q8013086（2026-10-07取得）
S0895r51,萩野,Q5638740,,hagino,1907-12-25,42,Wikidata Q5638740（2026-10-07取得）
S0898kor,曽根,Q3971020,,sone,1912,67,Wikidata Q3971020（2026-10-07取得）
S08999ql,氷川台,Q93680,ひかわだい,hikawadai,1983-06-24,47,Wikidata Q93680（2026-10-07取得）
S08a44xd,鳴海,Q6966454,,narumi,1917-05-08,36,Wikidata Q6966454（2026-10-07取得）
S08ant09,ウッディタウン中央,Q8033703,ウッディタウンちゅうおう,woody town chuo,1996,17,Wikidata Q8033703（2026-10-07取得）
S08bcdu0,伊予吉田,Q899582,いよよしだ,iyo-yoshida,1941-07-02,52,Wikidata Q899582（2026-10-07取得）
S08bhbg7,紀伊清水,Q6406048,きいしみず,kii-shimizu,1925-03-15,45,Wikidata Q6406048（2026-10-07取得）
S08bpb4p,大門,Q5209456,だいもん,daimon,1897-12-26,35,Wikidata Q5209456（2026-10-07取得）
S08cwjh9,高科,Q7677399,たかしな,takashina,1989-03-25,14,Wikidata Q7677399（2026-10-07取得）
S08cznvy,小俣,Q7074642,おばた,obata,1931-07-04,43,Wikidata Q7074642（2026-10-07取得）
S08e7dra,久原,Q11369206,くばら,kubara,1930-10-01,77,Wikidata Q11369206（2026-10-07取得）
S08eiffx,西屋敷,Q5360362,にしやしき,nishiyashiki,1926-09-01,73,Wikidata Q5360362（2026-10-07取得）
S08ek6mx,吉野生,Q4388407,よしのぶ,yoshinobu,1923-12-12,29,Wikidata Q4388407（2026-10-07取得）
S08elvaw,上越妙高,Q15629351,じょうえつみょうこう,joetsumyoko,1918-11-01,31,Wikidata Q15629351（2026-10-07取得）
S08ew3eh,関山,Q5355635,せきやま,sekiyama,1886-08-15,62,Wikidata Q5355635（2026-10-07取得）
S08fp7jb,楯山,Q7688025,たてやま,tateyama,1933-10-27,17,Wikidata Q7688025（2026-10-07取得）
S08fqkdb,新宮中央,Q5359535,しんぐうちゅうおう,shingu-chuo,2010-03-13,52,Wikidata Q5359535（2026-10-07取得）
S08fyaha,阿蘇白川,Q11657660,あそしらかわ,aso-shirakawa,1928-02-12,14,Wikidata Q11657660（2026-10-07取得）
S08g1jqq,海田市,Q5358715,かいたいち,kaitaichi,1894-06-10,23,Wikidata Q5358715（2026-10-07取得）
S08g2hn7,河内永和,Q1942407,かわちえいわ,kawachi-eiwa,1938-02-01,14,Wikidata Q1942407（2026-10-07取得）
S08gz7mc,門田,Q11655048,もんでん,monden,1927-11-01,26,Wikidata Q11655048（2026-10-07取得）
S08hhhhs,白山長滝,Q5640655,はくさんながたき,hakusan-nagataki,1988-08-06,9,Wikidata Q5640655（2026-10-07取得）
S08hs4mo,千駄木,Q390662,せんだぎ,sendagi,1969-12-20,75,Wikidata Q390662（2026-10-07取得）
S08hwnyp,幕張,Q908755,まくはり,makuhari,1984-12-09,20,Wikidata Q908755（2026-10-07取得）
S08hypcq,上杉,Q11359259,かみすぎ,kamisugi,1965-11-21,26,Wikidata Q11359259（2026-10-07取得）
S08is16k,浅香,Q1043687,あさか,asaka,1937,35,Wikidata Q1043687（2026-10-07取得）
S08jcbx2,志文,Q7496085,,shibun,1902-08-01,78,Wikidata Q7496085（2026-10-07取得）
S08jvqh2,内郷,Q5353538,うちごう,uchigo,1897-02-25,31,Wikidata Q5353538（2026-10-07取得）
S08kiq2x,富士見町,Q4207957,ふじみちょう,fujimicho,1987-11-01,33,Wikidata Q4207957（2026-10-07取得）
S08kokhy,豊永,Q901431,,toyonaga,1934-10-28,26,Wikidata Q901431（2026-10-07取得）
S08ktk08,高幡不動,Q1064614,たかはたふどう,takahatafudo,1925-03-24,42,Wikidata Q1064614（2026-10-07取得）
S08kucvf,熊野市,Q5357377,くまのし,kumanoshi,1940-08-08,14,Wikidata Q5357377（2026-10-07取得）
S08l434n,湯の山温泉,Q8061376,ゆのやまおんせん,yunoyama-onsen,1963,28,Wikidata Q8061376（2026-10-07取得）
S08l89u1,土師,Q3610972,はじ,haji,1932-07-01,11,Wikidata Q3610972（2026-10-07取得）
S08lbgow,みのり台,Q6869225,みのりだい,minoridai,1955-04-21,49,Wikidata Q6869225（2026-10-07取得）
S08lsia9,愛・地球博記念公園,Q861802,,aichikyuhaku-kinen-koen,2005-03-06,26,Wikidata Q861802（2026-10-07取得）
S08lyil1,橿原神宮西口,Q6374284,かしはらじんぐうにしぐち,kashiharajingu-nishiguchi,1929-03-29,46,Wikidata Q6374284（2026-10-07取得）
S08mcrdr,出戸浜,Q11395640,でとはま,detohama,1950-07-25,18,Wikidata Q11395640（2026-10-07取得）
S08ob3al,中野松川,Q11367627,なかのまつかわ,nakanomatsukawa,1927-04-28,12,Wikidata Q11367627（2026-10-07取得）
S08od2qr,元山,Q6918571,もとやま,motoyama,1955-04-21,15,Wikidata Q6918571（2026-10-07取得）
S08oggyb,郡上八幡,Q5617092,ぐじょうはちまん,gujo-hachiman,1929-12-08,34,Wikidata Q5617092（2026-10-07取得）
S08ovzz1,三川,Q6845747,みかわ,mikawa,1913-06-01,18,Wikidata Q6845747（2026-10-07取得）
S08p4evz,飯倉,Q5363230,いいぐら,iigura,1964-10-01,104,Wikidata Q5363230（2026-10-07取得）
S08pak8l,陣場,Q6199149,じんば,jimba,1899-06-21,12,Wikidata Q6199149（2026-10-07取得）
S08pg1iu,鶴形,Q7850271,つるがた,tsurugata,1949-12,5,Wikidata Q7850271（2026-10-07取得）
S08pr0vk,太秦天神川,Q2374167,うずまさてんじんがわ,uzumasa tenjingawa,2008-01-16,47,Wikidata Q2374167（2026-10-07取得）
S08q058t,富士松,Q5507435,,fujimatsu,1923,26,Wikidata Q5507435（2026-10-07取得）
S08qk2bf,塚田,Q7850035,つかだ,tsukada,1923-12-27,17,Wikidata Q7850035（2026-10-07取得）
S08rz4fy,白石蔵王,Q1136524,しろいしざおう,shiroishi-zao,1982,47,Wikidata Q1136524（2026-10-07取得）
S08s0on5,東名古屋港,Q5753743,,higashi-nagoyako,1924,20,Wikidata Q5753743（2026-10-07取得）
S08s379r,下山村,Q985234,しもやまむら,shimoyamamura,1926-12-17,18,Wikidata Q985234（2026-10-07取得）
S08s9phc,越後下関,Q5332420,えちごしもせき,echigo-shimoseki,1931-08-10,23,Wikidata Q5332420（2026-10-07取得）
S08sy97q,平内,Q5769402,ひらない,hiranai,1959-02-05,15,Wikidata Q5769402（2026-10-07取得）
S08taq73,幕張本郷,Q906124,まくはりほんごう,makuhari-hongo,1981-10-01,19,Wikidata Q906124（2026-10-07取得）
S08ti8iz,大森・金城学院前,Q8081631,,omori-kinjogakuin-mae,1905,7,Wikidata Q8081631（2026-10-07取得）
S08tl1wf,佐貫,Q865225,さぬき,sanuki,1896,60,Wikidata Q865225（2026-10-07取得）
S08tolvl,ポートタウン西,Q180510,ポートタウンにし,port town-nishi,1981-03-16,7,Wikidata Q180510（2026-10-07取得）
S08tr2qh,元山上口,Q6918516,もとさんじょうぐち,motosanjoguchi,1926-10-21,44,Wikidata Q6918516（2026-10-07取得）
S08v79so,聖高原,Q3883270,ひじりこうげん,hijiri-kogen,1900-11-01,6,Wikidata Q3883270（2026-10-07取得）
S08vadqc,千代,Q906058,ちよ,chiyo,1932-10-30,16,Wikidata Q906058（2026-10-07取得）
S08vfwsw,下市田,Q385976,しもいちだ,shimo-ichida,1923-03-18,31,Wikidata Q385976（2026-10-07取得）
S08vpml1,偕楽園,Q6348234,かいらくえん,kairakuen,1925-02-02,15,Wikidata Q6348234（2026-10-07取得）
S08wlnon,小田井,Q7108380,おたい,otai,1991-12-01,63,Wikidata Q7108380（2026-10-07取得）
S08wpbyz,ひたち野うしく,Q5364808,ひたちのうしく,hitachino-ushiku,1998-03-14,68,Wikidata Q5364808（2026-10-07取得）
S08x1o24,神谷,Q6358616,,kamiya,1953,9,Wikidata Q6358616（2026-10-07取得）
S08xlbv6,坂根,Q7402819,さかね,sakane,1930-02-10,10,Wikidata Q7402819（2026-10-07取得）
S08xmjkd,井野,Q11373793,いの,ino,1983-09-22,32,Wikidata Q11373793（2026-10-07取得）
S08yncrc,富野荘,Q7821630,,tonosho,1928-11-03,19,Wikidata Q7821630（2026-10-07取得）
S08ynqq7,川前,Q6379603,かわまえ,kawamae,1917-10-10,71,Wikidata Q6379603（2026-10-07取得）
S08zgqmv,安曇追分,Q4833079,あずみおいわけ,azumi-oiwake,1915-11-16,55,Wikidata Q4833079（2026-10-07取得）
S09056f7,尾張瀬戸,Q7114294,,owari seto,1905,27,Wikidata Q7114294（2026-10-07取得）
S090bdxr,光風台,Q6455110,,kofudai,1978-10-16,42,Wikidata Q6455110（2026-10-07取得）
S090tax3,西新,Q4357476,にしじん,nishijin,1981-07-26,70,Wikidata Q4357476（2026-10-07取得）
S0922enh,阪東橋,Q852854,ばんどうばし,bandobashi,1972-12-16,20,Wikidata Q852854（2026-10-07取得）
S092ex5p,小山,Q801312,おやま,oyama,1885-07-16,83,Wikidata Q801312（2026-10-07取得）
S092od19,紀伊由良,Q3205743,きいゆら,kii-yura,1928-10-28,24,Wikidata Q3205743（2026-10-07取得）
S092sw9k,保津峡,Q130505,ほづきょう,hozukyo,1929,6,Wikidata Q130505（2026-10-07取得）
S0936kvs,武庫,Q6933568,むこ,muko,1961-08-23,4,Wikidata Q6933568（2026-10-07取得）
S093ik7d,吹上,Q845096,ふきあげ,fukiage,1885-03-01,78,Wikidata Q845096（2026-10-07取得）
S093j2ox,津古,Q11555964,つこ,tsuko,1924-04-12,59,Wikidata Q11555964（2026-10-07取得）
S094w7iw,多久,Q5363258,たく,taku,1899-12-25,46,Wikidata Q5363258（2026-10-07取得）
S094zx61,浮孔,Q7878310,うきあな,ukiana,1929-03-29,85,Wikidata Q7878310（2026-10-07取得）
S0956s1v,中埠頭,Q11363501,なかふとう,naka futo,1981-02-05,16,Wikidata Q11363501（2026-10-07取得）
S095fizs,浅川,Q4803422,あさかわ,asakawa,1973-10-01,21,Wikidata Q4803422（2026-10-07取得）
S095jbs6,唐津,Q852147,,karatsu,1896-12-01,97,Wikidata Q852147（2026-10-07取得）
S095xfg3,大竹,Q5358298,おおたけ,otake,1897-09-25,37,Wikidata Q5358298（2026-10-07取得）
S0966t3y,篠塚,Q7497734,しのづか,shinozuka,1917-03-12,27,Wikidata Q7497734（2026-10-07取得）
S0968wpv,土浦,Q5364280,つちうら,tsuchiura,1895-11-04,80,Wikidata Q5364280（2026-10-07取得）
S096cbdg,石浜,Q6080197,いしはま,ishihama,1957-04-15,46,Wikidata Q6080197（2026-10-07取得）
S096el8y,都筑ふれあいの丘,Q7850400,つづきふれあいのおか,tsuzuki-fureai-no-oka,2008-03-30,6,Wikidata Q7850400（2026-10-07取得）
S096hsnn,西ノ口,Q7040667,,nishinokuchi,1913,223,Wikidata Q7040667（2026-10-07取得）
S096i2ov,金剛,Q6429296,こんごう,kongo,1937-04-19,3,Wikidata Q6429296（2026-10-07取得）
S096kabz,能生,Q5359845,のう,no,1912-12-16,22,Wikidata Q5359845（2026-10-07取得）
S096kd0l,東水戸,Q11527562,ひがしみと,higashi-mito,1985-03-14,7,Wikidata Q11527562（2026-10-07取得）
S096r69j,岩波,Q5357457,いわなみ,iwanami,1911-05-01,106,Wikidata Q5357457（2026-10-07取得）
S096z6v9,本宮,Q873962,もとみや,motomiya,1887-12-15,49,Wikidata Q873962（2026-10-07取得）
S097fvo6,小古曽,Q7080219,おごそ,ogoso,1922-01-10,19,Wikidata Q7080219（2026-10-07取得）
S097t3gh,明大前,Q906793,めいだいまえ,meidaimae,1913-04-15,40,Wikidata Q906793（2026-10-07取得）
S098143w,入野,Q5358744,にゅうの,nyuno,1953-12-25,20,Wikidata Q5358744（2026-10-07取得）
S098o3hb,箱崎,Q5359763,はこざき,hakozaki,1890-09-28,44,Wikidata Q5359763（2026-10-07取得）
S098qief,法善寺,Q5965272,ほうぜんじ,hozenji,1927-07-01,8,Wikidata Q5965272（2026-10-07取得）
S099f9j6,おもろまち,Q7090660,,omoromachi,2003,6,Wikidata Q7090660（2026-10-07取得）
S099hbdi,福大前西福井,Q5507621,,fukudaimae nishifukui,1928-12-30,29,Wikidata Q5507621（2026-10-07取得）
S099l1n7,金沢,Q1136378,かなざわ,kanazawa,1898-04-01,25,Wikidata Q1136378（2026-10-07取得）
S09a95j5,新家,Q857033,,shinge,1930,13,Wikidata Q857033（2026-10-07取得）
S09ash2a,泉福寺,Q11554904,せんぷくじ,senpukuji,1989-03-11,60,Wikidata Q11554904（2026-10-07取得）
S09az4e1,法隆寺,Q856458,ほうりゅうじ,horyuji,1890,29,Wikidata Q856458（2026-10-07取得）
S09c0yb7,摩耶,Q21065663,まや,maya,2016-03-26,41,Wikidata Q21065663（2026-10-07取得）
S09c39kc,豊春,Q5368674,とよはる,toyoharu,1969-11-17,3,Wikidata Q5368674（2026-10-07取得）
S09c6jt0,河内花園,Q6379452,,kawachi-hanazono,1915-06-15,11,Wikidata Q6379452（2026-10-07取得）
S09c769d,野崎,Q855914,のざき,nozaki,1899,28,Wikidata Q855914（2026-10-07取得）
S09d97pa,東大更,Q11526488,ひがしおおぶけ,higashi-obuke,1960-12-01,28,Wikidata Q11526488（2026-10-07取得）
S09ddq9x,琴電琴平,Q11573814,ことでんことひら,kotoden-kotohira,1927-03-15,58,Wikidata Q11573814（2026-10-07取得）
S09dfztm,加納,Q5357469,かのう,kano,1989-03-11,62,Wikidata Q5357469（2026-10-07取得）
S09dhyex,相原,Q844635,あいはら,aihara,1908-09-23,8,Wikidata Q844635（2026-10-07取得）
S09e0fz1,賀田,Q5357545,かた,kata,1959-07-15,40,Wikidata Q5357545（2026-10-07取得）
S09e0jwj,北山田,Q6417619,きたやまた,kita-yamata,2008-03-30,16,Wikidata Q6417619（2026-10-07取得）
S09epaqs,浦佐,Q1138368,うらさ,urasa,1923-09-01,43,Wikidata Q1138368（2026-10-07取得）
S09eplhy,間藤,Q6792161,まとう,mato,1914-11-01,8,Wikidata Q6792161（2026-10-07取得）
S09f6uwe,野洲,Q1042474,やす,yasu,1891-06-16,58,Wikidata Q1042474（2026-10-07取得）
S09faddf,那覇空港,Q841429,なはくうこう,naha airport,2003-08-10,22,Wikidata Q841429（2026-10-07取得）
S09fbw42,和泉中央,Q6102264,いずみちゅうおう,izumi-chuo,1995-04-01,54,Wikidata Q6102264（2026-10-07取得）
S09fdpkr,北大野,Q6417642,きたおおの,kita-ono,1968-03-25,5,Wikidata Q6417642（2026-10-07取得）
S09grh4h,東新宿,Q112503,ひがししんじゅく,higashi-shinjuku,2000-12-12,124,Wikidata Q112503（2026-10-07取得）
S09h78bm,布師田,Q7069914,,nunoshida,1952-04-15,22,Wikidata Q7069914（2026-10-07取得）
S09hqsdl,西二見,Q7040333,にしふたみ,nishi-futami,2004-08-21,33,Wikidata Q7040333（2026-10-07取得）
S09hth91,瀬野,Q5358731,せの,seno,1895-06-10,16,Wikidata Q5358731（2026-10-07取得）
S09i6okv,白市,Q5358575,しらいち,shiraichi,1895-01-25,35,Wikidata Q5358575（2026-10-07取得）
S09ip15g,麻布十番,Q112382,あざぶじゅうばん,azabu-juban,2000-09-26,108,Wikidata Q112382（2026-10-07取得）
S09j0byg,館山,Q553883,たてやま,tateyama,1919-05-24,4,Wikidata Q553883（2026-10-07取得）
S09j2ml8,川辺沖,Q6379436,かわべおき,kawabeoki,1959-06-01,25,Wikidata Q6379436（2026-10-07取得）
S09jqtxu,可児川,Q6363158,,kanigawa,1925-04-24,35,Wikidata Q6363158（2026-10-07取得）
S09k4y57,桜沢,Q3701568,さくらざわ,sakurazawa,1989-04-01,113,Wikidata Q3701568（2026-10-07取得）
S09k8wfu,ひらんだ,Q5769417,ひらんだ,hiranda,1990-10-02,11,Wikidata Q5769417（2026-10-07取得）
S09kj98x,広瀬通,Q5770742,,hirose-dori,1987-07-15,37,Wikidata Q5770742（2026-10-07取得）
S09kr6s5,恵我ノ荘,Q5347687,えがのしょう,eganosho,1924-06-01,37,Wikidata Q5347687（2026-10-07取得）
S09l08qt,大間越,Q8081604,おおまごし,omagoshi,1930-12-26,2,Wikidata Q8081604（2026-10-07取得）
S09l1jis,二子新地,Q5510461,ふたこしんち,futako-shinchi,1927-07-15,34,Wikidata Q5510461（2026-10-07取得）
S09l4rx0,下田,Q5357199,しもだ,shimoda,1891-12-20,4,Wikidata Q5357199（2026-10-07取得）
S09l7q2o,西鉄久留米,Q7040736,にしてつくるめ,nishitetsu kurume,1924,12,Wikidata Q7040736（2026-10-07取得）
S09lgb0z,大洋,Q7676666,たいよう,taiyo,1985-03-14,20,Wikidata Q7676666（2026-10-07取得）
S09ls4hf,西武新宿,Q167299,せいぶしんじゅく,seibu-shinjuku,1952-03-25,34,Wikidata Q167299（2026-10-07取得）
S09ltwka,二十四軒,Q3563766,にじゅうよんけん,nijuyon-ken,1976-06-10,42,Wikidata Q3563766（2026-10-07取得）
S09manl6,穴川,Q4750827,あながわ,anagawa,1929,21,Wikidata Q4750827（2026-10-07取得）
S09mdqta,田島高校前,Q7676862,たじまこうこうまえ,tajima-koko-mae,1951-12-01,25,Wikidata Q7676862（2026-10-07取得）
S09n51us,長町一丁目,Q6958400,,nagamachi-itchome,1987-07-15,16,Wikidata Q6958400（2026-10-07取得）
S09nows1,北白川,Q898890,きたしらかわ,kita-shirakawa,1911-12-19,9,Wikidata Q898890（2026-10-07取得）
S09nvfmw,切目,Q2898692,きりめ,kirime,1931-09-21,19,Wikidata Q2898692（2026-10-07取得）
S09p17f5,姫島,Q3611326,ひめじま,himejima,1905,24,Wikidata Q3611326（2026-10-07取得）
S09p2pws,二軒屋,Q10880415,にけんや,niken'ya,1913-04-20,24,Wikidata Q10880415（2026-10-07取得）
S09pfzzb,大野町,Q8081670,,onomachi,1912,46,Wikidata Q8081670（2026-10-07取得）
S09pmms0,平和台,Q11482225,,heiwadai,1933-04-01,33,Wikidata Q11482225（2026-10-07取得）
S09pq4a9,武州日野,Q3701398,ぶしゅうひの,bushu-hino,1930-03-15,61,Wikidata Q3701398（2026-10-07取得）
S09q0jef,祇園四条,Q2153263,ぎおんしじょう,gion-shijo,1915,55,Wikidata Q2153263（2026-10-07取得）
S09qbllu,山陽明石,Q7420798,さんようあかし,sanyo akashi,1917-04-12,51,Wikidata Q7420798（2026-10-07取得）
S09qfpba,佐良山,Q7423458,さらやま,sarayama,1937-06-15,31,Wikidata Q7423458（2026-10-07取得）
S09qya2c,郡上大和,Q5617094,ぐじょうやまと,gujo-yamato,1932-07-09,13,Wikidata Q5617094（2026-10-07取得）
S09r8e9m,幸浦,Q7396765,さちうら,sachiura,1989-07-05,8,Wikidata Q7396765（2026-10-07取得）
S09ru4mj,夙川,Q7504863,しゅくがわ,shukugawa,1920,34,Wikidata Q7504863（2026-10-07取得）
S09rv887,朝陽,Q11092644,あさひ,asahi,1926-06-28,64,Wikidata Q11092644（2026-10-07取得）
S09rvqi7,東免田,Q11103071,ひがしめんだ,higashi-menda,1963-04-05,2,Wikidata Q11103071（2026-10-07取得）
S09sckcr,野尻,Q5359695,のじり,nojiri,1909-09-01,2,Wikidata Q5359695（2026-10-07取得）
S09simwy,江井ヶ島,Q5348895,えいがしま,eigashima,1923-08-19,18,Wikidata Q5348895（2026-10-07取得）
S09szhyr,産業振興センター,Q7418197,さんぎょうしんこうセンター,sangyoshinko center,1989-07-05,21,Wikidata Q7418197（2026-10-07取得）
S09tepyg,柳津,Q8048252,やないづ,yanaizu,1968-10-24,31,Wikidata Q8048252（2026-10-07取得）
S09ti5no,船町口,Q3096506,ふなまちぐち,funamachiguchi,1924-12-27,90,Wikidata Q3096506（2026-10-07取得）
S09tkvzl,石川台,Q6080316,いしかわだい,ishikawadai,1927-08-28,19,Wikidata Q6080316（2026-10-07取得）
S09tm3fe,八王子,Q800868,はちおうじ,hachioji,1889-08-11,47,Wikidata Q800868（2026-10-07取得）
S09u4w9g,福,Q2207010,,fuku,1924,21,Wikidata Q2207010（2026-10-07取得）
S09u79db,中板橋,Q6960085,なかいたばし,naka-itabashi,1933-07-12,13,Wikidata Q6960085（2026-10-07取得）
S09u9vr9,糸魚川,Q871596,いといがわ,itoigawa,1912-12-16,47,Wikidata Q871596（2026-10-07取得）
S09uspg6,藤ノ木,Q5507459,ふじのき,fujinoki,1944-08-12,26,Wikidata Q5507459（2026-10-07取得）
S09v5y8g,植田,Q5353493,うえだ,ueda,1897-02-25,47,Wikidata Q5353493（2026-10-07取得）
S09v7gm5,壺川,Q7571705,,tsubogawa,2003,38,Wikidata Q7571705（2026-10-07取得）
S09v9g78,学園前,Q5517704,がくえんまえ,gakuen-mae,1942-03-06,41,Wikidata Q5517704（2026-10-07取得）
S09vcpv1,大開,Q5209161,,daikai,1968-04-07,65,Wikidata Q5209161（2026-10-07取得）
S09wbuu2,堺,Q7402765,さかい,sakai,1888-05-15,37,Wikidata Q7402765（2026-10-07取得）
S09wpa0t,北長岡,Q6417573,きたながおか,kita-nagaoka,1915-11-01,91,Wikidata Q6417573（2026-10-07取得）
S09wz2ox,伊勢竹原,Q11379115,いせたけはら,ise-takehara,1935-12-05,27,Wikidata Q11379115（2026-10-07取得）
S09x1hot,大和田,Q5368706,おおわだ,owada,1929-11-17,51,Wikidata Q5368706（2026-10-07取得）
S09x3m8t,的場,Q844395,まとば,matoba,1940-07-22,61,Wikidata Q844395（2026-10-07取得）
S09xewna,八景島,Q5640543,はっけいじま,hakkeijima,1989-07-05,3,Wikidata Q5640543（2026-10-07取得）
S09xj8wc,読売ランド前,Q4053762,よみうりランドまえ,yomiuri-land-mae,1927-04-01,21,Wikidata Q4053762（2026-10-07取得）
S09xo2kc,新高岡,Q7497129,しんたかおか,shin-takaoka,2015-03-14,60,Wikidata Q7497129（2026-10-07取得）
S09xxpsy,七日町,Q6964422,なぬかまち,nanukamachi,1934-11-01,99,Wikidata Q6964422（2026-10-07取得）
S09y8xq1,大多喜,Q11434170,おおたき,otaki,1930-04-01,21,Wikidata Q11434170（2026-10-07取得）
S09y93hk,岡田浦,Q7081723,おかだうら,okadaura,1915-11-01,64,Wikidata Q7081723（2026-10-07取得）
S09yy7tr,西木場,Q11628455,にしこば,nishikoba,1991-03-16,33,Wikidata Q11628455（2026-10-07取得）
S09zb7bv,野幌,Q872593,,nopporo,1889-11-03,19,Wikidata Q872593（2026-10-07取得）
S09zvm5o,西早稲田,Q128305,にしわせだ,nishi-waseda,2008-06-14,86,Wikidata Q128305（2026-10-07取得）
S09zvv2v,龍岡城,Q7688330,たつおかじょう,tatsuokajo,1915-12-08,32,Wikidata Q7688330（2026-10-07取得）
S09zwtgc,文化の森,Q4997739,ぶんかのもり,bunkanomori,1990-11-03,14,Wikidata Q4997739（2026-10-07取得）
S0a0f84l,光明寺,Q6455218,,komyoji,1914-05-19,5,Wikidata Q6455218（2026-10-07取得）
S0a0oyer,舎人公園,Q7820883,とねりこうえん,toneri-koen,2008-03-30,34,Wikidata Q7820883（2026-10-07取得）
S0a0welm,頴娃,Q5348694,えい,ei,1960-03-22,26,Wikidata Q5348694（2026-10-07取得）
S0a18x4h,西滝沢,Q11629124,,nishitakisawa,1937-12-15,14,Wikidata Q11629124（2026-10-07取得）
S0a1bhwt,左沢,Q4813118,あてらざわ,aterazawa,1922-04-23,29,Wikidata Q4813118（2026-10-07取得）
S0a1xb37,平端,Q5768884,,hirahata,1922-04-01,9,Wikidata Q5768884（2026-10-07取得）
S0a25fbo,谷汲口,Q7683296,たにぐみぐち,tanigumi-guchi,1956-03-20,34,Wikidata Q7683296（2026-10-07取得）
S0a2h5wa,畠田,Q3655902,,hatakeda,1955,78,Wikidata Q3655902（2026-10-07取得）
S0a3c6ca,家中,Q5990042,いえなか,ienaka,1929-04-01,18,Wikidata Q5990042（2026-10-07取得）
S0a3ldls,馬替,Q11667980,まがえ,magae,1943-02-01,34,Wikidata Q11667980（2026-10-07取得）
S0a42xj7,滝ノ間,Q7678387,たきのま,takinoma,1963-04-20,7,Wikidata Q7678387（2026-10-07取得）
S0a49rts,沢中山,Q7428575,さわなかやま,sawanakayama,1921-03-19,43,Wikidata Q7428575（2026-10-07取得）
S0a4hc6j,高井田,Q126027,たかいだ,takaida,1985-04-05,81,Wikidata Q126027（2026-10-07取得）
S0a4tfv7,阿波池田,Q578436,あわいけだ,awa-ikeda,1928,6,Wikidata Q578436（2026-10-07取得）
S0a4tzak,土居田,Q11423194,どいだ,doida,1930-03-06,24,Wikidata Q11423194（2026-10-07取得）
S0a525wz,太秦広隆寺,Q11444486,うずまさこうりゅうじ,uzumasa-koryuji,1910-03-25,26,Wikidata Q11444486（2026-10-07取得）
S0a56xxc,田尾寺,Q11576558,たおじ,taoji,1928-12-18,19,Wikidata Q11576558（2026-10-07取得）
S0a5pnst,越河,Q898860,こすごう,kosugo,1891-01-12,44,Wikidata Q898860（2026-10-07取得）
S0a5xvww,幸崎,Q5359308,こうざき,kozaki,1914-04-01,22,Wikidata Q5359308（2026-10-07取得）
S0a6bdnc,塘路,Q7862708,とうろ,toro,1927,18,Wikidata Q7862708（2026-10-07取得）
S0a6nxyx,阿仁マタギ,Q11657204,あにマタギ,ani-matagi,1989-04-01,18,Wikidata Q11657204（2026-10-07取得）
S0a6s2jo,中畑,Q11366807,なかはた,nakahata,1963-10-01,25,Wikidata Q11366807（2026-10-07取得）
S0a7bno7,上下浜,Q6322194,じょうげはま,jogehama,1950-07-25,14,Wikidata Q6322194（2026-10-07取得）
S0a7fbhd,朝日,Q872516,あさひ,asahi,1983,22,Wikidata Q872516（2026-10-07取得）
S0a7wf28,鶴原,Q7850278,つるはら,tsuruhara,1916-05-15,29,Wikidata Q7850278（2026-10-07取得）
S0a8dhhg,五十島,Q5991525,いがしま,igashima,1913-06-01,4,Wikidata Q5991525（2026-10-07取得）
S0a8hjku,佐野,Q7418881,さの,sano,1888-05-22,4,Wikidata Q7418881（2026-10-07取得）
S0a8sa8v,千年,Q5102287,ちとせ,chitose,1952-01-26,41,Wikidata Q5102287（2026-10-07取得）
S0a92ndu,身延,Q5356755,みのぶ,minobu,1920-05-18,4,Wikidata Q5356755（2026-10-07取得）
S0a9bl2d,東浜,Q899136,ひがしはま,higashihama,1949,33,Wikidata Q899136（2026-10-07取得）
S0ab0wbh,江の浦,Q11550568,えのうら,enoura,1938-10-01,85,Wikidata Q11550568（2026-10-07取得）
S0abh5fe,志摩赤崎,Q1447107,しまあかさき,shima-akasaki,1929,17,Wikidata Q1447107（2026-10-07取得）
S0abnpib,トレードセンター前,Q180469,トレードセンターまえ,trade center-mae,1997-12-18,15,Wikidata Q180469（2026-10-07取得）
S0abpruv,生野屋,Q5996344,いくのや,ikunoya,1987-03-27,2,Wikidata Q5996344（2026-10-07取得）
S0acb7d6,青葉台,Q857586,あおばだい,aobadai,1966-04-01,16,Wikidata Q857586（2026-10-07取得）
S0ad54bb,電鉄黒部,Q5259472,,dentetsu kurobe,1922-11-05,26,Wikidata Q5259472（2026-10-07取得）
S0adbxfv,清川口,Q5360714,きよかわぐち,kiyokawaguchi,1956-10-01,33,Wikidata Q5360714（2026-10-07取得）
S0adcsts,境町,Q258709,さかいまち,sakaimachi,1910-03-27,19,Wikidata Q258709（2026-10-07取得）
S0adikoz,日出,Q5359591,ひじ,hiji,1911-03-22,85,Wikidata Q5359591（2026-10-07取得）
S0aduzli,深谷,Q844895,ふかや,fukaya,1883-10-21,6,Wikidata Q844895（2026-10-07取得）
S0ae5gu2,新さっぽろ,Q3563818,しんさっぽろ,shin-sapporo,1982-03-21,6,Wikidata Q3563818（2026-10-07取得）
S0ae8o11,伊予三島,Q872795,いよみしま,iyo-mishima,1917-09-16,32,Wikidata Q872795（2026-10-07取得）
S0aegtr9,神谷町,Q1072953,かみやちょう,kamiyacho,1964-03-25,44,Wikidata Q1072953（2026-10-07取得）
S0af3yws,新安城,Q7497079,,shin-anjo,1923,36,Wikidata Q7497079（2026-10-07取得）
S0afauiu,新静岡,Q7497133,しんしずおか,shin-shizuoka,1908,22,Wikidata Q7497133（2026-10-07取得）
S0ag6hr1,道後温泉,Q11641715,どうごおんせん,dogo onsen,1895-08-22,8,Wikidata Q11641715（2026-10-07取得）
S0ah4hpa,茶山,Q4357049,,chayama,2005-02-03,13,Wikidata Q4357049（2026-10-07取得）
S0ahhe37,代々木上原,Q1131825,よよぎうえはら,yoyogi-uehara,1927-04-01,17,Wikidata Q1131825（2026-10-07取得）
S0ahm34w,松崎,Q899411,まつざき,matsuzaki,1904-03-15,19,Wikidata Q899411（2026-10-07取得）
S0ai2y8k,余市,Q861366,よいち,yoichi,1902-12-10,28,Wikidata Q861366（2026-10-07取得）
S0aj9b3d,日向北方,Q5962820,ひゅうがきたかた,hyuga-kitakata,1935-04-15,22,Wikidata Q5962820（2026-10-07取得）
S0ajci87,東成田,Q846460,ひがしなりた,higashi-narita,1978-05-21,6,Wikidata Q846460（2026-10-07取得）
S0ajfvrz,関大前,Q6361217,かんだいまえ,kandai-mae,1964,25,Wikidata Q6361217（2026-10-07取得）
S0ajw9y3,西岸,Q8189152,にしぎし,nishigishi,1932-08-27,31,Wikidata Q8189152（2026-10-07取得）
S0akl02d,篠栗,Q7424975,,sasaguri,1904-06-19,60,Wikidata Q7424975（2026-10-07取得）
S0akyu18,内子,Q899541,うちこ,uchiko,1920-05-01,24,Wikidata Q899541（2026-10-07取得）
S0al6gbi,多田,Q7674268,ただ,tada,1894-03-20,44,Wikidata Q7674268（2026-10-07取得）
S0am3lj3,梁川,Q8017468,やながわ,yanagawa,1949-04-01,125,Wikidata Q8017468（2026-10-07取得）
S0am60be,古里,Q844141,こり,kori,1944-07-01,35,Wikidata Q844141（2026-10-07取得）
S0am82bc,別当賀,Q900318,,bettoga,1920-11-10,4,Wikidata Q900318（2026-10-07取得）
S0am9ok0,陶磁資料館南,Q861773,,toji-shiryokan-minami,2005-03-06,18,Wikidata Q861773（2026-10-07取得）
S0amql4u,南鳩ヶ谷,Q5369132,みなみはとがや,minami-hatogaya,2001,70,Wikidata Q5369132（2026-10-07取得）
S0amz0nv,砂川,Q872776,すながわ,sunagawa,1891-07-05,81,Wikidata Q872776（2026-10-07取得）
S0an7ch0,相武台前,Q4426128,そうぶだいまえ,sobudai-mae,1927-04-01,29,Wikidata Q4426128（2026-10-07取得）
S0anl2g8,北楠,Q2856585,きたくす,kita-kusu,1920,34,Wikidata Q2856585（2026-10-07取得）
S0anqr85,緑橋,Q1131699,みどりばし,midoribashi,1968-07-21,46,Wikidata Q1131699（2026-10-07取得）
S0aooi00,三ヶ日,Q11354068,みっかび,mikkabi,1936-12-01,13,Wikidata Q11354068（2026-10-07取得）
S0apg4ap,今宮,Q1131355,いまみや,imamiya,1899,39,Wikidata Q1131355（2026-10-07取得）
S0apk4rd,西鷹巣,Q11630023,にしたかのす,nishi-takanosu,1989-04-01,12,Wikidata Q11630023（2026-10-07取得）
S0apq0rw,追浜,Q7098536,おっぱま,oppama,1930-04-01,14,Wikidata Q7098536（2026-10-07取得）
S0apz17v,西鉄五条,Q7040728,にしてつごじょう,nishitetsu gojo,1927-09-24,36,Wikidata Q7040728（2026-10-07取得）
S0aq6pw0,二井田,Q11371290,にいだ,niida,1988-07-01,20,Wikidata Q11371290（2026-10-07取得）
S0aq73z9,菖蒲池,Q4830902,あやめいけ,ayameike,1923-09-09,38,Wikidata Q4830902（2026-10-07取得）
S0aq8b7v,東二見,Q251834,ひがしふたみ,higashi-futami,1923-08-19,42,Wikidata Q251834（2026-10-07取得）
S0aqaz4h,七光台,Q6962405,ななこうだい,nanakodai,1968-07-01,16,Wikidata Q6962405（2026-10-07取得）
S0aqgnmi,郡津,Q6455350,こうづ,kozu,1929,10,Wikidata Q6455350（2026-10-07取得）
S0arkof7,上の町,Q6799185,かみのちょう,kaminocho,1988-03-20,34,Wikidata Q6799185（2026-10-07取得）
S0asbfuv,桐生,Q6416343,きりゅう,kiryu,1888-11-15,18,Wikidata Q6416343（2026-10-07取得）
S0asby6u,十二兼,Q5359491,じゅうにかね,junikane,1929-12-03,13,Wikidata Q5359491（2026-10-07取得）
S0ast2rj,南日向,Q6862908,,minami-hyuga,1921-10-11,25,Wikidata Q6862908（2026-10-07取得）
S0aswua1,魚沼中条,Q7897886,うおぬまなかじょう,uonuma-nakajo,1927-11-15,44,Wikidata Q7897886（2026-10-07取得）
S0asyyhb,豊後豊岡,Q4997671,ぶんごとよおか,bungo-toyooka,1911-07-16,3,Wikidata Q4997671（2026-10-07取得）
S0at70mt,善師野,Q11418926,,zenjino,1925,5,Wikidata Q11418926（2026-10-07取得）
S0atbmui,大野浦,Q8009775,おおのうら,onoura,1917-07-13,155,Wikidata Q8009775（2026-10-07取得）
S0atocig,卯之町,Q899595,うのまち,unomachi,1941-07-02,15,Wikidata Q899595（2026-10-07取得）
S0auemso,鳥羽,Q7811445,とば,toba,1911-07-21,145,Wikidata Q7811445（2026-10-07取得）
S0auipdu,新豊津,Q11504123,,shin-toyotsu,1990-10-01,10,Wikidata Q11504123（2026-10-07取得）
S0aul3dl,日生中央,Q11509696,にっせいちゅうおう,nissei chuo,1978-12-12,17,Wikidata Q11509696（2026-10-07取得）
S0auzfk4,徳重,Q866130,,tokushige,2011-03-27,55,Wikidata Q866130（2026-10-07取得）
S0avlrr4,箕面萱野,Q11503900,みのおかやの,minoh-kayano,2024-03-23,20,Wikidata Q11503900（2026-10-07取得）
S0avw5xd,厄神,Q1000516,やくじん,yakujin,1913-04-01,26,Wikidata Q1000516（2026-10-07取得）
S0aw0dv7,遠州小林,Q5379981,えんしゅうこばやし,enshu-kobayashi,1909-12-06,9,Wikidata Q5379981（2026-10-07取得）
S0awxf5n,加茂,Q847866,かも,kamo,1897-11-11,24,Wikidata Q847866（2026-10-07取得）
S0awydsk,浅野,Q4803534,あさの,asano,1926-03-10,12,Wikidata Q4803534（2026-10-07取得）
S0awzox5,曲沢,Q11515089,,magarisawa,1989-10-29,35,Wikidata Q11515089（2026-10-07取得）
S0ay70im,沼ノ端,Q3601228,ぬまのはた,numanohata,1898,38,Wikidata Q3601228（2026-10-07取得）
S0aybwu8,信貴山下,Q7496434,しぎさんした,shigisanshita,1922-05-16,20,Wikidata Q7496434（2026-10-07取得）
S0aymwu2,小山田,Q4968685,おやまだ,oyamada,1913-10-25,16,Wikidata Q4968685（2026-10-07取得）
S0ayrtfp,酒折,Q7402824,さかおり,sakaori,1926-02-11,31,Wikidata Q7402824（2026-10-07取得）
S0az3zvw,白島,Q5640663,,hakushima,1994-08-20,13,Wikidata Q5640663（2026-10-07取得）
S0azelal,のいち,Q7047593,のいち,noichi,2002-07-01,30,Wikidata Q7047593（2026-10-07取得）
S0b05o9s,入地,Q6068466,いれじ,ireji,1900,13,Wikidata Q6068466（2026-10-07取得）
S0b0gl23,上牧,Q3969850,,kammaki,1934,5,Wikidata Q3969850（2026-10-07取得）
S0b0k66h,坂元,Q7402807,さかもと,sakamoto,1897-11-10,31,Wikidata Q7402807（2026-10-07取得）
S0b0rmrp,とうきょうスカイツリー,Q900250,とうきょうスカイツリー,tokyo skytree,1902-04-01,35,Wikidata Q900250（2026-10-07取得）
S0b1hz96,白子,Q2816248,しろこ,shiroko,1915,20,Wikidata Q2816248（2026-10-07取得）
S0b1vot5,東旭川,Q5753484,ひがしあさひかわ,higashi-asahikawa,1922,4,Wikidata Q5753484（2026-10-07取得）
S0b2tnx4,観月橋,Q2492072,かんげつきょう,kangetsukyo,1913-06-01,31,Wikidata Q2492072（2026-10-07取得）
S0b31wxj,会津宮下,Q4699449,あいづみやした,aizu-miyashita,1941-10-28,3,Wikidata Q4699449（2026-10-07取得）
S0b3285b,武蔵横手,Q8015462,むさしよこて,musashi-yokote,1929-09-10,32,Wikidata Q8015462（2026-10-07取得）
S0b3a3ef,駒込,Q801032,こまごめ,komagome,1910-11-15,35,Wikidata Q801032（2026-10-07取得）
S0b3fg48,鴻野山,Q6455244,こうのやま,konoyama,1934-08-15,10,Wikidata Q6455244（2026-10-07取得）
S0b3fu3r,スポーツセンター,Q4268568,スポーツセンター,sports center,1988-03-28,44,Wikidata Q4268568（2026-10-07取得）
S0b3isgn,放出,Q762983,はなてん,hanaten,1952,13,Wikidata Q762983（2026-10-07取得）
S0b42k3y,坂之上,Q870838,,sakanoue,1966-10-01,19,Wikidata Q870838（2026-10-07取得）
S0b4cc90,湯田中,Q4533746,ゆだなか,yudanaka,1927-04-28,16,Wikidata Q4533746（2026-10-07取得）
S0b4xecv,天王寺,Q1132328,てんのうじ,tennoji,1889-05-14,109,Wikidata Q1132328（2026-10-07取得）
S0b4zvwd,住吉東,Q7637175,すみよしひがし,sumiyoshihigashi,1900-09-03,74,Wikidata Q7637175（2026-10-07取得）
S0b5bpcq,味美,Q4699833,,ajiyoshi,1931,14,Wikidata Q4699833（2026-10-07取得）
S0b5icr7,内海,Q7903276,,utsumi,1980,33,Wikidata Q7903276（2026-10-07取得）
S0b5p5dw,越中中村,Q5402522,えっちゅうなかむら,etchu-nakamura,1935-12-14,13,Wikidata Q5402522（2026-10-07取得）
S0b6cxmy,常盤,Q11481546,ときわ,tokiwa,1926-03-10,29,Wikidata Q11481546（2026-10-07取得）
S0b6i5sf,競艇場前,Q5368927,きょうていじょうまえ,kyoteijo-mae,1919-06-01,22,Wikidata Q5368927（2026-10-07取得）
S0b6vchm,備中箕島,Q4918794,びっちゅうみしま,bitchu-mishima,1939-01-01,25,Wikidata Q4918794（2026-10-07取得）
S0b7yhqp,下兵庫こうふく,Q7496919,しもひょうごこふく,shimohyogo kofuku,1928,30,Wikidata Q7496919（2026-10-07取得）
S0b82elp,市棚,Q5357923,いちたな,ichitana,1923-07-01,5,Wikidata Q5357923（2026-10-07取得）
S0b8a6g9,築山,Q7850085,つきやま,tsukiyama,1927-07-01,54,Wikidata Q7850085（2026-10-07取得）
S0b8hu1c,長居,Q1044114,ながい,nagai,1929,91,Wikidata Q1044114（2026-10-07取得）
S0b8qb4v,軍畑,Q8013549,いくさばた,ikusabata,1929-09-01,24,Wikidata Q8013549（2026-10-07取得）
S0b8utbp,江戸川橋,Q331929,えどがわばし,edogawabashi,1974-10-30,57,Wikidata Q331929（2026-10-07取得）
S0b94llv,波野,Q6961889,,namino,1928-12-02,27,Wikidata Q6961889（2026-10-07取得）
S0b9dtv6,聖愛中高前,Q7446561,せいあいちゅうこうまえ,seiaichuko-mae,1952-12-01,15,Wikidata Q7446561（2026-10-07取得）
S0b9ev84,郡山,Q385879,こおりやま,koriyama,1887-07-16,68,Wikidata Q385879（2026-10-07取得）
S0b9nxne,新札幌,Q17217417,しんさっぽろ,shin-sapporo,1973-09-09,12,Wikidata Q17217417（2026-10-07取得）
S0b9vea3,荒島,Q4784373,あらしま,arashima,1908-11-08,19,Wikidata Q4784373（2026-10-07取得）
S0b9wwch,喜多灘,Q898976,きたなだ,kitanada,1935-10-06,46,Wikidata Q898976（2026-10-07取得）
S0ba1k25,岩代清水,Q6100743,いわしろしみず,iwashiroshimizu,1925-06-21,43,Wikidata Q6100743（2026-10-07取得）
S0baf11t,桜坂,Q4357463,,sakurazaka,2005-02-03,28,Wikidata Q4357463（2026-10-07取得）
S0bah8q7,富士見ヶ丘,Q27285,ふじみがおか,fujimigaoka,1933-08-01,9,Wikidata Q27285（2026-10-07取得）
S0baorc9,薬院大通,Q4357438,,yakuin-odori,2005-02-03,63,Wikidata Q4357438（2026-10-07取得）
S0bbd5ch,月島,Q112337,つきしま,tsukishima,1988-06-08,55,Wikidata Q112337（2026-10-07取得）
S0bbpnau,竹野,Q870915,たけの,takeno,1911-10-25,14,Wikidata Q870915（2026-10-07取得）
S0bc6lsi,西ノ庄,Q11627075,,nishinosho,1930,31,Wikidata Q11627075（2026-10-07取得）
S0bc9shf,丸太町,Q2346816,まるたまち,marutamachi,1981-05-29,19,Wikidata Q2346816（2026-10-07取得）
S0bcd23p,関富岡,Q11655705,せきとみおか,seki-tomioka,1986-12-11,30,Wikidata Q11655705（2026-10-07取得）
S0bdb5t4,男鹿,Q7079797,おが,oga,1916-12-16,84,Wikidata Q7079797（2026-10-07取得）
S0bdfasl,森ノ宮,Q1131146,もりのみや,morinomiya,1932-04-21,79,Wikidata Q1131146（2026-10-07取得）
S0be5yig,三良坂,Q11356971,みらさか,mirasaka,1933-11-15,18,Wikidata Q11356971（2026-10-07取得）
S0bepsj1,近川,Q5097352,ちかがわ,chikagawa,1921-09-25,6,Wikidata Q5097352（2026-10-07取得）
S0berrqk,陸奥横浜,Q6944033,むつよこはま,mutsu-yokohama,1921-03-20,9,Wikidata Q6944033（2026-10-07取得）
S0beutg0,玉水,Q1049014,たまみず,tamamizu,1896,56,Wikidata Q1049014（2026-10-07取得）
S0bf6izx,鹿妻,Q6381548,かづま,kazuma,1929-06-01,9,Wikidata Q6381548（2026-10-07取得）
S0bfi3sh,甲斐小泉,Q3525778,かいこいずみ,kai-koizumi,1933-07-29,30,Wikidata Q3525778（2026-10-07取得）
S0bfp908,豊津,Q11633911,,toyotsu,1921,50,Wikidata Q11633911（2026-10-07取得）
S0bgf7zv,鴨川,Q5115423,かもがわ,kamogawa,1897-02-21,12,Wikidata Q5115423（2026-10-07取得）
S0bgffxs,八木,Q1043724,やぎ,yagi,1899,33,Wikidata Q1043724（2026-10-07取得）
S0bgnkp6,向之原,Q6933389,,mukainoharu,1915-10-30,16,Wikidata Q6933389（2026-10-07取得）
S0bh5lns,本所吾妻橋,Q910813,ほんじょあづまばし,honjo-azumabashi,1960-12-04,16,Wikidata Q910813（2026-10-07取得）
S0bhiwz4,乙丸,Q11369862,おとまる,otomaru,1935-03-02,6,Wikidata Q11369862（2026-10-07取得）
S0bhppkk,佐羽根,Q11383493,さばね,sabane,1972-02-27,12,Wikidata Q11383493（2026-10-07取得）
S0biu2jv,中津幡,Q6960100,なかつばた,naka-tsubata,1960-02-10,28,Wikidata Q6960100（2026-10-07取得）
S0bj8wiu,頴娃大川,Q5348688,えいおおかわ,ei-okawa,1963-10-31,7,Wikidata Q5348688（2026-10-07取得）
S0bjex1n,生見,Q872607,,nukumi,1934-12-19,14,Wikidata Q872607（2026-10-07取得）
S0bk3cly,北吉原,Q6417625,,kita-yoshihara,1965-11-01,41,Wikidata Q6417625（2026-10-07取得）
S0bkbp16,高鷲,Q7677455,たかわし,takawashi,1922-04-18,49,Wikidata Q7677455（2026-10-07取得）
S0bkis0d,真岡,Q6907305,もおか,moka,1912-04-01,44,Wikidata Q6907305（2026-10-07取得）
S0bkrznk,用賀,Q5367233,ようが,yoga,1977-04-07,39,Wikidata Q5367233（2026-10-07取得）
S0blcmj3,備前一宮,Q4919389,びぜんいちのみや,bizen-ichinomiya,1904-11-15,11,Wikidata Q4919389（2026-10-07取得）
S0blumie,南ウッディタウン,Q6863052,みなみウッディタウン,minami woody town,1996-03-28,9,Wikidata Q6863052（2026-10-07取得）
S0bm1ghs,猪苗代,Q6013835,いなわしろ,inawashiro,1899-07-15,20,Wikidata Q6013835（2026-10-07取得）
S0bmduql,醍醐,Q5209116,だいご,daigo,1950-07-25,105,Wikidata Q5209116（2026-10-07取得）
S0bmf6zo,秋山,Q858983,あきやま,akiyama,1991-03-31,78,Wikidata Q858983（2026-10-07取得）
S0bmmd8l,尺土,Q7487088,しゃくど,shakudo,1929-03-29,23,Wikidata Q7487088（2026-10-07取得）
S0bmst85,千歳船橋,Q4458343,ちとせふなばし,chitose-funabashi,1927-04-01,68,Wikidata Q4458343（2026-10-07取得）
S0bn0qc9,玉手,Q3611507,,tamade,1989-03-11,47,Wikidata Q3611507（2026-10-07取得）
S0bnfd8j,桜街道,Q7403154,さくらかいどう,sakura-kaido,1998-11-27,7,Wikidata Q7403154（2026-10-07取得）
S0bnm1xf,古津,Q5509827,ふるつ,furutsu,1943-09-28,23,Wikidata Q5509827（2026-10-07取得）
S0bnmml1,西田辺,Q2084578,にしたなべ,nishitanabe,1952-10-05,3,Wikidata Q2084578（2026-10-07取得）
S0bo8rpc,高茶屋,Q5358114,たかちゃや,takachaya,1893-12-31,17,Wikidata Q5358114（2026-10-07取得）
S0bodtgb,竹沢,Q845007,たけざわ,takezawa,1934-10-06,4,Wikidata Q845007（2026-10-07取得）
S0bonqob,東青森,Q5753477,ひがしあおもり,higashi-aomori,1968-07-21,43,Wikidata Q5753477（2026-10-07取得）
S0boo9cv,取手,Q847830,とりで,toride,1897-12-25,51,Wikidata Q847830（2026-10-07取得）
S0boszb5,小町屋,Q989791,こまちや,komachiya,1914-12-26,38,Wikidata Q989791（2026-10-07取得）
S0bot3oo,弥生,Q11487476,やよい,yayoi,1948-08-20,16,Wikidata Q11487476（2026-10-07取得）
S0bpgmej,尾張星の宮,Q7114283,おわりほしのみや,owari-hoshinomiya,1991-12-01,9,Wikidata Q7114283（2026-10-07取得）
S0bplzxi,肥前竜王,Q375617,ひぜんりゅうおう,hizen-ryuo,1930-03-09,58,Wikidata Q375617（2026-10-07取得）
S0bq9nb3,新杉田,Q844465,しんすぎた,shin-sugita,1970-03-17,5,Wikidata Q844465（2026-10-07取得）
S0bqc4y2,小木津,Q5353557,おぎつ,ogitsu,1909-12-16,19,Wikidata Q5353557（2026-10-07取得）
S0bqdsl4,潜竜ヶ滝,Q7450931,せんりゅうがたき,senryugataki,1939,27,Wikidata Q7450931（2026-10-07取得）
S0bqe3b2,保田,Q558549,ほた,hota,1917-08-01,43,Wikidata Q558549（2026-10-07取得）
S0br6l1t,弥生台,Q8050550,やよいだい,yayoidai,1976-04-08,15,Wikidata Q8050550（2026-10-07取得）
S0br71em,万座・鹿沢口,Q6753421,まんざ・かざわぐち,manza-kazawaguchi,1971-03-07,39,Wikidata Q6753421（2026-10-07取得）
S0brweu9,西灘,Q7040635,にしなだ,nishinada,1927-07-01,48,Wikidata Q7040635（2026-10-07取得）
S0bs5suc,すえたちばな,Q11269539,すえたちばな,suetachibana,1999-03-13,34,Wikidata Q11269539（2026-10-07取得）
S0bsi43m,大泉,Q11437196,おおいずみ,oizumi,1988-07-01,20,Wikidata Q11437196（2026-10-07取得）
S0bsnums,扶桑,Q5510430,,fuso,1912,59,Wikidata Q5510430（2026-10-07取得）
S0bthfyq,西大井,Q844193,にしおおい,nishi-oi,1986-04-02,21,Wikidata Q844193（2026-10-07取得）
S0bu1zkd,吉田,Q8056004,よしだ,yoshida,1912-08-25,37,Wikidata Q8056004（2026-10-07取得）
S0bu6xyn,上野目,Q642242,かみのめ,kaminome,1964-02-01,28,Wikidata Q642242（2026-10-07取得）
S0buol36,群馬総社,Q1705804,ぐんまそうじゃ,gumma-soja,1921-07-01,41,Wikidata Q1705804（2026-10-07取得）
S0burzct,JR俊徳道,Q10854600,ジェイアールしゅんとくみち,jr shuntokumichi,2008,50,Wikidata Q10854600（2026-10-07取得）
S0but2c1,玉之江,Q875851,たまのえ,tamanoe,1963-02-01,15,Wikidata Q875851（2026-10-07取得）
S0bw3t2f,甚目寺,Q6201690,,jimokuji,1914-01-23,53,Wikidata Q6201690（2026-10-07取得）
S0bw5ug6,中野島,Q5366675,なかのしま,nakanoshima,1927-11-01,9,Wikidata Q5366675（2026-10-07取得）
S0bw8rwa,大沼公園,Q1049391,おおぬまこうえん,onuma-koen,1907-06-05,7,Wikidata Q1049391（2026-10-07取得）
S0bwqpp2,塩田町,Q11428841,,shiodamachi,1921-06-17,25,Wikidata Q11428841（2026-10-07取得）
S0bwrqsw,伊那北,Q990680,いなきた,ina-kita,1912-01-04,29,Wikidata Q990680（2026-10-07取得）
S0bx07xk,広島,Q576459,ひろしま,hiroshima,1894,86,Wikidata Q576459（2026-10-07取得）
S0by8uc1,石生,Q780639,いそう,iso,1899-07-15,7,Wikidata Q780639（2026-10-07取得）
S0bybqk5,あさぎり,Q11092703,あさぎり,asagiri,1924-03-30,23,Wikidata Q11092703（2026-10-07取得）
S0byf61q,名草,Q6959087,なぐさ,nagusa,1961-04-01,15,Wikidata Q6959087（2026-10-07取得）
S0byiyel,高須,Q7677409,たかす,takasu,1922-08-22,11,Wikidata Q7677409（2026-10-07取得）
S0byrg3h,瑞穂運動場西,Q858909,,mizuho undojo nishi,1994-03-30,46,Wikidata Q858909（2026-10-07取得）
S0bzff8n,鵜杉,Q2026791,うすぎ,usugi,1965-09-01,16,Wikidata Q2026791（2026-10-07取得）
S0bzob7c,遠賀野,Q11642390,,ongano,1959,68,Wikidata Q11642390（2026-10-07取得）
S0bzqomq,神前,Q6365934,かんざき,kanzaki,1952-01-27,27,Wikidata Q6365934（2026-10-07取得）
S0c0c1si,篠崎,Q1043876,しのざき,shinozaki,1986-09-14,20,Wikidata Q1043876（2026-10-07取得）
S0c0kd2v,近鉄弥富,Q2913536,きんてつやとみ,kintetsu yatomi,1938,12,Wikidata Q2913536（2026-10-07取得）
S0c0r1fw,下溝,Q7496979,しもみぞ,shimomizo,1931-04-29,15,Wikidata Q7496979（2026-10-07取得）
S0c0zoi1,越前薬師,Q5332627,えちぜんやくし,echizen-yakushi,1960-12-15,6,Wikidata Q5332627（2026-10-07取得）
S0c10ptn,海尻,Q7881572,うみじり,umijiri,1932-12-27,46,Wikidata Q7881572（2026-10-07取得）
S0c18wia,二ツ井,Q5510490,ふたつい,futatsui,1901-11-01,5,Wikidata Q5510490（2026-10-07取得）
S0c1lnpz,北郷,Q6417713,きたごう,kitago,1941-10-28,34,Wikidata Q6417713（2026-10-07取得）
S0c24cl6,呼続,Q8054232,,yobitsugi,1917,44,Wikidata Q8054232（2026-10-07取得）
S0c24p47,西武園,Q7446611,せいぶえん,seibuen,1950-05-23,38,Wikidata Q7446611（2026-10-07取得）
S0c46rf3,日切,Q5760120,ひぎり,higiri,1985-07-23,21,Wikidata Q5760120（2026-10-07取得）
S0c4mtzj,蘭越,Q864415,らんこし,station,1904-10-15,63,Wikidata Q864415（2026-10-07取得）
S0c4u6se,中山口,Q900346,なかやまぐち,nakayamaguchi,1951-11-01,22,Wikidata Q900346（2026-10-07取得）
S0c5tctm,八千代緑が丘,Q5367282,やちよみどりがおか,yachiyo-midorigaoka,1996-04-27,39,Wikidata Q5367282（2026-10-07取得）
S0c5zsx8,高速長田,Q6455302,こうそくながた,kosoku nagata,1968-04-07,75,Wikidata Q6455302（2026-10-07取得）
S0c5zvzy,品川,Q801442,しながわ,shinagawa,1872-06-12,22,Wikidata Q801442（2026-10-07取得）
S0c612e5,西横浜,Q11628832,にしよこはま,nishi-yokohama,1929-02-14,27,Wikidata Q11628832（2026-10-07取得）
S0c6bgmb,越後赤塚,Q5332407,えちごあかつか,echigo-akatsuka,1914-12-25,56,Wikidata Q5332407（2026-10-07取得）
S0c6kzhu,横山,Q8054695,よこやま,yokoyama,1901-06-16,23,Wikidata Q8054695（2026-10-07取得）
S0c6p4ni,高野山,Q6455335,こうやさん,koyasan,1930-06-29,21,Wikidata Q6455335（2026-10-07取得）
S0c6tajo,大内山,Q5358056,おおうちやま,ouchiyama,1927-11-13,7,Wikidata Q5358056（2026-10-07取得）
S0c6z47i,日向長井,Q899057,,hyuga-nagai,1922-10-29,15,Wikidata Q899057（2026-10-07取得）
S0c70r7v,東幡豆,Q11526825,,higashi-hazu,1936,6,Wikidata Q11526825（2026-10-07取得）
S0c736u8,伝法,Q281199,,dempo,1924,9,Wikidata Q281199（2026-10-07取得）
S0c7c8sf,川越,Q800995,かわごえ,kawagoe,1915-04-01,29,Wikidata Q800995（2026-10-07取得）
S0c7jug0,山の田,Q11465799,やまのた,yamanota,1990-03-10,22,Wikidata Q11465799（2026-10-07取得）
S0c8jtne,鳴尾・武庫川女子大前,Q6966460,なるおむこがわじょしだいまえ,naruo·mukogawajoshidai-mae,1905,10,Wikidata Q6966460（2026-10-07取得）
S0c8onmr,東下条,Q11523874,ひがしげじょう,higashi-gejo,1951-04,22,Wikidata Q11523874（2026-10-07取得）
S0c954ip,新潟大学前,Q801256,にいがただいがくまえ,niigata university,1984-04-08,17,Wikidata Q801256（2026-10-07取得）
S0c95co9,北野辺地,Q6417582,きたのへじ,kita-noheji,1958-12-20,4,Wikidata Q6417582（2026-10-07取得）
S0c9932u,我孫子,Q1043787,あびこ,abiko,1896-12-25,31,Wikidata Q1043787（2026-10-07取得）
S0c9ivfg,内海,Q7876744,,uchiumi,1963-05-08,14,Wikidata Q7876744（2026-10-07取得）
S0cajrbt,大沢,Q3660575,おおさわ,osawa,1943-11-10,55,Wikidata Q3660575（2026-10-07取得）
S0ccdqub,新羽,Q841479,にっぱ,nippa,1993-03-18,44,Wikidata Q841479（2026-10-07取得）
S0ccgfcj,西鎌倉,Q1094928,にしかまくら,nishi-kamakura,1970-03-07,16,Wikidata Q1094928（2026-10-07取得）
S0ccovw0,湯前,Q8061364,ゆのまえ,yunomae,1924-03-30,4,Wikidata Q8061364（2026-10-07取得）
S0ccqe7f,古座,Q2681936,こざ,koza,1936-12-11,103,Wikidata Q2681936（2026-10-07取得）
S0cctkdg,森山,Q11539514,もりやま,moriyama,1911-06-20,46,Wikidata Q11539514（2026-10-07取得）
S0cczt82,成田,Q845243,なりた,narita,1897-01-19,158,Wikidata Q845243（2026-10-07取得）
S0cdr6an,黒川,Q4248710,くろかわ,kurokawa,1974-06-01,5,Wikidata Q4248710（2026-10-07取得）
S0cduucn,印場,Q8192040,,inba,1905-04-02,6,Wikidata Q8192040（2026-10-07取得）
S0cdxi0u,新函館北斗,Q1039122,しんはこだてほくと,shin-hakodate-hokuto,1902-12-10,35,Wikidata Q1039122（2026-10-07取得）
S0cdz5s6,竹芝,Q858876,たけしば,takeshiba,1995-11-01,7,Wikidata Q858876（2026-10-07取得）
S0ce0udm,金比羅前,Q8190757,こんぴらまえ,konpiramae,1916-07-01,12,Wikidata Q8190757（2026-10-07取得）
S0cecel6,五反田,Q736018,ごたんだ,gotanda,1911-10-15,58,Wikidata Q736018（2026-10-07取得）
S0ceg096,天見,Q4739460,あまみ,amami,1915-03-11,93,Wikidata Q4739460（2026-10-07取得）
S0ceoz1m,喜久田,Q6406438,きくた,kikuta,1898-07-26,13,Wikidata Q6406438（2026-10-07取得）
S0cf2f68,中山平温泉,Q1092594,なかやまだいらおんせん,nakayamadaira-onsen,1917-11-01,20,Wikidata Q1092594（2026-10-07取得）
S0cg7hht,音沢,Q7109028,,otozawa,1923-11-21,32,Wikidata Q7109028（2026-10-07取得）
S0cg9g83,西中,Q7040640,にしなか,nishinaka,1958-03-25,34,Wikidata Q7040640（2026-10-07取得）
S0ch5ckm,久保田,Q11369141,,kubota,1985-10-01,27,Wikidata Q11369141（2026-10-07取得）
S0ci7kg0,今橋,Q11377156,いまばし,imabashi,1911-11-18,46,Wikidata Q11377156（2026-10-07取得）
S0ci902m,柏崎,Q5353481,かしわざき,kashiwazaki,1897-08-01,63,Wikidata Q5353481（2026-10-07取得）
S0cigskj,出来島,Q2799364,できじま,dekijima,1930,24,Wikidata Q2799364（2026-10-07取得）
S0civjq6,池尻大橋,Q852141,いけじりおおはし,ikejiri-ohashi,1977-04-07,30,Wikidata Q852141（2026-10-07取得）
S0cj0pzv,八鹿,Q870988,ようか,yoka,1908-07-01,30,Wikidata Q870988（2026-10-07取得）
S0cjlhdf,井土ヶ谷,Q5989285,いどがや,idogaya,1930-04-01,18,Wikidata Q5989285（2026-10-07取得）
S0cjm61d,子供の国,Q6425422,,kodomonokuni,1963-05-08,28,Wikidata Q6425422（2026-10-07取得）
S0cjszax,佐久間,Q776591,さくま,sakuma,1936-11-10,45,Wikidata Q776591（2026-10-07取得）
S0ck5rg3,坂下,Q5359513,さかした,sakashita,1908-08-01,16,Wikidata Q5359513（2026-10-07取得）
S0ckmupv,下総中山,Q1067586,しもうさなかやま,shimosa-nakayama,1895-04-12,21,Wikidata Q1067586（2026-10-07取得）
S0ckn4rf,栗田,Q6444245,くんだ,kunda,1924-04-12,20,Wikidata Q6444245（2026-10-07取得）
S0cld2ky,二戸,Q385423,にのへ,ninohe,1891-12-20,10,Wikidata Q385423（2026-10-07取得）
S0cldi2x,鳥羽街道,Q2153284,とばかいどう,toba-kaido,1910,56,Wikidata Q2153284（2026-10-07取得）
S0clecax,高崎問屋町,Q1652478,たかさきとんやまち,takasakitonyamachi,2004-10-16,12,Wikidata Q1652478（2026-10-07取得）
S0clg1t2,吉野,Q5359538,よしの,yoshino,1991-03-16,32,Wikidata Q5359538（2026-10-07取得）
S0clnes2,岩根橋,Q3890063,いわねばし,iwanebashi,1914-12-15,9,Wikidata Q3890063（2026-10-07取得）
S0clr8ea,広畑,Q5770173,ひろはた,hirohata,1940-12-23,54,Wikidata Q5770173（2026-10-07取得）
S0clrkkr,南栗橋,Q846777,みなみくりはし,minami-kurihashi,1986-08-26,15,Wikidata Q846777（2026-10-07取得）
S0clsgmy,日立,Q39929,ひたち,hitachi,1897-02-25,23,Wikidata Q39929（2026-10-07取得）
S0cn6fih,三ツ松,Q6883300,,mitsumatsu,1926,26,Wikidata Q6883300（2026-10-07取得）
S0cnckyz,佐賀公園,Q7398884,さがこうえん,saga-koen,1993-10-01,20,Wikidata Q7398884（2026-10-07取得）
S0cnitju,垂水,Q774385,たるみ,tarumi,1888-11-01,47,Wikidata Q774385（2026-10-07取得）
S0cnkbb4,東白石,Q898818,ひがししろいし,higashi-shiroishi,1961-12-20,24,Wikidata Q898818（2026-10-07取得）
S0cnlbty,市川真間,Q5986159,いちかわまま,ichikawamama,1914-08-30,48,Wikidata Q5986159（2026-10-07取得）
S0cnqh31,四宮,Q7497731,しのみや,shinomiya,1912-08-15,9,Wikidata Q7497731（2026-10-07取得）
S0coi611,ノーフォーク広場,Q11325909,,norfolk hiroba,2009-04-26,28,Wikidata Q11325909（2026-10-07取得）
S0cou9ax,宮内,Q6884426,みやうち,miyauchi,1925-07-15,10,Wikidata Q6884426（2026-10-07取得）
S0cp7aqp,六軒,Q7360047,,rokken,1926,39,Wikidata Q7360047（2026-10-07取得）
S0cphgm1,冠着,Q3883754,かむりき,kamuriki,1937-01-31,4,Wikidata Q3883754（2026-10-07取得）
S0cphk76,天満,Q468599,てんま,temma,1895,21,Wikidata Q468599（2026-10-07取得）
S0cpj39c,讃岐津田,Q7420743,さぬきつだ,sanuki-tsuda,1926-03-21,22,Wikidata Q7420743（2026-10-07取得）
S0cpj7gr,高尾山,Q80164450,たかおさん,takaosan,1927-01-21,0,Wikidata Q80164450（2026-10-07取得）
S0cq95ut,上総中野,Q6381719,かずさなかの,kazusa-nakano,1928-05-16,25,Wikidata Q6381719（2026-10-07取得）
S0cqsft8,津川,Q7849990,つがわ,tsugawa,1913-06-01,3,Wikidata Q7849990（2026-10-07取得）
S0cr2xbn,山田,Q4537539,やまだ,yamada,1967-10-01,23,Wikidata Q4537539（2026-10-07取得）
S0cr9qr2,枚方市,Q1825125,ひらかたし,hirakatashi,1910,17,Wikidata Q1825125（2026-10-07取得）
S0crlj5o,荏原中延,Q5331497,えばらなかのぶ,ebara-nakanobu,1927-08-28,9,Wikidata Q5331497（2026-10-07取得）
S0crwh2w,貝塚,Q1057455,かいづか,kaizuka,1950-04-10,13,Wikidata Q1057455（2026-10-07取得）
S0cs6qy4,阿波赤石,Q4829610,あわあかいし,awa-akaishi,1916-12-15,12,Wikidata Q4829610（2026-10-07取得）
S0csevni,崎山,Q11477127,,sakiyama,1954-04-20,8,Wikidata Q11477127（2026-10-07取得）
S0csezxk,周防佐山,Q7651560,,suo-sayama,1925-03-26,35,Wikidata Q7651560（2026-10-07取得）
S0csm3g4,撫養,Q8191321,むや,muya,1916-07-01,17,Wikidata Q8191321（2026-10-07取得）
S0ctb8ac,三軒茶屋,Q7417938,さんげんぢゃや,sangen-jaya,1907-03-06,93,Wikidata Q7417938（2026-10-07取得）
S0ctnz5x,鏡石,Q874040,かがみいし,kagamiishi,1911-06-25,8,Wikidata Q874040（2026-10-07取得）
S0cu76p8,松江フォーゲルパーク,Q11531636,,matsue vogel-park,2001-07-23,7,Wikidata Q11531636（2026-10-07取得）
S0cua3uu,近田,Q5097393,ちかた,chikata,1914-07-21,6,Wikidata Q5097393（2026-10-07取得）
S0curjmp,中山寺,Q856035,なかやまでら,nakayamadera,1897,21,Wikidata Q856035（2026-10-07取得）
S0cut9ur,大胡,Q11438553,おおご,ogo,1928-11-10,48,Wikidata Q11438553（2026-10-07取得）
S0cuvpeb,宇都宮,Q801549,うつのみや,utsunomiya,1885-07-16,96,Wikidata Q801549（2026-10-07取得）
S0cvnp1q,大河原,Q898831,おおがわら,ogawara,1887-12-15,29,Wikidata Q898831（2026-10-07取得）
S0cwm2v0,男川,Q7108930,,otogawa,1926,31,Wikidata Q7108930（2026-10-07取得）
S0cx53il,三俣,Q6883299,みつまた,mitsumata,1928-11-10,25,Wikidata Q6883299（2026-10-07取得）
S0cxwwmo,山陽垂水,Q7420819,さんようたるみ,sanyo tarumi,1917-04-12,24,Wikidata Q7420819（2026-10-07取得）
S0cy7o7m,御宿,Q552783,おんじゅく,onjuku,1913-06-20,66,Wikidata Q552783（2026-10-07取得）
S0cytzt6,甲斐住吉,Q11577858,かいすみよし,kai-sumiyoshi,1931-04-01,47,Wikidata Q11577858（2026-10-07取得）
S0cyulah,伊予和気,Q899231,いよわけ,iyo-wake,1927-04-03,42,Wikidata Q899231（2026-10-07取得）
S0cz864y,百舌鳥,Q856909,,mozu,1929,48,Wikidata Q856909（2026-10-07取得）
S0czbr9s,皆野,Q6863174,みなの,minano,1914-10-27,27,Wikidata Q6863174（2026-10-07取得）
S0d0a2l7,京成成田,Q4502163,けいせいなりた,keisei narita,1925-12-24,54,Wikidata Q4502163（2026-10-07取得）
S0d0u4g3,瀬戸石,Q7456760,,setoishi,1910-06-25,3,Wikidata Q7456760（2026-10-07取得）
S0d0xzpc,元住吉,Q7937375,もとすみよし,motosumiyoshi,1926-02-14,166,Wikidata Q7937375（2026-10-07取得）
S0d0zfyi,都府楼南,Q5359542,とふろうみなみ,tofurominami,1989-03-11,1,Wikidata Q5359542（2026-10-07取得）
S0d1gqz6,ポートタウン東,Q180504,ポートタウンひがし,port town-higashi,1981-03-16,16,Wikidata Q180504（2026-10-07取得）
S0d1k072,西神中央,Q7446939,,seishin-chuo,1987-03-18,66,Wikidata Q7446939（2026-10-07取得）
S0d1x4b7,阿漕,Q898582,あこぎ,akogi,1893-12-31,58,Wikidata Q898582（2026-10-07取得）
S0d2bt5f,紀伊田辺,Q2888653,きいたなべ,kii-tanabe,1932-11-08,22,Wikidata Q2888653（2026-10-07取得）
S0d2h09u,後免,Q900981,ごめん,gomen,1925-12-05,5,Wikidata Q900981（2026-10-07取得）
S0d3eogn,新田塚,Q7041560,,nittazuka,1928-12-30,29,Wikidata Q7041560（2026-10-07取得）
S0d3fvxa,大麻,Q872634,おおあさ,oasa,1966-12-15,17,Wikidata Q872634（2026-10-07取得）
S0d4jpz7,南が丘,Q2816009,みなみがおか,minamigaoka,1989,49,Wikidata Q2816009（2026-10-07取得）
S0d4l1hg,ドーム前千代崎,Q666822,ドームまえちよざき,dome-mae chiyozaki,1997-08-29,32,Wikidata Q666822（2026-10-07取得）
S0d4r1zg,荒屋新町,Q4784558,あらやしんまち,arayashimmachi,1927-10-30,14,Wikidata Q4784558（2026-10-07取得）
S0d4w0kz,亀田,Q3701529,かめだ,kameda,1897-11-20,16,Wikidata Q3701529（2026-10-07取得）
S0d59uiu,次郎丸,Q4357306,,jiromaru,2005-02-03,13,Wikidata Q4357306（2026-10-07取得）
S0d5bzeh,栗沢,Q6446072,,kurisawa,1894-10-01,26,Wikidata Q6446072（2026-10-07取得）
S0d67klg,武蔵大和,Q6940151,むさしやまと,musashi-yamato,1930-01-23,29,Wikidata Q6940151（2026-10-07取得）
S0d6em2w,駒形,Q6428058,こまがた,komagata,1889-11-20,34,Wikidata Q6428058（2026-10-07取得）
S0d6qj67,南新庄,Q2102225,みなみしんじょう,minami-shinjo,1960-12-20,9,Wikidata Q2102225（2026-10-07取得）
S0d6rik4,地蔵町,Q11424683,じぞうまち,jizomachi,1901-02-21,55,Wikidata Q11424683（2026-10-07取得）
S0d79qy8,小松川,Q6428220,こまつかわ,komatsukawa,1950-07-25,1,Wikidata Q6428220（2026-10-07取得）
S0d7mee0,岡部,Q845054,おかべ,okabe,1909-12-16,30,Wikidata Q845054（2026-10-07取得）
S0d7rmfo,国際会館,Q919783,こくさいかいかん,kokusaikaikan,1997-06-03,35,Wikidata Q919783（2026-10-07取得）
S0d7wipo,登別,Q7046034,のぼりべつ,noboribetsu,1892-08-01,36,Wikidata Q7046034（2026-10-07取得）
S0d89iuz,甲斐上野,Q6347335,かいうえの,kai-ueno,1928-03-30,101,Wikidata Q6347335（2026-10-07取得）
S0d8epo2,古賀茶屋,Q11411698,こがんちゃや,koganchaya,1915,57,Wikidata Q11411698（2026-10-07取得）
S0d8kgoz,本山,Q11520210,もとやま,motoyama,1994-10-03,37,Wikidata Q11520210（2026-10-07取得）
S0d9d7ia,目白山下,Q1094934,めじろやました,mejiroyamashita,1971-07-01,34,Wikidata Q1094934（2026-10-07取得）
S0d9eige,青柳,Q844053,あおやぎ,aoyagi,1905-11-25,16,Wikidata Q844053（2026-10-07取得）
S0d9fvev,欽明路,Q6410169,きんめいじ,kimmeiji,1990-09-27,37,Wikidata Q6410169（2026-10-07取得）
S0d9xrl9,東藤島,Q5753494,,higashi fujishima,1914-02-11,8,Wikidata Q5753494（2026-10-07取得）
S0d9zqrf,生麦,Q6961267,なまむぎ,namamugi,1905-12-24,15,Wikidata Q6961267（2026-10-07取得）
S0da0d2w,縄文小ヶ田,Q11458755,じょうもんおがた,jomon-ogata,1963-12-10,10,Wikidata Q11458755（2026-10-07取得）
S0daad69,今津,Q5360300,いまづ,imazu,1897-09-25,34,Wikidata Q5360300（2026-10-07取得）
S0dafkl1,落石,Q900609,,ochiishi,1920-11-10,3,Wikidata Q900609（2026-10-07取得）
S0dafz47,東門前,Q5754076,ひがしもんぜん,higashimonzen,1925-08-15,32,Wikidata Q5754076（2026-10-07取得）
S0damemp,星ヶ丘,Q863225,,hoshigaoka,1967-03-30,103,Wikidata Q863225（2026-10-07取得）
S0db050g,ニセコ,Q848242,ニセコ,niseko,1904-10-15,2,Wikidata Q848242（2026-10-07取得）
S0dbqgly,福部,Q899483,ふくべ,fukube,1910-10-10,43,Wikidata Q899483（2026-10-07取得）
S0dbshtc,西里,Q5358723,にしさと,nishisato,1943-10-01,14,Wikidata Q5358723（2026-10-07取得）
S0dc6tbo,伊勢柏崎,Q5357774,いせかしわざき,ise-kashiwazaki,1927-07-03,3,Wikidata Q5357774（2026-10-07取得）
S0dcbbd5,滝,Q7678283,たき,taki,1954-06-01,34,Wikidata Q7678283（2026-10-07取得）
S0dct0q4,加茂中,Q11398828,かもなか,kamonaka,1916-10-11,70,Wikidata Q11398828（2026-10-07取得）
S0ddj4p2,京成千葉,Q6383838,けいせいちば,keisei chiba,1967-12-01,10,Wikidata Q6383838（2026-10-07取得）
S0de4g0a,御徒町,Q801296,おかちまち,okachimachi,1925-11-01,19,Wikidata Q801296（2026-10-07取得）
S0de721h,勝山,Q11400269,かつやま,katsuyama,1914-03-11,47,Wikidata Q11400269（2026-10-07取得）
S0deo3pl,羽床,Q11610143,,hayuka,1927-03-15,16,Wikidata Q11610143（2026-10-07取得）
S0deqwlo,幡ヶ谷,Q4496513,はたがや,hatagaya,1913-11-11,142,Wikidata Q4496513（2026-10-07取得）
S0df0xs1,桜島,Q1042687,さくらじま,sakurajima,1910,30,Wikidata Q1042687（2026-10-07取得）
S0df0zy4,淀江,Q900244,よどえ,yodoe,1902-11-01,13,Wikidata Q900244（2026-10-07取得）
S0dff7ji,西松本,Q11628764,にしまつもと,nishi-matsumoto,1927-05-01,27,Wikidata Q11628764（2026-10-07取得）
S0dg1dq9,高津,Q872015,たかつ,takatsu,1958-02-12,64,Wikidata Q872015（2026-10-07取得）
S0dglsyd,上片桐,Q988745,かみかたぎり,kamikatagiri,1920-11-22,11,Wikidata Q988745（2026-10-07取得）
S0dgqtn9,石鎚山,Q872807,いしずちやま,ishizuchiyama,1929-07-02,42,Wikidata Q872807（2026-10-07取得）
S0dgtzgq,鉄道博物館,Q7706853,,tetsudo-hakubutsukan,1983-12-22,2,Wikidata Q7706853（2026-10-07取得）
S0dgwsqj,星ヶ丘,Q5908026,ほしがおか,hoshigaoka,1938,14,Wikidata Q5908026（2026-10-07取得）
S0dh9ofc,中浦和,Q844419,なかうらわ,naka-urawa,1985-09-30,17,Wikidata Q844419（2026-10-07取得）
S0dhbom8,たまプラーザ,Q3299307,たまプラーザ,閻魔大王,1966-04-01,19,Wikidata Q3299307（2026-10-07取得）
S0dhtoof,社町,Q3098102,やしろちょう,yashirocho,1913-08-10,38,Wikidata Q3098102（2026-10-07取得）
S0diearp,田辺,Q135203,たなべ,tanabe,1980-11-27,91,Wikidata Q135203（2026-10-07取得）
S0dik4il,難波,Q20080133,なんば,namba,1935-10-30,130,Wikidata Q20080133（2026-10-07取得）
S0ditm7s,新原,Q7497276,,shinbaru,1905-06-03,10,Wikidata Q7497276（2026-10-07取得）
S0diupsm,川合高岡,Q6379519,かわいたかおか,kawai-takaoka,1930-11-19,27,Wikidata Q6379519（2026-10-07取得）
S0diwk3g,長滝,Q857423,,nagataki,1930,66,Wikidata Q857423（2026-10-07取得）
S0djv277,北参道,Q128322,きたさんどう,kitasando,2008-06-14,53,Wikidata Q128322（2026-10-07取得）
S0dk6uad,東釧路,Q848088,ひがしくしろ,higashi-kushiro,1925,3,Wikidata Q848088（2026-10-07取得）
S0dkwihn,細岡,Q5908221,ほそおか,hosooka,1927,39,Wikidata Q5908221（2026-10-07取得）
S0dl4u5x,和歌山市,Q3455721,わかやまし,wakayamashi,1903-03-21,104,Wikidata Q3455721（2026-10-07取得）
S0dljqow,慈眼寺,Q869268,,jigenji,1988-03-13,44,Wikidata Q869268（2026-10-07取得）
S0dmjnng,岩城みなと,Q6100366,いわきみなと,iwaki-minato,2001-12-01,77,Wikidata Q6100366（2026-10-07取得）
S0dmpv7w,貝塚,Q6348761,かいづか,kaizuka,1897-10-01,22,Wikidata Q6348761（2026-10-07取得）
S0dmuikt,赤,Q11636024,,aka,2003-03-15,5,Wikidata Q11636024（2026-10-07取得）
S0dmxqdu,桜本町,Q858929,,sakura-hommachi,1994-03-30,46,Wikidata Q858929（2026-10-07取得）
S0dn7tmv,高坂,Q7677290,たかさか,takasaka,1923-10-01,38,Wikidata Q7677290（2026-10-07取得）
S0dnamxm,櫛田,Q1710084,くしだ,kushida,1930-03-27,15,Wikidata Q1710084（2026-10-07取得）
S0dnfxyq,第一通り,Q5208966,だいいちどおり,dai-ichi-dori,1985-12-01,39,Wikidata Q5208966（2026-10-07取得）
S0dnmn7g,辻堂,Q1049779,つじどう,tsujido,1916-12-01,97,Wikidata Q1049779（2026-10-07取得）
S0do19ye,刈和野,Q6371117,かりわの,kariwano,1904-08-21,77,Wikidata Q6371117（2026-10-07取得）
S0do1ufi,いりなか,Q864343,,irinaka,1977-03-18,96,Wikidata Q864343（2026-10-07取得）
S0do43bt,花小金井,Q5646738,はなこがねい,hana-koganei,1927-04-16,17,Wikidata Q5646738（2026-10-07取得）
S0do44jw,八幡,Q8050457,,yawata,1972,13,Wikidata Q8050457（2026-10-07取得）
S0do5jsf,折居,Q7102659,おりい,orii,1924-04-01,7,Wikidata Q7102659（2026-10-07取得）
S0do64u0,榎戸,Q5379373,,enokido,1944,19,Wikidata Q5379373（2026-10-07取得）
S0do9ybf,久米田,Q857003,,kumeda,1930,21,Wikidata Q857003（2026-10-07取得）
S0doece7,三ツ石,Q11354042,,mitsuishi,2001-02-25,31,Wikidata Q11354042（2026-10-07取得）
S0dogn4o,城西,Q776937,しろにし,shironishi,1955-11-11,29,Wikidata Q776937（2026-10-07取得）
S0dp3yue,若桜,Q7960835,,wakasa,1930,33,Wikidata Q7960835（2026-10-07取得）
S0dpea8r,淀,Q2025929,よど,yodo,1910,13,Wikidata Q2025929（2026-10-07取得）
S0dpeexa,宇部新川,Q7876457,うべしんかわ,ube-shinkawa,1914-01-09,30,Wikidata Q7876457（2026-10-07取得）
S0dpk2fx,内之田,Q7876733,,uchinoda,1941-10-28,5,Wikidata Q7876733（2026-10-07取得）
S0dpkrf4,円町,Q1038346,えんまち,emmachi,2000-09-23,14,Wikidata Q1038346（2026-10-07取得）
S0dq3kmg,日暮里,Q801262,にっぽり,nippori,1905-04-01,62,Wikidata Q801262（2026-10-07取得）
S0dq9iwh,西谷,Q7040756,にしや,nishiya,1926-12-01,17,Wikidata Q7040756（2026-10-07取得）
S0dqcvff,南延岡,Q5357950,みなみのべおか,minami-nobeoka,1922-02-11,29,Wikidata Q5357950（2026-10-07取得）
S0drgf01,筑前深江,Q5097525,ちくぜんふかえ,chikuzen-fukae,1924-04-01,58,Wikidata Q5097525（2026-10-07取得）
S0drpqkr,宍喰,Q7499082,ししくい,shishikui,1992-03-26,71,Wikidata Q7499082（2026-10-07取得）
S0ds1ce4,井原里,Q11373396,いはらのさと,iharanosato,1952-04-01,57,Wikidata Q11373396（2026-10-07取得）
S0dsag07,練馬,Q134373840,,nerima,,36,Wikidata Q134373840（2026-10-07取得）
S0dsbjca,高田馬場,Q801506,たかだのばば,takadanobaba,,49,Wikidata Q801506（2026-10-07取得）
S0dt1f5j,西太刀洗,Q11627586,,nishitachiarai,1939-04-28,11,Wikidata Q11627586（2026-10-07取得）
S0dt4624,奥泉,Q7082727,おくいずみ,okuizumi,1959-08-01,6,Wikidata Q7082727（2026-10-07取得）
S0dtomki,小樽,Q1152093,おたる,otaru,1903-06-28,75,Wikidata Q1152093（2026-10-07取得）
S0dtv957,あいの里教育大,Q2490286,あいのさときょういくだい,ainosato-kyoikudai,1967,30,Wikidata Q2490286（2026-10-07取得）
S0dtw477,柳原,Q898944,やなぎはら,yanagihara,1961-06-01,49,Wikidata Q898944（2026-10-07取得）
S0du37ml,坪井,Q3611011,つぼい,tsuboi,1923-08-21,11,Wikidata Q3611011（2026-10-07取得）
S0duglw8,庭坂,Q7041878,にわさか,niwasaka,1899-05-15,13,Wikidata Q7041878（2026-10-07取得）
S0dujlaw,新得,Q899093,しんとく,shintoku,1907-09-08,65,Wikidata Q899093（2026-10-07取得）
S0duut7u,岸里玉出,Q6416603,,kishinosato-tamade,1900-09-03,103,Wikidata Q6416603（2026-10-07取得）
S0duxg6e,正丸,Q8017361,しょうまる,shomaru,1969-10-14,25,Wikidata Q8017361（2026-10-07取得）
S0dv56q5,赤渕,Q4700066,あかぶち,akabuchi,1964-09-10,6,Wikidata Q4700066（2026-10-07取得）
S0dve0pe,南港口,Q180437,なんこうぐち,nankoguchi,1981-03-16,8,Wikidata Q180437（2026-10-07取得）
S0dvo29j,岩倉,Q6100440,いわくら,iwakura,1928-12-01,26,Wikidata Q6100440（2026-10-07取得）
S0dvpcu9,宝ヶ池,Q10956281,,takaragaike,1925-09-27,9,Wikidata Q10956281（2026-10-07取得）
S0dvqoqj,下総松崎,Q5363815,しもうさまんざき,shimosa-manzaki,1901-08-10,25,Wikidata Q5363815（2026-10-07取得）
S0dvxb1q,下曽我,Q5357301,しもそが,shimo-soga,1911-05-01,2,Wikidata Q5357301（2026-10-07取得）
S0dw6yo7,永田町,Q1142211,ながたちょう,nagatacho,1974-10-30,63,Wikidata Q1142211（2026-10-07取得）
S0dwkqc0,三河一宮,Q772219,みかわいちのみや,mikawa-ichinomiya,1897-07-22,19,Wikidata Q772219（2026-10-07取得）
S0dx120a,成増,Q6965958,なります,narimasu,1914-05-01,42,Wikidata Q6965958（2026-10-07取得）
S0dx3cvi,能代,Q7061813,のしろ,noshiro,1908-07-01,18,Wikidata Q7061813（2026-10-07取得）
S0dx630u,実籾,Q6862305,みもみ,mimomi,1926-12-09,47,Wikidata Q6862305（2026-10-07取得）
S0dxcrso,金田,Q11647733,かなだ,kanada,1893-02-11,38,Wikidata Q11647733（2026-10-07取得）
S0dxecxn,二俣新町,Q2258179,ふたまたしんまち,futamatashimmachi,1988-12-01,18,Wikidata Q2258179（2026-10-07取得）
S0dxgvwn,市田,Q987632,いちだ,ichida,1923-03-13,12,Wikidata Q987632（2026-10-07取得）
S0dxjym8,せんげん台,Q842516,せんげんだい,sengendai,1967-04-15,22,Wikidata Q842516（2026-10-07取得）
S0dy508e,武蔵関,Q843304,むさしせき,musashi-seki,1927-04-16,11,Wikidata Q843304（2026-10-07取得）
S0dy5sd1,布市,Q7069908,ぬのいち,nunoichi,1921-04-25,22,Wikidata Q7069908（2026-10-07取得）
S0dygvex,相馬,Q7667604,そうま,soma,1897-11-10,65,Wikidata Q7667604（2026-10-07取得）
S0dynx6m,笠島,Q5353385,かさしま,kasashima,1951-03-01,40,Wikidata Q5353385（2026-10-07取得）
S0dzaf6i,明科,Q3883758,あかしな,akashina,1902-06-15,10,Wikidata Q3883758（2026-10-07取得）
S0dzkmkl,里白石,Q7426430,さとしらいし,satoshiraishi,1934-12-04,55,Wikidata Q7426430（2026-10-07取得）
S0e0olac,大和西大寺,Q489786,やまとさいだいじ,yamato-saidaiji,1914-04-30,38,Wikidata Q489786（2026-10-07取得）
S0e0x650,神尾,Q6358239,かみお,kamio,1928-07-20,13,Wikidata Q6358239（2026-10-07取得）
S0e19k7z,神戸空港,Q17219235,こうべくうこう,kobe airport,2006-02-02,17,Wikidata Q17219235（2026-10-07取得）
S0e1ixyi,六合,Q872006,ろくごう,rokugo,1986-04-26,24,Wikidata Q872006（2026-10-07取得）
S0e21hf9,挿頭丘,Q11498108,,kazashigaoka,1926-12-21,25,Wikidata Q11498108（2026-10-07取得）
S0e2diuk,上山口,Q858463,かみやまぐち,kami-yamaguchi,1953-03-15,24,Wikidata Q858463（2026-10-07取得）
S0e2i3dk,三河上郷,Q6845737,みかわかみごう,mikawa-kamigo,1976-03-31,27,Wikidata Q6845737（2026-10-07取得）
S0e2k4di,佐里,Q2907403,さり,sari,1935-03-01,6,Wikidata Q2907403（2026-10-07取得）
S0e3acw0,大堀,Q2027869,おおほり,ohori,1949-02-01,27,Wikidata Q2027869（2026-10-07取得）
S0e3goel,北岡崎,Q11401501,きたおかざき,kita-okazaki,1971-10-01,28,Wikidata Q11401501（2026-10-07取得）
S0e3kabm,奥田,Q7082718,,okuda,1928,30,Wikidata Q7082718（2026-10-07取得）
S0e47532,兜,Q11388846,かぶと,kabuto,1988-07-01,22,Wikidata Q11388846（2026-10-07取得）
S0e4d9fg,石山寺,Q11585529,いしやまでら,ishiyamadera,1927,26,Wikidata Q11585529（2026-10-07取得）
S0e4eapk,信濃吉田,Q11386162,しなのよしだ,shinanoyoshida,1926-06-28,5,Wikidata Q11386162（2026-10-07取得）
S0e4gq6d,利別,Q899665,,toshibetsu,1904-12-15,29,Wikidata Q899665（2026-10-07取得）
S0e4p76w,金沢八景,Q6360870,かなざわはっけい,kanazawa-hakkei,1930-04-01,36,Wikidata Q6360870（2026-10-07取得）
S0e4s0ay,東武和泉,Q7862633,とうぶいずみ,tobu-izumi,1935-09-20,63,Wikidata Q7862633（2026-10-07取得）
S0e4sqxa,福川,Q5357925,ふくがわ,fukugawa,1898-03-17,22,Wikidata Q5357925（2026-10-07取得）
S0e5bi2j,世良田,Q7452609,せらだ,serada,1927-10-01,8,Wikidata Q7452609（2026-10-07取得）
S0e5mwdo,大間々,Q8081605,おおまま,omama,1911-04-15,13,Wikidata Q8081605（2026-10-07取得）
S0e6hc2w,高田,Q11672249,,takata,1960-11-01,25,Wikidata Q11672249（2026-10-07取得）
S0e6i7kn,上田浦,Q11359856,かみたのうら,kami tanoura,1952-10-10,41,Wikidata Q11359856（2026-10-07取得）
S0e6njd2,枝光,Q5335680,えだみつ,edamitsu,1908-04-01,47,Wikidata Q5335680（2026-10-07取得）
S0e6tvse,中田平,Q11366692,なかたびら,naka-tabira,1991-03-16,49,Wikidata Q11366692（2026-10-07取得）
S0e6vnsl,桜水,Q7403219,さくらみず,sakuramizu,1975-08-20,84,Wikidata Q7403219（2026-10-07取得）
S0e77chr,南由布,Q6862994,,minami-yufu,1925-07-29,24,Wikidata Q6862994（2026-10-07取得）
S0e788f7,迫川,Q5687538,はざかわ,hazakawa,1910-06-12,19,Wikidata Q5687538（2026-10-07取得）
S0e7rfuu,丸瀬布,Q6778000,まるせっぷ,maruseppu,1927,23,Wikidata Q6778000（2026-10-07取得）
S0e8fqpk,初富,Q5367450,はつとみ,hatsutomi,1949-07-10,29,Wikidata Q5367450（2026-10-07取得）
S0e8mp9v,御所,Q3615334,ごせ,gose,1896-05-10,53,Wikidata Q3615334（2026-10-07取得）
S0e8vc2d,金指,Q11647108,かなさし,kanasashi,1938-04-01,17,Wikidata Q11647108（2026-10-07取得）
S0e9j3m6,生瀬,Q856558,なまぜ,namaze,1898-06-08,22,Wikidata Q856558（2026-10-07取得）
S0e9jhsa,一ノ関,Q800946,いちのせき,ichinoseki,1890-04-16,87,Wikidata Q800946（2026-10-07取得）
S0e9wm2t,北初富,Q6417537,きたはつとみ,kita-hatsutomi,1955-04-21,61,Wikidata Q6417537（2026-10-07取得）
S0e9zb0d,石津,Q6080440,,ishizu,1919-04-27,78,Wikidata Q6080440（2026-10-07取得）
S0e9zme6,多度津,Q864436,たどつ,tadotsu,1889-05-23,45,Wikidata Q864436（2026-10-07取得）
S0eagcab,下北,Q7496973,しもきた,shimokita,1939-12-06,42,Wikidata Q7496973（2026-10-07取得）
S0eapuax,本楯,Q11520458,もとたて,mototate,1919-12-05,32,Wikidata Q11520458（2026-10-07取得）
S0easll8,平福,Q11483463,ひらふく,hirafuku,1994-12-03,68,Wikidata Q11483463（2026-10-07取得）
S0eaw1zf,広電廿日市,Q11485781,ひろでんはつかいち,hiroden-hatsukaichi,1924-04-06,74,Wikidata Q11485781（2026-10-07取得）
S0eb5tig,西国分寺,Q801259,にしこくぶんじ,nishi-kokubunji,1973-04-01,11,Wikidata Q801259（2026-10-07取得）
S0ecala4,宿川原,Q7504865,しゅくがわら,shukugawara,1952-01-26,16,Wikidata Q7504865（2026-10-07取得）
S0eci03f,和白,Q7960723,,wajiro,1905,29,Wikidata Q7960723（2026-10-07取得）
S0eciewf,大羽根園,Q8081423,おおばねえん,obane-en,1964,7,Wikidata Q8081423（2026-10-07取得）
S0eciiza,騰波ノ江,Q11668545,とばのえ,tobanoe,1926-08-15,26,Wikidata Q11668545（2026-10-07取得）
S0ecq44n,下段,Q7499138,しただん,shitadan,1936-12-26,12,Wikidata Q7499138（2026-10-07取得）
S0edo5cf,風合瀬,Q6374623,かそせ,kasose,1954-11-20,7,Wikidata Q6374623（2026-10-07取得）
S0edpyy2,久下村,Q3096704,くげむら,kugemura,1924-12-27,14,Wikidata Q3096704（2026-10-07取得）
S0ee4m1f,西大山,Q801260,にしおおやま,nishi-oyama,1960-03-22,3,Wikidata Q801260（2026-10-07取得）
S0ef47d2,津久野,Q856917,,tsukuno,1960,23,Wikidata Q856917（2026-10-07取得）
S0eg2p7b,陸前落合,Q7334133,りくぜんおちあい,rikuzen-ochiai,1929-09-29,31,Wikidata Q7334133（2026-10-07取得）
S0eg32db,美談,Q11609382,,midami,1952-01-15,13,Wikidata Q11609382（2026-10-07取得）
S0eg8t7x,豊中,Q3971166,,toyonaka,1913-09-29,6,Wikidata Q3971166（2026-10-07取得）
S0egoeuj,鍋島,Q5367881,なべしま,nabeshima,1926-10-01,20,Wikidata Q5367881（2026-10-07取得）
S0egoo5i,波久礼,Q3701668,はぐれ,hagure,1903-04-01,36,Wikidata Q3701668（2026-10-07取得）
S0egxmmj,山王,Q7418868,,sanno,1914-02-11,8,Wikidata Q7418868（2026-10-07取得）
S0ehszxa,八丁牟田,Q11390457,はっちょうむた,hatchomuta,1937-10-01,58,Wikidata Q11390457（2026-10-07取得）
S0ehvrnp,新屋,Q4784551,あらや,araya,1928-11-10,18,Wikidata Q4784551（2026-10-07取得）
S0eibmic,沼袋,Q843370,ぬまぶくろ,numabukuro,1927-04-16,110,Wikidata Q843370（2026-10-07取得）
S0eig33l,環状通東,Q3563591,かんじょうどおりひがし,kanjo-dori-higashi,1988-12-02,30,Wikidata Q3563591（2026-10-07取得）
S0eimek6,桑町,Q6449044,,kuwamachi,1922,20,Wikidata Q6449044（2026-10-07取得）
S0eiw8kz,乙川,Q7082067,おっかわ,okkawa,1933-12-07,18,Wikidata Q7082067（2026-10-07取得）
S0eiwcmy,安茂里,Q981709,あもり,amori,1985-03-14,37,Wikidata Q981709（2026-10-07取得）
S0ej6qsr,伊予大平,Q267402,いよおおひら,iyo-ohira,1986-03-03,27,Wikidata Q267402（2026-10-07取得）
S0ejcn1u,緒方,Q7079847,,ogata,1922-11-23,10,Wikidata Q7079847（2026-10-07取得）
S0ek8fbp,森,Q864405,もり,mori,1903-06-28,11,Wikidata Q864405（2026-10-07取得）
S0ek9ps5,初芝,Q5681906,はつしば,hatsushiba,1898-01-30,31,Wikidata Q5681906（2026-10-07取得）
S0ekns6k,長山,Q772341,ながやま,nagayama,1898-10-19,55,Wikidata Q772341（2026-10-07取得）
S0ekpeqt,武志,Q11545998,,takeshi,1914-04-29,32,Wikidata Q11545998（2026-10-07取得）
S0ekxtqt,当麻寺,Q7676152,たいまでら,taimadera,1929-03-29,56,Wikidata Q7676152（2026-10-07取得）
S0elyfgc,目黒,Q678461,めぐろ,meguro,1885,144,Wikidata Q678461（2026-10-07取得）
S0em2yye,摂津富田,Q59513,せっつとんだ,settsu-tonda,1924-07-25,2,Wikidata Q59513（2026-10-07取得）
S0em53rx,陸前小野,Q7334135,りくぜんおの,rikuzen-ono,1928-11-22,31,Wikidata Q7334135（2026-10-07取得）
S0em5k2v,日岡,Q3095774,ひおか,hioka,1913-04-01,20,Wikidata Q3095774（2026-10-07取得）
S0embyxx,本星崎,Q6917933,,moto-hoshizaki,1917,15,Wikidata Q6917933（2026-10-07取得）
S0empnp1,熱田神宮伝馬町,Q970033,,atsuta jingu temma-cho,1974-03-30,41,Wikidata Q970033（2026-10-07取得）
S0en95a4,黒山,Q11678101,くろやま,kuroyama,1957-02-11,36,Wikidata Q11678101（2026-10-07取得）
S0eo9lb5,西北見,Q7040368,にしきたみ,nishi-kitami,1986,8,Wikidata Q7040368（2026-10-07取得）
S0eoibv3,河内松原,Q6379458,かわちまつばら,kawachi-matsubara,1922-04-18,26,Wikidata Q6379458（2026-10-07取得）
S0ep35m6,今里,Q6003466,,imazato,1914-04-30,3,Wikidata Q6003466（2026-10-07取得）
S0eq1l2c,京橋,Q1073400,きょうばし,kyobashi,1895-10-17,198,Wikidata Q1073400（2026-10-07取得）
S0eqb3ys,竹中,Q7678031,,takenaka,1916-09-01,63,Wikidata Q7678031（2026-10-07取得）
S0eqktwm,須磨寺,Q11664681,,sumadera,1910-03-15,47,Wikidata Q11664681（2026-10-07取得）
S0eqlfqs,高円寺,Q801056,こうえんじ,koenji,1922-07-15,15,Wikidata Q801056（2026-10-07取得）
S0erfo4p,宇部,Q5357988,うべ,ube,1910-07-01,34,Wikidata Q5357988（2026-10-07取得）
S0eri3ya,平岸,Q5768873,,hiragishi,1913-11-10,112,Wikidata Q5768873（2026-10-07取得）
S0es003y,南古谷,Q844387,みなみふるや,minami-furuya,1940-07-22,24,Wikidata Q844387（2026-10-07取得）
S0es5cyi,磯ノ浦,Q6086167,,isonoura,1912,14,Wikidata Q6086167（2026-10-07取得）
S0esbgo3,太東,Q564210,たいとう,taito,1899-12-13,42,Wikidata Q564210（2026-10-07取得）
S0esro68,金谷沢,Q6360862,かなやさわ,kanayasawa,1953-06-10,19,Wikidata Q6360862（2026-10-07取得）
S0et7r6g,坂越,Q4873356,さこし,sakoshi,1951-12-12,21,Wikidata Q4873356（2026-10-07取得）
S0etkdz4,糸崎,Q5359011,いとざき,itozaki,1892-07-20,107,Wikidata Q5359011（2026-10-07取得）
S0eua4rk,墨染,Q2153618,すみぞめ,sumizome,1910,10,Wikidata Q2153618（2026-10-07取得）
S0eufjn7,越中舟橋,Q5402511,えっちゅうふなはし,etchu-funahashi,1931-08-15,118,Wikidata Q5402511（2026-10-07取得）
S0euhtbd,伊勢治田,Q11379092,いせはった,ise-hatta,1931-07-23,52,Wikidata Q11379092（2026-10-07取得）
S0eumeis,上嘉川,Q6357150,,kami-kagawa,1925-03-26,16,Wikidata Q6357150（2026-10-07取得）
S0euuw7m,南橋本,Q6862886,みなみはしもと,minami-hashimoto,1932-11-01,13,Wikidata Q6862886（2026-10-07取得）
S0euwa2a,陸中山田,Q7334120,りくちゅうやまだ,rikuchu-yamada,1935-11-17,41,Wikidata Q7334120（2026-10-07取得）
S0euz569,末続,Q2496648,すえつぎ,suetsugi,1947-06-01,70,Wikidata Q2496648（2026-10-07取得）
S0ev7zsa,宮城野通,Q11501901,,miyagino-dori,2015-12-06,32,Wikidata Q11501901（2026-10-07取得）
S0evs992,安房小湊,Q552825,あわこみなと,awa-kominato,1929-04-15,51,Wikidata Q552825（2026-10-07取得）
S0evtgk4,桜台,Q7403193,さくらだい,sakuradai,1971-03-01,26,Wikidata Q7403193（2026-10-07取得）
S0evu6be,地下鉄成増,Q80506,ちかてつなります,chikatetsu-narimasu,1983-06-24,40,Wikidata Q80506（2026-10-07取得）
S0evva2c,池尻,Q5359678,いけじり,ikejiri,1899-07-10,25,Wikidata Q5359678（2026-10-07取得）
S0ewvh4q,東尾道,Q3661775,ひがしおのみち,higashi-onomichi,1996-07-21,27,Wikidata Q3661775（2026-10-07取得）
S0ewxz6y,湯尾,Q5359995,ゆのお,yunoo,1948,5,Wikidata Q5359995（2026-10-07取得）
S0ewzq2q,母野,Q5649217,はんの,hanno,1927-04-10,20,Wikidata Q5649217（2026-10-07取得）
S0exav5p,渕高,Q5506923,,fuchidaka,1924,22,Wikidata Q5506923（2026-10-07取得）
S0exqgog,要田,Q6360578,かなめた,kanameta,1950-01-01,20,Wikidata Q6360578（2026-10-07取得）
S0ey6kuj,十勝清水,Q899142,,tokachi-shimizu,1907-09-08,87,Wikidata Q899142（2026-10-07取得）
S0eyezpv,下部温泉,Q7496943,しもべおんせん,shimobe-onsen,1927-12-17,16,Wikidata Q7496943（2026-10-07取得）
S0eyixxd,朝地,Q4803411,あさじ,asaji,1923-12-20,21,Wikidata Q4803411（2026-10-07取得）
S0eyp5sa,天神川,Q5358471,てんじんがわ,tenjingawa,2004-03-13,49,Wikidata Q5358471（2026-10-07取得）
S0eyt6sq,大泉,Q11437195,おおいずみ,oizumi,2004,23,Wikidata Q11437195（2026-10-07取得）
S0ezh9io,亀甲,Q6356927,かめのこう,kamenoko,1898-12-21,46,Wikidata Q6356927（2026-10-07取得）
S0ezibo9,鹿児島,Q874167,,kagoshima,1901,25,Wikidata Q874167（2026-10-07取得）
S0ezsyz2,肥前旭,Q5359363,ひぜんあさひ,hizen-asahi,1928-12-23,53,Wikidata Q5359363（2026-10-07取得）
S0f0a7j0,芦花公園,Q2717793,ろかこうえん,roka-koen,1913-04-15,44,Wikidata Q2717793（2026-10-07取得）
S0f0josv,勝野,Q6378150,,katsuno,1912-07-21,31,Wikidata Q6378150（2026-10-07取得）
S0f0ofx8,鶴羽,Q7850308,つるわ,tsuruwa,1961-10-01,22,Wikidata Q7850308（2026-10-07取得）
S0f16g8l,志紀,Q856440,しき,shiki,1909,39,Wikidata Q856440（2026-10-07取得）
S0f1aim4,陸中川井,Q7334116,りくちゅうかわい,rikuchu-kawai,1933-11-30,26,Wikidata Q7334116（2026-10-07取得）
S0f1ct3e,本庄,Q844906,ほんじょう,honjo,1883-10-21,30,Wikidata Q844906（2026-10-07取得）
S0f1d2vd,白沢渓谷,Q7498294,,shirasawa keikoku,2001,4,Wikidata Q7498294（2026-10-07取得）
S0f1dbvg,三木,Q6849859,みき,miki,1938,34,Wikidata Q6849859（2026-10-07取得）
S0f1k3v5,御幸辻,Q6884576,みゆきつじ,miyukitsuji,1915,14,Wikidata Q6884576（2026-10-07取得）
S0f1sf2f,祖谷口,Q901383,いやぐち,iyaguchi,1935-11-28,32,Wikidata Q901383（2026-10-07取得）
S0f1yhx0,稲荷,Q510674,いなり,inari,1879-08-18,14,Wikidata Q510674（2026-10-07取得）
S0f245lu,平和台,Q80427,へいわだい,heiwadai,1983-06-24,58,Wikidata Q80427（2026-10-07取得）
S0f2v80h,羽衣,Q11610370,はごろも,hagoromo,1912-03-01,20,Wikidata Q11610370（2026-10-07取得）
S0f38p0s,新岩国,Q767197,しんいわくに,shin-iwakuni,1975,12,Wikidata Q767197（2026-10-07取得）
S0f38xts,トマム,Q8190718,トマム,tomamu,1981,20,Wikidata Q8190718（2026-10-07取得）
S0f3bse3,遠浅,Q7811407,,toasa,1902-09-21,42,Wikidata Q7811407（2026-10-07取得）
S0f3lyav,高安,Q3661638,たかやす,takayasu,1925-09-30,103,Wikidata Q3661638（2026-10-07取得）
S0f4mopi,鶴見,Q128164,つるみ,tsurumi,1872-10-14,35,Wikidata Q128164（2026-10-07取得）
S0f536zl,中之郷,Q6960279,なかのごう,nakanogo,1929,79,Wikidata Q6960279（2026-10-07取得）
S0f5qkey,ちはら台,Q5097270,ちはらだい,chiharadai,1995-04-01,33,Wikidata Q5097270（2026-10-07取得）
S0f692l4,大入,Q5209522,だいにゅう,dainyu,1924-04-01,29,Wikidata Q5209522（2026-10-07取得）
S0f6agxs,玉名,Q872970,,tamana,1891-04-01,64,Wikidata Q872970（2026-10-07取得）
S0f6jimx,汐留,Q1063299,しおどめ,shiodome,2000-12-12,154,Wikidata Q1063299（2026-10-07取得）
S0f6mews,北川,Q5357640,きたがわ,kitagawa,1949-05-01,18,Wikidata Q5357640（2026-10-07取得）
S0f6rvur,下高井戸,Q994285,しもたかいど,shimo-takaido,1913-04-15,39,Wikidata Q994285（2026-10-07取得）
S0f6tare,中野東,Q5358591,なかのひがし,nakanohigashi,1989-08-11,2,Wikidata Q5358591（2026-10-07取得）
S0f77ukv,楡木,Q7039945,にれぎ,niregi,1929-04-01,92,Wikidata Q7039945（2026-10-07取得）
S0f7wqkr,五稜郭,Q1037967,ごりょうかく,goryokaku,1911-09-01,26,Wikidata Q1037967（2026-10-07取得）
S0f8hzj4,中部天竜,Q775718,ちゅうぶてんりゅう,chubu-tenryu,1934-11-11,42,Wikidata Q775718（2026-10-07取得）
S0f8pg8t,大平下,Q8081496,おおひらした,ohirashita,1895-03-08,32,Wikidata Q8081496（2026-10-07取得）
S0f93neg,舞松原,Q11613635,まいまつばら,maimatsubara,1994-03-01,72,Wikidata Q11613635（2026-10-07取得）
S0f97lcc,西尾,Q7040685,,nishio,1911,58,Wikidata Q7040685（2026-10-07取得）
S0f9899n,本名,Q5896571,ほんな,honna,1965-02-01,6,Wikidata Q5896571（2026-10-07取得）
S0f9914g,吉里吉里,Q3892986,きりきり,kirikiri,1938-04-05,38,Wikidata Q3892986（2026-10-07取得）
S0f9d63j,紀伊井田,Q5357310,きいいだ,kii-ida,1940-08-08,28,Wikidata Q5357310（2026-10-07取得）
S0f9j63i,飯詰,Q5995055,いいづめ,iizume,1905-06-15,35,Wikidata Q5995055（2026-10-07取得）
S0f9kkqk,八積,Q564445,やつみ,yatsumi,1898-03-25,61,Wikidata Q564445（2026-10-07取得）
S0f9vc27,勇知,Q8062714,,yuchi,1924-06-25,20,Wikidata Q8062714（2026-10-07取得）
S0f9wf4b,布崎,Q11480776,,nunozaki,1915-02-04,1,Wikidata Q11480776（2026-10-07取得）
S0fadi90,伊保,Q5994732,いほ,iho,1923-08-19,22,Wikidata Q5994732（2026-10-07取得）
S0fajce1,東萩,Q5753531,ひがしはぎ,higashi-hagi,1925-11-01,31,Wikidata Q5753531（2026-10-07取得）
S0faktvo,東開聞,Q5753585,ひがしかいもん,higashi-kaimon,1960-03-22,82,Wikidata Q5753585（2026-10-07取得）
S0fakxpf,平和島,Q5367220,へいわじま,heiwajima,1901-02-01,65,Wikidata Q5367220（2026-10-07取得）
S0famm0b,宮城野原,Q11454015,みやぎのはら,miyaginohara,1926-01-01,59,Wikidata Q11454015（2026-10-07取得）
S0fbem2a,米子空港,Q4207667,よなごくうこう,yonago airport,1902-11-01,7,Wikidata Q4207667（2026-10-07取得）
S0fbg0te,八柱,Q5367230,やばしら,yabashira,1955-04-21,40,Wikidata Q5367230（2026-10-07取得）
S0fbslxw,豊栄,Q11633770,とよさか,toyosaka,1952-12-23,21,Wikidata Q11633770（2026-10-07取得）
S0fbsywm,桜町,Q985446,さくらまち,sakuramachi,1923-08-03,31,Wikidata Q985446（2026-10-07取得）
S0fbxns5,会津下郷,Q4699456,あいづしもごう,aizu-shimogo,1934-12-27,16,Wikidata Q4699456（2026-10-07取得）
S0fc0svb,荒砥,Q4784437,あらと,arato,1923-04-22,7,Wikidata Q4784437（2026-10-07取得）
S0fcrj4g,めじろ台,Q6810499,めじろだい,mejirodai,1967-10-01,79,Wikidata Q6810499（2026-10-07取得）
S0fcw0b1,野馳,Q3610922,のち,nochi,1930-11-25,10,Wikidata Q3610922（2026-10-07取得）
S0feb5bw,相浦,Q11582233,あいのうら,ainoura,1920-03-27,22,Wikidata Q11582233（2026-10-07取得）
S0fef3zu,丹波口,Q129977,たんばぐち,tambaguchi,1897-04-27,130,Wikidata Q129977（2026-10-07取得）
S0fefpxp,西長田ゆりの里,Q7040381,,nishinagata yurinosato,1928-12-30,10,Wikidata Q7040381（2026-10-07取得）
S0ff5smz,大井町,Q801690,おおいまち,oimachi,1901-03-15,96,Wikidata Q801690（2026-10-07取得）
S0ff6rl7,獨協大学前,Q6788024,どっきょうだいがくまえ,dokkyodaigakumae,1962-12-01,20,Wikidata Q6788024（2026-10-07取得）
S0ffliz0,加賀温泉,Q5359613,かがおんせん,kagaonsen,1944,21,Wikidata Q5359613（2026-10-07取得）
S0fg0vsr,越後寒川,Q5332416,えちごかんがわ,echigo-kangawa,1924-07-31,5,Wikidata Q5332416（2026-10-07取得）
S0fgdjv7,荒河かしの木台,Q4783711,あらがかしのきだい,aragakashinokidai,1988-07-16,7,Wikidata Q4783711（2026-10-07取得）
S0fgynq1,薩摩塩屋,Q5374582,さつましおや,satsuma-shioya,1963-10-31,13,Wikidata Q5374582（2026-10-07取得）
S0fh1el8,伊那小沢,Q894419,いなこざわ,ina-kozawa,1936-12-30,3,Wikidata Q894419（2026-10-07取得）
S0fhaaxl,西春,Q11628445,,nishiharu,1912,26,Wikidata Q11628445（2026-10-07取得）
S0fhrxlm,安部,Q4666444,,abe,1932-02-05,6,Wikidata Q4666444（2026-10-07取得）
S0fhslgu,勅旨,Q11399931,,chokushi,1963-06-01,31,Wikidata Q11399931（2026-10-07取得）
S0fhy9f3,千種,Q863068,ちくさ,chikusa,1900-07-25,74,Wikidata Q863068（2026-10-07取得）
S0fi1t8h,今川,Q11376951,いまがわ,imagawa,1944-07-01,7,Wikidata Q11376951（2026-10-07取得）
S0fi2f6u,赤堀,Q4700157,あかほり,akahori,1912-10-06,26,Wikidata Q4700157（2026-10-07取得）
S0fi589x,美咲が丘,Q6875093,,misakigaoka,1995-10-28,39,Wikidata Q6875093（2026-10-07取得）
S0fiojh4,別府,Q4890935,べっぷ,beppu,1911-07-16,8,Wikidata Q4890935（2026-10-07取得）
S0fiqkmw,三浦,Q6883687,みうら,miura,1963-04-01,48,Wikidata Q6883687（2026-10-07取得）
S0fixit0,入谷,Q8193653,いりや,iriya,1935-06-23,33,Wikidata Q8193653（2026-10-07取得）
S0fjdy9l,相月,Q776777,あいづき,aizuki,1955-11-11,11,Wikidata Q776777（2026-10-07取得）
S0fks34t,嘉川,Q5357947,かがわ,kagawa,1900-12-03,55,Wikidata Q5357947（2026-10-07取得）
S0fkuvq9,三岡,Q6883336,みつおか,mitsuoka,1925-04-14,16,Wikidata Q6883336（2026-10-07取得）
S0fkvucm,大谷,Q3467525,,otani,1952-10-01,36,Wikidata Q3467525（2026-10-07取得）
S0fkw9l2,林崎,Q5686071,はやしざき,hayashizaki,1935-04-15,30,Wikidata Q5686071（2026-10-07取得）
S0flhkst,三国神社,Q6850276,,mikuni jinja,1930-07-01,23,Wikidata Q6850276（2026-10-07取得）
S0flm4sk,美祢,Q11609314,みね,mine,1916-09-15,32,Wikidata Q11609314（2026-10-07取得）
S0flnq1f,佐古木,Q7403042,さこぎ,sakogi,1938,12,Wikidata Q7403042（2026-10-07取得）
S0fm9b9p,神辺,Q6363862,,kannabe,1914-07-21,17,Wikidata Q6363862（2026-10-07取得）
S0fmos9f,根室,Q848207,ねむろ,nemuro,1921-08-05,29,Wikidata Q848207（2026-10-07取得）
S0fmt9tu,長船,Q7105507,おさふね,osafune,1962-09-01,75,Wikidata Q7105507（2026-10-07取得）
S0fn6a1t,端野,Q7683701,たんの,tanno,1912,51,Wikidata Q7683701（2026-10-07取得）
S0fna7iz,徳力嵐山口,Q7813750,,tokuriki arashiyamaguchi,1985-01-09,31,Wikidata Q7813750（2026-10-07取得）
S0fniwzd,上臼杵,Q6357203,かみうすき,kami-usuki,1917-07-18,9,Wikidata Q6357203（2026-10-07取得）
S0fnykoj,京成船橋,Q841409,けいせいふなばし,keisei funabashi,1916-12-30,54,Wikidata Q841409（2026-10-07取得）
S0fo25xi,高尾野,Q11669264,たかおの,takaono,1923-10-15,19,Wikidata Q11669264（2026-10-07取得）
S0foq4td,湖山,Q899280,こやま,koyama,1907-04-28,26,Wikidata Q899280（2026-10-07取得）
S0foyz7q,八丁堀,Q1073008,はっちょうぼり,hatchobori,1963-02-28,54,Wikidata Q1073008（2026-10-07取得）
S0fp8nl6,藤が丘,Q5366756,ふじがおか,fujigaoka,1966-04-01,35,Wikidata Q5366756（2026-10-07取得）
S0fpa9a8,伊香牛,Q5995483,いかうし,ikaushi,1922,60,Wikidata Q5995483（2026-10-07取得）
S0fph6v8,梅ヶ丘,Q4475573,うめがおか,umegaoka,1934-04-01,13,Wikidata Q4475573（2026-10-07取得）
S0fpjjdl,上松川,Q6358116,かみまつかわ,kamimatsukawa,1964-01-10,7,Wikidata Q6358116（2026-10-07取得）
S0fpvo7e,つくし野,Q7850118,つくしの,tsukushino,1968-04-01,63,Wikidata Q7850118（2026-10-07取得）
S0fq2jyd,田町,Q801510,たまち,tamachi,1909-12-16,39,Wikidata Q801510（2026-10-07取得）
S0fq93x4,西武園ゆうえんち,Q8014583,せいぶえんゆうえんち,seibuen-yuenchi,1985-04-25,22,Wikidata Q8014583（2026-10-07取得）
S0fq9pha,市場,Q3095779,いちば,ichiba,1913-08-10,24,Wikidata Q3095779（2026-10-07取得）
S0fqpv7y,伊予市,Q869533,いよし,iyoshi,1930-02-27,40,Wikidata Q869533（2026-10-07取得）
S0fqxhri,川端,Q6379418,,kawabata,1894-08-01,7,Wikidata Q6379418（2026-10-07取得）
S0friuux,三里,Q11357642,みさと,misato,1931,42,Wikidata Q11357642（2026-10-07取得）
S0fs96a9,城東,Q11426223,じょうとう,joto,1928-11-10,10,Wikidata Q11426223（2026-10-07取得）
S0fscwow,益田,Q6785654,ますだ,masuda,1923-04-01,3,Wikidata Q6785654（2026-10-07取得）
S0fsdlno,下総豊里,Q7497068,しもうさとよさと,shimosa-toyosato,1933-03-11,24,Wikidata Q7497068（2026-10-07取得）
S0fslx86,篠目,Q7497729,しのめ,shinome,1917-07-01,12,Wikidata Q7497729（2026-10-07取得）
S0fsx638,新開地,Q7497640,しんかいち,shinkaichi,1968-04-07,66,Wikidata Q7497640（2026-10-07取得）
S0fsy2f4,港山,Q11563075,みなとやま,minatoyama,1931-05-01,38,Wikidata Q11563075（2026-10-07取得）
S0ftohot,水野,Q6884885,,mizuno,1905,19,Wikidata Q6884885（2026-10-07取得）
S0ftt3qr,勝幡,Q7499776,,shobata,1914,35,Wikidata Q7499776（2026-10-07取得）
S0fu2y9s,アスモ前,Q4811876,アスモまえ,asumomae,1987-03-15,12,Wikidata Q4811876（2026-10-07取得）
S0fu7d18,相賀,Q4696816,あいが,aiga,1934-12-19,35,Wikidata Q4696816（2026-10-07取得）
S0fumc6w,南平岸,Q3563720,みなみひらぎし,minami-hiragishi,1971-12-16,37,Wikidata Q3563720（2026-10-07取得）
S0fuo076,卸町,Q11409196,,oroshimachi,2015-12-06,7,Wikidata Q11409196（2026-10-07取得）
S0fvmm85,大同町,Q5209087,,daidocho,1926,29,Wikidata Q5209087（2026-10-07取得）
S0fvpe0i,宇野辺,Q3971218,うのべ,unobe,1990,44,Wikidata Q3971218（2026-10-07取得）
S0fvr9x0,ポートターミナル,Q11339449,ポートターミナル,port terminal,1981-02-05,11,Wikidata Q11339449（2026-10-07取得）
S0fvubvg,下湯沢,Q7496938,しもゆざわ,shimo-yuzawa,1956-11-28,97,Wikidata Q7496938（2026-10-07取得）
S0fw1zk4,代田橋,Q4154095,だいたばし,daitabashi,1913-04-15,57,Wikidata Q4154095（2026-10-07取得）
S0fwmhxl,熊崎,Q5358533,くまさき,kumasaki,1920-08-15,56,Wikidata Q5358533（2026-10-07取得）
S0fx2xma,十島,Q7862731,とおしま,toshima,1918-08-10,14,Wikidata Q7862731（2026-10-07取得）
S0fx7u5y,結崎,Q8062793,,yuzaki,1923-03-21,15,Wikidata Q8062793（2026-10-07取得）
S0fxosh6,新広,Q7497092,しんひろ,shin-hiro,2002-03-23,27,Wikidata Q7497092（2026-10-07取得）
S0fxsnb4,上熊本,Q872987,,kami-kumamoto,1891,29,Wikidata Q872987（2026-10-07取得）
S0fygzy2,金田一温泉,Q6414325,きんたいちおんせん,kintaichi-onsen,1909-10-18,4,Wikidata Q6414325（2026-10-07取得）
S0fym70u,本宮,Q11520141,ほんぐう,hongu,1937-10-01,17,Wikidata Q11520141（2026-10-07取得）
S0fyy7mv,野中,Q11645042,のなか,nonaka,1990-03-10,15,Wikidata Q11645042（2026-10-07取得）
S0fz0m5i,相模原,Q844696,さがみはら,sagamihara,1941-04-05,13,Wikidata Q844696（2026-10-07取得）
S0g08744,千早口,Q5097284,ちはやぐち,chihayaguchi,1915-03-11,17,Wikidata Q5097284（2026-10-07取得）
S0g08ofs,関目,Q857367,せきめ,sekime,1931,17,Wikidata Q857367（2026-10-07取得）
S0g0eru7,上強羅,Q6357118,かみごうら,kami-gora,1921-12-01,40,Wikidata Q6357118（2026-10-07取得）
S0g0ggzw,庶路,Q899373,,shoro,1901-07-20,43,Wikidata Q899373（2026-10-07取得）
S0g1oesg,中佐世保,Q6960093,なかさせぼ,naka-sasebo,1961-07-15,36,Wikidata Q6960093（2026-10-07取得）
S0g272la,棚倉,Q1049005,たなくら,tanakura,1896,17,Wikidata Q1049005（2026-10-07取得）
S0g2co5k,遠州病院,Q5379979,えんしゅうびょういん,enshu-byoin,1958-06-01,13,Wikidata Q5379979（2026-10-07取得）
S0g2cwtv,昆布盛,Q900268,,kombumori,1961-02-01,23,Wikidata Q900268（2026-10-07取得）
S0g2sp53,二本木,Q5356473,にほんぎ,nihongi,1911-05-01,10,Wikidata Q5356473（2026-10-07取得）
S0g2uwv2,ドーム前,Q112154188,ドームまえ,dome-mae,2009-03-20,22,Wikidata Q112154188（2026-10-07取得）
S0g2w0fg,津守,Q7850134,つもり,tsumori,1913-02-21,22,Wikidata Q7850134（2026-10-07取得）
S0g3i4kf,南酒出,Q6862962,みなみさかいで,minami-sakaide,1935-09-01,38,Wikidata Q6862962（2026-10-07取得）
S0g3jgcg,九品仏,Q6442177,くほんぶつ,kuhombutsu,1929-11-01,5,Wikidata Q6442177（2026-10-07取得）
S0g4axna,岳南原田,Q5517711,,gakunan-harada,1951,74,Wikidata Q5517711（2026-10-07取得）
S0g4bk7g,荒本,Q4784030,あらもと,aramoto,1986,7,Wikidata Q4784030（2026-10-07取得）
S0g4fxp3,金上,Q6361889,かねあげ,kaneage,1928-07-17,7,Wikidata Q6361889（2026-10-07取得）
S0g4gjuu,雨晴,Q4739145,あまはらし,amaharashi,1912-04-05,2,Wikidata Q4739145（2026-10-07取得）
S0g4i5aj,大雄山,Q5209846,だいゆうざん,daiyuzan,1925-10-15,54,Wikidata Q5209846（2026-10-07取得）
S0g4z4ih,小湊,Q5356761,こみなと,kominato,1891-09-01,81,Wikidata Q5356761（2026-10-07取得）
S0g51mo5,自由が丘,Q800972,じゆうがおか,jiyugaoka,1927-08-28,18,Wikidata Q800972（2026-10-07取得）
S0g5ag8r,魚住,Q1042649,うおずみ,uozumi,1961-10-01,12,Wikidata Q1042649（2026-10-07取得）
S0g5ah1a,六地蔵,Q131749266,ろくじぞう,rokujizo,1913-06-01,11,Wikidata Q131749266（2026-10-07取得）
S0g5fcwt,源じいの森,Q11563971,,genjii no mori,1995-07-21,55,Wikidata Q11563971（2026-10-07取得）
S0g5rbsi,淡輪,Q7683705,たんのわ,tannowa,1906-08-15,36,Wikidata Q7683705（2026-10-07取得）
S0g66jfg,ほっとゆだ,Q8193573,ほっとゆだ,hottoyuda,1922-12-16,24,Wikidata Q8193573（2026-10-07取得）
S0g6d3rw,小垣江,Q7079799,,ogakie,1914,9,Wikidata Q7079799（2026-10-07取得）
S0g6dm3l,間々田,Q873320,ままだ,mamada,1894-04-01,13,Wikidata Q873320（2026-10-07取得）
S0g6haqp,敷島,Q1705823,しきしま,shikishima,1924-03-31,118,Wikidata Q1705823（2026-10-07取得）
S0g8zupv,玉淀,Q7680980,たまよど,tamayodo,1934-04-01,14,Wikidata Q7680980（2026-10-07取得）
S0g9jx7d,日向和田,Q8013228,ひなたわだ,hinatawada,1895-12-28,20,Wikidata Q8013228（2026-10-07取得）
S0g9o1mf,市部,Q5986103,,ichibe,1926,36,Wikidata Q5986103（2026-10-07取得）
S0gb0d84,会津桧原,Q4699444,あいづひのはら,aizu-hinohara,1941-10-28,3,Wikidata Q4699444（2026-10-07取得）
S0gb7dq2,東酒田,Q11528576,ひがしさかた,higashi-sakata,1944-03-31,23,Wikidata Q11528576（2026-10-07取得）
S0gbtxev,高野川,Q898973,こうのかわ,konokawa,1963-02-01,5,Wikidata Q898973（2026-10-07取得）
S0gcf84i,漆山,Q7901562,うるしやま,urushiyama,1902-11-01,10,Wikidata Q7901562（2026-10-07取得）
S0gcrqtr,河津,Q6379913,かわづ,kawazu,1961-12-10,14,Wikidata Q6379913（2026-10-07取得）
S0gdanoh,池田,Q11552210,,ikeda,1950-10-01,101,Wikidata Q11552210（2026-10-07取得）
S0gde4zq,小林,Q5363656,こばやし,kobayashi,1901-08-10,27,Wikidata Q5363656（2026-10-07取得）
S0gdgkrq,朝里,Q1044939,あさり,asari,1880-11-28,40,Wikidata Q1044939（2026-10-07取得）
S0gdodkw,平田町,Q5769516,ひらたちょう,hiratacho,1963,48,Wikidata Q5769516（2026-10-07取得）
S0gedaow,前平公園,Q6729136,まえひらこうえん,maehira-koen,1986-12-11,26,Wikidata Q6729136（2026-10-07取得）
S0gee9sg,追良瀬,Q7081521,おいらせ,oirase,1934-12-13,67,Wikidata Q7081521（2026-10-07取得）
S0geevzz,雁ノ巣,Q5521437,がんのす,gannosu,1904-01-01,51,Wikidata Q5521437（2026-10-07取得）
S0gelwvl,野崎,Q872751,のざき,nozaki,1897-02-25,14,Wikidata Q872751（2026-10-07取得）
S0gess14,磯原,Q5353468,いそはら,isohara,1897-02-25,58,Wikidata Q5353468（2026-10-07取得）
S0gf9be7,稲尾,Q11596577,いなお,inao,1960-07-20,34,Wikidata Q11596577（2026-10-07取得）
S0gfiriu,伊賀神戸,Q8192384,いがかんべ,iga-kambe,1930-10-10,93,Wikidata Q8192384（2026-10-07取得）
S0gfprax,つつじヶ丘,Q841913,つつじがおか,tsutsujigaoka,1913-04-15,18,Wikidata Q841913（2026-10-07取得）
S0gfu8fz,赤目口,Q4700236,あかめぐち,akameguchi,1930-10-10,100,Wikidata Q4700236（2026-10-07取得）
S0gfuaw8,小柳,Q11461994,おやなぎ,oyanagi,1915-06-22,44,Wikidata Q11461994（2026-10-07取得）
S0gfzjgt,深戸,Q5507561,ふかど,fukado,1928-05-06,32,Wikidata Q5507561（2026-10-07取得）
S0ggty2r,新井口,Q5358598,しんいのくち,shin-inokuchi,1985-03-14,89,Wikidata Q5358598（2026-10-07取得）
S0gh7txe,近鉄八田,Q6414362,,kintetsu hatta,1938,3,Wikidata Q6414362（2026-10-07取得）
S0ghaevr,香芝,Q3655907,,kashiba,1891,81,Wikidata Q3655907（2026-10-07取得）
S0ghdtgz,薬水,Q6448254,,kusurimizu,1924-02-07,35,Wikidata Q6448254（2026-10-07取得）
S0ghwya4,和田塚,Q858969,わだづか,wadazuka,1907-08-16,17,Wikidata Q858969（2026-10-07取得）
S0gi12cy,京成大和田,Q6383852,けいせいおおわだ,keisei owada,1926-12-09,63,Wikidata Q6383852（2026-10-07取得）
S0gi2s2u,屋島,Q8049736,やしま,yashima,1925-08-01,35,Wikidata Q8049736（2026-10-07取得）
S0gishli,西小山,Q5370722,にしこやま,nishi-koyama,1928-08-01,34,Wikidata Q5370722（2026-10-07取得）
S0gjghnd,白木,Q1710090,しらき,shiraki,1929,24,Wikidata Q1710090（2026-10-07取得）
S0gjnu73,唐の原,Q7862705,とうのはる,tonoharu,1986-11-01,61,Wikidata Q7862705（2026-10-07取得）
S0gjo6ar,東陽町,Q126765,とうようちょう,toyocho,1967-09-14,16,Wikidata Q126765（2026-10-07取得）
S0gjqpn7,西田平,Q7040413,にしたびら,nishi-tabira,1989-03-11,28,Wikidata Q7040413（2026-10-07取得）
S0gk8ik7,市場,Q5986094,いちば,ichiba,1951,11,Wikidata Q5986094（2026-10-07取得）
S0gkg834,桑園,Q589441,そうえん,soen,1924-06-01,10,Wikidata Q589441（2026-10-07取得）
S0gkuiy2,子守唄の里高屋,Q6428483,,komoriutanosato-takaya,1999-01-11,8,Wikidata Q6428483（2026-10-07取得）
S0gld1n0,久田野,Q873174,くたの,kutano,1919-10-12,66,Wikidata Q873174（2026-10-07取得）
S0gln8g8,平泉,Q899369,ひらいずみ,hiraizumi,1898-05-28,2,Wikidata Q899369（2026-10-07取得）
S0glrzwq,朝霞,Q4803419,あさか,asaka,1914-05-01,23,Wikidata Q4803419（2026-10-07取得）
S0gmc1cq,西可児,Q7040484,,nishi kani,1925-04-24,27,Wikidata Q7040484（2026-10-07取得）
S0gmeu97,中加積,Q6960203,なかかづみ,naka-kazumi,1913-06-25,23,Wikidata Q6960203（2026-10-07取得）
S0gmykhr,美濃津屋,Q11609242,,mino-tsuya,1919-04-27,28,Wikidata Q11609242（2026-10-07取得）
S0gnhlmx,渡島当別,Q5360706,おしまとうべつ,oshima-tobetsu,1930-10-25,10,Wikidata Q5360706（2026-10-07取得）
S0gnpzd2,藤根,Q5507454,ふじね,fujine,1921-03-21,25,Wikidata Q5507454（2026-10-07取得）
S0go8q5h,弁天町,Q1131017,べんてんちょう,bentencho,1961-12-11,61,Wikidata Q1131017（2026-10-07取得）
S0gp8nrs,因幡船岡,Q6013246,,inaba-funaoka,1930-01-20,8,Wikidata Q6013246（2026-10-07取得）
S0gpdmj2,羽ノ浦,Q5649353,はのうら,hanoura,1916-12-15,119,Wikidata Q5649353（2026-10-07取得）
S0gpybou,本山,Q855542,,motoyama,1963-04-01,62,Wikidata Q855542（2026-10-07取得）
S0gpzbbv,佐和,Q8011234,さわ,sawa,1897-02-25,11,Wikidata Q8011234（2026-10-07取得）
S0gq2yhd,伊勢佐木長者町,Q841434,いせざきちょうじゃまち,isezaki-chojamachi,1972-12-16,48,Wikidata Q841434（2026-10-07取得）
S0gqk7aq,会津豊川,Q4699460,あいづとよかわ,aizu-toyokawa,1934-11-01,41,Wikidata Q4699460（2026-10-07取得）
S0gqwu6f,赤坂見附,Q602384,あかさかみつけ,akasaka-mitsuke,1938-11-18,22,Wikidata Q602384（2026-10-07取得）
S0gqzp4q,西別院,Q7040312,,nishibetsuin,1929-04-01,28,Wikidata Q7040312（2026-10-07取得）
S0gr9dx5,若林,Q7960747,,wakabayashi,1920,36,Wikidata Q7960747（2026-10-07取得）
S0grm04l,名電山中,Q11415824,,meiden-yamanaka,1926,13,Wikidata Q11415824（2026-10-07取得）
S0grmlnz,御岳山,Q80163205,,mitakesan,1934-12-31,0,Wikidata Q80163205（2026-10-07取得）
S0gs3i2u,中野富士見町,Q1132601,なかのふじみちょう,nakano-fujimicho,1961-02-08,105,Wikidata Q1132601（2026-10-07取得）
S0gsc1a3,宇奈月,Q7882346,,unazuki,1953-11-16,37,Wikidata Q7882346（2026-10-07取得）
S0gsetel,平群,Q11483503,へぐり,heguri,1926-10-21,5,Wikidata Q11483503（2026-10-07取得）
S0gt449v,気山,Q6418955,,kiyama,1961-08-01,24,Wikidata Q6418955（2026-10-07取得）
S0gtcp1y,名和,Q431947,なわ,nawa,1909-03-11,8,Wikidata Q431947（2026-10-07取得）
S0gtg2pa,二上山,Q11371274,にじょうざん,nijozan,1929-03-29,72,Wikidata Q11371274（2026-10-07取得）
S0gu0ei7,長門湯本,Q11654892,ながとゆもと,nagato-yumoto,1924,13,Wikidata Q11654892（2026-10-07取得）
S0gut9a3,光が丘,Q1132210,ひかりがおか,hikarigaoka,1991-12-10,48,Wikidata Q1132210（2026-10-07取得）
S0gwe3t8,山都,Q13579106,やまと,yamato,1910-12-15,7,Wikidata Q13579106（2026-10-07取得）
S0gwttsw,南平,Q4294001,みなみだいら,minamidaira,1926-04-28,84,Wikidata Q4294001（2026-10-07取得）
S0gx4zjo,新野,Q4784417,あらたの,aratano,1937-06-27,30,Wikidata Q4784417（2026-10-07取得）
S0gy3r6z,岩鼻,Q11475717,,iwahana,1914-01-09,63,Wikidata Q11475717（2026-10-07取得）
S0gyrcvq,常澄,Q7850224,つねずみ,tsunezumi,1985-03-14,18,Wikidata Q7850224（2026-10-07取得）
S0gzstlj,大和八木,Q8047973,やまとやぎ,yamato-yagi,1923-03-21,26,Wikidata Q8047973（2026-10-07取得）
S0gzyzz2,竹下,Q5359458,たけした,takeshita,1913-09-21,22,Wikidata Q5359458（2026-10-07取得）
S0h0r7i5,東京ビッグサイト,Q841620,とうきょうビッグサイト,tokyo big sight,1995-11-01,9,Wikidata Q841620（2026-10-07取得）
S0h10rh6,久寿川,Q6448204,くすがわ,kusugawa,1905,9,Wikidata Q6448204（2026-10-07取得）
S0h1j8w4,鶴瀬,Q7850302,つるせ,tsuruse,1914-05-01,66,Wikidata Q7850302（2026-10-07取得）
S0h1kik0,美章園,Q2728956,びしょうえん,bishoen,1931,65,Wikidata Q2728956（2026-10-07取得）
S0h22d04,曙橋,Q128308,あけぼのばし,akebonobashi,1980-03-16,19,Wikidata Q128308（2026-10-07取得）
S0h24vna,くぬぎ山,Q6445119,くぬぎやま,kunugiyama,1955-04-21,34,Wikidata Q6445119（2026-10-07取得）
S0h28tqu,北河内,Q6417705,きたがわち,kitagawachi,1939-12-14,22,Wikidata Q6417705（2026-10-07取得）
S0h2miaq,旭橋,Q7484306,,asahibashi,2003,48,Wikidata Q7484306（2026-10-07取得）
S0h353q0,塩谷,Q861067,しおや,shioya,1903-06-28,19,Wikidata Q861067（2026-10-07取得）
S0h3lwok,瑞江,Q1040898,みずえ,mizue,1986-09-14,19,Wikidata Q1040898（2026-10-07取得）
S0h3n11j,八郎潟,Q5637087,はちろうがた,hachirogata,1902-08-01,50,Wikidata Q5637087（2026-10-07取得）
S0h43xwm,尼ヶ辻,Q4739124,,amagatsuji,1921-04-01,43,Wikidata Q4739124（2026-10-07取得）
S0h46hrl,勾金,Q6729708,,magarikane,1885-08-15,22,Wikidata Q6729708（2026-10-07取得）
S0h48xau,本黒田,Q3095776,ほんくろだ,hon-kuroda,1924-12-27,20,Wikidata Q3095776（2026-10-07取得）
S0h4e30j,林間田園都市,Q7335047,りんかんでんえんとし,rinkanden-entoshi,1981-11-22,28,Wikidata Q7335047（2026-10-07取得）
S0h4ut5c,上郡,Q869209,かみごおり,kamigori,1890,96,Wikidata Q869209（2026-10-07取得）
S0h4yr84,追分,Q7081571,おいわけ,oiwake,1912-08-15,43,Wikidata Q7081571（2026-10-07取得）
S0h50ipc,武田尾,Q856446,たけだお,takedao,1899,71,Wikidata Q856446（2026-10-07取得）
S0h53g2r,陸中大橋,Q3892975,りくちゅうおおはし,rikuchu-ohashi,1944-10-11,22,Wikidata Q3892975（2026-10-07取得）
S0h5if4d,下条,Q2368853,げじょう,gejo,1927-11-25,11,Wikidata Q2368853（2026-10-07取得）
S0h63gru,彦崎,Q5760674,ひこさき,hikosaki,1910-06-12,10,Wikidata Q5760674（2026-10-07取得）
S0h6fn91,荒子川公園,Q11618428,,arakogawa-koen,2004-10-06,12,Wikidata Q11618428（2026-10-07取得）
S0h6ix0z,新鎌ヶ谷,Q842992,しんかまがや,shin-kamagaya,1991-03-31,53,Wikidata Q842992（2026-10-07取得）
S0h6qdb8,大川平,Q8081557,おおかわだい,okawadai,1958-10-21,9,Wikidata Q8081557（2026-10-07取得）
S0h6v371,徳益,Q11490439,とくます,tokumasu,1938-09-01,48,Wikidata Q11490439（2026-10-07取得）
S0h6wpdh,トロッコ嵯峨,Q130250,トロッコさが,torokko saga,1991-04-27,23,Wikidata Q130250（2026-10-07取得）
S0h6zc1m,茂市,Q6894570,もいち,moichi,1934-11-08,1,Wikidata Q6894570（2026-10-07取得）
S0h7f5qu,高知商業前,Q6455082,こうちしょうぎょうまえ,kochi-shogyo-mae,1986-11-01,16,Wikidata Q6455082（2026-10-07取得）
S0h7ouv5,五位堂,Q5577645,ごいどう,goido,1927-07-01,12,Wikidata Q5577645（2026-10-07取得）
S0h7wwka,道徳,Q5321266,,dotoku,1912,16,Wikidata Q5321266（2026-10-07取得）
S0h82ouc,新津,Q7034489,にいつ,niitsu,1897-11-20,30,Wikidata Q7034489（2026-10-07取得）
S0h8clcf,南巽,Q126112,みなみたつみ,minami-tatsumi,1981-12-02,60,Wikidata Q126112（2026-10-07取得）
S0h8fn8z,南郷7丁目,Q8189775,なんごうななちょうめ,nango-nana-chome,1982-03-21,54,Wikidata Q8189775（2026-10-07取得）
S0h8o9s9,大野台,Q11439539,おおのだい,onodai,1965-04-20,35,Wikidata Q11439539（2026-10-07取得）
S0h8pttf,京急田浦,Q6383711,けいきゅうたうら,keikyu taura,1930-04-01,20,Wikidata Q6383711（2026-10-07取得）
S0h8wbxa,西敦賀,Q7040437,にしつるが,nishi-tsuruga,1962-09-01,20,Wikidata Q7040437（2026-10-07取得）
S0h98ukm,下吉田,Q7497026,しもよしだ,shimoyoshida,1929-06-19,44,Wikidata Q7497026（2026-10-07取得）
S0hacl2z,常盤,Q7813625,ときわ,tokiwa,1925,56,Wikidata Q7813625（2026-10-07取得）
S0hai115,大池いこいの森,Q130526,おおいけいこいのもり,oike-ikoi-no-mori,1997-03-22,11,Wikidata Q130526（2026-10-07取得）
S0hajpgq,コスモスクエア,Q1136734,コスモスクエア,cosmosquare,1997-12-18,3,Wikidata Q1136734（2026-10-07取得）
S0haxod2,舌山,Q7499147,,shitayama,1922-11-05,26,Wikidata Q7499147（2026-10-07取得）
S0hbjzne,大池遊園,Q11436914,,oikeyuen,1933-08-18,16,Wikidata Q11436914（2026-10-07取得）
S0hbu34c,阿久比,Q4694540,,agui,1983,36,Wikidata Q4694540（2026-10-07取得）
S0hbx5b5,森下,Q112723,もりした,morishita,1978-12-21,13,Wikidata Q112723（2026-10-07取得）
S0hc3lot,村井,Q3797730,むらい,murai,1902-12-15,87,Wikidata Q3797730（2026-10-07取得）
S0hc9cza,翁島,Q7082010,おきなしま,okinashima,1899-07-15,24,Wikidata Q7082010（2026-10-07取得）
S0hcm84z,木崎,Q6419173,きざき,kizaki,1910-03-27,23,Wikidata Q6419173（2026-10-07取得）
S0hcw3be,備中神代,Q3610943,びっちゅうこうじろ,bitchu-kojiro,1928-10-25,21,Wikidata Q3610943（2026-10-07取得）
S0hdbcyn,鮎貝,Q4831792,あゆかい,ayukai,1922-12-11,6,Wikidata Q4831792（2026-10-07取得）
S0hdwci6,尼子,Q4739140,あまご,amago,1898-06-11,25,Wikidata Q4739140（2026-10-07取得）
S0hez4nl,東比恵,Q4357538,,higashi-hie,1993-03-03,24,Wikidata Q4357538（2026-10-07取得）
S0hf03p3,信濃平,Q7497266,しなのたいら,shinano-taira,1923-07-06,11,Wikidata Q7497266（2026-10-07取得）
S0hf3lq1,善導寺,Q4405136,ぜんどうじ,zendoji,1928-12-24,24,Wikidata Q4405136（2026-10-07取得）
S0hf6e1t,鷹ノ子,Q11676316,たかのこ,takanoko,1967-05-07,32,Wikidata Q11676316（2026-10-07取得）
S0hffy2w,長和,Q6958713,,nagawa,1928-09-10,15,Wikidata Q6958713（2026-10-07取得）
S0hfhblb,有岡,Q4790749,ありおか,arioka,1997-10-01,34,Wikidata Q4790749（2026-10-07取得）
S0hfo7wo,小郡,Q11463863,,ogori,1939-04-28,45,Wikidata Q11463863（2026-10-07取得）
S0hh48zc,小国,Q7080290,おぐに,oguni,1935-10-30,11,Wikidata Q7080290（2026-10-07取得）
S0hhxf1e,足利市,Q1000572,あしかがし,ashikagashi,1907-08-27,20,Wikidata Q1000572（2026-10-07取得）
S0hihlan,田本,Q894662,たもと,tamoto,1935-11-15,6,Wikidata Q894662（2026-10-07取得）
S0hii18u,大網,Q5353488,おおあみ,oami,1896-01-20,34,Wikidata Q5353488（2026-10-07取得）
S0hjciid,大楽毛,Q899685,,otanoshike,1901-07-20,27,Wikidata Q899685（2026-10-07取得）
S0hjeqiq,小田急相模原,Q4331335,おだきゅうさがみはら,odakyu-sagamihara,1938-03-01,58,Wikidata Q4331335（2026-10-07取得）
S0hjuz29,田原坂,Q5358638,たばるざか,tabaruzaka,1943-10-01,14,Wikidata Q5358638（2026-10-07取得）
S0hjx89q,豊田町,Q871482,とよだちょう,toyodacho,1991-12-14,22,Wikidata Q871482（2026-10-07取得）
S0hk5sm9,明峰,Q6810028,めいほう,meiho,1988-10-01,53,Wikidata Q6810028（2026-10-07取得）
S0hknk2p,千本,Q11405604,せんぼん,sembon,1934-03-24,5,Wikidata Q11405604（2026-10-07取得）
S0hkqt1y,定光寺,Q5359274,じょうこうじ,jokoji,1919-05-19,31,Wikidata Q5359274（2026-10-07取得）
S0hkw9ze,豊前大熊,Q11633306,,buzen okuma,1942-10-01,34,Wikidata Q11633306（2026-10-07取得）
S0hlhz6t,長崎,Q1076315,ながさき,nagasaki,1905-04-05,40,Wikidata Q1076315（2026-10-07取得）
S0hma2tb,鐘ヶ淵,Q6361921,かねがふち,kanegafuchi,1902-04-01,48,Wikidata Q6361921（2026-10-07取得）
S0hmd6e8,青原,Q4778611,あおはら,aohara,1924-07-15,22,Wikidata Q4778611（2026-10-07取得）
S0hn1c6b,岩瀬,Q6100731,いわせ,iwase,1889-01-16,47,Wikidata Q6100731（2026-10-07取得）
S0hn2kfw,蟹江,Q5359263,かにえ,kanie,1895,41,Wikidata Q5359263（2026-10-07取得）
S0hn6tzf,南宍道,Q6863049,みなみしんじ,minami shinji,1962-01-01,37,Wikidata Q6863049（2026-10-07取得）
S0hnczrg,香我美,Q6346344,かがみ,kagami,2002-07-01,12,Wikidata Q6346344（2026-10-07取得）
S0ho4xi5,甲子園口,Q1073423,こうしえんぐち,koshienguchi,1934-07-20,25,Wikidata Q1073423（2026-10-07取得）
S0hoq9p2,石地,Q11585339,いしじ,ishiji,1912-11-11,2,Wikidata Q11585339（2026-10-07取得）
S0hqgh9x,女満別,Q6814192,めまんべつ,memambetsu,1912,39,Wikidata Q6814192（2026-10-07取得）
S0hql51w,森,Q257426,,mori,1942,21,Wikidata Q257426（2026-10-07取得）
S0hqmt0v,よしかわ,Q8056109,よしかわ,yoshikawa,2002-07-01,27,Wikidata Q8056109（2026-10-07取得）
S0hr2r9t,伊太祈曽,Q11379273,,idakiso,1916-02-15,26,Wikidata Q11379273（2026-10-07取得）
S0hroyx8,野並,Q851084,,nonami,1994-03-30,99,Wikidata Q851084（2026-10-07取得）
S0hrqva5,徳田,Q7813710,とくだ,tokuda,1898-04-24,25,Wikidata Q7813710（2026-10-07取得）
S0hsryun,石和温泉,Q8013159,いさわおんせん,isawa-onsen,1903-06-11,72,Wikidata Q8013159（2026-10-07取得）
S0ht4nqw,坂本,Q7402814,,sakamoto,1908-06-01,26,Wikidata Q7402814（2026-10-07取得）
S0ht7pc6,美作河井,Q3610987,みまさかかわい,mimasaka-kawai,1931-09-12,12,Wikidata Q3610987（2026-10-07取得）
S0ht9x2d,山田川,Q8047603,やまだがわ,yamadagawa,1928-11-03,42,Wikidata Q8047603（2026-10-07取得）
S0htsqnn,東浪見,Q564474,とらみ,torami,1925-12-15,69,Wikidata Q564474（2026-10-07取得）
S0htzays,市塙,Q5986130,いちはな,ichihana,1920-12-15,15,Wikidata Q5986130（2026-10-07取得）
S0hv81u4,穴内,Q4751220,あなない,ananai,2002-07-01,59,Wikidata Q4751220（2026-10-07取得）
S0hw6v5j,舎人,Q7820886,とねり,toneri,2008-03-30,12,Wikidata Q7820886（2026-10-07取得）
S0hw945x,西麻植,Q7040387,にしおえ,nishi-oe,1899-10-05,34,Wikidata Q7040387（2026-10-07取得）
S0hwabuj,為栗,Q894498,してぐり,shiteguri,1936-08-19,17,Wikidata Q894498（2026-10-07取得）
S0hwnpyt,南大塚,Q8015394,みなみおおつか,minami-otsuka,1897-11-14,17,Wikidata Q8015394（2026-10-07取得）
S0hx573w,面白山高原,Q7090658,おもしろやまこうげん,omoshiroyama-kogen,1937-11-10,71,Wikidata Q7090658（2026-10-07取得）
S0hxaqqk,宇多野,Q11449247,うたの,utano,1925-11-03,24,Wikidata Q11449247（2026-10-07取得）
S0hxb4hj,七井,Q6962361,なない,nanai,1913-07-11,33,Wikidata Q6962361（2026-10-07取得）
S0hxgajg,紙屋町西,Q11605515,かみやちょうにしていりゅうじょう,kamiya-cho-nishi,1912-12-23,7,Wikidata Q11605515（2026-10-07取得）
S0hxhbj2,逢妻,Q871545,あいづま,aizuma,1988-03-13,61,Wikidata Q871545（2026-10-07取得）
S0hxnhuu,ふれあい生力,Q11277371,,fureai shoriki,1997-03-22,44,Wikidata Q11277371（2026-10-07取得）
S0hyr3rn,梅林,Q4357482,,umebayashi,2005-02-03,26,Wikidata Q4357482（2026-10-07取得）
S0hytjgc,信楽,Q17211442,,shigaraki,1933-05-08,47,Wikidata Q17211442（2026-10-07取得）
S0hzht1t,木ノ本,Q5366594,きのもと,kinomoto,1882-03-10,44,Wikidata Q5366594（2026-10-07取得）
S0hzosd8,韮川,Q8191297,にらがわ,niragawa,1932-10-25,81,Wikidata Q8191297（2026-10-07取得）
S0hzryaq,米津,Q8054947,,yonezu,1926,27,Wikidata Q8054947（2026-10-07取得）
S0i06abc,水俣,Q11129528,みなまた,minamata,1926-07-21,16,Wikidata Q11129528（2026-10-07取得）
S0i0ali5,一社,Q863231,,issha,1969-04-01,24,Wikidata Q863231（2026-10-07取得）
S0i0bclt,山口,Q8047651,やまぐち,yamaguchi,1988-01-31,29,Wikidata Q8047651（2026-10-07取得）
S0i1gj1u,北仙台,Q6417601,きたせんだい,kita-sendai,1929-09-29,44,Wikidata Q6417601（2026-10-07取得）
S0i1oo2r,動物公園,Q5321252,どうぶつこうえん,dobutsukoen,1988-03-28,14,Wikidata Q5321252（2026-10-07取得）
S0i20w6v,葉多,Q5680869,はた,hata,1952,10,Wikidata Q5680869（2026-10-07取得）
S0i253gd,東武日光,Q7862640,とうぶにっこう,tobu nikko,1929-10-01,43,Wikidata Q7862640（2026-10-07取得）
S0i2d4y7,東向島,Q5753733,ひがしむこうじま,higashi-mukojima,1902-04-01,15,Wikidata Q5753733（2026-10-07取得）
S0i2evve,阿波大谷,Q4829630,あわおおたに,awa-otani,1961-04-15,12,Wikidata Q4829630（2026-10-07取得）
S0i2qi4o,伽羅橋,Q6450736,きゃらばし,kyarabashi,1918-10-02,14,Wikidata Q6450736（2026-10-07取得）
S0i2rrt6,新田,Q974100,しんでん,shinden,1896-01-25,25,Wikidata Q974100（2026-10-07取得）
S0i2tv6s,四日市,Q5358995,よっかいち,yokkaichi,1890-12-25,111,Wikidata Q5358995（2026-10-07取得）
S0i36vol,浄水,Q6322259,,josui,1979,20,Wikidata Q6322259（2026-10-07取得）
S0i39oqm,栄町,Q62070777,さかえまち,sakaemachi,2019-03-16,29,Wikidata Q62070777（2026-10-07取得）
S0i3ghrv,武雄温泉,Q2105971,たけおおんせん,takeo-onsen,1895-05-05,38,Wikidata Q2105971（2026-10-07取得）
S0i3i983,西梅田,Q126023,にしうめだ,nishi-umeda,1965-10-01,19,Wikidata Q126023（2026-10-07取得）
S0i3xatg,松塚,Q6788248,まつづか,matsuzuka,1925-03-21,39,Wikidata Q6788248（2026-10-07取得）
S0i4h3la,六地蔵,Q1134785,,rokujizo,,31,Wikidata Q1134785（2026-10-07取得）
S0i4j6pz,新馬場,Q863236,しんばんば,shimbamba,1976-10-15,105,Wikidata Q863236（2026-10-07取得）
S0i4no8j,林野,Q3661736,はやしの,hayashino,1934-11-28,85,Wikidata Q3661736（2026-10-07取得）
S0i4q5cz,下松,Q5357682,くだまつ,kudamatsu,1897-09-25,27,Wikidata Q5357682（2026-10-07取得）
S0i5209f,紫香楽宮跡,Q11605781,,shigarakigushi,1987-07-13,8,Wikidata Q11605781（2026-10-07取得）
S0i57ocp,御崎,Q6875090,,misaki,1905-06-21,36,Wikidata Q6875090（2026-10-07取得）
S0i5x8cw,奥沢,Q7082777,おくさわ,okusawa,1923-03-11,18,Wikidata Q7082777（2026-10-07取得）
S0i63tme,鎌田,Q11651101,かまた,kamata,1967-02-15,22,Wikidata Q11651101（2026-10-07取得）
S0i6axga,花堂,Q3701536,,hanando,1925-07-26,30,Wikidata Q3701536（2026-10-07取得）
S0i6ek0h,新日本橋,Q844148,しんにほんばし,shin-nihombashi,1972-07-15,92,Wikidata Q844148（2026-10-07取得）
S0i6qnmn,かるが浜,Q6373607,かるがはま,karugahama,1999-07-02,35,Wikidata Q6373607（2026-10-07取得）
S0i74as1,穴水,Q4751203,あなみず,anamizu,1932-08-27,8,Wikidata Q4751203（2026-10-07取得）
S0i7b2ye,蓮沼,Q5680732,はすぬま,hasunuma,1922-10-06,48,Wikidata Q5680732（2026-10-07取得）
S0i7h16d,有馬温泉,Q4790676,ありまおんせん,arima onsen,1928-11-28,34,Wikidata Q4790676（2026-10-07取得）
S0i80jlh,西海鹿島,Q11629100,にしあしかじま,nishi-ashikajima,1970-05-01,69,Wikidata Q11629100（2026-10-07取得）
S0i8ci0u,上町,Q6358110,かみまち,kamimachi,1925-05-01,32,Wikidata Q6358110（2026-10-07取得）
S0i8hmbj,向ヶ丘,Q11415864,むこうがおか,mukougaoka,1959,16,Wikidata Q11415864（2026-10-07取得）
S0iahqtf,球場前,Q11573498,きゅうじょうまえ,kyujomae,1949-05-20,26,Wikidata Q11573498（2026-10-07取得）
S0iaj55t,豊頃,Q899265,,toyokoro,1904-08-12,21,Wikidata Q899265（2026-10-07取得）
S0iamusd,山下,Q8047946,やました,yamashita,1949-05-10,48,Wikidata Q8047946（2026-10-07取得）
S0iapovj,花園,Q1044135,はなぞの,hanazono,1898-01-01,11,Wikidata Q1044135（2026-10-07取得）
S0iatmqo,三河内,Q6845759,,mikawachi,1897-07-10,18,Wikidata Q6845759（2026-10-07取得）
S0iau2kp,石屋川,Q6080422,いしやがわ,ishiyagawa,1905,27,Wikidata Q6080422（2026-10-07取得）
S0iaud9k,小岩川,Q6426382,こいわがわ,koiwagawa,1944-12-11,6,Wikidata Q6426382（2026-10-07取得）
S0iazpep,野矢,Q10957062,のや,noya,1926-11-26,19,Wikidata Q10957062（2026-10-07取得）
S0ibfvbb,三田,Q856534,さんだ,sanda,1899-01-25,11,Wikidata Q856534（2026-10-07取得）
S0ibj5rb,細谷,Q5908238,ほそや,hosoya,1927-10-01,63,Wikidata Q5908238（2026-10-07取得）
S0ibnavc,千厩,Q8189420,せんまや,senmaya,1927-07-15,5,Wikidata Q8189420（2026-10-07取得）
S0ibwh24,三陸,Q11358278,さんりく,sanriku,1973-07-01,3,Wikidata Q11358278（2026-10-07取得）
S0ic3ix8,小田,Q7077212,,oda,1999-01-11,35,Wikidata Q7077212（2026-10-07取得）
S0ic4jvt,紀伊山田,Q3525524,,kii-yamada,1952-10-01,30,Wikidata Q3525524（2026-10-07取得）
S0ichi2z,美里,Q6875171,みさと,misato,1988-12-01,55,Wikidata Q6875171（2026-10-07取得）
S0icj6ib,北飯山,Q6417544,きたいいやま,kita-iiyama,1923-07-06,13,Wikidata Q6417544（2026-10-07取得）
S0id7to9,海岸寺,Q8011022,かいがんじ,kaiganji,1913-10-20,23,Wikidata Q8011022（2026-10-07取得）
S0ideqgz,徳重・名古屋芸大,Q7813759,,tokushige-nagoya-geidai,1912,60,Wikidata Q7813759（2026-10-07取得）
S0idljtt,下小代,Q11360791,しもごしろ,shimo-goshiro,1929-07-07,54,Wikidata Q11360791（2026-10-07取得）
S0idwf19,伊豆急下田,Q6102244,いずきゅうしもだ,izukyu shimoda,1961-12-10,63,Wikidata Q6102244（2026-10-07取得）
S0ie7dbo,風早,Q6380770,かざはや,kazahaya,1935-02-17,22,Wikidata Q6380770（2026-10-07取得）
S0ifrpba,嬉野温泉,Q7900416,うれしのおんせん,ureshino-onsen,2022-09-23,6,Wikidata Q7900416（2026-10-07取得）
S0ig898j,上神梅,Q6357152,かみかんばい,kami-kambai,1912-05-09,12,Wikidata Q6357152（2026-10-07取得）
S0igb9ae,松阪,Q5357756,まつさか,matsusaka,1893-12-31,37,Wikidata Q5357756（2026-10-07取得）
S0igdk5p,永田,Q6958664,ながた,nagata,1913-06-01,52,Wikidata Q6958664（2026-10-07取得）
S0igmwv3,園,Q11422898,,sono,1915-02-04,3,Wikidata Q11422898（2026-10-07取得）
S0igth6g,三国が丘,Q11354716,みくにがおか,mikunigaoka,1992-03-25,8,Wikidata Q11354716（2026-10-07取得）
S0ih0zv1,売布神社,Q6807953,,mefu-jinja,1914,23,Wikidata Q6807953（2026-10-07取得）
S0ih7w5f,五百石,Q5577607,ごひゃくこく,gohyakkoku,1913-06-25,2,Wikidata Q5577607（2026-10-07取得）
S0ihj9fx,志摩磯部,Q7496801,しまいそべ,shima-isobe,1929,54,Wikidata Q7496801（2026-10-07取得）
S0ihqoaa,老津,Q7081563,おいつ,oitsu,1924,10,Wikidata Q7081563（2026-10-07取得）
S0ihwgws,北永山,Q872816,,kita-nagayama,1898-08-12,30,Wikidata Q872816（2026-10-07取得）
S0iij2gz,井関,Q6079625,いせぎ,isegi,1930-03-30,18,Wikidata Q6079625（2026-10-07取得）
S0iilkec,北12条,Q3563640,きたじゅうにじょう,kita-juni-jo,1971-12-16,21,Wikidata Q3563640（2026-10-07取得）
S0iivlx0,入間市,Q6074023,いるまし,irumashi,1915-04-15,26,Wikidata Q6074023（2026-10-07取得）
S0ij2xwy,羽犬塚,Q5359747,はいぬずか,hainuzuka,1891-04-01,62,Wikidata Q5359747（2026-10-07取得）
S0ikxa25,島本,Q1037054,しまもと,shimamoto,2008-03-15,30,Wikidata Q1037054（2026-10-07取得）
S0iky5pf,穂積,Q871149,ほづみ,hozumi,1906-08-01,35,Wikidata Q871149（2026-10-07取得）
S0il6z0o,新倉敷,Q1067908,しんくらしき,shin-kurashiki,1891-07-14,7,Wikidata Q1067908（2026-10-07取得）
S0ilc57k,今井,Q5357138,いまい,imai,1997-10-01,82,Wikidata Q5357138（2026-10-07取得）
S0im6b82,津久田,Q1705789,つくだ,tsukuda,1943-10-01,11,Wikidata Q1705789（2026-10-07取得）
S0imemyr,池下,Q863214,,ikeshita,1960-06-15,56,Wikidata Q863214（2026-10-07取得）
S0imi8pp,東松原,Q4389689,ひがしまつばら,higashi-matsubara,1933-08-01,18,Wikidata Q4389689（2026-10-07取得）
S0imu8rt,都田,Q6884273,みやこだ,miyakoda,1940-06-01,9,Wikidata Q6884273（2026-10-07取得）
S0in4ovy,中深川,Q6960115,なかふかわ,naka-fukawa,1923-12-08,61,Wikidata Q6960115（2026-10-07取得）
S0in5ael,曳馬,Q169414,ひくま,hikuma,1909-12-06,10,Wikidata Q169414（2026-10-07取得）
S0in8thq,楢原,Q6965278,ならはら,narahara,1954-10-01,20,Wikidata Q6965278（2026-10-07取得）
S0io93os,道成寺,Q2898316,どうじょうじ,dojoji,1930-12-14,36,Wikidata Q2898316（2026-10-07取得）
S0iorpf7,世田谷,Q7456328,せたがや,setagaya,1925-01-18,21,Wikidata Q7456328（2026-10-07取得）
S0iou0ej,北浜,Q1042837,きたはま,kitahama,1963-04-16,59,Wikidata Q1042837（2026-10-07取得）
S0ip1h5p,越部,Q6433110,,koshibe,1927-07-01,18,Wikidata Q6433110（2026-10-07取得）
S0ip8ytx,九度山,Q289187,くどやま,kudoyama,1924-12-25,39,Wikidata Q289187（2026-10-07取得）
S0ipopd4,大屋,Q8081801,おおや,oya,1896-01-20,26,Wikidata Q8081801（2026-10-07取得）
S0ipq8tf,豊前善光寺,Q5003445,ぶぜんぜんこうじ,buzen-zenkoji,1897-09-25,9,Wikidata Q5003445（2026-10-07取得）
S0ipxtt6,鹿児島中央,Q1316913,かごしまちゅうおう,kagoshima‐chuo,1913-10-11,50,Wikidata Q1316913（2026-10-07取得）
S0iqj6yo,西日野,Q7040560,にしひの,nishihino,1912,38,Wikidata Q7040560（2026-10-07取得）
S0ir6oec,湯谷温泉,Q773839,ゆやおんせん,yuya-onsen,1923-02-01,27,Wikidata Q773839（2026-10-07取得）
S0ir98p9,水戸,Q909499,みと,mito,1889-01-16,114,Wikidata Q909499（2026-10-07取得）
S0irniso,前橋大島,Q6729071,まえばしおおしま,maebashi-oshima,1999-03-12,29,Wikidata Q6729071（2026-10-07取得）
S0irycuh,札弦,Q7426547,さっつる,sattsuru,1929,36,Wikidata Q7426547（2026-10-07取得）
S0is0m9t,植田,Q864434,,ueda,1978-10-01,50,Wikidata Q864434（2026-10-07取得）
S0isf4em,土佐佐賀,Q7827530,とささが,tosa-saga,1963-12-18,39,Wikidata Q7827530（2026-10-07取得）
S0it833q,犬吠,Q5696669,いぬぼう,inuboh,1935-08-14,22,Wikidata Q5696669（2026-10-07取得）
S0iu5i8q,北千里,Q6417603,きたせんり,kita-senri,1967-03-01,27,Wikidata Q6417603（2026-10-07取得）
S0iu5x5u,西燕,Q7040435,にしつばめ,nishi-tsubame,1954-12-25,18,Wikidata Q7040435（2026-10-07取得）
S0iuvqfb,石才,Q6080445,,ishizai,1925,32,Wikidata Q6080445（2026-10-07取得）
S0iv9cco,長原,Q6958330,ながはら,nagahara,1927-08-28,5,Wikidata Q6958330（2026-10-07取得）
S0ivljzn,御陵,Q2470158,みささぎ,misasagi,1912-08-15,29,Wikidata Q2470158（2026-10-07取得）
S0ivpogq,五反野,Q5587720,ごたんの,gotanno,1924-10-01,41,Wikidata Q5587720（2026-10-07取得）
S0iw7l8k,朝日ヶ丘,Q11517448,,asahigaoka,1988-04-01,8,Wikidata Q11517448（2026-10-07取得）
S0iwa9ot,大森海岸,Q1592872,おおもりかいがん,omori-kaigan,1901-02-01,43,Wikidata Q1592872（2026-10-07取得）
S0iwp56t,野木沢,Q7047495,のぎさわ,nogisawa,1934-12-04,28,Wikidata Q7047495（2026-10-07取得）
S0iwqkun,前栽,Q7451432,,senzai,1915-02-07,3,Wikidata Q7451432（2026-10-07取得）
S0ix1m2g,湘南町屋,Q1093346,しょうなんまちや,shonan-machiya,1970-03-07,20,Wikidata Q1093346（2026-10-07取得）
S0ix37jx,越中泉,Q5402514,えっちゅういずみ,etchu-izumi,1931-08-15,21,Wikidata Q5402514（2026-10-07取得）
S0ix7ntl,滝本,Q11488942,,takimoto,1934-12-31,0,Wikidata Q11488942（2026-10-07取得）
S0ix8p9v,鶯巣,Q894431,うぐす,ugusu,1936-12-30,12,Wikidata Q894431（2026-10-07取得）
S0ixkxm6,関屋,Q7447217,せきや,sekiya,1913-11-15,29,Wikidata Q7447217（2026-10-07取得）
S0ixzytd,小竹,Q6433850,,kotake,1892-10-28,92,Wikidata Q6433850（2026-10-07取得）
S0iy9opb,夕日ヶ浦木津温泉,Q6418380,ゆうひがうらきつおんせん,yuhigaura-kitsu-onsen,1931-05-25,7,Wikidata Q6418380（2026-10-07取得）
S0iycpbj,黒田,Q6446282,,kuroda,1936-09-15,48,Wikidata Q6446282（2026-10-07取得）
S0iyg5uf,蚕ノ社,Q11625482,かいこのやしろ,kaikonoyashiro,1910-03-25,17,Wikidata Q11625482（2026-10-07取得）
S0iyz2zq,新宿御苑前,Q1132610,しんじゅくぎょえんまえ,shinjuku-gyoemmae,1959-03-15,15,Wikidata Q1132610（2026-10-07取得）
S0iz6ff9,日進,Q7041113,,nisshin,1959-11-01,26,Wikidata Q7041113（2026-10-07取得）
S0izsbnn,北美瑛,Q6417520,,kita-biei,1958-03-25,26,Wikidata Q6417520（2026-10-07取得）
S0j05paq,角茂谷,Q901030,かくもだに,kakumodani,1930-06-21,25,Wikidata Q901030（2026-10-07取得）
S0j06y2h,米山,Q4348293,よねやま,yoneyama,1897-05-13,18,Wikidata Q4348293（2026-10-07取得）
S0j0aiua,守恒,Q6912378,,moritsune,1985-01-09,25,Wikidata Q6912378（2026-10-07取得）
S0j0n1ay,守山,Q1042787,もりやま,moriyama,1912-04-16,92,Wikidata Q1042787（2026-10-07取得）
S0j1bnd0,新瀬戸,Q7497131,,shin-seto,1905,64,Wikidata Q7497131（2026-10-07取得）
S0j1j466,持田,Q3701544,もちだ,mochida,1924-11-15,52,Wikidata Q3701544（2026-10-07取得）
S0j1nbyw,学園前,Q5517706,がくえんまえ,gakuenmae,1995-04-01,41,Wikidata Q5517706（2026-10-07取得）
S0j1tzyr,中公園,Q11363035,なかこうえん,naka koen,1981-02-05,21,Wikidata Q11363035（2026-10-07取得）
S0j2et7j,大富,Q3661630,おおどみ,odomi,1962-09-01,11,Wikidata Q3661630（2026-10-07取得）
S0j2q6gg,七和,Q11353431,ななわ,nanawa,1914-04-05,34,Wikidata Q11353431（2026-10-07取得）
S0j346qx,富良野,Q898913,ふらの,furano,1900,38,Wikidata Q898913（2026-10-07取得）
S0j3kezl,大甕,Q39951,おおみか,omika,1897-02-25,25,Wikidata Q39951（2026-10-07取得）
S0j3vyzk,欅平,Q11544856,,keyakidaira,1953-11-16,19,Wikidata Q11544856（2026-10-07取得）
S0j478bi,宮内,Q6884431,みやうち,miyauchi,1913-10-26,9,Wikidata Q6884431（2026-10-07取得）
S0j4av4r,羽倉崎,Q5638841,はぐらざき,hagurazaki,1942-02-01,58,Wikidata Q5638841（2026-10-07取得）
S0j4bl6s,三次,Q6884517,みよし,miyoshi,1930-01-01,20,Wikidata Q6884517（2026-10-07取得）
S0j4cjvq,比地大,Q5358649,ひじだい,hijidai,1957-10-01,29,Wikidata Q5358649（2026-10-07取得）
S0j4jud5,西川原,Q6148910,にしがわら,nishigawara,2008-03-15,28,Wikidata Q6148910（2026-10-07取得）
S0j6kbx6,アプトいちしろ,Q4669999,アプトいちしろ,abt ichishiro,1959-08-01,12,Wikidata Q4669999（2026-10-07取得）
S0j6tzhb,吉浜,Q8056025,,yoshihama,1914,42,Wikidata Q8056025（2026-10-07取得）
S0j72xtt,花隈,Q5646864,,hanakuma,1968-04-07,47,Wikidata Q5646864（2026-10-07取得）
S0j7gdl3,加太,Q6344527,かぶと,kabuto,1896-09-21,7,Wikidata Q6344527（2026-10-07取得）
S0j7hkvm,南熊本,Q6862932,,minami-kumamoto,1914-06-21,17,Wikidata Q6862932（2026-10-07取得）
S0j7mfvb,普代,Q5507049,ふだい,fudai,1975-07-20,21,Wikidata Q5507049（2026-10-07取得）
S0j7z8e6,日本へそ公園,Q3097208,にほんへそこうえん,nihon-heso-koen,1985-07-15,6,Wikidata Q3097208（2026-10-07取得）
S0j7zlq7,西鉄銀水,Q11629920,にしてつぎんすい,nishitetsu ginsui,1938-10-01,90,Wikidata Q11629920（2026-10-07取得）
S0j8qrvv,時庭,Q7813599,ときにわ,tokiniwa,1914-11-15,35,Wikidata Q7813599（2026-10-07取得）
S0j9e6lt,肥前鹿島,Q5357103,ひぜんかしま,hizen-kashima,1930-11-30,118,Wikidata Q5357103（2026-10-07取得）
S0j9fylc,高槻,Q1071995,たかつき,takatsuki,1876-07-26,77,Wikidata Q1071995（2026-10-07取得）
S0j9oiuc,北習志野,Q6417578,きたならしの,kita-narashino,1966-04-11,21,Wikidata Q6417578（2026-10-07取得）
S0ja3eap,北俣,Q5357223,きたまた,kitamata,1931-11-01,4,Wikidata Q5357223（2026-10-07取得）
S0jad2x9,中庄,Q5360367,なかしょう,nakasho,1930-03-11,37,Wikidata Q5360367（2026-10-07取得）
S0jaukkf,大宮,Q801692,おおみや,omiya,1885-03-16,34,Wikidata Q801692（2026-10-07取得）
S0jc6eki,万富,Q5360832,まんとみ,mantomi,1897-12-26,21,Wikidata Q5360832（2026-10-07取得）
S0jcr4jf,ひばりヶ丘,Q8016226,ひばりがおか,hibarigaoka,1924-06-11,22,Wikidata Q8016226（2026-10-07取得）
S0jcsmb8,羽後牛島,Q3701407,うごうしじま,ugo-ushijima,1920-07-31,40,Wikidata Q3701407（2026-10-07取得）
S0jctgsf,羽前前波,Q11610051,うぜんぜんなみ,uzen-zennami,1966-09-01,11,Wikidata Q11610051（2026-10-07取得）
S0jde8zx,肥前長野,Q5873029,ひぜんながの,hizen-nagano,1935-03-01,28,Wikidata Q5873029（2026-10-07取得）
S0jdmslo,江部乙,Q875460,えべおつ,ebeotsu,1898-07-16,30,Wikidata Q875460（2026-10-07取得）
S0jdt92r,美濃青柳,Q6868896,,mino-yanagi,1934-06-01,25,Wikidata Q6868896（2026-10-07取得）
S0je256h,桐生球場前,Q6416345,きりゅうきゅうじょうまえ,kiryu-kyujo-mae,2006-10-01,24,Wikidata Q6416345（2026-10-07取得）
S0jegba8,大白川,Q8081711,おおしらかわ,oshirakawa,1942-11-01,1,Wikidata Q8081711（2026-10-07取得）
S0jei0o5,南久留米,Q6862946,,minami-kurume,1928-12-24,79,Wikidata Q6862946（2026-10-07取得）
S0jelo8h,薬師堂,Q11622441,,yakushido,2015-12-06,4,Wikidata Q11622441（2026-10-07取得）
S0jeu7hs,大嵐,Q777630,おおぞれ,ozore,1936-12-29,54,Wikidata Q777630（2026-10-07取得）
S0jevj95,西太子堂,Q7040419,にしたいしどう,nishi-taishido,1925-05-01,18,Wikidata Q7040419（2026-10-07取得）
S0jf1jdl,大寺,Q11434521,,otera,1931-02-01,33,Wikidata Q11434521（2026-10-07取得）
S0jf3a4w,大滝温泉,Q8081751,おおたきおんせん,otaki-onsen,1915-01-19,80,Wikidata Q8081751（2026-10-07取得）
S0jf57ne,郷戸,Q5627751,ごうど,godo,1941-10-28,4,Wikidata Q5627751（2026-10-07取得）
S0jf5jag,油津,Q4670658,あぶらつ,aburatsu,1937-04-19,29,Wikidata Q4670658（2026-10-07取得）
S0jf8k0k,岩館,Q6100271,いわだて,iwadate,1926-11-24,3,Wikidata Q6100271（2026-10-07取得）
S0jfjiqb,播磨高岡,Q5657515,はりまたかおか,harima-takaoka,1930-09-01,7,Wikidata Q5657515（2026-10-07取得）
S0jfvmby,東高崎,Q8190158,,higashi takasaki,1963-12-01,29,Wikidata Q8190158（2026-10-07取得）
S0jg3iez,綾里,Q11607405,りょうり,ryori,1973-07-01,29,Wikidata Q11607405（2026-10-07取得）
S0jgha06,野上原,Q11644956,のがみはら,nogamihara,1956-11-19,18,Wikidata Q11644956（2026-10-07取得）
S0jh00qm,五香,Q5578138,ごこう,goko,1955-04-21,23,Wikidata Q5578138（2026-10-07取得）
S0jhgkpe,桜山,Q854684,,sakurayama,1994-03-30,39,Wikidata Q854684（2026-10-07取得）
S0jhlkfj,木津川台,Q6419254,,kizugawadai,1994-09-21,36,Wikidata Q6419254（2026-10-07取得）
S0jhsloa,三滝,Q11356618,みたき,mitaki,1930-10,15,Wikidata Q11356618（2026-10-07取得）
S0jhuk03,小繋,Q6434254,こつなぎ,kotsunagi,1909-09-21,3,Wikidata Q6434254（2026-10-07取得）
S0jiui7o,赤川,Q4700139,あかがわ,akagawa,1921-09-25,6,Wikidata Q4700139（2026-10-07取得）
S0jiz3cr,新川,Q11502113,しんかわ,shinkawa,1909-07-01,47,Wikidata Q11502113（2026-10-07取得）
S0jjd6hi,妙法寺,Q6949384,みょうほうじ,myohoji,1913-05-27,9,Wikidata Q6949384（2026-10-07取得）
S0jjh3ga,石上,Q859782,いしがみ,ishigami,1920-04-01,5,Wikidata Q859782（2026-10-07取得）
S0jjkkod,富沢,Q7818991,,tomizawa,1987-07-15,35,Wikidata Q7818991（2026-10-07取得）
S0jk3mon,宇和島,Q1057654,うわじま,uwajima,1914-07-02,44,Wikidata Q1057654（2026-10-07取得）
S0jkatfw,永山,Q872885,ながやま,nagayama,1898-08-12,38,Wikidata Q872885（2026-10-07取得）
S0jl95bx,双岩,Q899611,ふたいわ,futaiwa,1939-02-06,20,Wikidata Q899611（2026-10-07取得）
S0jll1g4,伊尾木,Q6062387,いおき,ioki,2002-07-01,19,Wikidata Q6062387（2026-10-07取得）
S0jlq8pl,陸奥森田,Q6944025,むつもりた,mutsu-morita,1924-10-21,17,Wikidata Q6944025（2026-10-07取得）
S0jlutaf,西焼津,Q870627,にしやいづ,nishi-yaizu,1987-03-21,4,Wikidata Q870627（2026-10-07取得）
S0jmb31j,大正,Q11436742,たいしょう,taishou,1955-03-09,12,Wikidata Q11436742（2026-10-07取得）
S0jmek40,えびの上江,Q5331862,えびのうわえ,ebino uwae,1957-07-05,7,Wikidata Q5331862（2026-10-07取得）
S0jmkkji,南万騎が原,Q6862945,みなみまきがはら,minami-makigahara,1976-04-08,32,Wikidata Q6862945（2026-10-07取得）
S0jmn9vw,立野,Q11598260,,tateno,1987-11-01,24,Wikidata Q11598260（2026-10-07取得）
S0jnjjd4,豊川,Q3971165,とよかわ,toyokawa,2007,27,Wikidata Q3971165（2026-10-07取得）
S0jnnu37,米野,Q6428299,,komeno,1938,54,Wikidata Q6428299（2026-10-07取得）
S0joe5a3,磯山,Q11587968,いそやま,isoyama,1915,29,Wikidata Q11587968（2026-10-07取得）
S0joo5ss,奈井江,Q873231,ないえ,naie,1891-07-05,52,Wikidata Q873231（2026-10-07取得）
S0jovq6z,大久保,Q8081568,おおくぼ,okubo,1928-11-03,26,Wikidata Q8081568（2026-10-07取得）
S0jp7ngd,荘原,Q5355723,しょうばら,shobara,1910-06-10,7,Wikidata Q5355723（2026-10-07取得）
S0jpb4qo,岩倉,Q6100445,いわくら,iwakura,1953,13,Wikidata Q6100445（2026-10-07取得）
S0jpbgr6,鍋倉,Q6956814,なべくら,nabekura,1962-07-17,27,Wikidata Q6956814（2026-10-07取得）
S0jpxwkv,いよ立花,Q11260047,いよたちばな,iyo-tachibana,1893-05-07,25,Wikidata Q11260047（2026-10-07取得）
S0jqd8pe,駿河小山,Q5357361,するがおやま,suruga-oyama,1889-02-01,119,Wikidata Q5357361（2026-10-07取得）
S0jqf1on,安芸,Q4700860,あき,aki,2002-07-01,38,Wikidata Q4700860（2026-10-07取得）
S0jqmrij,新川橋,Q7497646,,shinkawabashi,1914,55,Wikidata Q7497646（2026-10-07取得）
S0jqtv4a,美馬牛,Q4902965,,bibaushi,1926-09-10,39,Wikidata Q4902965（2026-10-07取得）
S0jr4bw6,鷺ノ宮,Q843170,さぎのみや,saginomiya,1927-04-16,86,Wikidata Q843170（2026-10-07取得）
S0jr4vop,目時,Q6824222,めとき,metoki,1924-12-20,47,Wikidata Q6824222（2026-10-07取得）
S0jrfany,県立美術館前,Q6391352,けんりつびじゅつかんまえ,kenritsu bijutsukanmae,1986,18,Wikidata Q6391352（2026-10-07取得）
S0jrlne8,足羽,Q4811964,あすわ,asuwa,1964-05-20,28,Wikidata Q4811964（2026-10-07取得）
S0jrqpjd,高岡,Q871547,たかおか,takaoka,1898-11-01,33,Wikidata Q871547（2026-10-07取得）
S0jrtghe,伊勢八太,Q6079504,いせはた,ise-hata,1930-03-30,30,Wikidata Q6079504（2026-10-07取得）
S0jrvjdz,二ツ杁,Q5510492,,futatsuiri,1942,18,Wikidata Q5510492（2026-10-07取得）
S0jryigx,荒子,Q11618430,,arako,2004-10-06,18,Wikidata Q11618430（2026-10-07取得）
S0js60xm,藪原,Q5359446,やぶはら,yabuhara,1910-10-05,28,Wikidata Q5359446（2026-10-07取得）
S0js9too,御影,Q6845652,みかげ,mikage,1905,14,Wikidata Q6845652（2026-10-07取得）
S0jsdg8d,木太東口,Q11518282,,kita-higashiguchi,1912-04-30,4,Wikidata Q11518282（2026-10-07取得）
S0jss48y,境港,Q7402786,さかいみなと,sakaiminato,1902-11-01,60,Wikidata Q7402786（2026-10-07取得）
S0jtiip0,洲先,Q7650660,すざき,suzaki,1943,12,Wikidata Q7650660（2026-10-07取得）
S0ju5re0,光珠内,Q872961,こうしゅない,koshunai,1948-11-05,24,Wikidata Q872961（2026-10-07取得）
S0juu9tw,新上挙母,Q7497144,しんうわごろも,shin-uwagoromo,1988-03-31,78,Wikidata Q7497144（2026-10-07取得）
S0jv7ify,香春,Q5360326,かわら,kawara,1915-04-01,20,Wikidata Q5360326（2026-10-07取得）
S0jv9159,国見,Q267545,くにみ,kunimi,1997-10-01,46,Wikidata Q267545（2026-10-07取得）
S0jvdcax,籠原,Q845092,かごはら,kagohara,1909-12-16,18,Wikidata Q845092（2026-10-07取得）
S0jvx6tt,二俣本町,Q5369835,ふたまたほんまち,futamata-hommachi,1956-12-25,22,Wikidata Q5369835（2026-10-07取得）
S0jwhgdr,南福岡,Q5359375,みなみふくおか,minami-fukuoka,1890-01-20,23,Wikidata Q5359375（2026-10-07取得）
S0jybfwf,府中,Q6455068,こう,ko,1899-09-12,10,Wikidata Q6455068（2026-10-07取得）
S0jyfoyd,東京テレポート,Q906738,とうきょうテレポート,tokyo teleport,1996-03-30,97,Wikidata Q906738（2026-10-07取得）
S0jyor56,谷河原,Q8046691,やがわら,yagawara,1935-09-01,19,Wikidata Q8046691（2026-10-07取得）
S0jyzt3r,小海,Q6434616,こうみ,koumi,1919-03-11,7,Wikidata Q6434616（2026-10-07取得）
S0jzun0f,赤羽岩淵,Q151409,あかばねいわぶち,akabane-iwabuchi,1991-11-29,10,Wikidata Q151409（2026-10-07取得）
S0k07lq0,土佐加茂,Q7827528,とさかも,tosa-kamo,1924-03-30,12,Wikidata Q7827528（2026-10-07取得）
S0k0b3y9,長島ダム,Q6958644,ながしまダム,nagashima dam,1990-10-02,4,Wikidata Q6958644（2026-10-07取得）
S0k0l29j,新森古市,Q180443,しんもりふるいち,shimmori-furuichi,2006-12-24,24,Wikidata Q180443（2026-10-07取得）
S0k0mmtp,東山田,Q11103294,ひがしやまた,higashi-yamata,2008-03-30,140,Wikidata Q11103294（2026-10-07取得）
S0k0wm50,新守山,Q871183,しんもりやま,shin-moriyama,1964-04-01,163,Wikidata Q871183（2026-10-07取得）
S0k2gron,北鎌倉,Q910286,きたかまくら,kita-kamakura,1927-05-20,17,Wikidata Q910286（2026-10-07取得）
S0k2lqfp,北高崎,Q900663,きたたかさき,kita-takasaki,1885-10-15,126,Wikidata Q900663（2026-10-07取得）
S0k2ql7i,青砥,Q4132960,あおと,aoto,1928-11-01,24,Wikidata Q4132960（2026-10-07取得）
S0k2xidl,JR五位堂,Q3655990,,jr goido,2004,53,Wikidata Q3655990（2026-10-07取得）
S0k30e77,神泉,Q4389637,しんせん,shinsen,1933-08-01,33,Wikidata Q4389637（2026-10-07取得）
S0k3btk6,浅利,Q4803613,あさり,asari,1918-11-25,78,Wikidata Q4803613（2026-10-07取得）
S0k3e9ac,井荻,Q843289,いおぎ,iogi,1927-04-16,41,Wikidata Q843289（2026-10-07取得）
S0k4a787,市川大野,Q2783576,いちかわおおの,ichikawaono,1978-10-02,45,Wikidata Q2783576（2026-10-07取得）
S0k4ndgv,木曽川堤,Q6416840,,kisogawazutsumi,1939-03-01,18,Wikidata Q6416840（2026-10-07取得）
S0k50sq0,堀切,Q5903267,ほりきり,horikiri,1902-04-01,56,Wikidata Q5903267（2026-10-07取得）
S0k586hb,逆井,Q7402847,さかさい,sakasai,1933-07-29,18,Wikidata Q7402847（2026-10-07取得）
S0k59gg7,曽根田,Q7560926,そねだ,soneda,1924-04-13,13,Wikidata Q7560926（2026-10-07取得）
S0k5hnyv,原谷,Q11410063,はらのや,haranoya,1935-04-17,25,Wikidata Q11410063（2026-10-07取得）
S0k5oya4,谷浜,Q5359696,たにはま,tanihama,1911-07-01,22,Wikidata Q5359696（2026-10-07取得）
S0k7c7c2,三つ峠,Q6883395,みつとうげ,mitsutoge,1929-08-14,41,Wikidata Q6883395（2026-10-07取得）
S0k7s4pk,北24条,Q6417579,きたにじゅうよじょう,kita-nijuyo-jo,1971-12-16,45,Wikidata Q6417579（2026-10-07取得）
S0k7u24r,宇久井,Q2584990,うくい,ukui,1912-12-04,31,Wikidata Q2584990（2026-10-07取得）
S0k82mxw,北海道医療大学,Q2490271,,hokkaido-iryodaigaku,1934,29,Wikidata Q2490271（2026-10-07取得）
S0k8q9to,須ヶ口,Q7635713,,sukaguchi,1914,23,Wikidata Q7635713（2026-10-07取得）
S0k9cbae,東多久,Q11526440,ひがしたく,higashi-taku,1903-12-14,33,Wikidata Q11526440（2026-10-07取得）
S0k9f2aw,奈半利,Q6959204,なはり,nahari,2002-07-01,9,Wikidata Q6959204（2026-10-07取得）
S0ka5t2r,堀田,Q5903317,,horita,1928-04-15,8,Wikidata Q5903317（2026-10-07取得）
S0ka5t2r-2,堀田,Q862374,,horita,1974-03-30,49,Wikidata Q862374（2026-10-07取得）
S0kaa0am,阿木,Q4692485,,agi,1933-05-24,23,Wikidata Q4692485（2026-10-07取得）
S0kaedpk,松陰神社前,Q7506130,しょういんじんじゃまえ,shoin-jinjamae,1925-01-18,25,Wikidata Q7506130（2026-10-07取得）
S0kao5d9,岩村田,Q6100527,いわむらだ,iwamurada,1915-08-08,15,Wikidata Q6100527（2026-10-07取得）
S0karahp,武佐,Q11545798,,musa,1913-12-29,17,Wikidata Q11545798（2026-10-07取得）
S0kb9jpk,湯島,Q390694,ゆしま,yushima,1969-12-20,135,Wikidata Q390694（2026-10-07取得）
S0kbn9ag,北伊丹,Q855819,きたいたみ,kita-itami,1944,26,Wikidata Q855819（2026-10-07取得）
S0kbp0b4,武州長瀬,Q5001625,ぶしゅうながせ,bushu-nagase,1934-12-16,73,Wikidata Q5001625（2026-10-07取得）
S0kbp0b6,日詰,Q899708,ひづめ,hizume,1890-11-01,42,Wikidata Q899708（2026-10-07取得）
S0kbv1r3,高野下,Q6455338,こうやした,koyashita,1925-07-30,6,Wikidata Q6455338（2026-10-07取得）
S0kc42e9,通津,Q5358160,つづ,tsuzu,1934-08-11,23,Wikidata Q5358160（2026-10-07取得）
S0kcjhly,小沢,Q864238,こざわ,kozawa,1904-07-18,12,Wikidata Q864238（2026-10-07取得）
S0kcv099,富根,Q7818915,とみね,tomine,1907-01-25,9,Wikidata Q7818915（2026-10-07取得）
S0kd5nlb,立川目,Q7687999,たてかわめ,tatekawame,1963-05-15,12,Wikidata Q7687999（2026-10-07取得）
S0kddcvb,秋鹿町,Q11595886,,aikamachi,1928-04-05,28,Wikidata Q11595886（2026-10-07取得）
S0keb9uu,西熊本,Q20762689,にしくまもと,nishi-kumamoto,2016-03-26,39,Wikidata Q20762689（2026-10-07取得）
S0kegybe,那良口,Q6965273,,naraguchi,1910-06-25,18,Wikidata Q6965273（2026-10-07取得）
S0kehzfn,四ツ谷,Q801654,よつや,yotsuya,1894-10-09,98,Wikidata Q801654（2026-10-07取得）
S0kfijsh,会津本郷,Q4699446,あいづほんごう,aizu-hongo,1926-10-15,44,Wikidata Q4699446（2026-10-07取得）
S0kfo3w0,公園下,Q6455101,こうえんしも,koen-shimo,1921-12-01,38,Wikidata Q6455101（2026-10-07取得）
S0kftmlh,長尾,Q6958483,ながお,nagao,1912,21,Wikidata Q6958483（2026-10-07取得）
S0kfz1uv,中菰野,Q3894757,なかこもの,naka-komono,1913,23,Wikidata Q3894757（2026-10-07取得）
S0kg1v7p,中津川,Q5359511,なかつがわ,nakatsugawa,1902-12-21,51,Wikidata Q5359511（2026-10-07取得）
S0kgbelt,下新田,Q7496933,しもしんでん,shimo-shinden,1992-03-14,21,Wikidata Q7496933（2026-10-07取得）
S0kgfczr,新三河島,Q5367894,しんみかわしま,shim-mikawashima,1931-12-19,20,Wikidata Q5367894（2026-10-07取得）
S0kgvm5k,御岳堂,Q1305797,みたけどう,mitakedo,1968-10-24,1,Wikidata Q1305797（2026-10-07取得）
S0kgza4e,豊橋,Q771465,とよはし,toyohashi,1888-09-01,80,Wikidata Q771465（2026-10-07取得）
S0kh1h8q,尼崎,Q1151109,あまがさき,amagasaki,1874,23,Wikidata Q1151109（2026-10-07取得）
S0kh66zw,犀潟,Q901360,さいがた,saigata,1897-05-13,46,Wikidata Q901360（2026-10-07取得）
S0kho7d5,川崎新町,Q6379722,かわさきしんまち,kawasaki-shimmachi,1930-03-25,15,Wikidata Q6379722（2026-10-07取得）
S0khsk8d,高水,Q7677151,たかみず,takamizu,1934-03-28,7,Wikidata Q7677151（2026-10-07取得）
S0khtwze,桂台,Q6378181,かつらだい,katsuradai,1967,22,Wikidata Q6378181（2026-10-07取得）
S0kiyitj,猫又,Q11572000,,nekomata,1953-11-16,25,Wikidata Q11572000（2026-10-07取得）
S0kj08z1,広野,Q856530,ひろの,hirono,1899,24,Wikidata Q856530（2026-10-07取得）
S0kjjubh,東岡山,Q3661769,ひがしおかやま,higashi-okayama,1891-03-18,83,Wikidata Q3661769（2026-10-07取得）
S0kjlyu2,並木中央,Q6961853,なみきちゅうおう,namiki-chuo,1989-07-05,20,Wikidata Q6961853（2026-10-07取得）
S0kjoo3e,油木,Q8060667,ゆき,yuki,1937-12-12,27,Wikidata Q8060667（2026-10-07取得）
S0klenn6,甲立,Q6455309,こうたち,kotachi,1915-04-28,16,Wikidata Q6455309（2026-10-07取得）
S0kmcsee,久美浜,Q6443870,くみはま,kumihama,1929-12-15,14,Wikidata Q6443870（2026-10-07取得）
S0kme3oh,九条,Q2044602,くじょう,kujo,1988-06-11,6,Wikidata Q2044602（2026-10-07取得）
S0kn66if,大江橋,Q981704,おおえばし,oebashi,2008-10-19,92,Wikidata Q981704（2026-10-07取得）
S0knaukm,稲荷山,Q981519,いなりやま,inariyama,1900-11-11,15,Wikidata Q981519（2026-10-07取得）
S0knooya,日本橋,Q1040630,にっぽんばし,nippombashi,1969-12-06,21,Wikidata Q1040630（2026-10-07取得）
S0knpv63,鵜飼,Q7878258,うかい,ukai,1914-07-21,18,Wikidata Q7878258（2026-10-07取得）
S0knqq5b,岡花,Q7081711,おかばな,okabana,1960-08-20,25,Wikidata Q7081711（2026-10-07取得）
S0kntiuc,中村橋,Q6960255,なかむらばし,nakamurabashi,1924-06-11,7,Wikidata Q6960255（2026-10-07取得）
S0ko2apl,和泉府中,Q856928,いずみふちゅう,izumi-fuchu,1929,24,Wikidata Q856928（2026-10-07取得）
S0koh2fw,苧ヶ瀬,Q7079843,,ogase,1927-09-20,25,Wikidata Q7079843（2026-10-07取得）
S0koxsrp,亀岡,Q1043696,かめおか,kameoka,1899,23,Wikidata Q1043696（2026-10-07取得）
S0kp0we2,原町,Q5675782,はるまち,harumachi,1904-06-19,50,Wikidata Q5675782（2026-10-07取得）
S0kp5hf6,御代田,Q11488783,みよた,miyota,1888-12-01,20,Wikidata Q11488783（2026-10-07取得）
S0kp5rw6,志都美,Q3655904,,shizumi,1955,59,Wikidata Q3655904（2026-10-07取得）
S0kpgppt,三戸,Q5357203,さんのへ,sannohe,1898-09-01,26,Wikidata Q5357203（2026-10-07取得）
S0kpms1d,南与野,Q844368,みなみよの,minami-yono,1985-09-30,15,Wikidata Q844368（2026-10-07取得）
S0kps66d,佐久海ノ口,Q7403128,さくうみのくち,saku-uminokuchi,1932-12-27,2,Wikidata Q7403128（2026-10-07取得）
S0kpt6oi,早岐,Q5639131,はいき,haiki,1897-07-10,62,Wikidata Q5639131（2026-10-07取得）
S0kpxeac,治良門橋,Q6203113,じろえんばし,jiroembashi,1913-03-19,15,Wikidata Q6203113（2026-10-07取得）
S0kq855b,林崎松江海岸,Q5686059,はやしさきまつえかいがん,hayashisaki-matsuekaigan,1941-05-03,26,Wikidata Q5686059（2026-10-07取得）
S0kq9ir5,安城,Q257359,あんじょう,anjo,1891-06-16,76,Wikidata Q257359（2026-10-07取得）
S0kqn92o,深日港,Q5507596,ふけこう,fukeko,1948-11-03,31,Wikidata Q5507596（2026-10-07取得）
S0kqsyjm,山口団地,Q11466719,やまぐちだんち,yamaguchi danchi,2010-10-16,21,Wikidata Q11466719（2026-10-07取得）
S0kqthql,庄内,Q7506186,,shonai,1923-09-29,12,Wikidata Q7506186（2026-10-07取得）
S0krfhd0,丹後神崎,Q7683072,たんごかんざき,tango-kanzaki,1957-06-22,33,Wikidata Q7683072（2026-10-07取得）
S0krpnem,八幡浜,Q899549,やわたはま,yawatahama,1939-02-06,76,Wikidata Q899549（2026-10-07取得）
S0krq4kh,島高松,Q7496843,しまたかまつ,shimatakamatsu,1926-04-14,22,Wikidata Q7496843（2026-10-07取得）
S0krryl5,鬼瀬,Q7093897,,onigase,1915-10-30,49,Wikidata Q7093897（2026-10-07取得）
S0ks4zie,東武ワールドスクウェア,Q27923776,とうぶワールドスクウェア,tobu world square,2017-07-22,26,Wikidata Q27923776（2026-10-07取得）
S0ks8v94,霞ヶ丘,Q6374900,かすみがおか,kasumigaoka,1929-03-27,29,Wikidata Q6374900（2026-10-07取得）
S0ksa8f0,正雀,Q3970991,しょうじゃく,shojaku,1928,76,Wikidata Q3970991（2026-10-07取得）
S0ksowkb,東浦和,Q5753897,ひがしうらわ,higashi-urawa,1973-04-01,14,Wikidata Q5753897（2026-10-07取得）
S0ktiroj,高松,Q7677134,たかまつ,takamatsu,1898-04-24,12,Wikidata Q7677134（2026-10-07取得）
S0ktow4f,西木津,Q855603,にしきづ,nishi-kizu,1952,105,Wikidata Q855603（2026-10-07取得）
S0ktqpq9,海瀬,Q6348734,かいぜ,kaize,1919-03-11,29,Wikidata Q6348734（2026-10-07取得）
S0kuc7mi,武蔵藤沢,Q8015433,むさしふじさわ,musashi-fujisawa,1926-04-01,39,Wikidata Q8015433（2026-10-07取得）
S0kul2zl,小諸,Q6428516,こもろ,komoro,1888-12-15,164,Wikidata Q6428516（2026-10-07取得）
S0kussvr,日本大通り,Q7034272,にほんおおどおり,nihon-odori,2004-02-01,7,Wikidata Q7034272（2026-10-07取得）
S0kuubv0,高橋,Q7677035,,takahashi,1923,68,Wikidata Q7677035（2026-10-07取得）
S0kvprs6,やながわ希望の森公園前,Q11280402,やながわきぼうのもりこうえんまえ,yanagawa kibonomori koen-mae,1988-07-01,40,Wikidata Q11280402（2026-10-07取得）
S0kvtlvd,玖波,Q5358433,くば,kuba,1897-09-25,52,Wikidata Q5358433（2026-10-07取得）
S0kvyqt6,北浦,Q8192774,きたうら,kitaura,1914-09-13,102,Wikidata Q8192774（2026-10-07取得）
S0kvz10q,河辺の森,Q6379426,かわべのもり,kawabe-no-mori,2004-03-13,31,Wikidata Q6379426（2026-10-07取得）
S0kw1lrm,大宮公園,Q8081623,おおみやこうえん,omiya-koen,1929-11-17,71,Wikidata Q8081623（2026-10-07取得）
S0kwa6lj,前川,Q11397211,まえかわ,maekawa,1963-09-29,15,Wikidata Q11397211（2026-10-07取得）
S0kwdbru,潮来,Q11565715,いたこ,itako,1970-08-20,44,Wikidata Q11565715（2026-10-07取得）
S0kwl65n,油川,Q4670655,あぶらかわ,aburakawa,1951-12-05,46,Wikidata Q4670655（2026-10-07取得）
S0kwnoj0,新山口,Q1136574,しんやまぐち,shin-yamaguchi,1900-12-03,105,Wikidata Q1136574（2026-10-07取得）
S0kwpvig,西大垣,Q7040465,,nishi-ogaki,1913-07-31,20,Wikidata Q7040465（2026-10-07取得）
S0kwv116,十国峠山頂,Q80159487,,jukkokutoge,1956-10-16,0,Wikidata Q80159487（2026-10-07取得）
S0kx8qy1,程久保,Q5876257,ほどくぼ,hodokubo,2000-01-10,10,Wikidata Q5876257（2026-10-07取得）
S0kxa672,青森,Q59516,あおもり,aomori,1891-09-01,101,Wikidata Q59516（2026-10-07取得）
S0kxjo6a,霞ヶ関,Q5614472,かすみがせき,kasumigaseki,1916-10-27,73,Wikidata Q5614472（2026-10-07取得）
S0kxru8f,船橋,Q800795,ふなばし,funabashi,1894-07-20,94,Wikidata Q800795（2026-10-07取得）
S0kxsmm6,黄金町,Q6425766,こがねちょう,koganecho,1930-04-01,17,Wikidata Q6425766（2026-10-07取得）
S0kyi1p0,常陸大宮,Q5871607,ひたちおおみや,hitachi-omiya,1918-10-23,57,Wikidata Q5871607（2026-10-07取得）
S0kzgyjq,有井川,Q8189168,ありいがわ,ariigawa,1970-10-01,58,Wikidata Q8189168（2026-10-07取得）
S0kzi1u8,高松築港,Q11670492,たかまつちっこう,takamatsu chikko,1948-12-26,12,Wikidata Q11670492（2026-10-07取得）
S0kzss3j,内原,Q5365679,うちはら,uchihara,1899-01-16,81,Wikidata Q5365679（2026-10-07取得）
S0l0yl66,岳南江尾,Q5517708,,gakunan-enoo,1953,31,Wikidata Q5517708（2026-10-07取得）
S0l1elwp,新八日市,Q5577368,,shin-yokaichi,1913-12-29,90,Wikidata Q5577368（2026-10-07取得）
S0l1fvtw,広野ゴルフ場前,Q5770635,ひろのゴルフじょうまえ,hirono golf-jo-mae,1936,33,Wikidata Q5770635（2026-10-07取得）
S0l1nihr,戸畑,Q5360111,とばた,tobata,1902-12-27,46,Wikidata Q5360111（2026-10-07取得）
S0l1r6c9,神宮丸太町,Q2244767,じんぐうまるたまち,jingu-marutamachi,1989,92,Wikidata Q2244767（2026-10-07取得）
S0l2z6js,岩舟,Q11475586,いわふね,iwafune,1889-10-10,26,Wikidata Q11475586（2026-10-07取得）
S0l3igyd,浦安,Q900577,うらやす,urayasu,1903-08-28,11,Wikidata Q900577（2026-10-07取得）
S0l3ox1o,仁川,Q7032196,にがわ,nigawa,1923,20,Wikidata Q7032196（2026-10-07取得）
S0l3u22z,初島,Q3381832,はつしま,hatsushima,1938-12-15,49,Wikidata Q3381832（2026-10-07取得）
S0l3uj1v,東金,Q5353531,とうがね,togane,1900-06-30,38,Wikidata Q5353531（2026-10-07取得）
S0l3uk7b,十文字,Q6322326,じゅうもんじ,jumonji,1905-09-14,115,Wikidata Q6322326（2026-10-07取得）
S0l3z1if,ふじみ野,Q5507442,ふじみの,fujimino,1993-11-15,13,Wikidata Q5507442（2026-10-07取得）
S0l40ged,JR難波,Q945659,ジェイアールなんば,jr namba,1889-05-14,7,Wikidata Q945659（2026-10-07取得）
S0l423ob,守口市,Q888039,もりぐちし,moriguchishi,1910,15,Wikidata Q888039（2026-10-07取得）
S0l4gjhc,玖珂,Q6441933,くが,kuga,1934-12-01,12,Wikidata Q6441933（2026-10-07取得）
S0l4ohcg,磐城塙,Q11587867,いわきはなわ,iwaki-hanawa,1931-10-10,27,Wikidata Q11587867（2026-10-07取得）
S0l4qoem,茅場町,Q80566,かやばちょう,kayabacho,1963-02-28,64,Wikidata Q80566（2026-10-07取得）
S0l4v0ej,平岸,Q8193376,ひらぎし,hiragishi,1971-12-16,20,Wikidata Q8193376（2026-10-07取得）
S0l4w9bt,牧野,Q1825108,まきの,makino,1910,20,Wikidata Q1825108（2026-10-07取得）
S0l5ipwf,相模大野,Q1054659,さがみおおの,sagami-ono,1929-04-01,30,Wikidata Q1054659（2026-10-07取得）
S0l5kd47,経塚,Q11606414,,kyozuka,2019-10-01,25,Wikidata Q11606414（2026-10-07取得）
S0l5pkpq,水郷,Q7635422,すいごう,suigo,1931-11-10,23,Wikidata Q7635422（2026-10-07取得）
S0l5tz4q,成島,Q6966471,なるしま,narushima,1926-04-10,21,Wikidata Q6966471（2026-10-07取得）
S0l5uxoj,東上,Q772472,とうじょう,tojo,1898-04-25,27,Wikidata Q772472（2026-10-07取得）
S0l6eym8,天王町,Q7700532,てんのうちょう,tennocho,1930-09-10,28,Wikidata Q7700532（2026-10-07取得）
S0l6ic0s,東大崎,Q247576,ひがしおおさき,higashi-osaki,1955-02-15,24,Wikidata Q247576（2026-10-07取得）
S0l6k4el,似内,Q4968676,にたない,nitanai,1913-10-25,64,Wikidata Q4968676（2026-10-07取得）
S0l6wn77,七宝,Q7498093,,shippo,1914,38,Wikidata Q7498093（2026-10-07取得）
S0l7aso8,宮木,Q991664,みやき,miyaki,1909-12-28,21,Wikidata Q991664（2026-10-07取得）
S0l7cu7j,新鶴羽,Q11084578,しんつるば,shin-tsuruba,1989-10-01,21,Wikidata Q11084578（2026-10-07取得）
S0l7he1h,久我山,Q4244277,くがやま,kugayama,1933-08-01,52,Wikidata Q4244277（2026-10-07取得）
S0l7hltq,伊佐領,Q6078999,いさりょう,isaryo,1935-10-30,12,Wikidata Q6078999（2026-10-07取得）
S0l7m1sd,本笠寺,Q6917937,,moto-kasadera,1917,29,Wikidata Q6917937（2026-10-07取得）
S0l8328p,智北,Q5097299,,chihoku,1959-11-01,13,Wikidata Q5097299（2026-10-07取得）
S0l86g6w,千里丘,Q59511,せんりおか,senrioka,1938-12-01,30,Wikidata Q59511（2026-10-07取得）
S0l8fuyw,六甲山上,Q11392462,,rokko sanjo,1932-03-10,23,Wikidata Q11392462（2026-10-07取得）
S0l8hryq,祖母島,Q7876424,うばしま,ubashima,1959-02-10,13,Wikidata Q7876424（2026-10-07取得）
S0l8ks0s,上諏訪,Q844049,かみすわ,kami-suwa,1905-11-25,18,Wikidata Q844049（2026-10-07取得）
S0l8mu9i,羽後中里,Q11610146,うごなかざと,ugo-nakazato,1989-04-01,22,Wikidata Q11610146（2026-10-07取得）
S0l8qxo2,出雲神西,Q5356623,いずもじんざい,izumo-jinzai,1982-07-01,41,Wikidata Q5356623（2026-10-07取得）
S0l970fq,河野原円心,Q6455241,こうのはらえんしん,konohara-enshin,1994-12-03,6,Wikidata Q6455241（2026-10-07取得）
S0la6bic,山名,Q11467648,やまな,yamana,1897-05-05,12,Wikidata Q11467648（2026-10-07取得）
S0lad5ib,信濃境,Q7497268,しなのさかい,shinano-sakai,1928-11-01,11,Wikidata Q7497268（2026-10-07取得）
S0laojhz,中斜里,Q6960096,なかしゃり,naka-shari,1929,26,Wikidata Q6960096（2026-10-07取得）
S0lasehk,龍安寺,Q11679223,りょうあんじ,ryoanji,1925-11-03,27,Wikidata Q11679223（2026-10-07取得）
S0lau6c4,国定,Q426096,くにさだ,kunisada,1889-11-20,27,Wikidata Q426096（2026-10-07取得）
S0lay59v,能登鹿島,Q7063096,のとかしま,noto-kashima,1932-08-27,25,Wikidata Q7063096（2026-10-07取得）
S0lb45yg,ナゴヤドーム前矢田,Q903437,,nagoya dome-mae yada,2000-01-19,302,Wikidata Q903437（2026-10-07取得）
S0lb8d6v,高井田中央,Q4385578,たかいだちゅうおう,takaida-chuo,2008,33,Wikidata Q4385578（2026-10-07取得）
S0lb95dp,讃岐牟礼,Q7420741,さぬきむれ,sanuki-mure,1986-11-01,38,Wikidata Q7420741（2026-10-07取得）
S0lbey23,大森,Q8081629,おおもり,omori,2009-04-01,28,Wikidata Q8081629（2026-10-07取得）
S0lbg0zb,網走,Q848265,あばしり,abashiri,1912,23,Wikidata Q848265（2026-10-07取得）
S0lcf25g,衣摺加美北,Q41092442,きずりかみきた,kizuri-kamikita,2018,14,Wikidata Q41092442（2026-10-07取得）
S0lcgean,松江,Q1058652,まつえ,matsue,1908-11-08,26,Wikidata Q1058652（2026-10-07取得）
S0lchudm,東郷,Q5359652,とうごう,togo,1913-04-01,25,Wikidata Q5359652（2026-10-07取得）
S0lcnuob,大乗,Q8081672,おおのり,onori,1932-07-10,22,Wikidata Q8081672（2026-10-07取得）
S0ld3xnh,黒部,Q5359624,くろべ,kurobe,1910-04-16,50,Wikidata Q5359624（2026-10-07取得）
S0ld4glq,織笠,Q7102667,おりかさ,orikasa,1935-11-10,795,Wikidata Q7102667（2026-10-07取得）
S0ldh6x0,岡本,Q11473256,,okamoto,1926-12-21,32,Wikidata Q11473256（2026-10-07取得）
S0ldi2kg,上本郷,Q6357786,かみほんごう,kamihongo,1955-04-21,63,Wikidata Q6357786（2026-10-07取得）
S0ldn485,高岡やぶなみ,Q28805225,たかおかやぶなみ,takaoka-yabunami,2018-03-17,36,Wikidata Q28805225（2026-10-07取得）
S0ldo31j,宍戸,Q7499075,ししど,shishido,1889-01-16,72,Wikidata Q7499075（2026-10-07取得）
S0lduv0g,川越富洲原,Q7732769,かわごえとみすはら,kawagoe tomisuhara,1929,72,Wikidata Q7732769（2026-10-07取得）
S0le5iyr,大塚・帝京大学,Q8011282,おおつかていきょうだいがく,otsuka-teikyo-daigaku,2000-01-10,40,Wikidata Q8011282（2026-10-07取得）
S0le63b9,周船寺,Q5367396,すせんじ,susenji,1925-04-15,58,Wikidata Q5367396（2026-10-07取得）
S0ledcfn,苔縄,Q6426589,こけなわ,kokenawa,1994-12-03,5,Wikidata Q6426589（2026-10-07取得）
S0lek8al,川中島,Q5357074,かわなかじま,kawanakajima,1911-05-01,56,Wikidata Q5357074（2026-10-07取得）
S0lewfa9,薩摩川尻,Q7426498,,satsuma-kawashiri,1960-03-22,14,Wikidata Q7426498（2026-10-07取得）
S0lf9roe,湊,Q6863257,みなと,minato,1897-10-01,5,Wikidata Q6863257（2026-10-07取得）
S0lfc88t,芦別,Q898900,,ashibetsu,1913-11-10,8,Wikidata Q898900（2026-10-07取得）
S0lfstnr,沼南,Q11554443,,shonan,1983-12-22,23,Wikidata Q11554443（2026-10-07取得）
S0lfwma9,戸田小浜,Q7812125,とだこはま,todakohama,1925-03-08,12,Wikidata Q7812125（2026-10-07取得）
S0lfwwlv,水田,Q11549025,,mizuta,1912-04-30,11,Wikidata Q11549025（2026-10-07取得）
S0lg1myj,末広,Q7634367,すえひろ,suehiro,1915-12-25,5,Wikidata Q7634367（2026-10-07取得）
S0lg89ed,上浜,Q6357778,かみはま,kamihama,1952-03-01,9,Wikidata Q6357778（2026-10-07取得）
S0lgj2ow,上州一ノ宮,Q11358969,じょうしゅういちのみや,joshu-ichinomiya,1897-07-02,28,Wikidata Q11358969（2026-10-07取得）
S0lgk3uv,豊後中村,Q251216,ぶんごなかむら,bungo-nakamura,1928-10-28,38,Wikidata Q251216（2026-10-07取得）
S0lgnzdr,南部市場,Q11408539,なんぶしじょう,nambu-shijo,1989-07-05,23,Wikidata Q11408539（2026-10-07取得）
S0lgz2qj,西原,Q11627379,,nishihara,1994-08-20,31,Wikidata Q11627379（2026-10-07取得）
S0lhd23x,阿仁前田温泉,Q11657205,あにまえだおんせん,ani-maeda-onsen,1935-11-15,20,Wikidata Q11657205（2026-10-07取得）
S0lhl8f6,飯田橋,Q800953,いいだばし,iidabashi,1894-10-09,70,Wikidata Q800953（2026-10-07取得）
S0li0mlx,八乙女,Q8049075,やおとめ,yaotome,1987-07-15,15,Wikidata Q8049075（2026-10-07取得）
S0li0u8g,企救丘,Q6406401,,kikugaoka,1985-01-09,16,Wikidata Q6406401（2026-10-07取得）
S0likznf,鴨方,Q5359014,かもがた,kamogata,1891-07-14,23,Wikidata Q5359014（2026-10-07取得）
S0ljab3t,平成,Q11482959,へいせい,heisei,1992-07-15,18,Wikidata Q11482959（2026-10-07取得）
S0ljefau,都留文科大学前,Q7850252,つるぶんかだいがくまえ,tsuru-bunkadaigaku-mae,2004-11-16,58,Wikidata Q7850252（2026-10-07取得）
S0ljgmcn,北山形,Q11401458,きたやまがた,kita-yamagata,1921-07-20,33,Wikidata Q11401458（2026-10-07取得）
S0ljkns4,白浜,Q2888561,しらはま,shirahama,1933-12-20,55,Wikidata Q2888561（2026-10-07取得）
S0ljktcm,宇治,Q2218758,うじ,uji,1913,69,Wikidata Q2218758（2026-10-07取得）
S0lkfvrd,中百舌鳥,Q1863087,なかもず,nakamozu,1912-10-10,54,Wikidata Q1863087（2026-10-07取得）
S0lkmc7x,伏見桃山,Q2093399,ふしみももやま,fushimi-momoyama,1910,44,Wikidata Q2093399（2026-10-07取得）
S0lkpabm,仁保津,Q11376321,にほづ,nihozu,1972-04-20,28,Wikidata Q11376321（2026-10-07取得）
S0lkpex7,蒲須坂,Q872618,かますさか,kamasusaka,1920-11-02,21,Wikidata Q872618（2026-10-07取得）
S0lkpqri,鴻池新田,Q637397,こうのいけしんでん,konoikeshinden,1912,22,Wikidata Q637397（2026-10-07取得）
S0ll3rnf,ナゴヤドーム前矢田,Q903437,,nagoya dome-mae yada,2000-01-19,20,Wikidata Q903437（2026-10-07取得）
S0llpseq,亀山,Q6357058,かめやま,kameyama,1923-08-19,28,Wikidata Q6357058（2026-10-07取得）
S0lmg6qv,関西空港,Q844023,かんさいくうこう,kansai airport,1994-06-15,25,Wikidata Q844023（2026-10-07取得）
S0lmr8iy,札内,Q899469,さつない,satsunai,1910,2,Wikidata Q899469（2026-10-07取得）
S0ln18o4,相良藩願成寺,Q11582377,さがらはんがんじょうじ,sagarahanganjoji,1937-04-01,35,Wikidata Q11582377（2026-10-07取得）
S0lne7je,下深川,Q7496951,しもふかわ,shimo-fukawa,1915-04-28,25,Wikidata Q7496951（2026-10-07取得）
S0lo8450,大聖寺,Q3701465,だいしょうじ,daishoji,1897-09-20,59,Wikidata Q3701465（2026-10-07取得）
S0loav36,空港第2ビル,Q841454,くうこうだいにビル,narita airport terminal 2･3,1992-12-03,3,Wikidata Q841454（2026-10-07取得）
S0lob5cx,京王永山,Q124458705,けいおうながやま,keio-nagayama,1974-10-18,15,Wikidata Q124458705（2026-10-07取得）
S0losray,森田,Q5359882,もりた,morita,1897,12,Wikidata Q5359882（2026-10-07取得）
S0lovdn0,大滝,Q8081754,おおたき,otaki,1912-11-01,12,Wikidata Q8081754（2026-10-07取得）
S0lp7joq,天拝山,Q5359403,てんぱいざん,tenpaizan,1989-03-11,37,Wikidata Q5359403（2026-10-07取得）
S0lphu3i,草津,Q6447812,くさつ,kusatsu,1922-08-22,31,Wikidata Q6447812（2026-10-07取得）
S0lpm90t,新御茶ノ水,Q80433,しんおちゃのみず,shin-ochanomizu,1969-12-20,97,Wikidata Q80433（2026-10-07取得）
S0lq2933,寺内,Q7701643,てらうち,terauchi,1912-04-01,14,Wikidata Q7701643（2026-10-07取得）
S0lqb0sm,トロッコ亀岡,Q130540,トロッコかめおか,torroko kameoka,1991-04-27,33,Wikidata Q130540（2026-10-07取得）
S0lqhvpj,紫,Q6937369,むらさき,murasaki,2010,71,Wikidata Q6937369（2026-10-07取得）
S0lqwjkx,小歩危,Q900985,こぼけ,koboke,1935-11-28,32,Wikidata Q900985（2026-10-07取得）
S0lqwr2z,加島,Q1037092,かしま,kashima,1997,61,Wikidata Q1037092（2026-10-07取得）
S0lr3oct,小泉,Q6426396,こいずみ,koizumi,1928-10-01,7,Wikidata Q6426396（2026-10-07取得）
S0lr65oa,喜多方,Q6417758,きたかた,kitakata,1904-01-20,25,Wikidata Q6417758（2026-10-07取得）
S0lrf7vv,六万寺,Q11392268,,rokumanji,1911-11-18,35,Wikidata Q11392268（2026-10-07取得）
S0lrp6pc,西古川,Q7040334,にしふるかわ,nishi-furukawa,1913-04-20,12,Wikidata Q7040334（2026-10-07取得）
S0lrpc44,球場前,Q389571,きゅうじょうまえ,kyujomae,2002-07-01,27,Wikidata Q389571（2026-10-07取得）
S0lrwx47,浦上,Q5356132,うらかみ,urakami,1897,1,Wikidata Q5356132（2026-10-07取得）
S0ls1knk,谷町九丁目,Q1041977,たにまちきゅうちょうめ,tanimachi kyuchome,1968-12-17,64,Wikidata Q1041977（2026-10-07取得）
S0ls68bs,馬車道,Q4866771,ばしゃみち,bashamichi,2004-02-01,14,Wikidata Q4866771（2026-10-07取得）
S0ltairl,江坂,Q691770,えさか,esaka,1970-02-24,37,Wikidata Q691770（2026-10-07取得）
S0ltk9z1,松ヶ崎,Q6788095,まつがさき,matsugasaki,1937-11-03,31,Wikidata Q6788095（2026-10-07取得）
S0lttici,所沢,Q842569,ところざわ,tokorozawa,1895-03-21,10,Wikidata Q842569（2026-10-07取得）
S0ltxyb9,遠野,Q3890045,とおの,tono,1914-04-18,33,Wikidata Q3890045（2026-10-07取得）
S0lum9zq,西新宿,Q138555,にししんじゅく,nishi-shinjuku,1996-05-28,3,Wikidata Q138555（2026-10-07取得）
S0lumok9,高井戸,Q31309,たかいど,takaido,1933-08-01,5,Wikidata Q31309（2026-10-07取得）
S0luog5e,武州中川,Q3701401,ぶしゅうなかがわ,bushu-nakagawa,1930-03-15,21,Wikidata Q3701401（2026-10-07取得）
S0lusri3,前後,Q8069079,,zengo,1923,7,Wikidata Q8069079（2026-10-07取得）
S0lw7el2,須恵中央,Q7633991,,sue-chuo,1989-03-11,69,Wikidata Q7633991（2026-10-07取得）
S0lw8mj4,初石,Q5681846,はついし,hatsuishi,1911-05-09,40,Wikidata Q5681846（2026-10-07取得）
S0lwc042,陸奥沢辺,Q6944026,むつさわべ,mutsu-sawabe,1936-07-30,17,Wikidata Q6944026（2026-10-07取得）
S0lx4y89,宇宿,Q869464,,usuki,1986-12-01,26,Wikidata Q869464（2026-10-07取得）
S0lx75z4,陸前高砂,Q7334137,りくぜんたかさご,rikuzen-takasago,1925-06-05,24,Wikidata Q7334137（2026-10-07取得）
S0lxbz8n,万能倉,Q6746761,まなぐら,managura,1914-07-21,26,Wikidata Q6746761（2026-10-07取得）
S0ly5isw,旭前,Q4803354,,asahi-mae,1905,18,Wikidata Q4803354（2026-10-07取得）
S0ly9vz7,七飯,Q1049300,ななえ,nanae,1902-12-10,80,Wikidata Q1049300（2026-10-07取得）
S0lyn4bk,安房天津,Q553048,あわあまつ,awa-amatsu,1929-04-15,33,Wikidata Q553048（2026-10-07取得）
S0lzacfl,初台,Q4496691,はつだい,hatsudai,1914-06-11,171,Wikidata Q4496691（2026-10-07取得）
S0lzgfp9,阿波川島,Q4829616,あわかわしま,awa-kawashima,1899-08-19,26,Wikidata Q4829616（2026-10-07取得）
S0lzjuox,附属中学前,Q11658023,ふぞくちゅうがくまえ,fuzokuchugakumae,1985-03-14,54,Wikidata Q11658023（2026-10-07取得）
S0lzt2rn,寄畑,Q5355769,よりはた,yorihata,1931-11-01,10,Wikidata Q5355769（2026-10-07取得）
S0m0620r,宇治,Q1049000,うじ,uji,1896,17,Wikidata Q1049000（2026-10-07取得）
S0m07ek8,青山,Q4778836,あおやま,aoyama,1988-03-13,72,Wikidata Q4778836（2026-10-07取得）
S0m0ardi,安部山公園,Q4667259,あべやまこうえん,abeyamakoen,1987-03-09,31,Wikidata Q4667259（2026-10-07取得）
S0m1gg1s,吉塚,Q872292,,yoshizuka,1904-06-19,27,Wikidata Q872292（2026-10-07取得）
S0m1ozvo,桜,Q7403174,,sakura,1917-03-07,51,Wikidata Q7403174（2026-10-07取得）
S0m1yzdv,小倉台,Q7080299,おぐらだい,oguradai,1988-03-28,14,Wikidata Q7080299（2026-10-07取得）
S0m213b5,下松,Q522214,,shimomatsu,1984,8,Wikidata Q522214（2026-10-07取得）
S0m2706o,高崎新田,Q7677294,,takasaki shinden,1913-05-11,66,Wikidata Q7677294（2026-10-07取得）
S0m27czc,河内堅上,Q856499,かわちかたかみ,kawachi-katakami,1927,45,Wikidata Q856499（2026-10-07取得）
S0m2l00s,市川大門,Q5986151,いちかわだいもん,ichikawa-daimon,1927-12-17,17,Wikidata Q5986151（2026-10-07取得）
S0m2sjlr,加治木,Q5357424,かじき,kajiki,1901-06-10,15,Wikidata Q5357424（2026-10-07取得）
S0m2tm8c,八栗,Q11391463,,yakuri,1911-11-18,41,Wikidata Q11391463（2026-10-07取得）
S0m3aw1o,三才,Q5356084,さんさい,sansai,1958-01-08,110,Wikidata Q5356084（2026-10-07取得）
S0m3hw75,中萩,Q873180,なかはぎ,nakahagi,1921-09-21,35,Wikidata Q873180（2026-10-07取得）
S0m4kcdw,方谷,Q5965221,ほうこく,hokoku,1928-10-25,8,Wikidata Q5965221（2026-10-07取得）
S0m4ybkd,千石,Q1039142,せんごく,sengoku,1972-06-30,27,Wikidata Q1039142（2026-10-07取得）
S0m4yt83,熊川,Q6443378,くまがわ,kumagawa,1931-05-28,34,Wikidata Q6443378（2026-10-07取得）
S0m5l37z,大張野,Q8081428,おおばりの,obarino,1921-11-10,32,Wikidata Q8081428（2026-10-07取得）
S0m5wdq8,浜崎,Q5644129,はまさき,hamasaki,1923-12-05,48,Wikidata Q5644129（2026-10-07取得）
S0m60yqi,駒場東大前,Q4229113,こまばとうだいまえ,komaba-todaimae,1965-08-01,34,Wikidata Q4229113（2026-10-07取得）
S0m6aler,尾上高校前,Q7094451,おのえこうこうまえ,onoekokomae,1999-04-01,150,Wikidata Q7094451（2026-10-07取得）
S0m6w3v3,芦原,Q4805065,あしはら,ashihara,1924,20,Wikidata Q4805065（2026-10-07取得）
S0m75h8b,金石原,Q6360326,かないしはら,kanaishihara,1935-03-01,68,Wikidata Q6360326（2026-10-07取得）
S0m7agcu,中野,Q6960274,なかの,nakano,1989-03-29,13,Wikidata Q6960274（2026-10-07取得）
S0m7cdtk,別府大学,Q4890929,べっぷだいがく,beppu daigaku,1987-03-09,25,Wikidata Q4890929（2026-10-07取得）
S0m803co,家久,Q11455373,,iehisa,1924-02-23,35,Wikidata Q11455373（2026-10-07取得）
S0m8goig,閑蔵,Q6365972,かんぞう,kanzo,1959-08-01,33,Wikidata Q6365972（2026-10-07取得）
S0m8ym40,薩摩板敷,Q5374483,さつまいたしき,satsuma-itashiki,1963-10-31,10,Wikidata Q5374483（2026-10-07取得）
S0m8z747,和歌山港,Q7960873,わかやまこう,wakayamako,1971-03-06,44,Wikidata Q7960873（2026-10-07取得）
S0m9a1m9,上大岡,Q865627,かみおおおか,kamiooka,1930-04-01,28,Wikidata Q865627（2026-10-07取得）
S0m9l4te,東山北,Q5357345,ひがしやまきた,higashi-yamakita,1956-12-25,68,Wikidata Q5357345（2026-10-07取得）
S0m9qote,岐波,Q6418840,きわ,kiwa,1924,56,Wikidata Q6418840（2026-10-07取得）
S0m9tueq,港南中央,Q573434,こうなんちゅうおう,konan-chuo,1976-09-04,31,Wikidata Q573434（2026-10-07取得）
S0ma1jbs,医王寺前,Q6062374,いおうじまえ,iohji-mae,1925-06-20,48,Wikidata Q6062374（2026-10-07取得）
S0ma4j4c,有峰口,Q4790693,ありみねぐち,arimineguchi,1937-10-01,37,Wikidata Q4790693（2026-10-07取得）
S0mao5kt,品井沼,Q899069,しないぬま,shinainuma,1918-08-16,19,Wikidata Q899069（2026-10-07取得）
S0mba2xn,東船岡,Q5753506,ひがしふなおか,higashi-funaoka,1968-04-01,8,Wikidata Q5753506（2026-10-07取得）
S0mbaq3h,新飯塚,Q7497097,,shin-iizuka,1902-03-15,26,Wikidata Q7497097（2026-10-07取得）
S0mbnt43,大多羅,Q3610905,おおだら,odara,1962-09-01,21,Wikidata Q3610905（2026-10-07取得）
S0mbw4c5,綾瀬,Q390691,あやせ,ayase,1943-04-01,8,Wikidata Q390691（2026-10-07取得）
S0mc0loj,踊場,Q852877,おどりば,odoriba,1999-08-29,3,Wikidata Q852877（2026-10-07取得）
S0mce3fg,十条,Q6322304,じゅうじょう,jujo,1928-11-15,1,Wikidata Q6322304（2026-10-07取得）
S0mcihwo,陸前赤崎,Q11658561,りくぜんあかさき,rikuzen-akasaki,1970-03-01,78,Wikidata Q11658561（2026-10-07取得）
S0mciivn,礼文,Q7302234,,rebun,1928-09-10,28,Wikidata Q7302234（2026-10-07取得）
S0mdcn33,横田,Q8054678,よこた,yokota,1912-12-28,17,Wikidata Q8054678（2026-10-07取得）
S0mdrq2f,磐城太田,Q6100384,いわきおおた,iwaki-ota,1898-05-11,11,Wikidata Q6100384（2026-10-07取得）
S0mdwwhj,西28丁目,Q3563683,にしにじゅうはっちょうめ,nishi-nijuhatchome,1976-06-10,60,Wikidata Q3563683（2026-10-07取得）
S0medgpr,深田,Q4388210,ふかた,fukata,1914-10-18,24,Wikidata Q4388210（2026-10-07取得）
S0mefdau,まつもと町屋,Q22120396,,matsumoto machiya,2015-09-27,3,Wikidata Q22120396（2026-10-07取得）
S0mewplp,飯岡,Q5364920,いいおか,iioka,1897-06-01,34,Wikidata Q5364920（2026-10-07取得）
S0mez4m8,栗林公園,Q11535990,,ritsurin-koen,1926-12-21,47,Wikidata Q11535990（2026-10-07取得）
S0mf7t6p,西金沢,Q5359940,にしかなざわ,nishi-kanazawa,1912-08-01,46,Wikidata Q5359940（2026-10-07取得）
S0mfd0kc,阿蘇下田城,Q11657622,あそしもだじょう,aso-shimodajo,1928-02-12,18,Wikidata Q11657622（2026-10-07取得）
S0mfpl9o,野間,Q7048373,,noma,1976,25,Wikidata Q7048373（2026-10-07取得）
S0mfuuku,飾磨,Q7496537,しかま,shikama,1923-08-19,55,Wikidata Q7496537（2026-10-07取得）
S0mh1oni,館腰,Q899090,たてこし,tatekoshi,1985-04-22,19,Wikidata Q899090（2026-10-07取得）
S0mh3d0m,黒井,Q1043268,くろい,kuroi,1899,19,Wikidata Q1043268（2026-10-07取得）
S0mh7mc2,御幣島,Q1037111,みてじま,mitejima,1997,17,Wikidata Q1037111（2026-10-07取得）
S0mhoaar,和田浦,Q553736,わだうら,wadaura,1922-12-20,37,Wikidata Q553736（2026-10-07取得）
S0mhvcox,中田,Q5119016,ちゅうでん,chuden,1916-12-15,36,Wikidata Q5119016（2026-10-07取得）
S0mi0wrk,千林,Q857384,せんばやし,sembayashi,1910,19,Wikidata Q857384（2026-10-07取得）
S0mie3k8,愛別,Q4696540,あいべつ,aibetsu,1922,9,Wikidata Q4696540（2026-10-07取得）
S0misgiv,長浦,Q573425,ながうら,nagaura,1947-01-10,13,Wikidata Q573425（2026-10-07取得）
S0mj1pbs,上総興津,Q553023,かずさおきつ,kazusa-okitsu,1927-04-01,21,Wikidata Q553023（2026-10-07取得）
S0mkptm5,狩留家,Q6373606,かるが,karuga,1915-04-28,51,Wikidata Q6373606（2026-10-07取得）
S0ml374c,川棚,Q6379885,,kawatana,1898-01-20,63,Wikidata Q6379885（2026-10-07取得）
S0mlb2xa,石越,Q1058083,いしこし,ishikoshi,1890-04-16,7,Wikidata Q1058083（2026-10-07取得）
S0mlhm45,川根両国,Q6379648,かわねりょうごく,kawane-ryogoku,1959-08-01,6,Wikidata Q6379648（2026-10-07取得）
S0mlhs4o,八栗新道,Q11391461,,yakuri-shimmichi,1955-02-25,20,Wikidata Q11391461（2026-10-07取得）
S0mlkq5n,但馬,Q11381640,,tajima,1932-05-05,31,Wikidata Q11381640（2026-10-07取得）
S0mllepd,峠,Q7862650,とうげ,toge,1899-05-15,19,Wikidata Q7862650（2026-10-07取得）
S0mm2pg1,東海神,Q5366546,ひがしかいじん,higashi-kaijin,1996-04-27,98,Wikidata Q5366546（2026-10-07取得）
S0mmeqn8,伊部,Q6003510,いんべ,imbe,1958-03-25,53,Wikidata Q6003510（2026-10-07取得）
S0mmur7p,ゆだ錦秋湖,Q8192723,ゆだきんしゅうこ,yudakinshuko,1924-11-15,22,Wikidata Q8192723（2026-10-07取得）
S0mmvi1g,昭和島,Q5368842,しょうわじま,showajima,1985,30,Wikidata Q5368842（2026-10-07取得）
S0mn43gl,小坂井,Q771874,こざかい,kozakai,1898-03-13,29,Wikidata Q771874（2026-10-07取得）
S0mnb5jk,里見,Q7426357,さとみ,satomi,1925-03-07,56,Wikidata Q7426357（2026-10-07取得）
S0mnl59m,谷町四丁目,Q1131709,たにまちよんちょうめ,tanimachi yonchome,1967-03-24,40,Wikidata Q1131709（2026-10-07取得）
S0mnrajf,多気,Q5357971,たき,taki,1893-12-31,15,Wikidata Q5357971（2026-10-07取得）
S0moecae,三ノ宮,Q14616729,さんのみや,sannomiya,1874-05-11,9,Wikidata Q14616729（2026-10-07取得）
S0moh1nw,千葉ニュータウン中央,Q855466,ちばニュータウンちゅうおう,chiba newtown chuo,1984-03-19,10,Wikidata Q855466（2026-10-07取得）
S0mp3sv0,加茂,Q6358928,かも,kamo,1897-11-20,32,Wikidata Q6358928（2026-10-07取得）
S0mp3t7j,押部谷,Q7106604,おしべだに,oshibedani,1937,19,Wikidata Q7106604（2026-10-07取得）
S0mp40v6,新黒部,Q19582038,,shin-kurobe,2015-02-26,24,Wikidata Q19582038（2026-10-07取得）
S0mp8zqi,合格,Q5578023,ごうかく,gokaku,1927-06-10,74,Wikidata Q5578023（2026-10-07取得）
S0mpadqp,東あずま,Q11523777,ひがしあずま,higashi-azuma,1928-04-15,44,Wikidata Q11523777（2026-10-07取得）
S0mpi6a0,汐入,Q7497872,しおいり,shioiri,1930-04-01,15,Wikidata Q7497872（2026-10-07取得）
S0mpjvto,関根,Q7447205,せきね,sekine,1899-05-15,14,Wikidata Q7447205（2026-10-07取得）
S0mq2utx,来宮,Q6414186,きのみや,kinomiya,1933-03-30,24,Wikidata Q6414186（2026-10-07取得）
S0mq51dn,北佐世保,Q6417598,きたさせぼ,kita-sasebo,1935-11-09,16,Wikidata Q6417598（2026-10-07取得）
S0mq6sdt,東八森,Q5753529,ひがしはちもり,higashi-hachimori,1926-04-26,5,Wikidata Q5753529（2026-10-07取得）
S0mqcin0,梅津寺,Q11538554,ばいしんじ,baishinji,1899-07-06,72,Wikidata Q11538554（2026-10-07取得）
S0mqe4wm,三潴,Q6884863,みずま,mizuma,1937,81,Wikidata Q6884863（2026-10-07取得）
S0mqoega,箸蔵,Q900476,,hashikura,1929-04-28,39,Wikidata Q900476（2026-10-07取得）
S0mqrlqw,中野,Q801234,なかの,nakano,1889-04-11,18,Wikidata Q801234（2026-10-07取得）
S0mqxjr1,国府,Q1067597,,ko,1926,15,Wikidata Q1067597（2026-10-07取得）
S0mr2099,双葉,Q5510442,ふたば,futaba,1898-08-23,8,Wikidata Q5510442（2026-10-07取得）
S0mr3kla,片倉,Q844653,かたくら,katakura,1942-11-14,20,Wikidata Q844653（2026-10-07取得）
S0mra8sk,勢野北口,Q7458918,せやきたぐち,seya-kitaguchi,1951-11-20,31,Wikidata Q7458918（2026-10-07取得）
S0mru4ss,与野,Q801652,よの,yono,1906-04-16,9,Wikidata Q801652（2026-10-07取得）
S0mt6kcu,新石切,Q7497096,しんいしきり,shin-ishikiri,1986,22,Wikidata Q7497096（2026-10-07取得）
S0mu2ica,北大石田,Q6417636,きたおおいしだ,kita-oishida,1960-12-20,27,Wikidata Q6417636（2026-10-07取得）
S0mu4oom,若松,Q7960787,,wakamatsu,1891-08-30,123,Wikidata Q7960787（2026-10-07取得）
S0mv50yd,荒畑,Q862961,,arahata,1977-03-18,80,Wikidata Q862961（2026-10-07取得）
S0mvlnoa,筑紫,Q5097520,ちくし,chikushi,1924,13,Wikidata Q5097520（2026-10-07取得）
S0mvm8h5,神田,Q11590678,こうだ,kouda,1934-02-11,6,Wikidata Q11590678（2026-10-07取得）
S0mvpcfl,新庄田中,Q11502206,しんじょうたなか,shinjo-tanaka,2012-12-21,31,Wikidata Q11502206（2026-10-07取得）
S0mw2kwx,臼杵,Q5358999,うすき,usuki,1915-08-15,33,Wikidata Q5358999（2026-10-07取得）
S0mwbeqs,長瀞,Q8013090,ながとろ,nagatoro,1911-09-14,33,Wikidata Q8013090（2026-10-07取得）
S0mwc9hg,大洗,Q11437232,おおあらい,oarai,1985-03-14,11,Wikidata Q11437232（2026-10-07取得）
S0mxlx73,萩山,Q5638755,はぎやま,hagiyama,1928-04-06,0,Wikidata Q5638755（2026-10-07取得）
S0mxq25q,高岩,Q11669574,たかいわ,takaiwa,1989-03-11,8,Wikidata Q11669574（2026-10-07取得）
S0mxt8p6,薬師堂,Q11622440,,yakushido,1922-08-01,16,Wikidata Q11622440（2026-10-07取得）
S0my8p6u,志和地,Q7499442,しわち,shiwachi,1915-04-28,10,Wikidata Q7499442（2026-10-07取得）
S0myiywm,福知山市民病院口,Q11409208,ふくちやましみんびょういんぐち,fukuchiyama-shimin-byoin-guchi,1988-07-16,29,Wikidata Q11409208（2026-10-07取得）
S0mz1god,東石黒,Q11528125,ひがしいしぐろ,higashi-ishiguro,1951-08-10,40,Wikidata Q11528125（2026-10-07取得）
S0mzci99,長者ヶ浜潮騒はまなす公園前,Q5118991,ちょうじゃがはましおさいはまなすこうえんまえ,chojagahama shiosai hamanasu koenmae,1990-11-18,30,Wikidata Q5118991（2026-10-07取得）
S0mzprqt,原ノ町,Q5654173,はらのまち,haranomachi,1898-04-03,18,Wikidata Q5654173（2026-10-07取得）
S0n0az6q,平野,Q135184,ひらの,hirano,1980-11-27,34,Wikidata Q135184（2026-10-07取得）
S0n0gnbz,穴山,Q4752462,あなやま,anayama,1913-08-01,11,Wikidata Q4752462（2026-10-07取得）
S0n0lyn1,西岡崎,Q871748,にしおかざき,nishi-okazaki,1988-03-13,19,Wikidata Q871748（2026-10-07取得）
S0n1dkh6,鮎喰,Q4701935,あくい,akui,1934-09-20,14,Wikidata Q4701935（2026-10-07取得）
S0n1odzs,釜ノ鼻,Q11648054,かまのはな,kamanohana,1935-09-01,43,Wikidata Q11648054（2026-10-07取得）
S0n26t5r,馬橋,Q865196,まばし,mabashi,1898-08-06,21,Wikidata Q865196（2026-10-07取得）
S0n2n5eu,小原,Q7074633,おばら,obara,1956-10-01,10,Wikidata Q7074633（2026-10-07取得）
S0n3e801,西条,Q371933,にしじょう,nishijo,1900-11-01,32,Wikidata Q371933（2026-10-07取得）
S0n3l3xt,下落合,Q843464,しもおちあい,shimo-ochiai,1927-04-16,49,Wikidata Q843464（2026-10-07取得）
S0n3v2hg,大畑,Q7082469,,okoba,1909-12-26,4,Wikidata Q7082469（2026-10-07取得）
S0n4bpvf,御嶽山,Q7094574,おんたけさん,ontakesan,1923-05-04,15,Wikidata Q7094574（2026-10-07取得）
S0n4coqh,高師浜,Q7677402,たかしのはま,takashinohama,1919-10-25,26,Wikidata Q7677402（2026-10-07取得）
S0n4h9av,あすなろう四日市,Q134277337,あすなろうよっかいち,asunarou yokkaichi,2015-04-01,122,Wikidata Q134277337（2026-10-07取得）
S0n4k82n,讃岐相生,Q7420740,さぬきあいおい,sanuki-aioi,1928-04-15,16,Wikidata Q7420740（2026-10-07取得）
S0n4meco,辰野,Q843973,たつの,tatsuno,1906-06-11,61,Wikidata Q843973（2026-10-07取得）
S0n4yja4,越谷,Q842666,こしがや,koshigaya,1920-04-17,83,Wikidata Q842666（2026-10-07取得）
S0n5awxs,伊賀上津,Q5991391,いがこうづ,iga-kozu,1930-12-20,91,Wikidata Q5991391（2026-10-07取得）
S0n5h7vx,久屋大通,Q858944,,hisaya-odori,1989-10-09,32,Wikidata Q858944（2026-10-07取得）
S0n5l8iq,深郷田,Q5507768,ふこうだ,fukoda,1932-04-24,51,Wikidata Q5507768（2026-10-07取得）
S0n5pcng,名越,Q6958928,,nagose,1925,6,Wikidata Q6958928（2026-10-07取得）
S0n62i5s,矢野口,Q5366316,やのくち,yanokuchi,1927-11-01,8,Wikidata Q5366316（2026-10-07取得）
S0n6cwid,十条,Q2579291,じゅうじょう,jujo,1988-06-11,30,Wikidata Q2579291（2026-10-07取得）
S0n6xkbf,安比高原,Q4781066,あっぴこうげん,appi-kogen,1926-11-10,6,Wikidata Q4781066（2026-10-07取得）
S0n7f8mz,八栗山上,Q11391460,,yakuri-sanjo,1931-02-15,27,Wikidata Q11391460（2026-10-07取得）
S0n8ec0m,浜吉田,Q5644177,はまよしだ,hamayoshida,1897-11-10,18,Wikidata Q5644177（2026-10-07取得）
S0n8rxm5,和泉砂川,Q857378,いずみすながわ,izumi-sunagawa,1930,74,Wikidata Q857378（2026-10-07取得）
S0n8vaqa,西岐阜,Q1056585,にしぎふ,nishi-gifu,1986-11-01,22,Wikidata Q1056585（2026-10-07取得）
S0n92dsz,久米川,Q6443795,くめがわ,kumegawa,1927-04-16,19,Wikidata Q6443795（2026-10-07取得）
S0n9l10f,東藤原,Q11528300,ひがしふじわら,higashi-fujiwara,1931,27,Wikidata Q11528300（2026-10-07取得）
S0n9nh2o,上石神井,Q842904,かみしゃくじい,kami-shakujii,1927-04-16,29,Wikidata Q842904（2026-10-07取得）
S0n9nx35,奈古,Q3701395,なご,nago,1929-04-24,27,Wikidata Q3701395（2026-10-07取得）
S0na19no,八田,Q863200,はった,hatta,1928-02-01,62,Wikidata Q863200（2026-10-07取得）
S0na969x,木屋瀬,Q11518304,,koyanose,1958,47,Wikidata Q11518304（2026-10-07取得）
S0nafn73,虎ノ門,Q347972,とらのもん,toranomon,1938-11-18,17,Wikidata Q347972（2026-10-07取得）
S0nanusj,中富良野,Q6960084,なかふらの,naka-furano,1900-08-01,31,Wikidata Q6960084（2026-10-07取得）
S0nap2yu,上総山田,Q6381726,かずさやまだ,kazusa-yamada,1925-03-07,15,Wikidata Q6381726（2026-10-07取得）
S0navznk,大清水,Q11063469,おおしみず,oshimizu,1924,14,Wikidata Q11063469（2026-10-07取得）
S0nc1xlz,高島平,Q1038971,たかしまだいら,takashimadaira,1968-12-27,38,Wikidata Q1038971（2026-10-07取得）
S0nc8u35,岡本,Q3970335,おかもと,okamoto,1920,21,Wikidata Q3970335（2026-10-07取得）
S0ndgsps,佐伯,Q5358770,さいき,saiki,1916-10-25,28,Wikidata Q5358770（2026-10-07取得）
S0ndiqdc,野辺山,Q3616013,のべやま,nobeyama,1935-11-29,1,Wikidata Q3616013（2026-10-07取得）
S0ndt5b2,五十市,Q5357584,いそいち,isoichi,1929-04-28,31,Wikidata Q5357584（2026-10-07取得）
S0nduk7h,南米沢,Q11408340,みなみよねざわ,minami-yonezawa,1926-09-28,14,Wikidata Q11408340（2026-10-07取得）
S0ndvwwy,JR長瀬,Q856052,ジェイアールながせ,jr nagase,2008,58,Wikidata Q856052（2026-10-07取得）
S0ner44r,苗穂,Q1055345,なえぼ,naebo,1910-05-16,32,Wikidata Q1055345（2026-10-07取得）
S0nf0oki,亀戸水神,Q6356576,かめいどすいじん,kameidosuijin,1928-04-15,46,Wikidata Q6356576（2026-10-07取得）
S0nf5256,矢代田,Q8049745,やしろだ,yashiroda,1897-11-20,24,Wikidata Q8049745（2026-10-07取得）
S0nf5jiv,入曽,Q6071849,いりそ,iriso,1895-03-21,22,Wikidata Q6071849（2026-10-07取得）
S0nf79fa,花原市,Q6382382,けばらいち,kebaraichi,1961-12-20,47,Wikidata Q6382382（2026-10-07取得）
S0nfcqa4,八幡前,Q5637060,,hachimanmae,1912-06,29,Wikidata Q5637060（2026-10-07取得）
S0nfnk3u,西帯広,Q898826,,nishi-obihiro,1907-09-08,29,Wikidata Q898826（2026-10-07取得）
S0nfuk5w,北池野,Q6417548,,kita-ikeno,1954-04-01,13,Wikidata Q6417548（2026-10-07取得）
S0ng4f2x,滑津,Q6961680,なめづ,namezu,1916-06-06,13,Wikidata Q6961680（2026-10-07取得）
S0ngihv1,石刀,Q11585186,,iwato,1935-04-29,15,Wikidata Q11585186（2026-10-07取得）
S0ngwxi2,伊予長浜,Q898941,いよながはま,iyo-nagahama,1918-02-14,69,Wikidata Q898941（2026-10-07取得）
S0nh9syq,宗太郎,Q5358009,そうたろう,sotaro,1923-12-15,32,Wikidata Q5358009（2026-10-07取得）
S0nhihqo,県,Q4691472,あがた,agata,1928-05-01,28,Wikidata Q4691472（2026-10-07取得）
S0nhj31i,清児,Q11172222,,sechigo,1925,11,Wikidata Q11172222（2026-10-07取得）
S0nhydgp,内牧,Q7876736,,uchinomaki,1918-01-25,24,Wikidata Q7876736（2026-10-07取得）
S0ni6x36,津福,Q11556360,つぶく,tsubuku,1921-11-01,101,Wikidata Q11556360（2026-10-07取得）
S0nivu0s,美山,Q6884307,みやま,miyama,1960-12-15,23,Wikidata Q6884307（2026-10-07取得）
S0njsa11,琴電志度,Q11573812,,kotoden-shido,1911-11-18,42,Wikidata Q11573812（2026-10-07取得）
S0nk6h2z,国会議事堂前,Q1192508,こっかいぎじどうまえ,kokkai-gijido-mae,1959-03-15,95,Wikidata Q1192508（2026-10-07取得）
S0nk7nx1,広域公園前,Q6455152,,koiki-koen-mae,1994-08-20,17,Wikidata Q6455152（2026-10-07取得）
S0nk89lu,平川,Q870832,,hirakawa,1934-05-20,95,Wikidata Q870832（2026-10-07取得）
S0nl7gi0,新八柱,Q3525564,しんやはしら,shin-yahashira,1978-10-02,75,Wikidata Q3525564（2026-10-07取得）
S0nljz8e,南越谷,Q842469,みなみこしがや,minami-koshigaya,1973-04-01,79,Wikidata Q842469（2026-10-07取得）
S0nmv2v2,球泉洞,Q6453150,,kyusendo,1942-12-21,2,Wikidata Q6453150（2026-10-07取得）
S0nmzuhp,伊予白滝,Q898985,いよしらたき,iyo-shirataki,1918-02-14,38,Wikidata Q898985（2026-10-07取得）
S0nne0m3,烏森,Q261996,,kasumori,1938,24,Wikidata Q261996（2026-10-07取得）
S0nnm7tx,越後川口,Q3698863,えちごかわぐち,echigo-kawaguchi,1921-08-05,9,Wikidata Q3698863（2026-10-07取得）
S0no9kac,西白井,Q5367967,にししろい,nishi-shiroi,1979-03-09,21,Wikidata Q5367967（2026-10-07取得）
S0npha4z,安善,Q1581479,あんぜん,anzen,1926-03-10,8,Wikidata Q1581479（2026-10-07取得）
S0npjlu3,上戸手,Q6358582,かみとで,kamitode,1914-07-21,13,Wikidata Q6358582（2026-10-07取得）
S0nq4jhj,泉崎,Q873238,いずみざき,izumizaki,1896-02-25,10,Wikidata Q873238（2026-10-07取得）
S0nqiiqa,大平台,Q8081501,おおひらだい,ohiradai,1919-06-01,24,Wikidata Q8081501（2026-10-07取得）
S0nql7xu,上富良野,Q6357110,,kami-furano,1899-11-15,8,Wikidata Q6357110（2026-10-07取得）
S0nqtmr7,釜谷,Q5360843,かまや,kamaya,1930-10-25,22,Wikidata Q5360843（2026-10-07取得）
S0nr1bfx,祐天寺,Q3178446,ゆうてんじ,yutenji,1927-08-28,71,Wikidata Q3178446（2026-10-07取得）
S0nrs8y7,中松,Q17229474,なかまつ,nakamatsu,1928-02-12,6,Wikidata Q17229474（2026-10-07取得）
S0nsc8ru,小川郷,Q7079855,おがわごう,ogawago,1915-07-10,45,Wikidata Q7079855（2026-10-07取得）
S0nsg1j4,高石,Q7677086,たかいし,takaishi,1901-04-13,40,Wikidata Q7677086（2026-10-07取得）
S0nsoig1,大篠津町,Q4207645,おおしのづちょう,oshinozucho,1987-11-01,22,Wikidata Q4207645（2026-10-07取得）
S0nsxemn,若狭有田,Q4982270,わかさありた,wakasa-arita,1964-06-20,10,Wikidata Q4982270（2026-10-07取得）
S0nt31pu,谷町六丁目,Q1041967,たにまちろくちょうめ,tanimachi rokuchome,1968-12-17,95,Wikidata Q1041967（2026-10-07取得）
S0nt8s1d,東山,Q5754159,ひがしやま,higashiyama,1927-09-21,56,Wikidata Q5754159（2026-10-07取得）
S0ntiejt,太田川,Q8081740,,otagawa,1912,40,Wikidata Q8081740（2026-10-07取得）
S0nulxhu,浦山口,Q3701527,うらやまぐち,urayamaguchi,1930-03-15,78,Wikidata Q3701527（2026-10-07取得）
S0nuoxu6,名古屋港,Q858446,,nagoyako,1971-03-29,14,Wikidata Q858446（2026-10-07取得）
S0nuwzc1,松田,Q5357522,まつだ,matsuda,1889-12-01,133,Wikidata Q5357522（2026-10-07取得）
S0nuxq1q,栃屋,Q7812010,,tochiya,1922-11-05,4,Wikidata Q7812010（2026-10-07取得）
S0nvhdi7,赤羽,Q800369,あかばね,akabane,1885-03-01,61,Wikidata Q800369（2026-10-07取得）
S0nvt4p8,辛皮,Q6368094,からかわ,karakawa,1988-07-16,34,Wikidata Q6368094（2026-10-07取得）
S0nw5m0o,川井,Q6379533,かわい,kawai,1944-07-01,34,Wikidata Q6379533（2026-10-07取得）
S0nw8w39,網野,Q4746427,あみの,amino,1926-12-25,54,Wikidata Q4746427（2026-10-07取得）
S0nwsmbu,摂津本山,Q1042797,せっつもとやま,settsu-motoyama,1935-12-15,103,Wikidata Q1042797（2026-10-07取得）
S0nwz61w,熱田,Q871814,あつた,atsuta,1886-03-01,61,Wikidata Q871814（2026-10-07取得）
S0nx2l50,大堰,Q11433868,おおぜき,ozeki,1921,4,Wikidata Q11433868（2026-10-07取得）
S0nx2q27,あしかがフラワーパーク,Q45875891,あしかがフラワーパーク,ashikaga flower park,2018-04-01,14,Wikidata Q45875891（2026-10-07取得）
S0nx67rx,京成幕張,Q6383845,けいせいまくはり,keisei makuhari,1921-07-17,31,Wikidata Q6383845（2026-10-07取得）
S0nx6ajr,三瀬,Q7420835,さんぜ,sanze,1922-05-22,14,Wikidata Q7420835（2026-10-07取得）
S0nxoc8j,田尻,Q899148,たじり,tajiri,1908-12-25,15,Wikidata Q899148（2026-10-07取得）
S0nxpi6e,巻向,Q4980794,,makimuku,1955-08-01,59,Wikidata Q4980794（2026-10-07取得）
S0nxreho,五郎丸,Q11372693,ごろうまる,goromaru,1915,6,Wikidata Q11372693（2026-10-07取得）
S0ny04fj,東広島,Q1136538,ひがしひろしま,higashi-hiroshima,1988,38,Wikidata Q1136538（2026-10-07取得）
S0nyxzud,二名,Q4388104,ふたな,futana,1914-10-18,16,Wikidata Q4388104（2026-10-07取得）
S0nzf6lo,伊豆大川,Q6102208,いずおおかわ,izu-okawa,1961-12-10,41,Wikidata Q6102208（2026-10-07取得）
S0nzowgd,吉良吉田,Q6414740,,kira-yoshida,1928,32,Wikidata Q6414740（2026-10-07取得）
S0nzv607,白山,Q5640658,はくさん,hakusan,1951-12-15,52,Wikidata Q5640658（2026-10-07取得）
S0o1nriu,海の公園柴口,Q7881582,うみのこうえんしばぐち,uminokoen-shibaguchi,1989-07-05,8,Wikidata Q7881582（2026-10-07取得）
S0o1r33c,碧南,Q11587780,,hekinan,1914,54,Wikidata Q11587780（2026-10-07取得）
S0o1zq7y,鞍手,Q11663882,くらて,kurate,1987-07-01,38,Wikidata Q11663882（2026-10-07取得）
S0o2a10n,酒殿,Q7402737,,sakado,1904-01-01,24,Wikidata Q7402737（2026-10-07取得）
S0o2kdab,国際センター,Q11422320,,international center,2015-12-06,10,Wikidata Q11422320（2026-10-07取得）
S0o2t4xs,粟ヶ崎,Q11604554,あわがさき,awagasaki,1929-07-14,39,Wikidata Q11604554（2026-10-07取得）
S0o37kmm,横倉,Q8054658,よこくら,yokokura,1986-07-01,21,Wikidata Q8054658（2026-10-07取得）
S0o38bcx,五条,Q2579995,ごじょう,gojo,1981-05-29,7,Wikidata Q2579995（2026-10-07取得）
S0o3971i,近鉄奈良,Q6414371,きんてつなら,kintetsu nara,1914-04-30,65,Wikidata Q6414371（2026-10-07取得）
S0o3ch13,同志社前,Q856061,どうししゃまえ,doshishamae,1986,55,Wikidata Q856061（2026-10-07取得）
S0o3qrbz,夫婦石,Q11444782,めおといし,meotoishi,1898-08-07,17,Wikidata Q11444782（2026-10-07取得）
S0o3yq81,薩摩高城,Q11622356,さつまたき,satsuma taki,1952-05-01,42,Wikidata Q11622356（2026-10-07取得）
S0o3zd1u,大中,Q8081640,おおなか,onaka,1933-07-05,23,Wikidata Q8081640（2026-10-07取得）
S0o44hn2,西幡豆,Q7040346,,nishi-hazu,1936,20,Wikidata Q7040346（2026-10-07取得）
S0o493ro,新千葉,Q7497084,しんちば,shin-chiba,1923-07-24,42,Wikidata Q7497084（2026-10-07取得）
S0o4u1bq,伊予桜井,Q875864,いよさくらい,iyo-sakurai,1923-12-21,30,Wikidata Q875864（2026-10-07取得）
S0o4xtcb,坂出,Q873215,さかいで,sakaide,1897-02-21,29,Wikidata Q873215（2026-10-07取得）
S0o57ixm,磐城石井,Q6100359,いわきいしい,iwaki-ishii,1931-10-10,42,Wikidata Q6100359（2026-10-07取得）
S0o60dsj,久喜,Q843719,くき,kuki,1885-07-16,17,Wikidata Q843719（2026-10-07取得）
S0o6a6io,勝川,Q5359249,かちがわ,kachigawa,1900-07-25,354,Wikidata Q5359249（2026-10-07取得）
S0o6es58,峰吉川,Q6864601,みねよしかわ,mineyoshikawa,1924-12-20,21,Wikidata Q6864601（2026-10-07取得）
S0o6iru3,前浜,Q11397350,まえはま,maehama,1990-03-10,9,Wikidata Q11397350（2026-10-07取得）
S0o6mzdr,山城多賀,Q591754,やましろたが,yamashiro-taga,1896,37,Wikidata Q591754（2026-10-07取得）
S0o6qtgy,角川,Q5358120,つのがわ,tsunogawa,1934-10-25,28,Wikidata Q5358120（2026-10-07取得）
S0o6tyq8,多治見,Q7676871,たじみ,tajimi,1900-12-21,83,Wikidata Q7676871（2026-10-07取得）
S0o769xm,東別府,Q5359632,ひがしべっぷ,higashi-beppu,1911-11-01,4,Wikidata Q5359632（2026-10-07取得）
S0o7med6,花園,Q11615214,,hanazono,1954-08-01,50,Wikidata Q11615214（2026-10-07取得）
S0o8eh5o,杉戸高野台,Q7635130,すぎとたかのだい,sugito-takanodai,1986-08-26,24,Wikidata Q7635130（2026-10-07取得）
S0o8hr8e,旦過,Q7682779,,tanga,1985-01-09,20,Wikidata Q7682779（2026-10-07取得）
S0o8q3uj,高遠原,Q988988,たかとおばら,takatobara,1946-09-01,6,Wikidata Q988988（2026-10-07取得）
S0o8ribv,本中野,Q5891922,ほんなかの,hon-nakano,1917-03-12,16,Wikidata Q5891922（2026-10-07取得）
S0o9pgpb,栄,Q862325,,sakae,1957-11-15,49,Wikidata Q862325（2026-10-07取得）
S0o9vtf8,中の島,Q3563599,なかのしま,nakanoshima,1971-12-16,53,Wikidata Q3563599（2026-10-07取得）
S0oah8q5,河曲,Q5358787,かわの,kawano,1949,10,Wikidata Q5358787（2026-10-07取得）
S0ob8twk,極楽,Q5578124,,gokuraku,2008-12-25,7,Wikidata Q5578124（2026-10-07取得）
S0obdh70,国府,Q847167,こくふ,kokufu,1948-10-13,14,Wikidata Q847167（2026-10-07取得）
S0obqra5,大沢内,Q8081819,おおざわない,ozawanai,1930-10-04,77,Wikidata Q8081819（2026-10-07取得）
S0obrkn2,国際センター,Q859016,,kokusai center,1989-09-10,39,Wikidata Q859016（2026-10-07取得）
S0oca80v,小村神社前,Q7090804,おむらじんじゃまえ,omura-jinja-mae,2008-03-15,15,Wikidata Q7090804（2026-10-07取得）
S0ocmyd2,西日暮里,Q636845,にしにっぽり,nishi-nippori,1969-12-20,101,Wikidata Q636845（2026-10-07取得）
S0ocqusa,大門,Q247129,だいもん,daimon,1964-10-01,50,Wikidata Q247129（2026-10-07取得）
S0ocu7cb,花山,Q5646954,,hanayama,1965-12-01,21,Wikidata Q5646954（2026-10-07取得）
S0od25ul,小林,Q8190209,,kobayashi,1912-10-01,67,Wikidata Q8190209（2026-10-07取得）
S0odeadl,千路,Q5097324,ちじ,chiji,1898-04-24,18,Wikidata Q5097324（2026-10-07取得）
S0odsp45,大庭,Q11435400,おおにわ,oniwa,1921-10-02,37,Wikidata Q11435400（2026-10-07取得）
S0odziv4,猪谷,Q5357888,いのたに,inotani,1930-11-27,22,Wikidata Q5357888（2026-10-07取得）
S0ofa11b,阿波橘,Q4829622,あわたちばな,awa-tachibana,1936-03-27,34,Wikidata Q4829622（2026-10-07取得）
S0oh2wdb,川西能勢口,Q3969857,かわにしのせぐち,kawanishi-noseguchi,1913,28,Wikidata Q3969857（2026-10-07取得）
S0ohib2c,本輪西,Q6917941,,moto-wanishi,1925-08-20,34,Wikidata Q6917941（2026-10-07取得）
S0ohmn5i,梶が谷,Q11538785,かじがや,kajigaya,1966-04-01,44,Wikidata Q11538785（2026-10-07取得）
S0ohsbom,瑞浪,Q5359472,みずなみ,mizunami,1902-12-21,44,Wikidata Q5359472（2026-10-07取得）
S0oi4tdo,岡山,Q801293,おかやま,okayama,1891-03-18,66,Wikidata Q801293（2026-10-07取得）
S0oibb6q,信濃町,Q335677,しなのまち,shinanomachi,1894-10-09,92,Wikidata Q335677（2026-10-07取得）
S0oik4sz,御代志,Q11488780,,miyoshi,1913-08-27,200,Wikidata Q11488780（2026-10-07取得）
S0oinwuo,鯨波,Q4348283,くじらなみ,kujiranami,1904-04-01,54,Wikidata Q4348283（2026-10-07取得）
S0ojfigu,木田,Q6404569,,kida,1914,14,Wikidata Q6404569（2026-10-07取得）
S0oke1lj,ふるさと公園,Q5509813,ふるさとこうえん,furusato-koen,2002-08-29,27,Wikidata Q5509813（2026-10-07取得）
S0olltmw,小宮,Q844334,こみや,komiya,1931-12-10,53,Wikidata Q844334（2026-10-07取得）
S0olojfl,滝,Q3097830,たき,taki,1913-08-10,38,Wikidata Q3097830（2026-10-07取得）
S0olxill,大宮,Q3971402,おおみや,omiya,1931,50,Wikidata Q3971402（2026-10-07取得）
S0om530p,関口,Q7447187,せきぐち,seki-guchi,1952-12-26,9,Wikidata Q7447187（2026-10-07取得）
S0omndjx,兜沼,Q6344532,かぶとぬま,kabutonuma,1924-06-25,21,Wikidata Q6344532（2026-10-07取得）
S0on0fmw,鬼塚,Q7093973,,onizuka,1899-06-13,115,Wikidata Q7093973（2026-10-07取得）
S0onvp3x,川村,Q6379618,,kawamura,2001,6,Wikidata Q6379618（2026-10-07取得）
S0onwpj2,春日部,Q842446,かすかべ,kasukabe,1899-08-27,18,Wikidata Q842446（2026-10-07取得）
S0onx6k3,天竜峡,Q906304,てんりゅうきょう,tenryukyo,1927-12-16,18,Wikidata Q906304（2026-10-07取得）
S0ony2w0,高角,Q4142974,たかつの,takatsuno,1913,53,Wikidata Q4142974（2026-10-07取得）
S0ooq0rr,大学前,Q11434249,,daigakumae,1921-06-17,41,Wikidata Q11434249（2026-10-07取得）
S0oot3l2,ひろせ野鳥の森,Q5770745,ひろせやちょうのもり,hirose-yacho-no-mori,2003-03-27,34,Wikidata Q5770745（2026-10-07取得）
S0op5iii,神戸,Q1072984,こうべ,kobe,1874,29,Wikidata Q1072984（2026-10-07取得）
S0opc35e,福島,Q800799,ふくしま,fukushima,1887-12-15,85,Wikidata Q800799（2026-10-07取得）
S0opjknu,折渡,Q7102890,おりわたり,oriwatari,1957-09-28,2,Wikidata Q7102890（2026-10-07取得）
S0oply40,高取,Q7677429,,takatori,1994-08-20,12,Wikidata Q7677429（2026-10-07取得）
S0optekc,求名,Q5353413,ぐみょう,gumyo,1911-11-01,8,Wikidata Q5353413（2026-10-07取得）
S0oq68ir,宮守,Q3888989,みやもり,miyamori,1915-11-23,67,Wikidata Q3888989（2026-10-07取得）
S0oqgokc,都野津,Q7850238,つのづ,tsunozu,1920-12-25,27,Wikidata Q7850238（2026-10-07取得）
S0oqsj49,新丸子,Q7497117,しんまるこ,shin-maruko,1926-02-14,18,Wikidata Q7497117（2026-10-07取得）
S0or4e30,白鷺,Q7498289,しらさぎ,shirasagi,1964-05-25,24,Wikidata Q7498289（2026-10-07取得）
S0oriatm,光の森,Q11388245,ひかりのもり,hikarinomori,2006-03-18,92,Wikidata Q11388245（2026-10-07取得）
S0orw2m4,河芸,Q6379488,,kawage,1973,45,Wikidata Q6379488（2026-10-07取得）
S0osf0dg,うらがわら,Q7899560,うらがわら,uragawara,1997-03-22,33,Wikidata Q7899560（2026-10-07取得）
S0osr5zt,須屋,Q11664530,,suya,1913-08-26,28,Wikidata Q11664530（2026-10-07取得）
S0osydmk,知波田,Q11584604,ちばた,chibata,1936-12-01,54,Wikidata Q11584604（2026-10-07取得）
S0ot3aji,香春口三萩野,Q6379680,,kawaraguchi mihagino,1985-01-09,34,Wikidata Q6379680（2026-10-07取得）
S0otdvbi,塩屋,Q11428692,,shioya,1911-11-18,17,Wikidata Q11428692（2026-10-07取得）
S0otnmmt,南荒子,Q10908910,,minami-arako,2004-10-06,11,Wikidata Q10908910（2026-10-07取得）
S0otru4x,阿田和,Q899275,あたわ,atawa,1940-08-08,89,Wikidata Q899275（2026-10-07取得）
S0ou8umk,漕代,Q6426352,こいしろ,koishiro,1943-10-23,28,Wikidata Q6426352（2026-10-07取得）
S0oum5yl,加納,Q6365985,,kano,1914-06-02,13,Wikidata Q6365985（2026-10-07取得）
S0ov3b1d,浜山公園北口,Q11557649,,hamayamakoen-kitaguchi,1930-02-02,19,Wikidata Q11557649（2026-10-07取得）
S0ovm60v,小野,Q2042578,おの,ono,1997-10-12,14,Wikidata Q2042578（2026-10-07取得）
S0ovmw0x,箕浦,Q5358724,みのうら,minoura,1916-04-01,3,Wikidata Q5358724（2026-10-07取得）
S0ow9mv9,大月,Q843189,おおつき,otsuki,1902-10-01,93,Wikidata Q843189（2026-10-07取得）
S0owz6d4,美作加茂,Q6862012,みまさかかも,mimasaka-kamo,1928-03-15,7,Wikidata Q6862012（2026-10-07取得）
S0ox6uki,光明池,Q6455215,こうみょういけ,komyoike,1977-08-20,56,Wikidata Q6455215（2026-10-07取得）
S0oxeiij,羽前長崎,Q7904841,うぜんながさき,uzen-nagasaki,1921-12-11,47,Wikidata Q7904841（2026-10-07取得）
S0oxk0xx,長田,Q126064,ながた,nagata,1985-04-05,5,Wikidata Q126064（2026-10-07取得）
S0oxvrzu,白石,Q1055580,しろいし,shiroishi,1903-04-21,38,Wikidata Q1055580（2026-10-07取得）
S0oyb329,箱石,Q5640585,はこいし,hakoishi,1933-11-30,21,Wikidata Q5640585（2026-10-07取得）
S0oymrxe,葛西臨海公園,Q844280,かさいりんかいこうえん,kasairinkaikoen,1988-12-01,26,Wikidata Q844280（2026-10-07取得）
S0oyqidq,用瀬,Q3610964,もちがせ,mochigase,1919-12-20,57,Wikidata Q3610964（2026-10-07取得）
S0oz222l,益生,Q6785714,ますお,masuo,1929,133,Wikidata Q6785714（2026-10-07取得）
S0ozb5rf,東富岡,Q11526643,ひがしとみおか,higashi-tomioka,1990-04-01,15,Wikidata Q11526643（2026-10-07取得）
S0ozunkd,土沢,Q3888323,つちざわ,tsuchizawa,1913-10-24,47,Wikidata Q3888323（2026-10-07取得）
S0p07coe,上野御徒町,Q80555,うえのおかちまち,ueno-okachimachi,2000-12-12,98,Wikidata Q80555（2026-10-07取得）
S0p08kqs,つきみ野,Q7850073,つきみの,tsukimino,1976-10-15,53,Wikidata Q7850073（2026-10-07取得）
S0p08zll,勝川,Q5359249,かちがわ,kachigawa,1900-07-25,13,Wikidata Q5359249（2026-10-07取得）
S0p0a90b,西浦上,Q5356633,にしうらかみ,nishi-urakami,1987-03-09,23,Wikidata Q5356633（2026-10-07取得）
S0p0mjc8,東寺,Q7862666,とうじ,toji,1928-11-15,38,Wikidata Q7862666（2026-10-07取得）
S0p17rri,長沢,Q2099810,ながさわ,nagasawa,1915-11-01,25,Wikidata Q2099810（2026-10-07取得）
S0p19aut,小屋浦,Q6435148,こやうら,koyaura,1914-05-01,24,Wikidata Q6435148（2026-10-07取得）
S0p19fap,新長田,Q111795012,しんながた,shin-nagata,1977-03-13,91,Wikidata Q111795012（2026-10-07取得）
S0p1qop1,郡中,Q11643098,ぐんちゅう,gunchu,1896-07-04,18,Wikidata Q11643098（2026-10-07取得）
S0p20byc,弁天橋,Q1392590,べんてんばし,bentembashi,1926-03-10,31,Wikidata Q1392590（2026-10-07取得）
S0p24ww2,周防久保,Q7651558,すおうくぼ,suo-kubo,1934-03-28,3,Wikidata Q7651558（2026-10-07取得）
S0p2pc30,黄金,Q11677876,,kogane,1938,15,Wikidata Q11677876（2026-10-07取得）
S0p37c8o,下大利,Q7497033,しもおおり,shimoori,1924,45,Wikidata Q7497033（2026-10-07取得）
S0p38nyp,新正,Q7497762,しんしょう,shinsho,1975,96,Wikidata Q7497762（2026-10-07取得）
S0p3cmyr,西山,Q11627917,,nishiyama,1965,33,Wikidata Q11627917（2026-10-07取得）
S0p3h79h,新入,Q7497693,,shinnyu,1989-03-11,92,Wikidata Q7497693（2026-10-07取得）
S0p3xl2r,平岡,Q894483,ひらおか,hiraoka,1936-12-30,12,Wikidata Q894483（2026-10-07取得）
S0p4979o,東成岩,Q5753757,ひがしならわ,higashi-narawa,1933-12-07,95,Wikidata Q5753757（2026-10-07取得）
S0p4e9bu,肥前久保,Q5873031,ひぜんくぼ,hizen-kubo,1935-03-01,27,Wikidata Q5873031（2026-10-07取得）
S0p4nfnv,春日井,Q6374878,,kasugai,1931,22,Wikidata Q6374878（2026-10-07取得）
S0p4twsc,伊上,Q5991457,いがみ,igami,1930-12-07,12,Wikidata Q5991457（2026-10-07取得）
S0p55byl,端間,Q11598528,はたま,hatama,1924-04-12,87,Wikidata Q11598528（2026-10-07取得）
S0p5i90t,立田,Q7687988,たてだ,tateda,2002-07-01,39,Wikidata Q7687988（2026-10-07取得）
S0p5mepp,平沼橋,Q5769436,ひらぬまばし,hiranumabashi,1931-10-25,47,Wikidata Q5769436（2026-10-07取得）
S0p5su8g,上二田,Q6357116,かみふただ,kami-futada,1956-11-26,12,Wikidata Q6357116（2026-10-07取得）
S0p6au03,崇禅寺,Q3971070,,sozenji,1921,30,Wikidata Q3971070（2026-10-07取得）
S0p6bggf,緋牛内,Q8191108,ひうしない,hiushinai,1912,15,Wikidata Q8191108（2026-10-07取得）
S0p6ev4p,新富士,Q1136475,しんふじ,shin-fuji,1934,37,Wikidata Q1136475（2026-10-07取得）
S0p785r9,大鶴,Q8081780,,otsuru,1937-08-22,5,Wikidata Q8081780（2026-10-07取得）
S0p7vdot,白石,Q3563585,しろいし,shiroishi,1976-06-10,53,Wikidata Q3563585（2026-10-07取得）
S0p7vxfe,浜田山,Q27101,はまだやま,hamadayama,1933-08-01,10,Wikidata Q27101（2026-10-07取得）
S0p7ymom,福島学院前,Q11593074,ふくしまがくいんまえ,fukushima gakuin-mae,2000-03-11,49,Wikidata Q11593074（2026-10-07取得）
S0p9pt5w,会津中川,Q4699452,あいづなかがわ,aizu-nakagawa,1956-09-20,20,Wikidata Q4699452（2026-10-07取得）
S0p9qzg4,小栗山,Q6425828,こぐりやま,koguriyama,1952-01-26,30,Wikidata Q6425828（2026-10-07取得）
S0p9so8k,宇多津,Q873190,うたづ,utazu,1897-02-21,25,Wikidata Q873190（2026-10-07取得）
S0pa0on0,虎杖浜,Q6426517,,kojohama,1928-08-05,26,Wikidata Q6426517（2026-10-07取得）
S0padwgz,羽場,Q5636589,,haba,1927,12,Wikidata Q5636589（2026-10-07取得）
S0pal5dc,土佐大津,Q901337,,tosa-otsu,1925-12-05,54,Wikidata Q901337（2026-10-07取得）
S0paqsab,堀川,Q11427461,,horikawa,1913-08-26,23,Wikidata Q11427461（2026-10-07取得）
S0pb5ztv,向山,Q5357175,むかいやま,mukaiyama,1922-08-15,48,Wikidata Q5357175（2026-10-07取得）
S0pbe4jt,柏木平,Q3888982,かしわぎだいら,kashiwagidaira,1915-07-30,30,Wikidata Q3888982（2026-10-07取得）
S0pbef3o,青郷,Q4778709,,aonogo,1940-11-01,23,Wikidata Q4778709（2026-10-07取得）
S0pbnj96,烏丸御池,Q2580142,からすまおいけ,karasuma oike,1981-05-29,19,Wikidata Q2580142（2026-10-07取得）
S0pc6oh5,指扇,Q844454,さしおうぎ,sashiogi,1940-07-22,13,Wikidata Q844454（2026-10-07取得）
S0pcjsa7,西大宮,Q849342,にしおおみや,nishi-omiya,2009-03-14,87,Wikidata Q849342（2026-10-07取得）
S0pd18qi,田舎館,Q6013418,いなかだて,inakadate,1950-07-01,8,Wikidata Q6013418（2026-10-07取得）
S0pe291g,八木崎,Q11391340,やぎさき,yagisaki,1929-11-17,27,Wikidata Q11391340（2026-10-07取得）
S0pe2uei,中野,Q11367768,,nakano,1921-06-17,18,Wikidata Q11367768（2026-10-07取得）
S0pedyos,西11丁目,Q3563700,にしじゅういっちょうめ,nishi-juitchome,1976-06-10,83,Wikidata Q3563700（2026-10-07取得）
S0pesdj0,天童南,Q17220593,てんどうみなみ,tendominami,2015-03-14,58,Wikidata Q17220593（2026-10-07取得）
S0pf8omu,竜舞,Q7385630,りゅうまい,ryumai,1942-10-05,19,Wikidata Q7385630（2026-10-07取得）
S0pf8ony,弓削,Q8060347,ゆげ,yuge,1898-12-21,29,Wikidata Q8060347（2026-10-07取得）
S0pg5o6y,中八木,Q6960374,なかやぎ,nakayagi,1923-08-19,23,Wikidata Q6960374（2026-10-07取得）
S0pg9895,上丸渕,Q6357169,,kami-marubuchi,1899,18,Wikidata Q6357169（2026-10-07取得）
S0pgc4np,鹿瀬,Q6364290,かのせ,kanose,1914-11-01,46,Wikidata Q6364290（2026-10-07取得）
S0pguz7x,高麗,Q6428027,こま,koma,1929-09-10,18,Wikidata Q6428027（2026-10-07取得）
S0pi13o5,播州赤穂,Q4857136,ばんしゅうあこう,banshu-ako,1952-12-12,11,Wikidata Q4857136（2026-10-07取得）
S0pikw1p,神山,Q6358632,かみやま,kamiyama,1944-09-28,29,Wikidata Q6358632（2026-10-07取得）
S0piowel,城下,Q11425958,,shiroshita,1921-06-17,9,Wikidata Q11425958（2026-10-07取得）
S0piqwx9,伊野,Q10885165,,ino,1924-11-15,79,Wikidata Q10885165（2026-10-07取得）
S0piwfnz,美旗,Q11609096,みはた,mihata,1930-10-10,27,Wikidata Q11609096（2026-10-07取得）
S0piwsk6,追分,Q7081568,おいわけ,oiwake,1902-10-21,6,Wikidata Q7081568（2026-10-07取得）
S0pj3uod,沼津,Q870594,ぬまづ,numazu,1889-02-01,84,Wikidata Q870594（2026-10-07取得）
S0pj856r,篠山口,Q966175,ささやまぐち,sasayamaguchi,1899,13,Wikidata Q966175（2026-10-07取得）
S0pjclxi,北長野,Q6417571,きたながの,kita-nagano,1898-09-01,43,Wikidata Q6417571（2026-10-07取得）
S0pjj6xo,蒲原,Q1053150,かんばら,kambara,1968-05-16,25,Wikidata Q1053150（2026-10-07取得）
S0pjn6lt,上総三又,Q6381715,かずさみつまた,kazusa-mitsumata,1932-11-20,18,Wikidata Q6381715（2026-10-07取得）
S0pjs1yu,古高松,Q11411770,ふるたかまつ,furu-takamatsu,1911-11-18,10,Wikidata Q11411770（2026-10-07取得）
S0pk4izq,千里山,Q7450929,せんりやま,senriyama,1921,74,Wikidata Q7450929（2026-10-07取得）
S0pk89yl,徳力公団前,Q7813751,,tokuriki kodanmae,1985-01-09,43,Wikidata Q7813751（2026-10-07取得）
S0pk9i8t,砂田橋,Q903675,,sunadabashi,2000-01-19,39,Wikidata Q903675（2026-10-07取得）
S0pkbr0f,竹橋,Q80564,たけばし,takebashi,1966-03-16,82,Wikidata Q80564（2026-10-07取得）
S0pkc8ui,簗場,Q8048215,やなば,yanaba,1929-09-25,28,Wikidata Q8048215（2026-10-07取得）
S0pkrfts,韓々坂,Q11663954,,kankanzaka,1955-12-01,16,Wikidata Q11663954（2026-10-07取得）
S0pkw015,天台,Q7699571,てんだい,tendai,1991-06-12,20,Wikidata Q7699571（2026-10-07取得）
S0pkzsv0,浮鞭,Q7878312,うきぶち,ukibuchi,1970-10-01,20,Wikidata Q7878312（2026-10-07取得）
S0pl4odo,伊那市,Q990582,いなし,inashi,1912-05-14,18,Wikidata Q990582（2026-10-07取得）
S0plf82c,伊豆熱川,Q6102164,いずあたがわ,izu-atagawa,1961-12-10,62,Wikidata Q6102164（2026-10-07取得）
S0plpqel,市城,Q5986324,いちしろ,ichishiro,1945-11-20,14,Wikidata Q5986324（2026-10-07取得）
S0pm1o55,本町,Q1134631,ほんまち,hommachi,1933-05-20,94,Wikidata Q1134631（2026-10-07取得）
S0pm561o,富貴,Q5507599,,fuki,1932,77,Wikidata Q5507599（2026-10-07取得）
S0pm9ejj,学門,Q5517707,がくもん,gakumon,1979-08-10,47,Wikidata Q5517707（2026-10-07取得）
S0pmnty2,東雲,Q7497733,しののめ,shinonome,1924-04-12,5,Wikidata Q7497733（2026-10-07取得）
S0pms21m,三妻,Q6883297,みつま,mitsuma,1913-11-01,4,Wikidata Q6883297（2026-10-07取得）
S0pmuido,梅屋敷,Q7881517,うめやしき,umeyashiki,1929-03-27,28,Wikidata Q7881517（2026-10-07取得）
S0pn0pe5,剣吉,Q5357122,けんよし,kenyoshi,1897-07-01,38,Wikidata Q5357122（2026-10-07取得）
S0pn1ocn,伊予出石,Q898960,いよいずし,iyo-izushi,1918-02-14,15,Wikidata Q898960（2026-10-07取得）
S0pn85xr,十弗,Q899642,,tofutsu,1911-12-15,17,Wikidata Q899642（2026-10-07取得）
S0pn8mlr,西吉井,Q11627403,にしよしい,nishi-yoshii,1971-12-15,23,Wikidata Q11627403（2026-10-07取得）
S0po8os7,上野原,Q7877464,うえのはら,uenohara,1943-08-01,67,Wikidata Q7877464（2026-10-07取得）
S0pojhvc,蒲生四丁目,Q1042492,がもうよんちょうめ,gamo-yonchome,1990-03-20,81,Wikidata Q1042492（2026-10-07取得）
S0pomggm,涸沼,Q5767758,ひぬま,hinuma,1985-03-14,34,Wikidata Q5767758（2026-10-07取得）
S0porxht,天神山,Q7699888,,tenjinyama,1923-09-29,21,Wikidata Q7699888（2026-10-07取得）
S0pp3jvz,追分,Q7081569,おいわけ,oiwake,1922,28,Wikidata Q7081569（2026-10-07取得）
S0pp5rhr,山谷,Q11470936,やまだに,yamadani,1991-03-16,9,Wikidata Q11470936（2026-10-07取得）
S0ppbdin,卸町,Q11409194,おろしまち,oroshimachi,1988-07-01,26,Wikidata Q11409194（2026-10-07取得）
S0ppepj7,美佐島,Q130029,みさしま,misashima,1997-03-22,21,Wikidata Q130029（2026-10-07取得）
S0pq3hp8,大阪難波,Q2310134,おおさかなんば,osaka namba,1970-03-15,12,Wikidata Q2310134（2026-10-07取得）
S0pq3q1o,鯖江,Q5359863,さばえ,sabae,1896,38,Wikidata Q5359863（2026-10-07取得）
S0pq933c,美合,Q11608813,,miai,1926,6,Wikidata Q11608813（2026-10-07取得）
S0pq95ho,泉ケ丘,Q6102358,いずみがおか,izumigaoka,1971-04-01,22,Wikidata Q6102358（2026-10-07取得）
S0pq9buh,河口湖,Q6379504,かわぐちこ,kawaguchiko,1950-08-24,80,Wikidata Q6379504（2026-10-07取得）
S0pqb5ji,丸山,Q10877242,,maruyama,1983-12-22,43,Wikidata Q10877242（2026-10-07取得）
S0pqg5pv,東一身田,Q4559528,,higashi-ishinden,1973,15,Wikidata Q4559528（2026-10-07取得）
S0pqgcmi,林道,Q11533344,,hayashimichi,1912-04-30,22,Wikidata Q11533344（2026-10-07取得）
S0pqhu2d,住吉,Q7637171,,sumiyoshi,1899-12-25,9,Wikidata Q7637171（2026-10-07取得）
S0pqnq7m,羽黒下,Q5638848,はぐろした,haguroshita,1915-12-25,8,Wikidata Q5638848（2026-10-07取得）
S0pr15nm,肥後伊倉,Q872831,,higo-ikura,1935-04-03,34,Wikidata Q872831（2026-10-07取得）
S0prbdr1,群馬藤岡,Q845730,ぐんまふじおか,gunma-fujioka,1931-07-01,20,Wikidata Q845730（2026-10-07取得）
S0prj9tl,佐敷,Q10885935,さしき,sashiki,1925-04-15,31,Wikidata Q10885935（2026-10-07取得）
S0prpau2,小高,Q7077237,おだか,odaka,1898-05-11,21,Wikidata Q7077237（2026-10-07取得）
S0prpmat,箸尾,Q5679039,,hashio,1918-04-26,23,Wikidata Q5679039（2026-10-07取得）
S0prth2b,サッポロビール庭園,Q3601222,,sapporo beer teien,1990,76,Wikidata Q3601222（2026-10-07取得）
S0pslr3l,菅谷,Q7635083,すがや,sugaya,1948-10-10,71,Wikidata Q7635083（2026-10-07取得）
S0psumb6,青野山,Q4778712,あおのやま,aonoyama,1961-04-01,9,Wikidata Q4778712（2026-10-07取得）
S0pt22o2,市川,Q1067608,いちかわ,ichikawa,1894-07-20,51,Wikidata Q1067608（2026-10-07取得）
S0ptfz8b,越中八尾,Q5402530,えっちゅうやつお,etchu-yatsuo,1927-09-01,40,Wikidata Q5402530（2026-10-07取得）
S0ptkd08,渡島砂原,Q898571,おしまさわら,oshima-sawara,1927-12-25,12,Wikidata Q898571（2026-10-07取得）
S0ptouib,宿戸,Q6543349,しゅくのへ,shukunohe,1954-08-05,5,Wikidata Q6543349（2026-10-07取得）
S0puc6w8,七条,Q2153254,しちじょう,shichijo,1913,89,Wikidata Q2153254（2026-10-07取得）
S0pusqyo,焼石,Q5358578,やけいし,yakeishi,1929-04-14,40,Wikidata Q5358578（2026-10-07取得）
S0puts8y,坪井川公園,Q11425700,,tsuboigawakoen,1995-01-09,36,Wikidata Q11425700（2026-10-07取得）
S0pvf0vj,西出水,Q11627281,にしいずみ,nishi-izumi,1923-10-15,28,Wikidata Q11627281（2026-10-07取得）
S0pvlwec,有年,Q5360748,うね,une,1890-07-10,41,Wikidata Q5360748（2026-10-07取得）
S0pwdhsj,田奈,Q7682183,たな,tana,1966-04-01,35,Wikidata Q7682183（2026-10-07取得）
S0pwj6ji,日登,Q5767403,ひのぼり,hinobori,1932-12-18,8,Wikidata Q5767403（2026-10-07取得）
S0pwkshz,折生迫,Q7105336,おりゅうざこ,oryuzako,1966-12-01,11,Wikidata Q7105336（2026-10-07取得）
S0pwpedo,諏訪町,Q7650548,,suwacho,1945,7,Wikidata Q7650548（2026-10-07取得）
S0pwpmyd,東岸和田,Q857440,,higashi-kishiwada,1930,54,Wikidata Q857440（2026-10-07取得）
S0px95r0,薬院,Q995628,やくいん,yakuin,1927-06-01,7,Wikidata Q995628（2026-10-07取得）
S0pyncw5,東武竹沢,Q7862634,とうぶたけざわ,tobu-takezawa,1932-07-23,44,Wikidata Q7862634（2026-10-07取得）
S0pyuzsp,梅郷,Q7881495,うめさと,umesato,1911-05-09,34,Wikidata Q7881495（2026-10-07取得）
S0pz6ona,平津,Q11483215,へいづ,heizu,1931,1238,Wikidata Q11483215（2026-10-07取得）
S0pzi1pk,野江,Q856571,のえ,noe,1910,16,Wikidata Q856571（2026-10-07取得）
S0pzijt6,甲府,Q1066072,こうふ,kofu,1903-06-11,63,Wikidata Q1066072（2026-10-07取得）
S0pzlcva,比婆山,Q5750609,ひばやま,hibayama,1935-12-20,5,Wikidata Q5750609（2026-10-07取得）
S0pzmwcn,明智,Q4700569,,akechi,1920,67,Wikidata Q4700569（2026-10-07取得）
S0pznryq,樅山,Q6897322,もみやま,momiyama,1929-04-01,108,Wikidata Q6897322（2026-10-07取得）
S0q03r8v,野町,Q11646078,,nomachi,1916-12-01,36,Wikidata Q11646078（2026-10-07取得）
S0q076s9,柚木,Q8061359,ゆのき,yunoki,1908,36,Wikidata Q8061359（2026-10-07取得）
S0q09gdz,森岳,Q11539557,もりたけ,moritake,1902-08-01,7,Wikidata Q11539557（2026-10-07取得）
S0q0b2ez,四条畷,Q855755,しじょうなわて,shijonawate,1895,68,Wikidata Q855755（2026-10-07取得）
S0q0ebrm,川内,Q6379890,かわうち,kawauchi,1933-11-30,15,Wikidata Q6379890（2026-10-07取得）
S0q0hvzz,東久根別,Q5361747,ひがしくねべつ,higashi-kunebetsu,1986-11-01,22,Wikidata Q5361747（2026-10-07取得）
S0q0w9k4,原木中山,Q128808,ばらきなかやま,baraki-nakayama,1969-03-29,11,Wikidata Q128808（2026-10-07取得）
S0q0xp6s,千旦,Q2646894,,senda,1952-10-01,23,Wikidata Q2646894（2026-10-07取得）
S0q0yvw1,鈴鹿サーキット稲生,Q4905141,,suzuka circuit ino,1973,19,Wikidata Q4905141（2026-10-07取得）
S0q13mba,山陽塩屋,Q7420814,さんようしおや,sanyo shioya,1913-05-11,48,Wikidata Q7420814（2026-10-07取得）
S0q1p79m,松森,Q6788133,まつもり,matsumori,1999-04-01,29,Wikidata Q6788133（2026-10-07取得）
S0q1x9bh,長田,Q6958663,,nagata,1928-11-28,10,Wikidata Q6958663（2026-10-07取得）
S0q20jii,中岡崎,Q11364321,なかおかざき,naka-okazaki,1976-04-26,41,Wikidata Q11364321（2026-10-07取得）
S0q2141i,一身田,Q5358133,いしんでん,ishinden,1891-08-21,25,Wikidata Q5358133（2026-10-07取得）
S0q26xao,金光,Q5358738,こんこう,konko,1901-08-04,41,Wikidata Q5358738（2026-10-07取得）
S0q3695r,青堀,Q558935,あおほり,aohori,1915-01-15,73,Wikidata Q558935（2026-10-07取得）
S0q3c73l,しんざ,Q7497848,しんざ,shinza,1997-03-22,13,Wikidata Q7497848（2026-10-07取得）
S0q3j9ku,徳永,Q7813741,とくなが,tokunaga,1955-03-01,27,Wikidata Q7813741（2026-10-07取得）
S0q4fk2i,元田中,Q6918534,もとたなか,mototanaka,1925-09-27,67,Wikidata Q6918534（2026-10-07取得）
S0q4lkzv,渋川,Q864146,しぶかわ,shibukawa,1921-07-01,69,Wikidata Q864146（2026-10-07取得）
S0q4sn4s,土岐市,Q5359508,ときし,tokishi,1902-12-21,49,Wikidata Q5359508（2026-10-07取得）
S0q4spuu,下川辺,Q7496925,しもかわべ,shimo-kawabe,1938-07-28,49,Wikidata Q7496925（2026-10-07取得）
S0q4vbta,上有住,Q3893013,かみありす,kami-arisu,1950-10-10,17,Wikidata Q3893013（2026-10-07取得）
S0q4z78y,寒河,Q7667571,そうご,sogo,1962-04-01,30,Wikidata Q7667571（2026-10-07取得）
S0q6c4bh,江戸川,Q5340176,えどがわ,edogawa,1912-11-03,34,Wikidata Q5340176（2026-10-07取得）
S0q6yx0a,大国町,Q1052129,だいこくちょう,daikokucho,1938-04-21,25,Wikidata Q1052129（2026-10-07取得）
S0q72r3d,国道,Q77872,こくどう,kokudo,1930-10-28,21,Wikidata Q77872（2026-10-07取得）
S0q73vlu,掛澗,Q898787,かかりま,kakarima,1927-12-25,27,Wikidata Q898787（2026-10-07取得）
S0q78z4o,代官山,Q852326,だいかんやま,daikan-yama,1927-08-28,35,Wikidata Q852326（2026-10-07取得）
S0q7ak81,吉野,Q8056197,よしの,yoshino,1928-03-25,9,Wikidata Q8056197（2026-10-07取得）
S0q7buws,東新湊,Q5753983,,higashi shinminato,1930-10-12,31,Wikidata Q5753983（2026-10-07取得）
S0q7oimu,東銀座,Q1078393,ひがしぎんざ,higashi-ginza,1963-02-28,24,Wikidata Q1078393（2026-10-07取得）
S0q7p4be,東清川,Q11527993,ひがしきよかわ,higashi-kiyokawa,1978-10-02,7,Wikidata Q11527993（2026-10-07取得）
S0q8anyy,御来屋,Q900618,みくりや,mikuriya,1902-11-01,3,Wikidata Q900618（2026-10-07取得）
S0q8bxk8,若狭本郷,Q7960831,,wakasa-hongo,1921-04-03,11,Wikidata Q7960831（2026-10-07取得）
S0q8mls9,櫛原,Q11544663,くしわら,kushiwara,1924-04-12,49,Wikidata Q11544663（2026-10-07取得）
S0q8qco1,土佐入野,Q7827526,とさいりの,tosa-irino,1970-10-01,22,Wikidata Q7827526（2026-10-07取得）
S0qa2zky,肥後長浜,Q5760158,ひごながはま,higo-nagahama,1931-07-17,71,Wikidata Q5760158（2026-10-07取得）
S0qa41vw,五ノ三,Q5582090,,gonosan,1924,73,Wikidata Q5582090（2026-10-07取得）
S0qak2tl,鶴崎,Q5359663,つるさき,tsurusaki,1914-04-01,25,Wikidata Q5359663（2026-10-07取得）
S0qb4buo,井川,Q5995514,いかわ,ikawa,1959-08-01,18,Wikidata Q5995514（2026-10-07取得）
S0qb60f8,出町柳,Q2256123,でまちやなぎ,demachiyanagi,1925-09-27,19,Wikidata Q2256123（2026-10-07取得）
S0qbupxx,山下,Q8047950,,yamashita,1923-11-03,74,Wikidata Q8047950（2026-10-07取得）
S0qca8f3,糸貫,Q6094849,いとぬき,itonuki,1956-03-20,32,Wikidata Q6094849（2026-10-07取得）
S0qcld5s,今泉,Q6002988,いまいずみ,imaizumi,1914-11-15,27,Wikidata Q6002988（2026-10-07取得）
S0qcqefp,貝田,Q873989,かいだ,kaida,1922-06-05,3,Wikidata Q873989（2026-10-07取得）
S0qcsg9c,小菅,Q6433611,こすげ,kosuge,1924-10-01,33,Wikidata Q6433611（2026-10-07取得）
S0qct9e9,杉崎,Q7635122,すぎさき,sugisaki,1952-12-25,34,Wikidata Q7635122（2026-10-07取得）
S0qdp8r0,谷田川,Q11633047,やたがわ,yatagawa,1929-05-10,22,Wikidata Q11633047（2026-10-07取得）
S0qdyse3,福原,Q5507632,ふくはら,fukuhara,1890-12-01,9,Wikidata Q5507632（2026-10-07取得）
S0qe0rpf,山上,Q80177051,,sanjo,1957-11-12,0,Wikidata Q80177051（2026-10-07取得）
S0qe6wtq,筑豊直方,Q11602982,,chikuho-nogata,1959,38,Wikidata Q11602982（2026-10-07取得）
S0qek80b,長与,Q6958730,,nagayo,1897-07-22,10,Wikidata Q6958730（2026-10-07取得）
S0qemwco,河原田,Q4559716,かわらだ,kawarada,1890,104,Wikidata Q4559716（2026-10-07取得）
S0qenb5j,港区役所,Q6863252,,minato kuyakusho,1971-03-29,104,Wikidata Q6863252（2026-10-07取得）
S0qeunn7,戸越公園,Q999134,とごしこうえん,togoshi-koen,1927-07-06,33,Wikidata Q999134（2026-10-07取得）
S0qezdfb,平山城址公園,Q4497858,ひらやまじょうしこうえん,hirayamajoshi-koen,1926-03-24,41,Wikidata Q4497858（2026-10-07取得）
S0qfr6yp,田県神社前,Q7468612,,tagata-jinja-mae,1931,75,Wikidata Q7468612（2026-10-07取得）
S0qg1gvk,伊予中山,Q899520,いよなかやま,iyo-nakayama,1986-03-03,97,Wikidata Q899520（2026-10-07取得）
S0qg9l6d,箕島,Q3324376,みのしま,minoshima,1924-02-28,94,Wikidata Q3324376（2026-10-07取得）
S0qggn06,伊那田島,Q988853,いなたじま,ina-tajima,1920-11-22,7,Wikidata Q988853（2026-10-07取得）
S0qgiosf,明智,Q4700567,,akechi,1956-03-20,19,Wikidata Q4700567（2026-10-07取得）
S0qgpoj1,土崎,Q7849925,つちざき,tsuchizaki,1902-10-21,53,Wikidata Q7849925（2026-10-07取得）
S0qgty2f,荻野,Q7080068,おぎの,ogino,1914-11-01,6,Wikidata Q7080068（2026-10-07取得）
S0qh8eto,別府,Q4357195,,befu,2005-02-03,47,Wikidata Q4357195（2026-10-07取得）
S0qhgnrp,板持,Q6093959,いたもち,itamochi,1958,14,Wikidata Q6093959（2026-10-07取得）
S0qi82g2,豊田本町,Q7830646,,toyodahommachi,1957,18,Wikidata Q7830646（2026-10-07取得）
S0qia7dx,近鉄蟹江,Q6414364,きんてつかにえ,kintetsu kanie,1938,96,Wikidata Q6414364（2026-10-07取得）
S0qic8w2,瀬高,Q5359332,せたか,setaka,1891-04-01,29,Wikidata Q5359332（2026-10-07取得）
S0qiqdc6,辺川,Q5698324,へがわ,hegawa,1942-07-01,13,Wikidata Q5698324（2026-10-07取得）
S0qj7n1d,下平,Q988164,しもだいら,shimodaira,1923-03-13,20,Wikidata Q988164（2026-10-07取得）
S0qje81b,串,Q899182,くし,kushi,1964-10-01,29,Wikidata Q899182（2026-10-07取得）
S0qjkffa,西平内,Q6402261,にしひらない,nishi-hiranai,1939-10-01,3,Wikidata Q6402261（2026-10-07取得）
S0qjmafi,谷山,Q869075,,taniyama,1930-12-07,560,Wikidata Q869075（2026-10-07取得）
S0qjmafi-2,谷山,Q869075,,taniyama,1930-12-07,21,Wikidata Q869075（2026-10-07取得）
S0qjmdzt,本郷,Q11520913,ほんごう,hongo,1926-06-28,22,Wikidata Q11520913（2026-10-07取得）
S0qjqwby,大桑,Q8081590,おおくわ,okuwa,1917-01-02,43,Wikidata Q8081590（2026-10-07取得）
S0qjw2d6,青葉山,Q11662741,,aobayama,2015-12-06,23,Wikidata Q11662741（2026-10-07取得）
S0qk1zu4,大河原,Q11437092,おおかわら,okawara,1897-11-11,27,Wikidata Q11437092（2026-10-07取得）
S0qkbgxo,館林,Q865905,たてばやし,tatebayashi,1907-08-27,82,Wikidata Q865905（2026-10-07取得）
S0qkbn1x,伊那松島,Q991320,いなまつしま,ina-matsushima,1909-12-28,5,Wikidata Q991320（2026-10-07取得）
S0qkes62,上月,Q6455355,こうづき,kozuki,1936-04-08,6,Wikidata Q6455355（2026-10-07取得）
S0ql4ah1,暘谷,Q5359777,ようこく,yokoku,1987-03-09,61,Wikidata Q5359777（2026-10-07取得）
S0qlgkwb,桜川,Q7403198,,sakuragawa,1900-10-01,26,Wikidata Q7403198（2026-10-07取得）
S0qlvca2,新町口,Q7497663,,shinmachiguchi,1955-10-14,44,Wikidata Q7497663（2026-10-07取得）
S0qmk16f,流山おおたかの森,Q841689,ながれやまおおたかのもり,nagareyama-otakanomori,2005-08-24,36,Wikidata Q841689（2026-10-07取得）
S0qmtw21,久代,Q3969877,くしろ,kushiro,1959-03-01,3,Wikidata Q3969877（2026-10-07取得）
S0qn5k5y,駒鳴,Q6428109,,komanaki,1935-03-01,4,Wikidata Q6428109（2026-10-07取得）
S0qn6iy7,賀来,Q6349670,かく,kaku,1915-10-30,11,Wikidata Q6349670（2026-10-07取得）
S0qnfzzt,西川口,Q801258,にしかわぐち,nishi-kawaguchi,1954-09-01,23,Wikidata Q801258（2026-10-07取得）
S0qniduf,伊里,Q6069511,いり,iri,1958-03-25,6,Wikidata Q6069511（2026-10-07取得）
S0qnkk0t,市役所前,Q7499454,しやくしょまえ,shiyakusho-mae,1995-08-01,30,Wikidata Q7499454（2026-10-07取得）
S0qnrxda,坂祝,Q873142,さかほぎ,sakahogi,1921-11-12,19,Wikidata Q873142（2026-10-07取得）
S0qnwllt,東小諸,Q11526660,ひがしこもろ,higashi-komoro,1952-07-10,22,Wikidata Q11526660（2026-10-07取得）
S0qo7opn,JR淡路,Q56346892,ジェイアールあわじ,jr-awaji,2019-03-16,13,Wikidata Q56346892（2026-10-07取得）
S0qo88md,森宮野原,Q6912094,もりみやのはら,mori-miyanohara,1925-11-19,62,Wikidata Q6912094（2026-10-07取得）
S0qoqyr6,邑久,Q3610957,おく,oku,1962-09-01,20,Wikidata Q3610957（2026-10-07取得）
S0qp2ed1,伊達紋別,Q5227640,だてもんべつ,datemombetsu,1925-08-20,77,Wikidata Q5227640（2026-10-07取得）
S0qp633j,家城,Q4559504,いえき,ieki,1931-09-11,15,Wikidata Q4559504（2026-10-07取得）
S0qp7gt0,有松,Q4790691,,arimatsu,1917,21,Wikidata Q4790691（2026-10-07取得）
S0qp861q,福島今町,Q5507717,ふくしまいままち,fukushima-imamachi,1935-04-15,9,Wikidata Q5507717（2026-10-07取得）
S0qpoe5r,山手,Q801651,やまて,yamate,1964-05-19,6,Wikidata Q801651（2026-10-07取得）
S0qpz0w2,新旭川,Q873131,しんあさひかわ,shin-asahikawa,1922-11-04,6,Wikidata Q873131（2026-10-07取得）
S0qq2nhx,武蔵溝ノ口,Q5367854,むさしみぞのくち,musashi-mizonokuchi,1927-03-09,30,Wikidata Q5367854（2026-10-07取得）
S0qq7xpa,紀ノ川,Q11604938,きのかわ,kinokawa,1898-10-22,19,Wikidata Q11604938（2026-10-07取得）
S0qqib9k,比良,Q5768822,ひら,hira,1991-12-01,16,Wikidata Q5768822（2026-10-07取得）
S0qqjfz9,奥武山公園,Q7571756,,onoyama park,2003,29,Wikidata Q7571756（2026-10-07取得）
S0qqpfwk,長町南,Q11653512,,nagamachi-minami,1987-07-15,28,Wikidata Q11653512（2026-10-07取得）
S0qqsbgi,南港東,Q180517,なんこうひがし,nanko-higashi,1981-03-16,30,Wikidata Q180517（2026-10-07取得）
S0qr9ina,村崎野,Q899287,むらさきの,murasakino,1919-04-05,51,Wikidata Q899287（2026-10-07取得）
S0qrcdkh,新庄,Q1188523,しんじょう,shinjo,1903-06-11,19,Wikidata Q1188523（2026-10-07取得）
S0qs0o7k,鯉川,Q6426274,こいかわ,koikawa,1944-09-30,10,Wikidata Q6426274（2026-10-07取得）
S0qs5zfy,新井宿,Q3701488,あらいじゅく,araijuku,2001,33,Wikidata Q3701488（2026-10-07取得）
S0qsmxgu,七尾,Q6962435,ななお,nanao,1898-04-24,70,Wikidata Q6962435（2026-10-07取得）
S0qsn5z5,米野木,Q6428300,,komenoki,1979-07-29,22,Wikidata Q6428300（2026-10-07取得）
S0qsw6fk,石見福光,Q5355394,いわみふくみつ,iwami-fukumitsu,1928-10-25,19,Wikidata Q5355394（2026-10-07取得）
S0qt206l,三条,Q7418606,さんじょう,sanjo,1898-06-16,42,Wikidata Q7418606（2026-10-07取得）
S0qt2p1z,玉川上水,Q842489,たまがわじょうすい,tamagawa-josui,1950-05-15,23,Wikidata Q842489（2026-10-07取得）
S0qt93vu,東金沢,Q3611192,ひがしかなざわ,higashi-kanazawa,1925-08-01,34,Wikidata Q3611192（2026-10-07取得）
S0qtsa3q,早月加積,Q5686180,はやつきかづみ,hayatsukikazumi,1950-03-23,61,Wikidata Q5686180（2026-10-07取得）
S0qtw7zi,青山一丁目,Q602410,あおやまいっちょうめ,aoyama-itchome,1938-11-18,21,Wikidata Q602410（2026-10-07取得）
S0qu4qov,鯖瀬,Q7395925,さばせ,sabase,1973-10-01,24,Wikidata Q7395925（2026-10-07取得）
S0qu83yq,布田,Q4493273,ふだ,fuda,1917,30,Wikidata Q4493273（2026-10-07取得）
S0quf0qe,京阪山科,Q11375846,けいはんやましな,keihan-yamashina,1912-08-15,13,Wikidata Q11375846（2026-10-07取得）
S0qum2s6,足守,Q4805094,あしもり,ashimori,1904-11-15,27,Wikidata Q4805094（2026-10-07取得）
S0quxsmu,新王寺,Q47543425,,shin-oji,1918-04-26,0,Wikidata Q47543425（2026-10-07取得）
S0qv2fue,生山,Q7506251,しょうやま,shoyama,1923-11-28,2,Wikidata Q7506251（2026-10-07取得）
S0qv56ft,新木場,Q1376066,しんきば,shin-kiba,1988-12-01,67,Wikidata Q1376066（2026-10-07取得）
S0qv7d3m,上尾幌,Q900180,,kami-oboro,1917-12-01,6,Wikidata Q900180（2026-10-07取得）
S0qvjxfl,糸島高校前,Q38277538,いとしまこうこうまえ,itoshima-kokomae,2019-03-16,29,Wikidata Q38277538（2026-10-07取得）
S0qvkrpj,下市,Q900573,しもいち,shimoichi,1903-08-28,7,Wikidata Q900573（2026-10-07取得）
S0qvn399,神戸,Q5627753,ごうど,godo,1912-09-05,16,Wikidata Q5627753（2026-10-07取得）
S0qvoiz6,春日井,Q5359327,かすがい,kasugai,1927-12-16,11,Wikidata Q5359327（2026-10-07取得）
S0qvp350,馬込沢,Q6732342,まごめざわ,magomezawa,1923-12-27,12,Wikidata Q6732342（2026-10-07取得）
S0qw8jgv,伊勢田,Q6079617,,iseda,1928-11-03,18,Wikidata Q6079617（2026-10-07取得）
S0qwvktd,石清水八幡宮,Q1977185,いわしみずはちまんぐう,iwashimizu-hachimangu,1910,9,Wikidata Q1977185（2026-10-07取得）
S0qwzcg7,十村,Q7820418,,tomura,1917-12-15,30,Wikidata Q7820418（2026-10-07取得）
S0qx6ufu,本銚子,Q6917931,もとちょうし,moto-choshi,1913-12,47,Wikidata Q6917931（2026-10-07取得）
S0qxl5oj,稲城長沼,Q5366278,いなぎながぬま,inagi-naganuma,1927-11-01,7,Wikidata Q5366278（2026-10-07取得）
S0qxqyej,徳宿,Q7813773,とくしゅく,tokushuku,1985-03-14,17,Wikidata Q7813773（2026-10-07取得）
S0qxt41j,津,Q869763,つ,tsu,1891-11-04,67,Wikidata Q869763（2026-10-07取得）
S0qy14qh,嵐電天神川,Q11477287,らんでんてんじんがわ,randen-tenjingawa,2008-03-28,20,Wikidata Q11477287（2026-10-07取得）
S0qyaizh,越後曽根,Q5332422,えちごそね,echigo-sone,1912-08-25,32,Wikidata Q5332422（2026-10-07取得）
S0qyrqbh,明星,Q6949388,みょうじょう,myojo,1930-03-27,45,Wikidata Q6949388（2026-10-07取得）
S0qyrr48,美濃松山,Q6868883,,mino-matsuyama,1929-02-24,58,Wikidata Q6868883（2026-10-07取得）
S0qyta5e,辻,Q577894,つじ,tsuji,1914-03-25,23,Wikidata Q577894（2026-10-07取得）
S0qzdgr2,千鳥橋,Q2700642,,chidoribashi,1924,35,Wikidata Q2700642（2026-10-07取得）
S0qzdve2,上新庄,Q3969848,,kami-shinjo,1921,82,Wikidata Q3969848（2026-10-07取得）
S0qzli0k,南長井,Q11408692,みなみながい,minami-nagai,1960-05-20,2,Wikidata Q11408692（2026-10-07取得）
S0qzv3j2,四街道,Q8013017,よつかいどう,yotsukaido,1894-12-09,36,Wikidata Q8013017（2026-10-07取得）
S0r07mvc,淡路町,Q1078432,あわじちょう,awajicho,1956-03-20,6,Wikidata Q1078432（2026-10-07取得）
S0r07uhn,角の浜,Q6543295,かどのはま,kadonohama,1954-08-05,27,Wikidata Q6543295（2026-10-07取得）
S0r0dfnk,根小屋,Q11536283,ねごや,negoya,1926-06-01,41,Wikidata Q11536283（2026-10-07取得）
S0r0pepu,梓橋,Q4833136,あずさばし,azusabashi,1915-01-06,49,Wikidata Q4833136（2026-10-07取得）
S0r14io0,岡場,Q7081708,おかば,okaba,1928-12-18,18,Wikidata Q7081708（2026-10-07取得）
S0r2jfrt,湯野,Q8061352,,yuno,1999-01-11,4,Wikidata Q8061352（2026-10-07取得）
S0r2jrfj,松丸,Q4388383,まつまる,matsumaru,1923-12-12,6,Wikidata Q4388383（2026-10-07取得）
S0r2p46u,下鴨生,Q7496922,,shimo-kamoo,1916-02-01,1,Wikidata Q7496922（2026-10-07取得）
S0r31ml4,山瀬,Q8047928,やませ,yamase,1899-12-23,24,Wikidata Q8047928（2026-10-07取得）
S0r37z9e,土気,Q5353420,とけ,toke,1896-11-01,28,Wikidata Q5353420（2026-10-07取得）
S0r39hqb,石打ダム,Q6080416,いしうちダム,ishiuchi dam,1989-03-11,38,Wikidata Q6080416（2026-10-07取得）
S0r3bu92,大岡,Q900307,おおおか,ooka,1946-01-15,84,Wikidata Q900307（2026-10-07取得）
S0r3cp0p,雑司が谷,Q128312,ぞうしがや,zoshigaya,2008-06-14,56,Wikidata Q128312（2026-10-07取得）
S0r3ndu4,美作大崎,Q3661912,みまさかおおさき,mimasaka-osaki,1934-11-28,5,Wikidata Q3661912（2026-10-07取得）
S0r3wjxf,安栖里,Q871103,あせり,aseri,1957-02-11,16,Wikidata Q871103（2026-10-07取得）
S0r3wskj,井高野,Q180463,いたかの,itakano,2006-12-24,22,Wikidata Q180463（2026-10-07取得）
S0r3yp3h,上州新屋,Q11358976,じょうしゅうにいや,joshu-niiya,1915-07-31,25,Wikidata Q11358976（2026-10-07取得）
S0r404fw,鳴子北,Q866649,,naruko kita,2011-03-27,10,Wikidata Q866649（2026-10-07取得）
S0r49l0a,蚊爪,Q11625479,かがつめ,kagatsume,1925-05-10,64,Wikidata Q11625479（2026-10-07取得）
S0r4ete4,鹿又,Q7936805,かのまた,kanomata,1989-08-26,6,Wikidata Q7936805（2026-10-07取得）
S0r4lmxn,桜木,Q7403201,さくらぎ,sakuragi,1935-04-17,21,Wikidata Q7403201（2026-10-07取得）
S0r4m4y2,祇園,Q4357517,ぎおん,gion,1983-03-22,33,Wikidata Q4357517（2026-10-07取得）
S0r4p66p,井野,Q1652443,いの,ino,1944-10-11,32,Wikidata Q1652443（2026-10-07取得）
S0r5fzah,味鋺,Q4699746,,ajima,1931,57,Wikidata Q4699746（2026-10-07取得）
S0r5l3qr,月田,Q3611185,つきだ,tsukida,1930-12-11,32,Wikidata Q3611185（2026-10-07取得）
S0r5rxcb,上総湊,Q558554,かずさみなと,kazusa-minato,1915-01-15,59,Wikidata Q558554（2026-10-07取得）
S0r5wc5z,北熊本,Q10855762,,kitakumamoto,1949-04-01,17,Wikidata Q10855762（2026-10-07取得）
S0r60o0n,三崎口,Q846713,みさきぐち,misakiguchi,1975-04-26,96,Wikidata Q846713（2026-10-07取得）
S0r63vfl,大津港,Q5353392,おおつこう,otsuko,1897-02-25,4,Wikidata Q5353392（2026-10-07取得）
S0r6i4ur,江尾,Q5331850,えび,ebi,1922-03-25,2,Wikidata Q5331850（2026-10-07取得）
S0r6k4ex,豊田,Q867338,とよだ,toyoda,1901-02-22,3,Wikidata Q867338（2026-10-07取得）
S0r6s9gc,長泉なめり,Q5357393,ながいずみなめり,nagaizumi-nameri,2002-09-07,22,Wikidata Q5357393（2026-10-07取得）
S0r7j3nv,鵜の木,Q7897240,うのき,unoki,1924-02-29,13,Wikidata Q7897240（2026-10-07取得）
S0r7ncfl,山方宿,Q8047626,やまがたじゅく,yamagatajuku,1922-12-10,20,Wikidata Q8047626（2026-10-07取得）
S0r7xuhu,新屋,Q3701512,あらや,araya,1920-02-22,53,Wikidata Q3701512（2026-10-07取得）
S0r8b9z6,神城,Q6358531,かみしろ,kamishiro,1930-10-25,26,Wikidata Q6358531（2026-10-07取得）
S0r8crhs,住道,Q855831,すみのどう,suminodo,1912,117,Wikidata Q855831（2026-10-07取得）
S0r8rqkj,高田橋,Q7676995,,takadabashi,1926,43,Wikidata Q7676995（2026-10-07取得）
S0r8simo,向ヶ丘遊園,Q801204,むこうがおかゆうえん,mukogaoka-yuen,1927-04-01,35,Wikidata Q801204（2026-10-07取得）
S0r8v5t2,旗の台,Q852281,はたのだい,hatanodai,1927-07-06,23,Wikidata Q852281（2026-10-07取得）
S0r9bhh5,釜ヶ淵,Q6355253,かまがふち,kamagafuchi,1921-03-19,2,Wikidata Q6355253（2026-10-07取得）
S0r9c8fi,剛志,Q5627764,ごうし,goshi,1910-03-27,2,Wikidata Q5627764（2026-10-07取得）
S0r9gpws,横間,Q8054663,よこま,yokoma,1966-11-01,25,Wikidata Q8054663（2026-10-07取得）
S0r9iu1r,幸田,Q870921,こうだ,koda,1906-04,6,Wikidata Q870921（2026-10-07取得）
S0r9lk93,上総鶴舞,Q6381721,かずさつるまい,kazusa-tsurumai,1925-03-07,9,Wikidata Q6381721（2026-10-07取得）
S0ra0uvk,一分,Q5986106,いちぶ,ichibu,1926-12-28,11,Wikidata Q5986106（2026-10-07取得）
S0ra2dak,聖蹟桜ヶ丘,Q1064646,せいせきさくらがおか,seiseki-sakuragaoka,1925-03-24,5,Wikidata Q1064646（2026-10-07取得）
S0rael21,山田西町,Q901061,,yamada-nishimachi,1952-01-27,34,Wikidata Q901061（2026-10-07取得）
S0raxiw4,高野,Q7677184,たかの,takano,1928-03-15,6,Wikidata Q7677184（2026-10-07取得）
S0rbep7o,矢口渡,Q8046756,やぐちのわたし,yaguchi-no-watashi,1923-11-01,42,Wikidata Q8046756（2026-10-07取得）
S0rbkhv3,田原,Q7675412,たはら,tahara,1952-02-18,15,Wikidata Q7675412（2026-10-07取得）
S0rc70n6,三河川合,Q774440,みかわかわい,mikawa-kawai,1923-02-01,38,Wikidata Q774440（2026-10-07取得）
S0rc7scq,熱郛,Q864353,ねっぷ,neppu,1903-11-03,49,Wikidata Q864353（2026-10-07取得）
S0rcdpoa,桂川,Q6383854,けいせん,keisen,1901-12-09,11,Wikidata Q6383854（2026-10-07取得）
S0rcxbw9,福用,Q5507763,ふくよう,fukuyo,1929-12-01,78,Wikidata Q5507763（2026-10-07取得）
S0rd5yde,桃山,Q1048827,ももやま,momoyama,1997,39,Wikidata Q1048827（2026-10-07取得）
S0rdru31,金城ふ頭,Q5368904,,kinjo-futo,2004-10-06,24,Wikidata Q5368904（2026-10-07取得）
S0rdx3rr,三本松,Q7409075,さんぼんまつ,sambommatsu,1928-04-15,27,Wikidata Q7409075（2026-10-07取得）
S0re0b3d,三河安城,Q578691,みかわあんじょう,mikawa-anjo,1988-03-13,87,Wikidata Q578691（2026-10-07取得）
S0refx5p,古市,Q741929,ふるいち,furuichi,1899,30,Wikidata Q741929（2026-10-07取得）
S0rerjrz,築地口,Q7850067,,tsukiji-guchi,1971-03-29,53,Wikidata Q7850067（2026-10-07取得）
S0reubln,樽見,Q7686918,たるみ,tarumi,1989-03-25,6,Wikidata Q7686918（2026-10-07取得）
S0rezuos,鎌倉高校前,Q859202,かまくらこうこうまえ,kamakurakokomae,1903-06-20,12,Wikidata Q859202（2026-10-07取得）
S0rfh6vd,柿生,Q4208911,かきお,kakio,1927-04-01,25,Wikidata Q4208911（2026-10-07取得）
S0rfm8pv,鍼灸大学前,Q871093,しんきゅうだいがくまえ,shinkyu-daigaku-mae,1996-03-16,45,Wikidata Q871093（2026-10-07取得）
S0rfqmea,天竜川,Q871509,てんりゅうがわ,tenryugawa,1898-07-10,40,Wikidata Q871509（2026-10-07取得）
S0rgwah4,角館,Q1137025,かくのだて,kakunodate,1921-07-30,17,Wikidata Q1137025（2026-10-07取得）
S0rhgmbd,馬道,Q11668092,うまみち,umamichi,1914,24,Wikidata Q11668092（2026-10-07取得）
S0rhh001,名寄,Q901406,なよろ,nayoro,1903-09-03,15,Wikidata Q901406（2026-10-07取得）
S0rhhc24,五所川原,Q5587319,ごしょがわら,goshogawara,1918-09-25,11,Wikidata Q5587319（2026-10-07取得）
S0rhmv3k,スクリーン,Q1058331,スクリーン,screen,2008,12,Wikidata Q1058331（2026-10-07取得）
S0rhrnue,津ノ井,Q7850233,つのい,tsunoi,1919-12-20,25,Wikidata Q7850233（2026-10-07取得）
S0ri284n,江川崎,Q5350363,えかわさき,ekawasaki,1953-03-26,50,Wikidata Q5350363（2026-10-07取得）
S0rig1i2,神奈川新町,Q5368901,かながわしんまち,kanagawa-shimmachi,1914-08-21,20,Wikidata Q5368901（2026-10-07取得）
S0rj201w,滝原,Q5357992,たきはら,takihara,1926-08-18,7,Wikidata Q5357992（2026-10-07取得）
S0rjdv80,藪塚,Q8046412,やぶづか,yabuzuka,1913-03-19,56,Wikidata Q8046412（2026-10-07取得）
S0rk9nzl,日生,Q11509707,ひなせ,hinase,1955-03-01,27,Wikidata Q11509707（2026-10-07取得）
S0rl1en2,新富士,Q900383,しんふじ,shin-fuji,1923-12-25,69,Wikidata Q900383（2026-10-07取得）
S0rl2v58,南高崎,Q11408788,みなみたかさき,minami-takasaki,1935-09-09,5,Wikidata Q11408788（2026-10-07取得）
S0rlak47,貴生川,Q865712,きぶかわ,kibukawa,1900-12-29,12,Wikidata Q865712（2026-10-07取得）
S0rlt6fd,新豊田,Q3970987,しんとよた,shin-toyota,1976-04-26,6,Wikidata Q3970987（2026-10-07取得）
S0rm1rxc,私市,Q10858384,きさいち,kisaichi,1929,30,Wikidata Q10858384（2026-10-07取得）
S0rm4ueb,馬喰町,Q844182,ばくろちょう,bakurocho,1972-07-15,3,Wikidata Q844182（2026-10-07取得）
S0rmhm77,二階堂,Q7034721,,nikaido,1915-02-07,2,Wikidata Q7034721（2026-10-07取得）
S0rmu3jg,北間,Q11404354,きたま,kitama,1925-05-10,39,Wikidata Q11404354（2026-10-07取得）
S0rn36d4,升形,Q6785676,ますかた,masukata,1913-12-07,72,Wikidata Q6785676（2026-10-07取得）
S0rn4i1p,足立,Q3661687,あしだち,ashidachi,1926-12-01,76,Wikidata Q3661687（2026-10-07取得）
S0rn5tn7,因幡社,Q3611200,いなばやしろ,inaba-yashiro,1923-06-05,14,Wikidata Q3611200（2026-10-07取得）
S0rn986f,高瀬,Q5358752,たかせ,takase,1913-12-20,69,Wikidata Q5358752（2026-10-07取得）
S0rnh4er,滝谷,Q7678413,たきや,takiya,1941-10-28,2,Wikidata Q7678413（2026-10-07取得）
S0rnvum9,萱草,Q11620519,かやくさ,kayakusa,1963-10-15,8,Wikidata Q11620519（2026-10-07取得）
S0rody8e,友江,Q7820104,,tomoe,1913-07-31,38,Wikidata Q7820104（2026-10-07取得）
S0rop2a0,えちご押上ひすい海岸,Q98196090,えちごおしあげひすいかいがん,echigo-oshiage-hisuikaigan,2021-03-13,5,Wikidata Q98196090（2026-10-07取得）
S0row4x7,名張,Q6956756,なばり,nabari,1930-10-10,18,Wikidata Q6956756（2026-10-07取得）
S0rowctj,千代県庁口,Q4357546,,chiyo-kenchoguchi,1984-04-27,22,Wikidata Q4357546（2026-10-07取得）
S0rp89gb,大阪上本町,Q872600,おおさかうえほんまち,osaka uehommachi,1914-04-30,98,Wikidata Q872600（2026-10-07取得）
S0rpgrxl,上中里,Q910858,かみなかざと,kami-nakazato,1933-07-01,64,Wikidata Q910858（2026-10-07取得）
S0rqde7s,小机,Q909994,こづくえ,kozukue,1908-09-23,40,Wikidata Q909994（2026-10-07取得）
S0rqlduo,王子公園,Q3971394,,oji-koen,1920,59,Wikidata Q3971394（2026-10-07取得）
S0rqr4ty,国英,Q3610977,くにふさ,kunifusa,1919-12-20,24,Wikidata Q3610977（2026-10-07取得）
S0rr71i5,篠原,Q1042696,しのはら,shinohara,1918-06-01,36,Wikidata Q1042696（2026-10-07取得）
S0rss3yo,観音,Q6364091,かんのん,kannon,1913-12,14,Wikidata Q6364091（2026-10-07取得）
S0rsx7u3,牛渕団地前,Q11570180,うしぶちだんち,ushibuchi-danchi,1970-05-01,24,Wikidata Q11570180（2026-10-07取得）
S0rsz0xi,栗熊,Q11536023,,kurikuma,1927-03-15,43,Wikidata Q11536023（2026-10-07取得）
S0rtec49,城北,Q6322207,,johoku,1994-08-20,16,Wikidata Q6322207（2026-10-07取得）
S0rtf15w,小天橋,Q11368530,しょうてんきょう,shotenkyo,1932-08-10,63,Wikidata Q11368530（2026-10-07取得）
S0rtn5ji,今出川,Q2580129,いまでがわ,imadegawa,1981-05-29,6,Wikidata Q2580129（2026-10-07取得）
S0rv9ooj,武庫之荘,Q3970247,むこのそう,mukonoso,1937,68,Wikidata Q3970247（2026-10-07取得）
S0rvettl,鈴蘭台西口,Q7651392,すずらんだいにしぐち,suzurandai-nishiguchi,1937,26,Wikidata Q7651392（2026-10-07取得）
S0rvm31a,忍海,Q7106624,おしみ,oshimi,1930-12-09,20,Wikidata Q7106624（2026-10-07取得）
S0rvmlvw,南阿蘇水の生まれる里白水高原,Q6863063,みなみあそみずのうまれるさとはくすいこうげん,minamiaso mizu-no-umareru-sato hakusui-kogen,1992-04-01,17,Wikidata Q6863063（2026-10-07取得）
S0rvwot8,下狛,Q855564,しもこま,shimokoma,1952,8,Wikidata Q855564（2026-10-07取得）
S0rwufoz,公園東口,Q3969881,こうえんひがしぐち,koen-higashiguchi,1998,34,Wikidata Q3969881（2026-10-07取得）
S0rww485,門司港,Q1051866,もじこう,mojiko,1891-04-01,133,Wikidata Q1051866（2026-10-07取得）
S0rxcvar,田畑,Q990761,たばた,tabata,1911-11-03,19,Wikidata Q990761（2026-10-07取得）
S0rxprz2,牛田,Q7901940,うしだ,ushida,1932-09-01,48,Wikidata Q7901940（2026-10-07取得）
S0rxqbxj,湊川,Q6863276,みなとがわ,minatogawa,1928-11-28,71,Wikidata Q6863276（2026-10-07取得）
S0rxsec3,伊予宮野下,Q4388231,いよみやのした,iyo-miyanoshita,1914-10-18,44,Wikidata Q4388231（2026-10-07取得）
S0rxxyul,南浦和,Q268540,みなみうらわ,minami-urawa,1961-07-01,46,Wikidata Q268540（2026-10-07取得）
S0ryvtsa,竜田,Q7688340,たつた,tatsuta,1909-03-25,48,Wikidata Q7688340（2026-10-07取得）
S0rzcgbz,物井,Q6901635,ものい,monoi,1911-03-04,10,Wikidata Q6901635（2026-10-07取得）
S0rzv8l9,古山,Q5509812,,furusan,1943-09-25,40,Wikidata Q5509812（2026-10-07取得）
S0rzxqxk,佐奈,Q265438,さな,sana,1923-03-20,11,Wikidata Q265438（2026-10-07取得）
S0s06yyt,千葉公園,Q5095295,ちばこうえん,chiba-koen,1991-06-12,21,Wikidata Q5095295（2026-10-07取得）
S0s0d8zr,北須坂,Q11404513,きたすざか,kitasuzaka,1923-03-26,12,Wikidata Q11404513（2026-10-07取得）
S0s0i3v9,矢田,Q8050150,やた,yata,1923-04-13,11,Wikidata Q8050150（2026-10-07取得）
S0s0ilob,山東,Q11469515,,sando,1933-08-18,22,Wikidata Q11469515（2026-10-07取得）
S0s0kj7s,大泊,Q5357550,おおどまり,odomari,1956-04-01,72,Wikidata Q5357550（2026-10-07取得）
S0s1i6fq,六原,Q899652,ろくはら,rokuhara,1924-05-20,14,Wikidata Q899652（2026-10-07取得）
S0s1mll8,新大宮,Q7497154,しんおおみや,shin-omiya,1969-12-09,75,Wikidata Q7497154（2026-10-07取得）
S0s1ppra,服部川,Q5682208,はっとりがわ,hattorigawa,1930-12-15,25,Wikidata Q5682208（2026-10-07取得）
S0s1q2kc,日野,Q5767373,,hino,1900-10-01,24,Wikidata Q5767373（2026-10-07取得）
S0s24yzb,御室仁和寺,Q11488917,おむろにんなじ,omuro-ninnaji,1925-11-03,54,Wikidata Q11488917（2026-10-07取得）
S0s2ovro,白石,Q899108,しろいし,shiroishi,1887-12-15,42,Wikidata Q899108（2026-10-07取得）
S0s2wnbx,栗林,Q7336803,りつりん,ritsurin,1925-12-21,23,Wikidata Q7336803（2026-10-07取得）
S0s2ynfd,桜木,Q7403200,さくらぎ,sakuragi,1988-03-28,17,Wikidata Q7403200（2026-10-07取得）
S0s34k7r,東海通,Q7862676,,tokai-dori,1971-03-29,88,Wikidata Q7862676（2026-10-07取得）
S0s34vpc,牛ノ谷,Q5359834,うしのや,ushinoya,1921,108,Wikidata Q5359834（2026-10-07取得）
S0s3ces0,横浜,Q801658,よこはま,yokohama,1872-06-12,63,Wikidata Q801658（2026-10-07取得）
S0s3eocr,横手,Q8054682,よこて,yokote,1905-06-15,12,Wikidata Q8054682（2026-10-07取得）
S0s3gxt0,伊予横田,Q898981,いよよこた,iyo-yokota,1961-04-15,6,Wikidata Q898981（2026-10-07取得）
S0s3md5g,妹尾,Q7450901,,senoo,1910-06-12,29,Wikidata Q7450901（2026-10-07取得）
S0s42jwe,伊予北条,Q899115,いよほうじょう,iyo-hojo,1926-03-28,24,Wikidata Q899115（2026-10-07取得）
S0s469oj,新白岡,Q874047,しんしらおか,shin-shiraoka,1987-02-26,57,Wikidata Q874047（2026-10-07取得）
S0s47dog,北三条,Q6417595,きたさんじょう,kita-sanjo,1925-04-10,6,Wikidata Q6417595（2026-10-07取得）
S0s4cmew,美栄橋,Q7484299,,miebashi,2003,42,Wikidata Q7484299（2026-10-07取得）
S0s4d6ki,笑内,Q11599587,おかしない,okashinai,1963-10-15,9,Wikidata Q11599587（2026-10-07取得）
S0s4dfsd,赤坂,Q1042002,あかさか,akasaka,1972-10-20,29,Wikidata Q1042002（2026-10-07取得）
S0s4ir8o,会津水沼,Q4699450,あいづみずぬま,aizu-mizunuma,1956-09-20,32,Wikidata Q4699450（2026-10-07取得）
S0s4ourv,武生,Q2815926,たけふ,takefu,1896-07-15,3,Wikidata Q2815926（2026-10-07取得）
S0s4vv95,戸狩野沢温泉,Q7813041,とがりのざわおんせん,togari-nozawaonsen,1923-07-06,27,Wikidata Q7813041（2026-10-07取得）
S0s5dy3v,糒,Q11604755,,hoshii,1900-09-17,64,Wikidata Q11604755（2026-10-07取得）
S0s5f08p,二子,Q5510450,,futago,1924,59,Wikidata Q5510450（2026-10-07取得）
S0s5n96r,近津,Q5097397,ちかつ,chikatsu,1932-11-11,32,Wikidata Q5097397（2026-10-07取得）
S0s5rz5d,木曽福島,Q5359264,きそふくしま,kiso-fukushima,1910-10-05,27,Wikidata Q5359264（2026-10-07取得）
S0s65eu4,中村公園,Q862371,,nakamura koen,1969-04-01,34,Wikidata Q862371（2026-10-07取得）
S0s6b4y6,讃岐白鳥,Q7420742,さぬきしろとり,sanuki-shirotori,1928-04-15,27,Wikidata Q7420742（2026-10-07取得）
S0s6dlgt,房前,Q11496680,,fusazaki,1911-11-18,7,Wikidata Q11496680（2026-10-07取得）
S0s6jguj,南方,Q6863075,,minamikata,1963-05-08,4,Wikidata Q6863075（2026-10-07取得）
S0s75p0h,大阪ビジネスパーク,Q135205,おおさかビジネスパーク,osaka business park,1996-12-11,30,Wikidata Q135205（2026-10-07取得）
S0s7c51i,谷塚,Q8050280,やつか,yatsuka,1925-10-01,78,Wikidata Q8050280（2026-10-07取得）
S0s7pckz,波田須,Q5357405,はだす,hadasu,1961-12-11,30,Wikidata Q5357405（2026-10-07取得）
S0s8dz5o,今別,Q6001932,いまべつ,imabetsu,1958-10-21,1,Wikidata Q6001932（2026-10-07取得）
S0s8eumc,舞岡,Q904116,まいおか,maioka,1985-03-14,14,Wikidata Q904116（2026-10-07取得）
S0s8gdza,みなと元町,Q6863247,,minatomotomachi,2001-07-07,38,Wikidata Q6863247（2026-10-07取得）
S0s8t8l8,上道,Q3611216,じょうとう,joto,1986-11-01,14,Wikidata Q3611216（2026-10-07取得）
S0s8u493,曽波神,Q7549897,そばのかみ,sobanokami,1956-04-05,3,Wikidata Q7549897（2026-10-07取得）
S0s8xf42,大府,Q871001,おおぶ,obu,1887-09-10,32,Wikidata Q871001（2026-10-07取得）
S0s8zqbm,茶志内,Q872781,ちゃしない,chashinai,1916-07-15,37,Wikidata Q872781（2026-10-07取得）
S0s96ow5,鵡川,Q11675789,むかわ,mukawa,1913-10-01,5,Wikidata Q11675789（2026-10-07取得）
S0s9l0ek,水尻,Q6884904,みずしり,mizushiri,1999-02-07,15,Wikidata Q6884904（2026-10-07取得）
S0s9vasi,碧南中央,Q5701316,,hekinan chuo,1915,35,Wikidata Q5701316（2026-10-07取得）
S0saaytc,中之島,Q858693,なかのしま,nakanoshima,2008,128,Wikidata Q858693（2026-10-07取得）
S0sarkj8,積志,Q11597140,せきし,sekishi,1909-12-06,44,Wikidata Q11597140（2026-10-07取得）
S0saspsc,上小川,Q6357184,かみおがわ,kami-ogawa,1925-08-15,13,Wikidata Q6357184（2026-10-07取得）
S0sauf5y,大安,Q10934871,だいあん,daian,1931-07-23,58,Wikidata Q10934871（2026-10-07取得）
S0saysea,相老,Q4697556,あいおい,aioi,1911-04-15,57,Wikidata Q4697556（2026-10-07取得）
S0sb1o1j,吉川,Q8013280,よしかわ,yoshikawa,1973-04-01,5,Wikidata Q8013280（2026-10-07取得）
S0sbb6b1,赤瀬,Q4700327,あかせ,akase,1907-08-05,22,Wikidata Q4700327（2026-10-07取得）
S0sbk6mc,久が原,Q6441939,くがはら,kugahara,1923-05-04,52,Wikidata Q6441939（2026-10-07取得）
S0sbsoia,追分,Q7081573,おいわけ,oiwake,1892-11-01,12,Wikidata Q7081573（2026-10-07取得）
S0sc742h,車道,Q858916,,kurumamichi,1989-09-10,22,Wikidata Q858916（2026-10-07取得）
S0schkm5,小牧口,Q6428078,,komakiguchi,1931,25,Wikidata Q6428078（2026-10-07取得）
S0scs7pl,新大牟田,Q1136564,しんおおむた,shin-omuta,2011,26,Wikidata Q1136564（2026-10-07取得）
S0scyemy,古井,Q5358523,こび,kobi,1922-11-25,16,Wikidata Q5358523（2026-10-07取得）
S0sdcgt3,川間,Q6379600,かわま,kawama,1930-10-01,62,Wikidata Q6379600（2026-10-07取得）
S0sdeny2,我孫子町,Q857356,,abikocho,1930,87,Wikidata Q857356（2026-10-07取得）
S0sdrjr4,薊野,Q4833213,あぞうの,azono,1952-04-15,34,Wikidata Q4833213（2026-10-07取得）
S0sdwla8,東新庄,Q5753826,ひがししんじょう,higashi-shinjo,1931-08-15,19,Wikidata Q5753826（2026-10-07取得）
S0seqvjm,岩間,Q2689418,いわま,iwama,1895-11-04,19,Wikidata Q2689418（2026-10-07取得）
S0sesig2,大麻生,Q3701525,おおあそう,oaso,1901-10-07,45,Wikidata Q3701525（2026-10-07取得）
S0sfr2cu,錦糸町,Q801017,きんしちょう,kinshicho,1894-12-09,153,Wikidata Q801017（2026-10-07取得）
S0sg6nfa,八幡,Q8011084,,yahata,1902-12-27,14,Wikidata Q8011084（2026-10-07取得）
S0sgeeuy,田野,Q7683718,たの,tano,2002-07-01,53,Wikidata Q7683718（2026-10-07取得）
S0sginmr,玉川,Q126069,たまがわ,tamagawa,1969-04-16,44,Wikidata Q126069（2026-10-07取得）
S0sgqebj,越後片貝,Q5332417,えちごかたかい,echigo-katakai,1933-11-30,8,Wikidata Q5332417（2026-10-07取得）
S0sgrmxw,安田,Q5353546,やすだ,yasuda,1899-12-10,3,Wikidata Q5353546（2026-10-07取得）
S0sgt2iy,西鉄渡瀬,Q11629906,にしてつわたぜ,nishitetsu-wataze,1938-10-01,58,Wikidata Q11629906（2026-10-07取得）
S0sh0ckb,大倉山,Q8081588,おおくらやま,okurayama,1926-02-14,70,Wikidata Q8081588（2026-10-07取得）
S0sh7ml3,みの,Q5358745,みの,mino,1952-01-27,22,Wikidata Q5358745（2026-10-07取得）
S0shuu9i,天王宿,Q7700534,てんのうじゅく,tennojuku,1938-03-10,5,Wikidata Q7700534（2026-10-07取得）
S0si0znz,小俣,Q7089903,おまた,omata,1889-10-10,42,Wikidata Q7089903（2026-10-07取得）
S0sibcd8,学研奈良登美ヶ丘,Q5517679,がっけんならとみがおか,gakken nara-tomigaoka,2006-03-27,300,Wikidata Q5517679（2026-10-07取得）
S0sjrv23,磐城守山,Q11587868,いわきもりやま,iwaki-moriyama,1929-05-10,29,Wikidata Q11587868（2026-10-07取得）
S0sk1a84,十二所,Q11404801,じゅうにしょ,junisho,1915-12-25,27,Wikidata Q11404801（2026-10-07取得）
S0sk746c,東別院,Q863872,,higashi betsuin,1967-03-30,65,Wikidata Q863872（2026-10-07取得）
S0skk4ma,富田,Q5358756,とみだ,tomida,1894,74,Wikidata Q5358756（2026-10-07取得）
S0skkvzg,南大東,Q6863040,みなみだいとう,minami daito,1963-10-01,21,Wikidata Q6863040（2026-10-07取得）
S0skp5ba,佐土原,Q5360779,さどわら,sadowara,1920-09-11,19,Wikidata Q5360779（2026-10-07取得）
S0sku3yk,千歳烏山,Q841868,ちとせからすやま,chitose-karasuyama,1913-04-15,78,Wikidata Q841868（2026-10-07取得）
S0skvjc4,原宿,Q800894,はらじゅく,harajuku,1906,121,Wikidata Q800894（2026-10-07取得）
S0slfqea,えびの飯野,Q5331859,えびのいいの,ebino iino,1912-10-01,43,Wikidata Q5331859（2026-10-07取得）
S0sll2on,桜岡,Q8190663,さくらおか,sakuraoka,1922,15,Wikidata Q8190663（2026-10-07取得）
S0smosk8,西脇市,Q3097213,にしわきし,nishiwakishi,1913-10-22,46,Wikidata Q3097213（2026-10-07取得）
S0sn0yjg,美作滝尾,Q6862014,みまさかたきお,mimasaka-takio,1928-03-15,8,Wikidata Q6862014（2026-10-07取得）
S0snd9qa,上星川,Q11359095,かみほしかわ,kamihoshikawa,1926-12-01,44,Wikidata Q11359095（2026-10-07取得）
S0snj8oc,粟生津,Q4833414,あおうづ,aozu,1914-07-20,31,Wikidata Q4833414（2026-10-07取得）
S0so9514,下野代,Q7496928,,shimo-noshiro,1920,6,Wikidata Q7496928（2026-10-07取得）
S0sob132,松尾八幡平,Q6788180,まつおはちまんたい,matsuo-hachimantai,1926-11-10,2,Wikidata Q6788180（2026-10-07取得）
S0soho6r,信太山,Q856945,,shinodayama,1929,34,Wikidata Q856945（2026-10-07取得）
S0sp5pc2,立石,Q5360312,たていし,tateishi,1910-12-15,64,Wikidata Q5360312（2026-10-07取得）
S0sp7s0a,工機前,Q7035321,こうきまえ,kokimae,1962-04-01,26,Wikidata Q7035321（2026-10-07取得）
S0sqdmkr,蓮根,Q1038786,はすね,hasune,1968-12-27,13,Wikidata Q1038786（2026-10-07取得）
S0sqhek9,下庄,Q5358149,しものしょう,shimonosho,1891-08-21,36,Wikidata Q5358149（2026-10-07取得）
S0sqr0kr,東淀川,Q1195539,ひがしよどがわ,higashi-yodogawa,1940-04-01,10,Wikidata Q1195539（2026-10-07取得）
S0srdewk,東神奈川,Q128205,ひがしかながわ,higashi-kanagawa,1908-09-23,25,Wikidata Q128205（2026-10-07取得）
S0srdm96,日前宮,Q11504968,,nichizengu,1916-02-15,6,Wikidata Q11504968（2026-10-07取得）
S0srhhvb,藤崎宮前,Q11623974,,fujisakigumae,1911-10-01,36,Wikidata Q11623974（2026-10-07取得）
S0srie8p,笹原田,Q7424980,ささはらだ,sasaharada,1992-03-14,1,Wikidata Q7424980（2026-10-07取得）
S0srr70z,筒井,Q7850348,,tsutsui,1921-04-01,32,Wikidata Q7850348（2026-10-07取得）
S0ss85oz,甘地,Q4739162,あまじ,amaji,1894-07-26,40,Wikidata Q4739162（2026-10-07取得）
S0ssh52u,余部,Q8054229,よべ,yobe,1930-09-01,27,Wikidata Q8054229（2026-10-07取得）
S0ssnhri,丹波大山,Q1043193,たんばおおやま,tamba-oyama,1899-05-25,45,Wikidata Q1043193（2026-10-07取得）
S0stmpxe,宮の沢,Q3563711,みやのさわ,miyanosawa,1999-02-25,79,Wikidata Q3563711（2026-10-07取得）
S0su9ksi,河原,Q6379509,かわはら,kawahara,1919-12-20,52,Wikidata Q6379509（2026-10-07取得）
S0sv2pyq,延方,Q11486582,のぶかた,nobukata,1970-08-20,18,Wikidata Q11486582（2026-10-07取得）
S0svdhms,南仙台,Q899045,みなみせんだい,minami-sendai,1924-09-10,28,Wikidata Q899045（2026-10-07取得）
S0svhmwn,海士有木,Q4738981,あまありき,amaariki,1925-03-07,22,Wikidata Q4738981（2026-10-07取得）
S0svjsf3,御着,Q1042454,ごちゃく,gochaku,1900-04-18,25,Wikidata Q1042454（2026-10-07取得）
S0svmlv0,梅戸井,Q11538476,うめどい,umedoi,1931,33,Wikidata Q11538476（2026-10-07取得）
S0svsbl6,甘露寺前,Q11574308,,kanrojimae,1933-08-18,39,Wikidata Q11574308（2026-10-07取得）
S0svxb0k,修大協創中高前,Q11648386,しゅうだいきょうそうちゅうこうまえ,shudaifuzoku-suzugamine-mae,1941-07-04,53,Wikidata Q11648386（2026-10-07取得）
S0swblh1,吉見ノ里,Q8056171,よしみのさと,yoshiminosato,1915-10-01,87,Wikidata Q8056171（2026-10-07取得）
S0swkyxr,家地川,Q5990007,いえじがわ,iejigawa,1974-03-01,5,Wikidata Q5990007（2026-10-07取得）
S0swlnmr,上州富岡,Q11358973,じょうしゅうとみおか,joshu-tomioka,1897-07-02,35,Wikidata Q11358973（2026-10-07取得）
S0sxigjw,志井公園,Q5360370,しいこうえん,shii-koen,1989-03-11,38,Wikidata Q5360370（2026-10-07取得）
S0sy6e3c,水口松尾,Q11548379,,minakuchi matsuo,1989-04-05,6,Wikidata Q11548379（2026-10-07取得）
S0sy8orw,西新井大師西,Q11628298,にしあらいだいしにし,nishiaraidaishi-nishi,2008-03-30,16,Wikidata Q11628298（2026-10-07取得）
S0sydxll,鬼怒川公園,Q6414416,きぬがわこうえん,kinugawa-koen,1939-05,75,Wikidata Q6414416（2026-10-07取得）
S0szacxa,免田,Q6816597,めんでん,menden,1950-05-01,24,Wikidata Q6816597（2026-10-07取得）
S0t03266,祇園,Q5563370,ぎおん,gion,1961-03-01,11,Wikidata Q5563370（2026-10-07取得）
S0t05dmu,水落,Q6884897,,mizuochi,1927-10-05,16,Wikidata Q6884897（2026-10-07取得）
S0t05g2z,川東,Q11478846,かわひがし,kawahigashi,1989-03-11,50,Wikidata Q11478846（2026-10-07取得）
S0t0cjn3,田並,Q2748621,たなみ,tanami,1940-08-08,15,Wikidata Q2748621（2026-10-07取得）
S0t0gj49,東札幌,Q3563705,ひがしさっぽろ,higashi-sapporo,1976-06-10,42,Wikidata Q3563705（2026-10-07取得）
S0t0mta7,地下鉄赤塚,Q80412,ちかてつあかつか,chikatetsu-akatsuka,1983-06-24,51,Wikidata Q80412（2026-10-07取得）
S0t0sugq,遠矢,Q7862744,とおや,toya,1927,48,Wikidata Q7862744（2026-10-07取得）
S0t1kqlg,喜多,Q6417649,きた,kita,1988-07-16,39,Wikidata Q6417649（2026-10-07取得）
S0t1uuh3,多田,Q7674266,,tada,1913-04-13,25,Wikidata Q7674266（2026-10-07取得）
S0t1xres,てだこ浦西,Q11558339,,tedako-uranishi,2019-10-01,19,Wikidata Q11558339（2026-10-07取得）
S0t2o2o4,神沢,Q866647,,kamisawa,2011-03-27,18,Wikidata Q866647（2026-10-07取得）
S0t3guy9,千丈,Q899525,せんじょう,senjo,1939-02-06,14,Wikidata Q899525（2026-10-07取得）
S0t3m714,西鉄平尾,Q7040732,にしてつひらお,nishitetsu hirao,1924,23,Wikidata Q7040732（2026-10-07取得）
S0t4458m,御崎公園,Q6875065,,misaki-koen,2001-06-07,26,Wikidata Q6875065（2026-10-07取得）
S0t49y2q,富山,Q1053070,とやま,toyama,1899-03-20,50,Wikidata Q1053070（2026-10-07取得）
S0t4cnit,蕨,Q786349,わらび,warabi,1893-07-16,24,Wikidata Q786349（2026-10-07取得）
S0t4f38p,津軽二股,Q7849955,つがるふたまた,tsugaru-futamata,1958-10-21,10,Wikidata Q7849955（2026-10-07取得）
S0t50cn5,平安通,Q853241,,heian-dori,1971-12-20,33,Wikidata Q853241（2026-10-07取得）
S0t51t81,笹谷,Q7425013,ささや,sasaya,1924-04-13,23,Wikidata Q7425013（2026-10-07取得）
S0t5buz5,中山宿,Q6960391,なかやまじゅく,nakayamajuku,1898-07-26,12,Wikidata Q6960391（2026-10-07取得）
S0t5d0su,有明,Q17719,ありあけ,ariake,1995-11-01,19,Wikidata Q17719（2026-10-07取得）
S0t5t608,宮町,Q1710076,みやまち,miyamachi,1930-03-27,30,Wikidata Q1710076（2026-10-07取得）
S0t5y5rr,揖屋,Q5357033,いや,iya,1908-11-08,42,Wikidata Q5357033（2026-10-07取得）
S0t5yl2i,ゆめが丘,Q5367513,ゆめがおか,yumegaoka,1999-03-10,15,Wikidata Q5367513（2026-10-07取得）
S0t60kjh,彦根口,Q3661724,,hikoneguchi,1901-05-20,51,Wikidata Q3661724（2026-10-07取得）
S0t6hc3j,金浜,Q6543331,かねはま,kanehama,1956-12-10,34,Wikidata Q6543331（2026-10-07取得）
S0t6l02s,東向日,Q3969785,ひがしむこう,higashi-muko,1934,90,Wikidata Q3969785（2026-10-07取得）
S0t71wic,新月,Q7034492,にいつき,niitsuki,1929-07-31,10,Wikidata Q7034492（2026-10-07取得）
S0t774rg,熊取,Q857013,,kumatori,1930,44,Wikidata Q857013（2026-10-07取得）
S0t82zzo,成東,Q6966490,なるとう,naruto,1897-05-01,18,Wikidata Q6966490（2026-10-07取得）
S0t860he,向瀬上,Q11416019,むかいせのうえ,mukaisenoue,1988-07-01,29,Wikidata Q11416019（2026-10-07取得）
S0t86jw6,おもちゃのまち,Q7090437,おもちゃのまち,omochanomachi,1965-04-01,71,Wikidata Q7090437（2026-10-07取得）
S0t8dwds,本陣,Q862320,,honjin,1969-04-01,55,Wikidata Q862320（2026-10-07取得）
S0t8qup2,東佐野,Q856969,,higashi-sano,1939,21,Wikidata Q856969（2026-10-07取得）
S0t92ixd,松島二丁目,Q11530108,まつしまにちょうめ,matsushima-nichome,1911-11-18,14,Wikidata Q11530108（2026-10-07取得）
S0t9aqu2,鳴滝,Q11675394,なるたき,narutaki,1926-03-10,8,Wikidata Q11675394（2026-10-07取得）
S0t9rfri,驫木,Q7812853,とどろき,todoroki,1934-12-13,1380,Wikidata Q7812853（2026-10-07取得）
S0ta3854,階上,Q6543378,はしかみ,hashikami,1924-11-10,8,Wikidata Q6543378（2026-10-07取得）
S0ta61yh,美袋,Q6862773,みなぎ,minagi,1925-05-17,16,Wikidata Q6862773（2026-10-07取得）
S0taaww7,多摩動物公園,Q4450752,たまどうぶつこうえん,tama-dobutsukoen,1964-04-29,29,Wikidata Q4450752（2026-10-07取得）
S0tabhev,浪花,Q552791,なみはな,namihana,1913-06-20,28,Wikidata Q552791（2026-10-07取得）
S0tala5r,井田川,Q5358568,いだがわ,idagawa,1929,26,Wikidata Q5358568（2026-10-07取得）
S0tbjfvs,妻鹿,Q6808125,めが,mega,1923-08-19,40,Wikidata Q6808125（2026-10-07取得）
S0tbos9h,蔵宿,Q8076247,ぞうしゅく,zoshuku,1898-08-07,14,Wikidata Q8076247（2026-10-07取得）
S0tc06s4,西片上,Q7040361,にしかたかみ,nishi-katakami,1963-05-01,65,Wikidata Q7040361（2026-10-07取得）
S0tc3prb,戸頭,Q7813045,とがしら,togashira,1975-03-26,28,Wikidata Q7813045（2026-10-07取得）
S0td4hsb,大神宮下,Q5209145,だいじんぐうした,daijingushita,1921-07-17,25,Wikidata Q5209145（2026-10-07取得）
S0td924k,大釜,Q8081544,おおかま,okama,1921-06-25,15,Wikidata Q8081544（2026-10-07取得）
S0tdsx6t,花泉,Q899450,はないずみ,hanaizumi,1890-04-16,10,Wikidata Q899450（2026-10-07取得）
S0te2ibz,高儀,Q7677015,たかぎ,takagi,1899-05-30,36,Wikidata Q7677015（2026-10-07取得）
S0teonxo,乃木,Q5356159,のぎ,nogi,1937-04-10,2,Wikidata Q5356159（2026-10-07取得）
S0tewyg2,伊予西条,Q871270,いよさいじょう,iyo-saijo,1921-06-21,96,Wikidata Q871270（2026-10-07取得）
S0teyh1u,備後八幡,Q3610929,びんごやわた,bingo-yawata,1935-06-15,4,Wikidata Q3610929（2026-10-07取得）
S0tf4ef7,中筋,Q6960338,,nakasuji,1994-08-20,15,Wikidata Q6960338（2026-10-07取得）
S0tf5p7t,有珠,Q7902234,,usu,1928-09-10,7,Wikidata Q7902234（2026-10-07取得）
S0tfiv0a,西尾口,Q7040701,,nishioguchi,1928,27,Wikidata Q7040701（2026-10-07取得）
S0tflnzl,大更,Q8081429,おおぶけ,obuke,1922-08-27,37,Wikidata Q8081429（2026-10-07取得）
S0tfpzi6,流山,Q11556674,,nagareyama,1916-03-14,20,Wikidata Q11556674（2026-10-07取得）
S0tftr43,南栄,Q11407984,みなみさかえ,minami-sakae,1937,51,Wikidata Q11407984（2026-10-07取得）
S0tg5ewp,下馬,Q5529542,げば,geba,1932-08-01,21,Wikidata Q5529542（2026-10-07取得）
S0tg5nsx,東三日市,Q5753706,,higashi-mikkaichi,1922-11-05,19,Wikidata Q5753706（2026-10-07取得）
S0tgj3ty,東青梅,Q844198,ひがしおうめ,higashi-ome,1932-10-01,28,Wikidata Q844198（2026-10-07取得）
S0tgomi4,武蔵小山,Q3097145,むさしこやま,musashi-koyama,1923-03-11,31,Wikidata Q3097145（2026-10-07取得）
S0tgt9ac,会津若松,Q4699462,あいづわかまつ,aizu-wakamatsu,1899-07-15,94,Wikidata Q4699462（2026-10-07取得）
S0tgzuw7,オレンジタウン,Q1441270,オレンジタウン,orange town,1998-03-14,21,Wikidata Q1441270（2026-10-07取得）
S0th7izu,千歳,Q5102290,ちとせ,chitose,1958,33,Wikidata Q5102290（2026-10-07取得）
S0thn75o,宗吾参道,Q7667572,そうごさんどう,sogosando,1928-04-01,37,Wikidata Q7667572（2026-10-07取得）
S0tib6cg,ハーモニーホール,Q5659535,,harmony hall,1997-09-20,26,Wikidata Q5659535（2026-10-07取得）
S0tjvc4p,新崎,Q7034508,にいざき,niizaki,1956-04-15,18,Wikidata Q7034508（2026-10-07取得）
S0tjzreo,芽室,Q899028,,memuro,1907-09-08,51,Wikidata Q899028（2026-10-07取得）
S0tk21oq,御厨,Q65267537,みくりや,mikuriya,2020-03-14,55,Wikidata Q65267537（2026-10-07取得）
S0tkarrn,北新井,Q5355811,きたあらい,kita-arai,1955-07-15,20,Wikidata Q5355811（2026-10-07取得）
S0tkeynj,六名,Q6944057,むつな,mutsuna,1988-01-31,23,Wikidata Q6944057（2026-10-07取得）
S0tkpuin,久宝寺口,Q11369277,きゅうほうじぐち,kyuhojiguchi,1925-09-30,31,Wikidata Q11369277（2026-10-07取得）
S0tlbxts,飯塚,Q11666247,いいづか,iizuka,1893-07-03,16,Wikidata Q11666247（2026-10-07取得）
S0tliju3,東北福祉大前,Q7862658,とうほくふくしだいまえ,tohoku-fukushi-dai-mae,2007-03-18,7,Wikidata Q7862658（2026-10-07取得）
S0tluk6g,竹鼻,Q7677971,,takehana,1921,42,Wikidata Q7677971（2026-10-07取得）
S0tlvhzl,穴吹,Q4750609,あなぶき,anabuki,1914-03-25,5,Wikidata Q4750609（2026-10-07取得）
S0tmk5cs,白木原,Q7498250,しらきばる,shirakibaru,1944,45,Wikidata Q7498250（2026-10-07取得）
S0tnhjgp,備中高梁,Q4918796,びっちゅうたかはし,bitchu-takahashi,1926-06-20,44,Wikidata Q4918796（2026-10-07取得）
S0tnit2r,大輪田,Q11439290,,owada,1918-04-26,35,Wikidata Q11439290（2026-10-07取得）
S0too3g3,浜金谷,Q558560,はまかなや,hamakanaya,1916-10-11,17,Wikidata Q558560（2026-10-07取得）
S0toontk,萩原,Q11620386,,hagiwara,1963,72,Wikidata Q11620386（2026-10-07取得）
S0top42g,大住,Q589844,おおすみ,osumi,1952,85,Wikidata Q589844（2026-10-07取得）
S0toznyy,町屋,Q390638,まちや,machiya,1931-12-19,71,Wikidata Q390638（2026-10-07取得）
S0tpcvi8,七隈,Q4357056,,nanakuma,2005-02-03,31,Wikidata Q4357056（2026-10-07取得）
S0tpgn0b,逸見,Q5711388,へみ,hemi,1930-04-01,45,Wikidata Q5711388（2026-10-07取得）
S0tpvs9t,汐ノ宮,Q7497889,しおのみや,shionomiya,1911-08-15,17,Wikidata Q7497889（2026-10-07取得）
S0tpw42v,千早,Q871739,ちはや,chihaya,1951,33,Wikidata Q871739（2026-10-07取得）
S0tpwmd1,元町・中華街,Q995359,もとまちちゅうかがい,motomachi-chukagai,2004-02-01,10,Wikidata Q995359（2026-10-07取得）
S0tqfrig,阿波大宮,Q4829629,あわおおみや,awa-omiya,1935-03-20,30,Wikidata Q4829629（2026-10-07取得）
S0tqwc0u,春木,Q5675723,はるき,haruki,1914-10-18,68,Wikidata Q5675723（2026-10-07取得）
S0tr2a5q,芦沢,Q4805146,あしさわ,ashisawa,1916-12-01,3,Wikidata Q4805146（2026-10-07取得）
S0trbsaq,川原石,Q6379682,かわらいし,kawaraishi,1935-11-24,33,Wikidata Q6379682（2026-10-07取得）
S0trd6kq,襟野々,Q5389283,えりのの,erinono,1924-10-25,20,Wikidata Q5389283（2026-10-07取得）
S0trg5qs,松神,Q6788107,まつかみ,matsukami,1932-10-14,6,Wikidata Q6788107（2026-10-07取得）
S0trij3k,用土,Q844838,ようど,yodo,1933-01-25,47,Wikidata Q844838（2026-10-07取得）
S0tsr7td,築地,Q1072938,つきじ,tsukiji,1963-02-28,14,Wikidata Q1072938（2026-10-07取得）
S0ttcy5c,袖崎,Q7553256,そでさき,sodesaki,1912-04-01,79,Wikidata Q7553256（2026-10-07取得）
S0ttgsj8,菊間,Q898633,きくま,kikuma,1925-06-21,19,Wikidata Q898633（2026-10-07取得）
S0tttbbx,土居,Q888035,どい,doi,1932,694,Wikidata Q888035（2026-10-07取得）
S0ttwc65,日宇,Q5872748,ひう,hiu,1910-12-26,23,Wikidata Q5872748（2026-10-07取得）
S0tty6tx,大前,Q3971398,おおまえ,omae,1971-03-07,18,Wikidata Q3971398（2026-10-07取得）
S0tu0zmx,成瀬,Q844689,なるせ,naruse,1979-04-01,15,Wikidata Q844689（2026-10-07取得）
S0tujhad,二田,Q5510446,ふただ,futada,1913-09-11,36,Wikidata Q5510446（2026-10-07取得）
S0tusfri,平原,Q5768877,ひらはら,hirahara,1921-10-10,12,Wikidata Q5768877（2026-10-07取得）
S0tv460z,多摩川,Q7680540,たまがわ,tamagawa,1923-03-11,21,Wikidata Q7680540（2026-10-07取得）
S0tvke6e,航空公園,Q6455205,こうくうこうえん,koku-koen,1987-05-28,28,Wikidata Q6455205（2026-10-07取得）
S0tw6zy3,多摩境,Q4450818,たまさかい,tamasakai,1991-04-06,16,Wikidata Q4450818（2026-10-07取得）
S0tx22jz,人丸前,Q11375900,ひとまるまえ,hitomarumae,1917-04-12,49,Wikidata Q11375900（2026-10-07取得）
S0txa94y,下曽根,Q5360569,しもそね,shimosone,1895-10-25,44,Wikidata Q5360569（2026-10-07取得）
S0txdag3,藪神,Q8046393,やぶかみ,yabukami,1951-03-01,33,Wikidata Q8046393（2026-10-07取得）
S0txyfp2,西京極,Q3970298,にしきょうごく,nishi-kyogoku,1928,25,Wikidata Q3970298（2026-10-07取得）
S0ty1u5z,若江岩田,Q7960755,,wakae-iwata,1914-04-30,34,Wikidata Q7960755（2026-10-07取得）
S0ty43gs,太田,Q11444468,,ota,1926-12-21,13,Wikidata Q11444468（2026-10-07取得）
S0ty9793,玉川村,Q7680541,たまがわむら,tamagawamura,1922-12-10,18,Wikidata Q7680541（2026-10-07取得）
S0tyr0jc,仁山,Q766391,にやま,niyama,1943-09-15,3,Wikidata Q766391（2026-10-07取得）
S0tys70r,平和,Q3969779,,heiwa,1986,46,Wikidata Q3969779（2026-10-07取得）
S0tyze5j,北真岡,Q6417569,きたもおか,kita-mooka,1955-04-01,16,Wikidata Q6417569（2026-10-07取得）
S0u1olii,左石,Q11479704,ひだりいし,hidariishi,1920-03-27,16,Wikidata Q11479704（2026-10-07取得）
S0u1tqoo,相野々,Q4697472,あいのの,ainono,1920-10-10,14,Wikidata Q4697472（2026-10-07取得）
S0u1yxps,一橋学園,Q5872402,ひとつばしがくえん,hitotsubashi-gakuen,1928-04-06,7,Wikidata Q5872402（2026-10-07取得）
S0u25d6o,生駒山上,Q5996101,いこまさんじょう,ikoma-sanjo,1929-03-27,14,Wikidata Q5996101（2026-10-07取得）
S0u25t7v,日和田,Q874097,ひわだ,hiwada,1897-06-01,29,Wikidata Q874097（2026-10-07取得）
S0u26l6x,世田谷代田,Q4448445,せたがやだいた,setagaya-daita,1927-04-01,36,Wikidata Q4448445（2026-10-07取得）
S0u26mx6,根知,Q6985470,ねち,nechi,1934-11-14,29,Wikidata Q6985470（2026-10-07取得）
S0u28vn4,木花,Q6403946,,kibana,1963-05-08,58,Wikidata Q6403946（2026-10-07取得）
S0u2oqmf,西鉄中島,Q11629891,にしてつなかしま,nishitetsu-nakashima,1938-10-01,24,Wikidata Q11629891（2026-10-07取得）
S0u2x10m,日田,Q5871577,ひた,hita,1928-12-24,2,Wikidata Q5871577（2026-10-07取得）
S0u37rrt,川跡,Q11055952,かわと,kawato,1930-02-02,36,Wikidata Q11055952（2026-10-07取得）
S0u3824b,余子,Q4207986,あまりこ,amariko,1932-12-22,21,Wikidata Q4207986（2026-10-07取得）
S0u3dnwu,植松,Q7877451,,uematsu,1988-03-20,57,Wikidata Q7877451（2026-10-07取得）
S0u3ni0x,佐伯区役所前,Q7398292,さえきくやくしょまえ,saekikuyakushomae,1987-03-27,23,Wikidata Q7398292（2026-10-07取得）
S0u3w0n7,古市,Q5509795,,furuichi,1994-08-20,29,Wikidata Q5509795（2026-10-07取得）
S0u411u5,万博記念公園,Q1002726,ばんぱくきねんこうえん,bampaku-kinen-koen,1990,3,Wikidata Q1002726（2026-10-07取得）
S0u480x2,美唄,Q872917,びばい,bibai,1891-07-05,75,Wikidata Q872917（2026-10-07取得）
S0u49xei,陸中松川,Q7334118,りくちゅうまつかわ,rikuchu-matsukawa,1925-07-26,23,Wikidata Q7334118（2026-10-07取得）
S0u4ae7e,轟,Q5290030,,domeki,1914-02-11,3,Wikidata Q5290030（2026-10-07取得）
S0u4bz83,宝殿,Q1042820,ほうでん,hoden,1900-04-15,14,Wikidata Q1042820（2026-10-07取得）
S0u4h2z6,大久保,Q116259,おおくぼ,okubo,1895-05-05,41,Wikidata Q116259（2026-10-07取得）
S0u51y0e,郡山,Q856526,こおりやま,koriyama,1890,15,Wikidata Q856526（2026-10-07取得）
S0u5m6tw,大田市,Q5356122,おおだし,odashi,1915-07-11,23,Wikidata Q5356122（2026-10-07取得）
S0u5xze6,志染,Q7496513,しじみ,shijimi,1937,24,Wikidata Q7496513（2026-10-07取得）
S0u611m5,塩沢,Q3660533,しおざわ,shiozawa,1923-11-18,12,Wikidata Q3660533（2026-10-07取得）
S0u69c5g,比土,Q5752887,,hido,1922,64,Wikidata Q5752887（2026-10-07取得）
S0u6khgc,東区役所前,Q3563670,ひがしくやくしょまえ,higashi-kuyakusho-mae,1988-12-02,41,Wikidata Q3563670（2026-10-07取得）
S0u74jpv,国見,Q6444706,くにみ,kunimi,1984-02-01,95,Wikidata Q6444706（2026-10-07取得）
S0u755lr,小絹,Q6426642,こきぬ,kokinu,1913-11-01,30,Wikidata Q6426642（2026-10-07取得）
S0u76put,小和田,Q778687,こわだ,kowada,1936-12-30,10,Wikidata Q778687（2026-10-07取得）
S0u77mgv,小室,Q6428666,こむろ,komuro,1979-03-08,34,Wikidata Q6428666（2026-10-07取得）
S0u7eo8s,愛し野,Q6094867,いとしの,itoshino,1986,50,Wikidata Q6094867（2026-10-07取得）
S0u7i3br,打保,Q5357898,うつぼ,utsubo,1933-11-12,20,Wikidata Q5357898（2026-10-07取得）
S0u7yqar,森町病院前,Q22120657,もりまちびょういんまえ,morimachibyoin-mae,2015-03-14,36,Wikidata Q22120657（2026-10-07取得）
S0u88n8b,柳生橋,Q8046769,やぎゅうばし,yagyu-bashi,1925,56,Wikidata Q8046769（2026-10-07取得）
S0u8w4hv,高津,Q7677439,たかつ,takatsu,1927-07-15,70,Wikidata Q7677439（2026-10-07取得）
S0u9gkiq,京王片倉,Q4251056,けいおうかたくら,keio-katakura,1931-03-20,31,Wikidata Q4251056（2026-10-07取得）
S0u9qu4z,ほしみ,Q1044979,ほしみ,hoshimi,1995-03-16,50,Wikidata Q1044979（2026-10-07取得）
S0u9xlw6,樋越,Q5760164,ひごし,higoshi,1928-11-10,20,Wikidata Q5760164（2026-10-07取得）
S0ua1l3m,上下,Q6322190,じょうげ,joge,1935-11-15,35,Wikidata Q6322190（2026-10-07取得）
S0uaia9z,下滝,Q1043138,しもたき,shimotaki,1899-05-25,28,Wikidata Q1043138（2026-10-07取得）
S0uajhhr,倶利伽羅,Q5360002,くりから,kurikara,1908-12-16,23,Wikidata Q5360002（2026-10-07取得）
S0uatjsn,鴨島,Q11675540,かもじま,kamojima,1899-02-16,9,Wikidata Q11675540（2026-10-07取得）
S0ub3f8j,巽ヶ丘,Q7688300,,tatsumigaoka,1955,25,Wikidata Q7688300（2026-10-07取得）
S0ub56tk,潮見,Q844315,しおみ,shiomi,1990-03-10,22,Wikidata Q844315（2026-10-07取得）
S0ub74xt,鎌瀬,Q6356123,かませ,kamase,1952-06-01,3,Wikidata Q6356123（2026-10-07取得）
S0ub8coy,豊後荻,Q4997668,ぶんごおぎ,bungo-ogi,1928-12-02,15,Wikidata Q4997668（2026-10-07取得）
S0ubeau6,新浜松,Q7497088,しんはままつ,shin-hamamatsu,1927-09-01,35,Wikidata Q7497088（2026-10-07取得）
S0ubjdw5,唐浜,Q7862704,とうのはま,tonohama,2002-07-01,44,Wikidata Q7862704（2026-10-07取得）
S0ubtjzu,松ヶ崎,Q2580153,まつがさき,matsugasaki,1997-06-03,83,Wikidata Q2580153（2026-10-07取得）
S0uc2pzm,櫟本,Q3936059,,ichinomoto,1898-05-11,15,Wikidata Q3936059（2026-10-07取得）
S0uc2xq3,阿字ヶ浦,Q4699733,あじがうら,ajigaura,1928-07-07,32,Wikidata Q4699733（2026-10-07取得）
S0uc46sj,東山,Q2025937,ひがしやま,higashiyama,1997-10-12,10,Wikidata Q2025937（2026-10-07取得）
S0uc5af7,延徳,Q11486575,えんとく,entoku,1923-03-26,11,Wikidata Q11486575（2026-10-07取得）
S0uch4lq,北上,Q1136531,きたかみ,kitakami,1890-11-01,68,Wikidata Q1136531（2026-10-07取得）
S0ucra3y,豊岡,Q5369843,とよおか,toyooka,1940-06-01,16,Wikidata Q5369843（2026-10-07取得）
S0ud3zg1,揖斐,Q5984029,,ibi,1919-04-27,55,Wikidata Q5984029（2026-10-07取得）
S0udgtma,美乃浜学園,Q95520626,みのはまがくえん,minohamagakuen,2021-03-13,44,Wikidata Q95520626（2026-10-07取得）
S0udjsr7,東逗子,Q844310,ひがしずし,higashi-zushi,1952-04-01,41,Wikidata Q844310（2026-10-07取得）
S0udlcth,恵美須町,Q2066656,えびすちょう,ebisucho,1969-12-06,120,Wikidata Q2066656（2026-10-07取得）
S0ue1gjb,彦根,Q1131151,ひこね,hikone,1889,25,Wikidata Q1131151（2026-10-07取得）
S0uegyvs,江田,Q5335639,えだ,eda,1966-04-01,14,Wikidata Q5335639（2026-10-07取得）
S0ufgfto,若栗,Q7960765,,wakaguri,1922-11-05,26,Wikidata Q7960765（2026-10-07取得）
S0ufj3nw,塚目,Q7850038,つかのめ,tsukanome,1960-05-01,22,Wikidata Q7850038（2026-10-07取得）
S0ufk4u4,東宿毛,Q5753854,ひがしすくも,higashi-sukumo,1997-10-01,13,Wikidata Q5753854（2026-10-07取得）
S0ugrzw9,霞ヶ丘,Q6374899,かすみがおか,kasumigaoka,1964-06-01,65,Wikidata Q6374899（2026-10-07取得）
S0ugts4g,神領,Q5359246,じんりょう,jinryo,1943-10-01,47,Wikidata Q5359246（2026-10-07取得）
S0ugxqid,田浦,Q844260,たうら,taura,1904-05-01,55,Wikidata Q844260（2026-10-07取得）
S0uhe8tc,ケーブル延暦寺,Q5015641,,cable enryakuji,1927-03-15,28,Wikidata Q5015641（2026-10-07取得）
S0uhygsn,北34条,Q3563872,きたさんじゅうよじょう,kita-sanjuyo-jo,1978-03-16,19,Wikidata Q3563872（2026-10-07取得）
S0ui5i9j,新瑞橋,Q854687,,aratama-bashi,1974-03-30,77,Wikidata Q854687（2026-10-07取得）
S0ui88m4,光善寺,Q1573336,こうぜんじ,kozenji,1910,14,Wikidata Q1573336（2026-10-07取得）
S0uioa0g,金橋,Q5362037,,kanahashi,1913-04-21,6,Wikidata Q5362037（2026-10-07取得）
S0uiqswp,西吾野,Q7040305,にしあがの,nishi-agano,1969-10-14,78,Wikidata Q7040305（2026-10-07取得）
S0uir4j7,折口,Q11497502,おりぐち,origuchi,1923-03-25,48,Wikidata Q11497502（2026-10-07取得）
S0uit6n1,アイランド北口,Q11282452,アイランドきたぐち,island kitaguchi,1990-02-21,44,Wikidata Q11282452（2026-10-07取得）
S0ujb7k9,倶知安,Q848139,くっちゃん,kutchan,1904-10-15,6,Wikidata Q848139（2026-10-07取得）
S0ujdc5n,岡田,Q11473734,おかだ,okada,1910-02-18,34,Wikidata Q11473734（2026-10-07取得）
S0ujhtpo,磯分内,Q6085371,いそぶんない,isobunnai,1929,5,Wikidata Q6085371（2026-10-07取得）
S0ukc19z,元町,Q3563691,もとまち,motomachi,1988-12-02,49,Wikidata Q3563691（2026-10-07取得）
S0ukxrll,行川アイランド,Q552818,なめがわアイランド,namegawa island,1970-07-02,115,Wikidata Q552818（2026-10-07取得）
S0ul2p55,倉橋,Q5364298,くらはし,kurahashi,1960-06-01,26,Wikidata Q5364298（2026-10-07取得）
S0ulb7fb,鶴岡,Q7850300,つるおか,tsuruoka,1919-07-06,47,Wikidata Q7850300（2026-10-07取得）
S0ulv2y6,立川,Q801501,たちかわ,tachikawa,1889-04-11,46,Wikidata Q801501（2026-10-07取得）
S0umiaee,西新発田,Q7040400,にししばた,nishi-shibata,1957-04-01,9,Wikidata Q7040400（2026-10-07取得）
S0umonnc,東船橋,Q908788,ひがしふなばし,higashi-funabashi,1981-10-01,22,Wikidata Q908788（2026-10-07取得）
S0ump7ic,平野,Q5769419,ひらの,hirano,1925-06-20,50,Wikidata Q5769419（2026-10-07取得）
S0umqat8,白井,Q7498913,しろい,shiroi,1979-03-09,21,Wikidata Q7498913（2026-10-07取得）
S0uohlp9,太子堂,Q898884,たいしどう,taishido,2007-03-18,41,Wikidata Q898884（2026-10-07取得）
S0uojtwb,上州七日市,Q11358971,じょうしゅうなのかいち,joshu-nanokaichi,1912-04-15,11,Wikidata Q11358971（2026-10-07取得）
S0upa9ni,新郷,Q7497502,しんごう,shingo,1921-04-01,36,Wikidata Q7497502（2026-10-07取得）
S0upq79p,鶴間,Q4506209,つるま,tsuruma,1929-04-01,37,Wikidata Q4506209（2026-10-07取得）
S0upu6gi,太地,Q2650271,たいじ,taiji,1935-07-18,45,Wikidata Q2650271（2026-10-07取得）
S0upyi1b,稲枝,Q1042954,いなえ,inae,1920-07-01,13,Wikidata Q1042954（2026-10-07取得）
S0uqivne,幌向,Q872850,ほろむい,horomui,1882-11-13,36,Wikidata Q872850（2026-10-07取得）
S0uqxpq8,北野,Q4222444,きたの,kitano,1925-03-24,45,Wikidata Q4222444（2026-10-07取得）
S0urn6no,牛田,Q7901962,,ushita,1994-08-20,52,Wikidata Q7901962（2026-10-07取得）
S0usg02j,新松戸,Q6799406,しんまつど,shin-matsudo,1973-04-01,3,Wikidata Q6799406（2026-10-07取得）
S0usiyi0,真室川,Q6746035,まむろがわ,mamurogawa,1904-10-21,5,Wikidata Q6746035（2026-10-07取得）
S0usrpbs,田布施,Q5357666,たぶせ,tabuse,1897-09-25,14,Wikidata Q5357666（2026-10-07取得）
S0usyj5r,和田,Q7958926,わだ,wada,1903-10-01,81,Wikidata Q7958926（2026-10-07取得）
S0uts3bk,婦中鵜坂,Q5506961,ふちゅううさか,fuchu-usaka,2008-03-15,56,Wikidata Q5506961（2026-10-07取得）
S0utw7vu,上幌向,Q872837,かみほろむい,kami-horomui,1907-11-25,116,Wikidata Q872837（2026-10-07取得）
S0uucvks,中佐都,Q6960311,なかさと,nakasato,1915-08-08,29,Wikidata Q6960311（2026-10-07取得）
S0uux0xn,伊予氷見,Q875836,いよひみ,iyo-himi,1961-06-01,18,Wikidata Q875836（2026-10-07取得）
S0uuy4le,美川,Q5359889,みかわ,mikawa,1898-04-01,69,Wikidata Q5359889（2026-10-07取得）
S0uuz875,徳沢,Q7813757,とくさわ,tokusawa,1914-11-01,14,Wikidata Q7813757（2026-10-07取得）
S0uvdf3v,松原湖,Q6788020,まつばらこ,matsubarako,1932-12-27,6,Wikidata Q6788020（2026-10-07取得）
S0uvu3b0,天塩中川,Q7705478,てしおなかがわ,teshio-nakagawa,1922-11-08,33,Wikidata Q7705478（2026-10-07取得）
S0uvz86o,平館,Q7676369,たいらだて,tairadate,1922-08-27,20,Wikidata Q7676369（2026-10-07取得）
S0uw0lc8,蔵王,Q8067684,ざおう,zao,1911-12-05,29,Wikidata Q8067684（2026-10-07取得）
S0uw8wrf,原,Q11410090,,hara,1911-11-18,6,Wikidata Q11410090（2026-10-07取得）
S0uwatrt,平田,Q5769520,ひらた,hirata,1997-10-01,15,Wikidata Q5769520（2026-10-07取得）
S0uwl5d9,泉岳寺,Q905742,せんがくじ,sengakuji,1968-06-21,67,Wikidata Q905742（2026-10-07取得）
S0uwr62c,七戸十和田,Q1136467,しちのへとわだ,shichinohe-towada,2010,59,Wikidata Q1136467（2026-10-07取得）
S0uwva7t,桃山台,Q59341,ももやまだい,momoyamadai,1970,76,Wikidata Q59341（2026-10-07取得）
S0uwxalu,本千葉,Q4389608,ほんちば,hon-chiba,1896-02-25,91,Wikidata Q4389608（2026-10-07取得）
S0uxainr,名電長沢,Q6809965,,meiden-nagasawa,1926,41,Wikidata Q6809965（2026-10-07取得）
S0uxcbue,美術館図書館前,Q4907293,びじゅつかんとしょかんまえ,bijutsukantoshokanmae,1924-04-13,31,Wikidata Q4907293（2026-10-07取得）
S0uxnx6o,左京山,Q7403238,,sakyoyama,1942,29,Wikidata Q7403238（2026-10-07取得）
S0uynvht,経田,Q11606497,きょうでん,kyoden,1936-10-01,21,Wikidata Q11606497（2026-10-07取得）
S0uysv5t,土市,Q5288614,どいち,doichi,1929-09-01,27,Wikidata Q5288614（2026-10-07取得）
S0uzanee,久手,Q8009740,くて,kute,1915-07-11,47,Wikidata Q8009740（2026-10-07取得）
S0uzc2sc,七ツ屋,Q11353350,ななつや,nanatsuya,1925-05-10,6,Wikidata Q11353350（2026-10-07取得）
S0uzk8aa,後藤,Q4207591,ごとう,goto,1902-11-01,35,Wikidata Q4207591（2026-10-07取得）
S0uzp5p8,美濃高田,Q11609279,,mino-takada,1913-07-31,23,Wikidata Q11609279（2026-10-07取得）
S0uzwu29,平山,Q11482566,ひらやま,hirayama,1936-03-25,20,Wikidata Q11482566（2026-10-07取得）
S0v044ty,武蔵野台,Q4308321,むさしのだい,musashinodai,1916-10-31,18,Wikidata Q4308321（2026-10-07取得）
S0v0dg5j,三河槙原,Q774209,みかわまきはら,mikawa-makihara,1923-02-01,21,Wikidata Q774209（2026-10-07取得）
S0v0fdx1,弥生が丘,Q5359532,やよいがおか,yayoigaoka,2001-03-03,4,Wikidata Q5359532（2026-10-07取得）
S0v0n9e3,穴川,Q4750826,あながわ,anagawa,1991-06-12,20,Wikidata Q4750826（2026-10-07取得）
S0v0w04m,向井原,Q944990,むかいばら,mukaibara,1963-10-01,27,Wikidata Q944990（2026-10-07取得）
S0v115fu,宮ノ下,Q997348,みやのした,miyanoshita,1919-06-01,23,Wikidata Q997348（2026-10-07取得）
S0v19q3u,台原,Q5209510,,dainohara,1987-07-15,44,Wikidata Q5209510（2026-10-07取得）
S0v1x1r7,羽前山辺,Q7904889,うぜんやまべ,uzen-yamabe,1921-07-20,80,Wikidata Q7904889（2026-10-07取得）
S0v26pgr,草津南,Q6447805,くさつみなみ,kusatsu-minami,1924-04-06,17,Wikidata Q6447805（2026-10-07取得）
S0v2jz3n,川崎大師,Q6379720,かわさきだいし,kawasaki-daishi,1899-01-21,18,Wikidata Q6379720（2026-10-07取得）
S0v2m17b,須原,Q5359482,すはら,suhara,1909-12-01,6,Wikidata Q5359482（2026-10-07取得）
S0v2o72c,上総一ノ宮,Q564483,かずさいちのみや,kazusa-ichinomiya,1899-04-17,122,Wikidata Q564483（2026-10-07取得）
S0v2w762,中井侍,Q894362,なかいさむらい,nakaisamurai,1936-12-30,4,Wikidata Q894362（2026-10-07取得）
S0v30cgd,泉田,Q6102377,いずみた,izumita,1913-07-15,10,Wikidata Q6102377（2026-10-07取得）
S0v38o8o,中ノ庄,Q6960294,なかのしょう,nakanosho,1913,79,Wikidata Q6960294（2026-10-07取得）
S0v3hcs5,岡崎,Q872492,おかざき,okazaki,1888-09-01,22,Wikidata Q872492（2026-10-07取得）
S0v3kp7o,西高屋,Q5358545,にしたかや,nishitakaya,1917-07-13,28,Wikidata Q5358545（2026-10-07取得）
S0v42u3i,東長沢,Q2101432,ひがしながさわ,higashi-nagasawa,1959-07-10,23,Wikidata Q2101432（2026-10-07取得）
S0v45oh9,芳養,Q2898306,はや,haya,1932-11-08,23,Wikidata Q2898306（2026-10-07取得）
S0v588z5,上安,Q6358636,,kamiyasu,1994-08-20,10,Wikidata Q6358636（2026-10-07取得）
S0v5dq15,下里,Q281227,しもさと,shimosato,1935-07-18,22,Wikidata Q281227（2026-10-07取得）
S0v5gxpg,福吉,Q5507761,ふくよし,fukuyoshi,1923-12-05,82,Wikidata Q5507761（2026-10-07取得）
S0v5ibg0,下野宮,Q7497007,しものみや,shimonomiya,1930-04-16,22,Wikidata Q7497007（2026-10-07取得）
S0v6gh6f,伊奈,Q6013231,,ina,1927-06-01,44,Wikidata Q6013231（2026-10-07取得）
S0v6kckz,瓢箪山,Q11574177,ひょうたんやま,hyotan-yama,1914-04-30,73,Wikidata Q11574177（2026-10-07取得）
S0v6mmz2,検見川,Q6386953,けみがわ,kemigawa,1921-07-17,27,Wikidata Q6386953（2026-10-07取得）
S0v6svp3,柏林台,Q898779,,hakurindai,1986-11-01,11,Wikidata Q898779（2026-10-07取得）
S0v76ayd,伊豆稲取,Q6102179,いずいなとり,izu-inatori,1961-12-10,35,Wikidata Q6102179（2026-10-07取得）
S0v7a1zb,宇田郷,Q7902300,うたごう,utago,1931-11-15,7,Wikidata Q7902300（2026-10-07取得）
S0v7aiox,神楽坂,Q80573,かぐらざか,kagurazaka,1964-12-23,26,Wikidata Q80573（2026-10-07取得）
S0v7amui,金木,Q6360304,かなぎ,kanagi,1930-07-15,13,Wikidata Q6360304（2026-10-07取得）
S0v7bpcl,唐丹,Q11418503,とうに,toni,1984-04-01,17,Wikidata Q11418503（2026-10-07取得）
S0v7pa9t,六丁の目,Q11392266,,rokuchonome,2015-12-06,12,Wikidata Q11392266（2026-10-07取得）
S0v88npx,ソシオ流通センター,Q28105552,ソシオりゅうつうセンター,socio distribution center,2017-04-01,16,Wikidata Q28105552（2026-10-07取得）
S0v88ohk,湯田温泉,Q8060214,ゆだおんせん,yudaonsen,1913-02-20,45,Wikidata Q8060214（2026-10-07取得）
S0v8e998,愛子,Q4830973,あやし,ayashi,1929-09-29,18,Wikidata Q4830973（2026-10-07取得）
S0v8hvgp,大池,Q8081511,,oike,1928-11-28,72,Wikidata Q8081511（2026-10-07取得）
S0v8tfeq,浜小清水,Q8190017,はまこしみず,hama-koshimizu,1925,7,Wikidata Q8190017（2026-10-07取得）
S0v9f0d8,鳥居前,Q11674884,,torii-mae,1918-08-29,40,Wikidata Q11674884（2026-10-07取得）
S0v9faiy,稲戸井,Q11596625,いなとい,inatoi,1913-11-01,26,Wikidata Q11596625（2026-10-07取得）
S0v9hc1k,弥五島,Q8046743,やごしま,yagoshima,1934-12-27,18,Wikidata Q8046743（2026-10-07取得）
S0v9n4gk,東山梨,Q5753900,ひがしやまなし,higashi-yamanashi,1957-02-05,38,Wikidata Q5753900（2026-10-07取得）
S0v9rfui,衣山,Q11626365,きぬやま,kinuyama,1927-11-01,17,Wikidata Q11626365（2026-10-07取得）
S0v9up7a,多賀大社前,Q965382,たがたいしゃまえ,taga taisha-mae,1914-03-08,12,Wikidata Q965382（2026-10-07取得）
S0va6e3c,庄内緑地公園,Q862911,,shonai ryokuchi koen,1984-09-06,61,Wikidata Q862911（2026-10-07取得）
S0va84fv,津久井浜,Q7850103,つくいはま,tsukuihama,1966-03-27,61,Wikidata Q7850103（2026-10-07取得）
S0vacxsg,奥阿仁,Q11446172,おくあに,okuani,1989-04-01,42,Wikidata Q11446172（2026-10-07取得）
S0vamdto,陸奥湊,Q6378996,むつみなと,mutsu-minato,1926-07-11,30,Wikidata Q6378996（2026-10-07取得）
S0vavcd3,羽後岩谷,Q3701533,うごいわや,ugo-iwaya,1922-10-16,117,Wikidata Q3701533（2026-10-07取得）
S0vb9jjh,稚内,Q840452,わっかない,wakkanai,1928-12-26,99,Wikidata Q840452（2026-10-07取得）
S0vbcc7k,出雲大社前,Q11240833,,izumo taisha-mae,1930-02-02,60,Wikidata Q11240833（2026-10-07取得）
S0vbfogu,名立,Q5359618,なだち,nadachi,1912-07-11,34,Wikidata Q5359618（2026-10-07取得）
S0vcms85,渚,Q11561852,なぎさ,nagisa,1922-05-03,16,Wikidata Q11561852（2026-10-07取得）
S0vcteha,江口,Q5348274,えぐち,eguchi,1914-03-25,30,Wikidata Q5348274（2026-10-07取得）
S0vduwp9,東大垣,Q367572,ひがしおおがき,higashi-ogaki,1956-03-20,55,Wikidata Q367572（2026-10-07取得）
S0vemw0m,呉,Q6445843,くれ,kure,1903-12-27,20,Wikidata Q6445843（2026-10-07取得）
S0veog2d,黒崎,Q871645,,kurosaki,1891,39,Wikidata Q871645（2026-10-07取得）
S0veoly6,畦野,Q7884223,,uneno,1923-11-03,51,Wikidata Q7884223（2026-10-07取得）
S0veptwp,滝水,Q7678300,,takimizu,1928-12-02,15,Wikidata Q7678300（2026-10-07取得）
S0vf1yep,鰭ヶ崎,Q11674329,,hiregasaki,1916-03-14,28,Wikidata Q11674329（2026-10-07取得）
S0vfeatf,東矢本,Q5753902,ひがしやもと,higashi-yamoto,1987-03-31,27,Wikidata Q5753902（2026-10-07取得）
S0vfsi2x,中滑川,Q6960089,なかなめりかわ,naka-namerikawa,1914-02-28,21,Wikidata Q6960089（2026-10-07取得）
S0vfwl7v,御成門,Q1039085,おなりもん,onarimon,1973-11-27,47,Wikidata Q1039085（2026-10-07取得）
S0vg5f6t,土佐北川,Q900718,,tosa-kitagawa,1960-10-01,2,Wikidata Q900718（2026-10-07取得）
S0vgl4p3,城見ヶ丘,Q7498947,しろみがおか,shiromigaoka,2008-08-09,15,Wikidata Q7498947（2026-10-07取得）
S0vgxv6k,小浜,Q7074612,,obama,1918-11-10,36,Wikidata Q7074612（2026-10-07取得）
S0vhmmpc,多磨,Q5368661,たま,tama,1929-01-05,28,Wikidata Q5368661（2026-10-07取得）
S0vhtm5h,沢目,Q7428565,さわめ,sawame,1926-04-26,5,Wikidata Q7428565（2026-10-07取得）
S0vhxm92,堀ノ内,Q5370292,ほりのうち,horinouchi,1930-04-01,52,Wikidata Q5370292（2026-10-07取得）
S0vi138u,りんくう常滑,Q7335070,,rinku-tokoname,2005,16,Wikidata Q7335070（2026-10-07取得）
S0vill08,思川,Q7090612,おもいがわ,omoigawa,1911-04-10,61,Wikidata Q7090612（2026-10-07取得）
S0vimo3a,興津,Q1046905,おきつ,okitsu,1889-02-01,4,Wikidata Q1046905（2026-10-07取得）
S0vjpiu4,寺尾,Q7701583,てらお,terao,1914-10-20,4,Wikidata Q7701583（2026-10-07取得）
S0vjysfr,稲穂,Q1044946,いなほ,inaho,1986-11-01,50,Wikidata Q1044946（2026-10-07取得）
S0vkba20,穴生,Q11597247,,ano,1956,14,Wikidata Q11597247（2026-10-07取得）
S0vkjo75,小金井,Q861505,こがねい,koganei,1893-03-25,28,Wikidata Q861505（2026-10-07取得）
S0vklhe7,有明湯江,Q11477073,ありあけゆえ,ariakeyue,1919-05-06,54,Wikidata Q11477073（2026-10-07取得）
S0vkmwqz,豊津上野,Q7830932,とよつうえの,toyotsu-ueno,1943,88,Wikidata Q7830932（2026-10-07取得）
S0vkp76u,山越,Q863029,やまこし,yamakoshi,1903-11-03,25,Wikidata Q863029（2026-10-07取得）
S0vlmm4g,西鉄柳川,Q11629907,にしてつやながわ,nishitetsu yanagawa,1937-10-01,28,Wikidata Q11629907（2026-10-07取得）
S0vls88e,鳥取大学前,Q899690,とっとりだいがくまえ,tottoridaigakumae,1995-07-27,14,Wikidata Q899690（2026-10-07取得）
S0vm4x3g,桜ノ宮,Q1131330,さくらのみや,sakuranomiya,1898,66,Wikidata Q1131330（2026-10-07取得）
S0vm5scb,市大医学部,Q7496125,しだいいがくぶ,shidai-igakubu,1989-07-05,35,Wikidata Q7496125（2026-10-07取得）
S0vm6bxz,袋,Q11626555,ふくろ,fukuro,1926-07-21,26,Wikidata Q11626555（2026-10-07取得）
S0vm70i1,比奈,Q5765592,,hina,1951-12-20,32,Wikidata Q5765592（2026-10-07取得）
S0vmctp1,春賀,Q898949,はるか,haruka,1961-10-20,17,Wikidata Q898949（2026-10-07取得）
S0vmit66,名古屋大学,Q862340,,nagoya daigaku,2003-12-13,20,Wikidata Q862340（2026-10-07取得）
S0vn841q,石切,Q6080325,いしきり,ishikiri,1914-04-30,56,Wikidata Q6080325（2026-10-07取得）
S0vngbjj,和田町,Q7958950,わだまち,wadamachi,1952-08-15,43,Wikidata Q7958950（2026-10-07取得）
S0vnij52,教会前,Q6453053,きょうかいまえ,kyokaimae,1924-01-01,10,Wikidata Q6453053（2026-10-07取得）
S0vnpxpd,安登,Q4817155,あと,ato,1935-11-24,13,Wikidata Q4817155（2026-10-07取得）
S0vo20fl,西滑川,Q7040384,にしなめりかわ,nishi-namerikawa,1913-06-25,26,Wikidata Q7040384（2026-10-07取得）
S0voknja,武蔵高萩,Q1129108,むさしたかはぎ,musashi-takahagi,1940-07-22,19,Wikidata Q1129108（2026-10-07取得）
S0vpp5gv,山川,Q8047840,,yamakawa,1936-03-25,33,Wikidata Q8047840（2026-10-07取得）
S0vpxs7g,佃,Q578112,,tsukuda,1950-01-10,27,Wikidata Q578112（2026-10-07取得）
S0vqmykf,雑色,Q8076244,ぞうしき,zoshiki,1901-02-01,25,Wikidata Q8076244（2026-10-07取得）
S0vqqp6n,ケーブル八幡宮山上,Q7108964,ケーブルはちまんぐうさんじょう,cable-hachimangu-sanjo,1955,7,Wikidata Q7108964（2026-10-07取得）
S0vqscpj,江迎鹿町,Q5374871,えむかえしかまち,emukae-shikamachi,1939-01-25,17,Wikidata Q5374871（2026-10-07取得）
S0vr42ga,ししぶ,Q5359545,ししぶ,shishibu,2009-03-14,127,Wikidata Q5359545（2026-10-07取得）
S0vreajw,新大久保,Q589599,しんおおくぼ,shin-okubo,1914-11-15,15,Wikidata Q589599（2026-10-07取得）
S0vrziph,青部,Q4778577,あおべ,aobe,1931-12-01,13,Wikidata Q4778577（2026-10-07取得）
S0vsxqbm,小倉,Q801027,こくら,kokura,1891,31,Wikidata Q801027（2026-10-07取得）
S0vt5oiv,けやき台,Q5359700,けやきだい,keyakidai,1990-03-10,31,Wikidata Q5359700（2026-10-07取得）
S0vti279,新柴又,Q5370898,しんしばまた,shin-shibamata,1991-03-31,55,Wikidata Q5370898（2026-10-07取得）
S0vtlpz7,安倍川,Q871497,あべかわ,abekawa,1985-03-14,11,Wikidata Q871497（2026-10-07取得）
S0vu8na7,南大分,Q6863029,,minami-oita,1915-10-30,45,Wikidata Q6863029（2026-10-07取得）
S0vuflrt,泉郷,Q11554944,いずみごう,izumigo,1934-12-04,14,Wikidata Q11554944（2026-10-07取得）
S0vv91ih,東岩瀬,Q11526767,ひがしいわせ,higashi-iwase,2006-04-29,49,Wikidata Q11526767（2026-10-07取得）
S0vwcjhc,久世,Q6447828,くせ,kuse,1924-05-01,32,Wikidata Q6447828（2026-10-07取得）
S0vwcqt9,宍道,Q3611061,しんじ,shinji,1909-11-07,6,Wikidata Q3611061（2026-10-07取得）
S0vwd7fw,万石浦,Q6749091,まんごくうら,mangoku-ura,1989-08-26,6,Wikidata Q6749091（2026-10-07取得）
S0vxd38b,鶴里,Q859214,,tsurusato,1994-03-30,109,Wikidata Q859214（2026-10-07取得）
S0vxo2qg,西都城,Q5357443,にしみやこのじょう,nishi-miyakonojo,1913-10-08,5,Wikidata Q5357443（2026-10-07取得）
S0vxpdre,上毛高原,Q1138087,じょうもうこうげん,jomo-kogen,1982,39,Wikidata Q1138087（2026-10-07取得）
S0vyiklx,越中大門,Q5359830,えっちゅうだいもん,etchu-daimon,1923-10-15,10,Wikidata Q5359830（2026-10-07取得）
S0vymzbl,有楽町,Q801655,ゆうらくちょう,yurakucho,,103,Wikidata Q801655（2026-10-07取得）
S0vynio6,前郷,Q11397833,,maego,1922-08-01,22,Wikidata Q11397833（2026-10-07取得）
S0vyoy0q,戸越,Q1040884,とごし,togoshi,1968-11-15,33,Wikidata Q1040884（2026-10-07取得）
S0vyr03b,新相ノ木,Q17216995,しんあいのき,shin ainoki,2013-12-26,6,Wikidata Q17216995（2026-10-07取得）
S0vzhzot,岩山,Q6100866,いわやま,iwayama,1929-04-14,15,Wikidata Q6100866（2026-10-07取得）
S0vzoc6r,浦川,Q775264,うらかわ,urakawa,1934-11-11,41,Wikidata Q775264（2026-10-07取得）
S0vzyx65,大久喜,Q6543357,おおくき,okuki,1956-12-10,9,Wikidata Q6543357（2026-10-07取得）
S0w08wmm,愛知御津,Q872467,あいちみと,aichi-mito,1888-09-01,8,Wikidata Q872467（2026-10-07取得）
S0w0u8h8,京急川崎,Q6383705,けいきゅうかわさき,keikyu kawasaki,1902-09-01,21,Wikidata Q6383705（2026-10-07取得）
S0w1c6ye,仁井田,Q7034487,にいた,niita,1923-04-15,8,Wikidata Q7034487（2026-10-07取得）
S0w1ng8r,一乗谷,Q3611096,いちじょうだに,ichijodani,1960-12-15,20,Wikidata Q3611096（2026-10-07取得）
S0w1vdb4,鳥沢,Q7825827,とりさわ,torisawa,1902-06-01,53,Wikidata Q7825827（2026-10-07取得）
S0w21cko,西聖和,Q7040398,,nishi-seiwa,1958-03-25,26,Wikidata Q7040398（2026-10-07取得）
S0w24oho,お花茶屋,Q7080614,おはなぢゃや,ohanajaya,1931-12-19,26,Wikidata Q7080614（2026-10-07取得）
S0w2ezik,沢井,Q7428551,さわい,sawai,1929-09-01,2,Wikidata Q7428551（2026-10-07取得）
S0w328ub,東諫早,Q5356543,ひがしいさはや,higashi-isahaya,1934-03-24,22,Wikidata Q5356543（2026-10-07取得）
S0w3c3l2,北舟岡,Q6417529,,kita-funaoka,1963-09-30,22,Wikidata Q6417529（2026-10-07取得）
S0w3d5mq,西若松,Q7040449,にしわかまつ,nishi-wakamatsu,1934-10-15,26,Wikidata Q7040449（2026-10-07取得）
S0w486ia,笈川,Q7081260,おいかわ,oikawa,1934-11-01,33,Wikidata Q7081260（2026-10-07取得）
S0w48b73,門真市,Q1027541,かどまし,kadoma-shi,1971,66,Wikidata Q1027541（2026-10-07取得）
S0w48f5h,陸前浜田,Q7334126,りくぜんはまだ,rikuzen-hamada,1927-04-18,29,Wikidata Q7334126（2026-10-07取得）
S0w49grg,大牟田,Q871063,,omuta,1891,22,Wikidata Q871063（2026-10-07取得）
S0w4f01s,肥後大津,Q5760148,ひごおおづ,higo-ozu,1914-06-21,19,Wikidata Q5760148（2026-10-07取得）
S0w4pbe1,新御徒町,Q80540,しんおかちまち,shin-okachimachi,2000-12-12,40,Wikidata Q80540（2026-10-07取得）
S0w4ps8v,加斗,Q6377755,,kato,1921-04-03,13,Wikidata Q6377755（2026-10-07取得）
S0w507m4,新関,Q7497755,しんせき,shinseki,1954-04-15,9,Wikidata Q7497755（2026-10-07取得）
S0w53kgr,原木,Q4858278,ばらき,baraki,1898-05-20,8,Wikidata Q4858278（2026-10-07取得）
S0w5hris,大城,Q11433849,おおき,oki,1921,25,Wikidata Q11433849（2026-10-07取得）
S0w5s6ta,香川,Q6346410,かがわ,kagawa,1921-09-28,12,Wikidata Q6346410（2026-10-07取得）
S0w5ub7d,串間,Q6447950,,kushima,1935-04-15,35,Wikidata Q6447950（2026-10-07取得）
S0w5uzko,波川,Q5640366,はかわ,hakawa,1964-10-01,16,Wikidata Q5640366（2026-10-07取得）
S0w67dtr,伊勢中原,Q6079520,いせなかはら,ise-nakahara,1930-05-18,61,Wikidata Q6079520（2026-10-07取得）
S0w67urt,西羽生,Q7040342,にしはにゅう,nishi-hanyu,1981-09-01,56,Wikidata Q7040342（2026-10-07取得）
S0w6xr9r,名谷,Q5358493,,myodani,1977-03-13,14,Wikidata Q5358493（2026-10-07取得）
S0w786ml,東枇杷島,Q11527364,,higashi-biwajima,1912,39,Wikidata Q11527364（2026-10-07取得）
S0w7t3nm,御影,Q612734,みかげ,mikage,1920,60,Wikidata Q612734（2026-10-07取得）
S0w85d3y,陸前原ノ町,Q7334128,りくぜんはらのまち,rikuzen-haranomachi,1925-06-05,23,Wikidata Q7334128（2026-10-07取得）
S0w8kihg,備中川面,Q3661752,びっちゅうかわも,bitchu-kawamo,1927-07-31,14,Wikidata Q3661752（2026-10-07取得）
S0w90qj4,錦,Q7040593,にしき,nishiki,1913,18,Wikidata Q7040593（2026-10-07取得）
S0w96fgc,伏見,Q862368,,fushimi,1957-11-15,59,Wikidata Q862368（2026-10-07取得）
S0w9lxvd,藤島,Q5507482,ふじしま,fujishima,1918-09-21,55,Wikidata Q5507482（2026-10-07取得）
S0wag92r,新習志野,Q2370433,しんならしの,shin-narashino,1986-03-03,3,Wikidata Q2370433（2026-10-07取得）
S0wak3w8,西高島平,Q1039288,にしたかしまだいら,nishi-takashimadaira,1976-05-06,29,Wikidata Q1039288（2026-10-07取得）
S0wat2tk,寝屋川市,Q1185840,ねやがわし,neyagawashi,1910,8,Wikidata Q1185840（2026-10-07取得）
S0waz18v,天応,Q7700531,てんのう,tenno,1903-12-27,108,Wikidata Q7700531（2026-10-07取得）
S0wbcru0,桜台,Q843041,さくらだい,sakuradai,1936-07-10,2,Wikidata Q843041（2026-10-07取得）
S0wbr834,深江橋,Q126032,ふかえばし,fukaebashi,1968-07-29,14,Wikidata Q126032（2026-10-07取得）
S0wc1pou,京成関屋,Q6383849,けいせいせきや,keisei sekiya,1931-12-19,18,Wikidata Q6383849（2026-10-07取得）
S0wckaw0,津新町,Q2816265,つしんまち,tsu-shimmachi,1931,30,Wikidata Q2816265（2026-10-07取得）
S0wdibbc,中瀬古,Q4559460,,nakaseko,1973,37,Wikidata Q4559460（2026-10-07取得）
S0wdim2x,松山市,Q6788233,,matsuyama city,1888-10-28,35,Wikidata Q6788233（2026-10-07取得）
S0we707k,本郷三丁目,Q80774,ほんごうさんちょうめ,hongo-sanchome,1954-01-20,68,Wikidata Q80774（2026-10-07取得）
S0webhaw,海の王迎,Q7881584,うみのおうむかえ,uminoomukae,2003-04-22,59,Wikidata Q7881584（2026-10-07取得）
S0wem569,日ノ出町,Q5767411,ひのでちょう,hinodecho,1931-12-26,8,Wikidata Q5767411（2026-10-07取得）
S0weu05r,御井,Q4405132,みい,mii,1928-12-24,19,Wikidata Q4405132（2026-10-07取得）
S0wf2nnw,牧志,Q7571240,,makishi,2003,45,Wikidata Q7571240（2026-10-07取得）
S0wf5q1f,上総久保,Q6381709,かずさくぼ,kazusa-kubo,1933-10-04,15,Wikidata Q6381709（2026-10-07取得）
S0wfn8ho,築地市場,Q246180,つきじしじょう,tsukijishijo,2000-12-12,32,Wikidata Q246180（2026-10-07取得）
S0wfzywd,御領,Q11489365,,goryo,1999-01-11,50,Wikidata Q11489365（2026-10-07取得）
S0wg2skz,北方,Q6417696,,kitagata,1985-01-09,7,Wikidata Q6417696（2026-10-07取得）
S0wgk4qj,南柏,Q5363133,みなみかしわ,minami-kashiwa,1953-10-01,24,Wikidata Q5363133（2026-10-07取得）
S0wgth8p,犀川,Q11571116,,saigawa,1897-04-20,12,Wikidata Q11571116（2026-10-07取得）
S0whdy5j,みなみ寄居,Q85869544,みなみよりい,minami-yorii,2020-10-31,117,Wikidata Q85869544（2026-10-07取得）
S0whui6i,田端,Q801503,たばた,tabata,1896-04-01,55,Wikidata Q801503（2026-10-07取得）
S0wijloa,本納,Q564470,ほんのう,honno,1897-04-17,16,Wikidata Q564470（2026-10-07取得）
S0wiq9pn,和歌山,Q1044107,わかやま,wakayama,1930,60,Wikidata Q1044107（2026-10-07取得）
S0wj2qj3,北品川,Q858214,きたしながわ,kitashinagawa,1904-05-08,26,Wikidata Q858214（2026-10-07取得）
S0wj2sj4,南豊科,Q6862980,みなみとよしな,minami-toyoshina,1926-04-14,88,Wikidata Q6862980（2026-10-07取得）
S0wj4uck,肥前浜,Q5357093,ひぜんはま,hizen-hama,1930-11-30,43,Wikidata Q5357093（2026-10-07取得）
S0wj782q,茶山・京都芸術大学,Q5088622,,chayama·kyoto-geijutsudaigaku,1925-09-27,33,Wikidata Q5088622（2026-10-07取得）
S0wjbfv1,氷見,Q5765332,ひみ,himi,1912-09-19,8,Wikidata Q5765332（2026-10-07取得）
S0wjsk9h,海山道,Q11558874,みやまど,miyamado,1919,46,Wikidata Q11558874（2026-10-07取得）
S0wjx0zd,谷峨,Q5357267,やが,yaga,1907-03-15,103,Wikidata Q5357267（2026-10-07取得）
S0wjz379,本竜野,Q11520740,ほんたつの,hon-tatsuno,1931-12-23,111,Wikidata Q11520740（2026-10-07取得）
S0wjzlpj,吉成,Q8056189,よしなり,yoshinari,1916-07-01,6,Wikidata Q8056189（2026-10-07取得）
S0wk05h7,新栄町,Q7497124,しんさかえまち,shin-sakaemachi,1970-04-28,28,Wikidata Q7497124（2026-10-07取得）
S0wkdyq8,種差海岸,Q6543173,たねさしかいがん,tanesashi-kaigan,1924-11-10,30,Wikidata Q6543173（2026-10-07取得）
S0wktii2,沼田,Q1706459,ぬまた,numata,1924-03-31,26,Wikidata Q1706459（2026-10-07取得）
S0wkwhcg,福渡,Q5507752,ふくわたり,fukuwatari,1898-12-21,41,Wikidata Q5507752（2026-10-07取得）
S0wlti1g,城戸南蔵院前,Q6404839,,kido-nanzoin-mae,1968-05-25,43,Wikidata Q6404839（2026-10-07取得）
S0wm43ja,出雲大東,Q11395862,いずもだいとう,izumo daito,1916-10-11,52,Wikidata Q11395862（2026-10-07取得）
S0wmpqrk,柚須,Q8061921,,yusu,1988,78,Wikidata Q8061921（2026-10-07取得）
S0wmr2s1,味岡,Q4699757,,ajioka,1931,27,Wikidata Q4699757（2026-10-07取得）
S0wmsu5g,長江,Q11653147,,nagae,1928-04-05,35,Wikidata Q11653147（2026-10-07取得）
S0wmwp66,壬生川,Q875515,にゅうがわ,nyugawa,1923-05-01,17,Wikidata Q875515（2026-10-07取得）
S0wn1u87,鳥栖,Q840544,,tosu,1889-12-11,92,Wikidata Q840544（2026-10-07取得）
S0wn7ptw,上総川間,Q6381703,かずさかわま,kazusa-kawama,1953-04-01,11,Wikidata Q6381703（2026-10-07取得）
S0wnra05,入善,Q3701521,にゅうぜん,nyuzen,1910-04-16,9,Wikidata Q3701521（2026-10-07取得）
S0wnvnkv,干拓の里,Q11481900,かんたくのさと,kantakunosato,1995-04-20,16,Wikidata Q11481900（2026-10-07取得）
S0wojhnu,水原,Q7635304,すいばら,suibara,1912-09-02,10,Wikidata Q7635304（2026-10-07取得）
S0woyy5k,中津,Q5360376,なかつ,nakatsu,1897-09-25,9,Wikidata Q5360376（2026-10-07取得）
S0wp6e5g,折尾,Q871048,,orio,1891,93,Wikidata Q871048（2026-10-07取得）
S0wpb75u,柳井,Q5357965,やない,yanai,1897-09-25,24,Wikidata Q5357965（2026-10-07取得）
S0wpft60,柳瀬川,Q8048266,やなせがわ,yanasegawa,1979-11-08,44,Wikidata Q8048266（2026-10-07取得）
S0wpk4r4,池戸,Q11551608,,ikenobe,1912-04-30,46,Wikidata Q11551608（2026-10-07取得）
S0wpuk1f,武庫川団地前,Q11545984,むこがわだんちまえ,mukogawadanchimae,1984,9,Wikidata Q11545984（2026-10-07取得）
S0wq1if0,神町,Q6199297,じんまち,jimmachi,1901-08-23,45,Wikidata Q6199297（2026-10-07取得）
S0wq5imj,蓮台寺,Q7312783,れんだいじ,rendaiji,1961-12-10,30,Wikidata Q7312783（2026-10-07取得）
S0wqunu9,新郷,Q7034513,にいざと,niizato,1953-12-15,3,Wikidata Q7034513（2026-10-07取得）
S0wr6ltp,大久保,Q1042802,おおくぼ,okubo,1888-12-23,39,Wikidata Q1042802（2026-10-07取得）
S0wrkx2o,高城,Q5359485,たかじょう,takajo,1914-04-01,69,Wikidata Q5359485（2026-10-07取得）
S0wt1pdk,原田,Q5370054,はらだ,harada,1988-03-13,8,Wikidata Q5370054（2026-10-07取得）
S0wthnir,江ノ島,Q846972,えのしま,enoshima,1902-09-01,15,Wikidata Q846972（2026-10-07取得）
S0wtqs0c,戸綿,Q5369980,とわた,towata,1960-04-20,35,Wikidata Q5369980（2026-10-07取得）
S0wtsi2w,小田渕,Q7077218,,odabuchi,1934,36,Wikidata Q7077218（2026-10-07取得）
S0wu4eu5,登戸,Q801266,のぼりと,noborito,1927-03-09,19,Wikidata Q801266（2026-10-07取得）
S0wu7mlm,北浦和,Q801021,きたうらわ,kita-urawa,1936-09-01,41,Wikidata Q801021（2026-10-07取得）
S0wuj0cj,大成,Q861512,,taisei,1986-11-01,3,Wikidata Q861512（2026-10-07取得）
S0wuntxm,万場,Q6747170,まんば,manba,1955-03-01,31,Wikidata Q6747170（2026-10-07取得）
S0wuuuuz,千徳,Q7451363,せんとく,sentoku,1934-11-06,26,Wikidata Q7451363（2026-10-07取得）
S0wuy9rd,井戸,Q11373568,,ido,1947-07-25,22,Wikidata Q11373568（2026-10-07取得）
S0ww5rxk,能登中島,Q7063098,のとなかじま,noto-nakajima,1928-10-31,27,Wikidata Q7063098（2026-10-07取得）
S0wwfsdz,円田,Q5370065,えんでん,enden,1988-03-13,35,Wikidata Q5370065（2026-10-07取得）
S0wwmke0,京急富岡,Q12060974,けいきゅうとみおか,keikyu tomioka,1930-07-10,13,Wikidata Q12060974（2026-10-07取得）
S0wwvfu8,八森,Q11391474,はちもり,hachimori,1926-04-26,4,Wikidata Q11391474（2026-10-07取得）
S0wwvymd,江戸橋,Q5340168,えどばし,edobashi,1917,92,Wikidata Q5340168（2026-10-07取得）
S0www3ur,中萱,Q6960149,なかがや,nakagaya,1915-05-30,48,Wikidata Q6960149（2026-10-07取得）
S0wyeai3,払川,Q55525754,はらいがわ,haraigawa,2019-03-23,454,Wikidata Q55525754（2026-10-07取得）
S0wyk417,国分,Q5357374,こくぶ,kokubu,1929-11-24,31,Wikidata Q5357374（2026-10-07取得）
S0wyng9r,大泉学園,Q8016303,おおいずみがくえん,oizumi-gakuen,1924-11-01,18,Wikidata Q8016303（2026-10-07取得）
S0wyplcp,桂瀬,Q11536833,かつらせ,katsurase,1935-11-15,11,Wikidata Q11536833（2026-10-07取得）
S0wyr96i,東海大学前,Q4459449,とうかいだいがくまえ,tokaidaigaku-mae,1927-04-01,22,Wikidata Q4459449（2026-10-07取得）
S0wys5rf,長万部,Q848232,おしゃまんべ,oshamambe,1903-11-03,24,Wikidata Q848232（2026-10-07取得）
S0wz4g2f,寄居,Q910653,よりい,yorii,1901-10-07,88,Wikidata Q910653（2026-10-07取得）
S0wz7hle,津軽飯詰,Q7849958,つがるいいづめ,tsugaru-iizume,1930-07-15,61,Wikidata Q7849958（2026-10-07取得）
S0wzflf2,八軒,Q128199,,hachiken,1988,16,Wikidata Q128199（2026-10-07取得）
S0wztfwx,浜松,Q603640,はままつ,hamamatsu,1888-09-01,81,Wikidata Q603640（2026-10-07取得）
S0x02h99,津軽浜名,Q7849957,つがるはまな,tsugaru-hamana,1960-12-10,15,Wikidata Q7849957（2026-10-07取得）
S0x0nf5r,奥田中学校前,Q11445988,おくだちゅうがっこうまえ,okudachugakomae,2006-04-29,5,Wikidata Q11445988（2026-10-07取得）
S0x0ruce,洲原,Q7635220,すはら,suhara,1957-04-01,8,Wikidata Q7635220（2026-10-07取得）
S0x0ry50,三松,Q6883302,,mitsumatsu,1961-07-15,24,Wikidata Q6883302（2026-10-07取得）
S0x0ztf2,岡谷,Q843826,おかや,okaya,1905-11-25,45,Wikidata Q843826（2026-10-07取得）
S0x1kvh5,江端,Q5331504,,ebata,1925-07-26,38,Wikidata Q5331504（2026-10-07取得）
S0x1y0aa,上野尻,Q6357180,かみのじり,kami-nojiri,1914-11-01,11,Wikidata Q6357180（2026-10-07取得）
S0x1y8b1,金野,Q903011,きんの,kinno,1932-10-30,30,Wikidata Q903011（2026-10-07取得）
S0x1zekm,南松本,Q3797513,みなみまつもと,minami-matsumoto,1944-09-01,118,Wikidata Q3797513（2026-10-07取得）
S0x2afbk,桜新町,Q261870,さくらしんまち,sakura-shinmachi,1977-04-07,53,Wikidata Q261870（2026-10-07取得）
S0x2ftbv,家山,Q5990207,いえやま,ieyama,1929-12-01,62,Wikidata Q5990207（2026-10-07取得）
S0x2u7fc,吉原本町,Q8056327,,yoshiwara-honcho,1949,28,Wikidata Q8056327（2026-10-07取得）
S0x33w10,堀内公園,Q5903325,,horiuchi-koen,1926,31,Wikidata Q5903325（2026-10-07取得）
S0x36tm2,信濃浅野,Q7497255,しなのあさの,shinano-asano,1921-10-20,60,Wikidata Q7497255（2026-10-07取得）
S0x3ds3o,関目高殿,Q83606,せきめたかどの,sekime-takadono,1977-04-06,15,Wikidata Q83606（2026-10-07取得）
S0x3huz3,伊奈中央,Q11379278,,ina-chuo,1983-12-22,12,Wikidata Q11379278（2026-10-07取得）
S0x47q3f,新鹿,Q899432,あたしか,atashika,1956-04-01,39,Wikidata Q899432（2026-10-07取得）
S0x4b17w,鯰田,Q6961361,,namazuta,1893-07-03,118,Wikidata Q6961361（2026-10-07取得）
S0x4jlip,豊津,Q11633910,,toyotsu,1895-08-15,85,Wikidata Q11633910（2026-10-07取得）
S0x4kv8b,長門古市,Q6958681,ながとふるいち,nagato-furuichi,1929-10-13,40,Wikidata Q6958681（2026-10-07取得）
S0x4rix2,金島,Q6360686,かなしま,kanashima,1945-01-02,16,Wikidata Q6360686（2026-10-07取得）
S0x53cp4,総合リハビリセンター,Q841943,,sogo rihabiri center,2004-10-06,0,Wikidata Q841943（2026-10-07取得）
S0x5hpnc,稀府,Q6758989,,mareppu,1925-08-20,32,Wikidata Q6758989（2026-10-07取得）
S0x6vlru,さいたま新都心,Q801393,さいたましんとしん,saitama-shintoshin,2000-04-01,42,Wikidata Q801393（2026-10-07取得）
S0x6ygu1,京町温泉,Q6453068,,kyomachi onsen,1912-10-01,68,Wikidata Q6453068（2026-10-07取得）
S0x6zyh8,中京競馬場前,Q5119023,,chukyo-keibajo-mae,1953,57,Wikidata Q5119023（2026-10-07取得）
S0x74gy2,敷戸,Q7496590,,shikido,1987-02-22,13,Wikidata Q7496590（2026-10-07取得）
S0x7fkhc,勝間田,Q3661626,かつまだ,katsumada,1934-11-28,22,Wikidata Q3661626（2026-10-07取得）
S0x7hruv,新在家,Q7497846,しんざいけ,shinzaike,1905,12,Wikidata Q7497846（2026-10-07取得）
S0x7zd08,上盛岡,Q6357177,かみもりおか,kami-morioka,1923-10-10,26,Wikidata Q6357177（2026-10-07取得）
S0x7zpil,高槻市,Q3971073,たかつきし,takatsuki-shi,1928,16,Wikidata Q3971073（2026-10-07取得）
S0x83m7w,遠州小松,Q5379983,えんしゅうこまつ,enshu-komatsu,1909-12-06,44,Wikidata Q5379983（2026-10-07取得）
S0x85f5k,真鶴,Q865802,まなづる,manazuru,1922-12-21,29,Wikidata Q865802（2026-10-07取得）
S0x899uo,桐原,Q6415154,きりはら,kirihara,1919-12-05,14,Wikidata Q6415154（2026-10-07取得）
S0x8gzrm,富士根,Q5356707,ふじね,fujine,1913-07-20,5,Wikidata Q5356707（2026-10-07取得）
S0x8o7bx,矢本,Q8048091,やもと,yamoto,1928-11-22,80,Wikidata Q8048091（2026-10-07取得）
S0x8pi9h,織部,Q7102220,おりべ,oribe,2002-04-01,78,Wikidata Q7102220（2026-10-07取得）
S0x8z118,上野間,Q6358203,,kaminoma,1974,26,Wikidata Q6358203（2026-10-07取得）
S0x9z9sf,本牟田部,Q5896564,ほんむたべ,honmutabe,1960-02-01,9,Wikidata Q5896564（2026-10-07取得）
S0xa7rrh,岩原スキー場前,Q3560110,いわっぱらスキーじょうまえ,iwappara-skiing ground,1933-12-08,19,Wikidata Q3560110（2026-10-07取得）
S0xa8akl,永和,Q5350076,えいわ,eiwa,1929,9,Wikidata Q5350076（2026-10-07取得）
S0xab2ax,舞田,Q11613651,まいた,maita,1921-06-17,35,Wikidata Q11613651（2026-10-07取得）
S0xasm4a,湯檜曽,Q3527453,ゆびそ,yubiso,1931-09-01,41,Wikidata Q3527453（2026-10-07取得）
S0xawbhw,草加,Q842450,そうか,soka,1899-08-27,9,Wikidata Q842450（2026-10-07取得）
S0xb83vc,樟葉,Q1825100,くずは,kuzuha,1910,14,Wikidata Q1825100（2026-10-07取得）
S0xb9s2p,東静岡,Q863442,ひがししずおか,higashi-shizuoka,1998-10-30,94,Wikidata Q863442（2026-10-07取得）
S0xbp2li,白神岳登山口,Q7498243,しらかみだけとざんぐち,shirakamidaketozanguchi,1952-06-01,5,Wikidata Q7498243（2026-10-07取得）
S0xc8ltg,安堂,Q4761545,あんどう,ando,1927-07-01,23,Wikidata Q4761545（2026-10-07取得）
S0xc929g,尾山台,Q7116237,おやまだい,oyamadai,1930-04-01,10,Wikidata Q7116237（2026-10-07取得）
S0xcf8ev,吉備真備,Q4445075,,kibinomakibi,1999-01-11,20,Wikidata Q4445075（2026-10-07取得）
S0xcri6y,三厩,Q6867880,みんまや,minmaya,1958-10-21,3,Wikidata Q6867880（2026-10-07取得）
S0xcw7za,打越,Q11497271,,uchigoshi,1953-03-15,7,Wikidata Q11497271（2026-10-07取得）
S0xcwvbx,新疋田,Q5364073,,shin-hikida,1957,13,Wikidata Q5364073（2026-10-07取得）
S0xd3kyk,あき亀山,Q17220566,あきかめやま,aki-kameyama,2017-03-04,31,Wikidata Q17220566（2026-10-07取得）
S0xd7r0o,志布志,Q7496088,,shibushi,1925-03-30,58,Wikidata Q7496088（2026-10-07取得）
S0xdctnn,寝屋川公園,Q855863,ねやがわこうえん,neyagawakoen,1979,47,Wikidata Q855863（2026-10-07取得）
S0xdru63,釜淵,Q11648102,かまぶち,kamabuchi,1904-10-21,9,Wikidata Q11648102（2026-10-07取得）
S0xeun1f,筑後吉井,Q4844938,ちくごよしい,chikugo-yoshii,1928-12-24,59,Wikidata Q4844938（2026-10-07取得）
S0xf3rmb,神武寺,Q6199430,じんむじ,jimmuji,1931-04-01,12,Wikidata Q6199430（2026-10-07取得）
S0xf9zmi,磐城常葉,Q6100380,いわきときわ,iwaki-tokiwa,1921-04-10,46,Wikidata Q6100380（2026-10-07取得）
S0xfkqfo,長門三隅,Q3701388,ながとみすみ,nagato-misumi,1924-11-03,46,Wikidata Q3701388（2026-10-07取得）
S0xfts1v,東浦,Q5754145,ひがしうら,higashiura,1944-11-11,57,Wikidata Q5754145（2026-10-07取得）
S0xgbkgs,浦田,Q11558334,うらだ,urada,1988-03-13,34,Wikidata Q11558334（2026-10-07取得）
S0xgcol2,竹浦,Q7678178,,takeura,1897-02-16,86,Wikidata Q7678178（2026-10-07取得）
S0xguran,小鳥谷,Q6435394,こずや,kozuya,1891-09-01,1,Wikidata Q6435394（2026-10-07取得）
S0xgyttd,表参道,Q1326733,おもてさんどう,omotesando,1938-11-18,41,Wikidata Q1326733（2026-10-07取得）
S0xhfbyh,白井海岸,Q11579393,しらいかいがん,shiraikaigan,1984-12-22,24,Wikidata Q11579393（2026-10-07取得）
S0xhic4y,東田平,Q5753856,ひがしたびら,higashi-tabira,1935-08-06,15,Wikidata Q5753856（2026-10-07取得）
S0xhn3g3,あつみ温泉,Q4817784,あつみおんせん,atsumi-onsen,1923-03-28,9,Wikidata Q4817784（2026-10-07取得）
S0xi0m0g,沼久保,Q7069039,ぬまくぼ,numakubo,1929-03-10,6,Wikidata Q7069039（2026-10-07取得）
S0xicupv,三好町,Q11354940,,miyoshicho,1921-06-17,18,Wikidata Q11354940（2026-10-07取得）
S0xif7wm,成城学園前,Q4448389,せいじょうがくえんまえ,seijogakuen-mae,1927-04-01,23,Wikidata Q4448389（2026-10-07取得）
S0xiuys8,平針,Q1652890,,hirabari,1978-10-01,115,Wikidata Q1652890（2026-10-07取得）
S0xiwbyw,多々良,Q7687888,たたら,tatara,1907-08-27,35,Wikidata Q7687888（2026-10-07取得）
S0xiz8ab,青海,Q1042051,あおみ,aomi,1995-11-01,3,Wikidata Q1042051（2026-10-07取得）
S0xj3bo5,大和小泉,Q856532,やまとこいずみ,yamato-koizumi,1890,28,Wikidata Q856532（2026-10-07取得）
S0xjl6rj,小野町,Q3095828,おのまち,onomachi,1913-08-10,18,Wikidata Q3095828（2026-10-07取得）
S0xjm08f,高座渋谷,Q4226172,こうざしぶや,koza-shibuya,1929-04-01,39,Wikidata Q4226172（2026-10-07取得）
S0xjtf2m,海崎,Q8011073,,kaizaki,1923-07-01,12,Wikidata Q8011073（2026-10-07取得）
S0xk3ufu,博労町,Q4207571,ばくろうまち,bakuromachi,1952-07-01,74,Wikidata Q4207571（2026-10-07取得）
S0xl26hy,土佐白浜,Q7827533,とさしらはま,tosa-shirahama,1970-10-01,66,Wikidata Q7827533（2026-10-07取得）
S0xll39x,三ツ境,Q11354006,みつきょう,mitsukyo,1926-05-12,24,Wikidata Q11354006（2026-10-07取得）
S0xlxx0r,森下,Q11539232,,morishita,1956,17,Wikidata Q11539232（2026-10-07取得）
S0xm2su2,西諫早,Q1066111,にしいさはや,nishi-isahaya,1985-03-14,32,Wikidata Q1066111（2026-10-07取得）
S0xmu3ea,岡崎公園前,Q7081877,,okazakikoen-mae,1923,44,Wikidata Q7081877（2026-10-07取得）
S0xn9zr8,武蔵浦和,Q801208,むさしうらわ,musashi-urawa,1985-09-30,67,Wikidata Q801208（2026-10-07取得）
S0xnb6u9,大保,Q11432382,おおほ,oho,1924-04-12,42,Wikidata Q11432382（2026-10-07取得）
S0xnji0o,下北条,Q900470,しもほうじょう,shimohojo,1915-03-10,9,Wikidata Q900470（2026-10-07取得）
S0xnt9go,渋沢,Q4418411,しぶさわ,shibusawa,1927-04-01,16,Wikidata Q4418411（2026-10-07取得）
S0xnx7ae,武蔵五日市,Q6940131,むさしいつかいち,musashi-itsukaichi,1925-04-21,1,Wikidata Q6940131（2026-10-07取得）
S0xpdn01,赤坂,Q4700319,あかさか,akasaka,1933-12-18,26,Wikidata Q4700319（2026-10-07取得）
S0xpme4o,焼津,Q871841,やいづ,yaizu,1889-04-16,45,Wikidata Q871841（2026-10-07取得）
S0xpmq7h,飯羽間,Q11666656,,iibama,1959-01-10,21,Wikidata Q11666656（2026-10-07取得）
S0xqa60u,下赤塚,Q7496913,しもあかつか,shimo-akatsuka,1930-12-29,51,Wikidata Q7496913（2026-10-07取得）
S0xqridb,多度,Q7674658,,tado,1919-04-27,31,Wikidata Q7674658（2026-10-07取得）
S0xs1f8f,東川口,Q8015281,ひがしかわぐち,higashi-kawaguchi,1973-04-01,76,Wikidata Q8015281（2026-10-07取得）
S0xsiocg,藤沢本町,Q4493282,ふじさわほんまち,fujisawa-hommachi,1929-04-01,30,Wikidata Q4493282（2026-10-07取得）
S0xsyjq3,松が谷,Q6788096,まつがや,matsugaya,2000-01-10,7,Wikidata Q6788096（2026-10-07取得）
S0xsyud0,新宮,Q5357415,しんぐう,shingu,1913-03-01,98,Wikidata Q5357415（2026-10-07取得）
S0xt92xn,福地,Q5507617,,fukuchi,1915,11,Wikidata Q5507617（2026-10-07取得）
S0xu7tl4,新豊橋,Q7497141,しんとよはし,shin-toyohashi,1927-10-01,40,Wikidata Q7497141（2026-10-07取得）
S0xuczw5,日出谷,Q11504928,ひでや,hideya,1914-11-01,35,Wikidata Q11504928（2026-10-07取得）
S0xuq1fv,くびき,Q6441253,くびき,kubiki,1997-03-22,29,Wikidata Q6441253（2026-10-07取得）
S0xut2az,鎌ヶ谷,Q6355264,かまがや,kamagaya,1923-12-27,31,Wikidata Q6355264（2026-10-07取得）
S0xv760c,瑞穂区役所,Q859156,,mizuho kuyakusho,1994-03-30,48,Wikidata Q859156（2026-10-07取得）
S0xv82im,神戸三宮,Q124428939,こうべさんのみや,hankyu corporation kobe‐sannomiya,1936-04-01,77,Wikidata Q124428939（2026-10-07取得）
S0xvc8p0,五十崎,Q899606,いかざき,ikazaki,1920-05-01,39,Wikidata Q899606（2026-10-07取得）
S0xwpwsc,岩野目,Q11475670,いわのめ,iwanome,1963-10-15,5,Wikidata Q11475670（2026-10-07取得）
S0xwx9sa,宮内,Q6884429,みやうち,miyauchi,1898-12-27,19,Wikidata Q6884429（2026-10-07取得）
S0xxdxzh,鎌取,Q5353463,かまとり,kamatori,1952-06-15,16,Wikidata Q5353463（2026-10-07取得）
S0xxpy5v,鵠沼,Q858839,くげぬま,kugenuma,1902-09-01,10,Wikidata Q858839（2026-10-07取得）
S0xxriue,渚,Q5358380,なぎさ,nagisa,1934-10-25,8,Wikidata Q5358380（2026-10-07取得）
S0xxzime,笹原,Q5359670,ささばる,sasabaru,1987-03-09,7,Wikidata Q5359670（2026-10-07取得）
S0xy0w1m,稲子,Q5355742,いなこ,inako,1929-08-15,18,Wikidata Q5355742（2026-10-07取得）
S0xy2tob,府屋,Q5510961,ふや,fuya,1924-07-31,95,Wikidata Q5510961（2026-10-07取得）
S0xy9vng,久留米大学前,Q4405128,くるめだいがくまえ,kurume-daigakumae,2000-03-11,93,Wikidata Q4405128（2026-10-07取得）
S0xyoqz0,須津,Q7633905,すど,sudo,1953,8,Wikidata Q7633905（2026-10-07取得）
S0xyqwfa,吉川美南,Q8056102,よしかわみなみ,yoshikawa-minami,2012-03-17,17,Wikidata Q8056102（2026-10-07取得）
S0xza6eu,百草園,Q4299262,もぐさえん,mogusaen,1925-03-24,51,Wikidata Q4299262（2026-10-07取得）
S0xzjw3q,尾崎,Q7116438,おざき,ozaki,1897-11-09,83,Wikidata Q7116438（2026-10-07取得）
S0y00og7,高森,Q11670738,たかもり,takamori,1928-02-12,22,Wikidata Q11670738（2026-10-07取得）
S0y16z1f,函南,Q852321,かんなみ,kannami,1934-12-01,63,Wikidata Q852321（2026-10-07取得）
S0y1by3q,沼部,Q11554639,ぬまべ,numabe,1923-03-11,7,Wikidata Q11554639（2026-10-07取得）
S0y1jn4n,小月,Q3611296,おづき,ozuki,1901-05-27,45,Wikidata Q3611296（2026-10-07取得）
S0y1nuyb,下野花岡,Q7497017,しもつけはなおか,shimotsuke-hanaoka,1934-08-15,8,Wikidata Q7497017（2026-10-07取得）
S0y1op3u,天下茶屋,Q2084603,てんがちゃや,tengachaya,1885-12-29,14,Wikidata Q2084603（2026-10-07取得）
S0y328fg,長篠城,Q773379,ながしのじょう,nagashinojo,1924-04-01,13,Wikidata Q773379（2026-10-07取得）
S0y3rnj7,矢倉,Q8046763,やぐら,yagura,1959-11-10,9,Wikidata Q8046763（2026-10-07取得）
S0y3wl3x,三加茂,Q6845701,みかも,mikamo,1961-12-15,14,Wikidata Q6845701（2026-10-07取得）
S0y4l51l,間島,Q6737891,まじま,majima,1924-07-31,29,Wikidata Q6737891（2026-10-07取得）
S0y5arb5,早口,Q5685960,はやぐち,hayaguchi,1900-10-07,98,Wikidata Q5685960（2026-10-07取得）
S0y61ucj,長門粟野,Q6958679,ながとあわの,nagato-awano,1930-12-07,18,Wikidata Q6958679（2026-10-07取得）
S0y6s2i5,上井草,Q5973346,かみいぐさ,kami-igusa,1927-04-16,22,Wikidata Q5973346（2026-10-07取得）
S0y6zhjo,新芝浦,Q1581516,しんしばうら,shin-shibaura,1932-06-10,9,Wikidata Q1581516（2026-10-07取得）
S0y71a61,野々市工大前,Q11644904,ののいちこうだいまえ,nonoichi-kodaimae,1931-08-11,25,Wikidata Q11644904（2026-10-07取得）
S0y75c3l,母恋,Q4938806,,bokoi,1935-12-29,34,Wikidata Q4938806（2026-10-07取得）
S0y7gt2o,錦江,Q5357318,きんこう,kinko,1986-03-03,8,Wikidata Q5357318（2026-10-07取得）
S0y7ph5y,宮崎,Q899703,,miyazaki,1913-12-15,2,Wikidata Q899703（2026-10-07取得）
S0y81zge,交野市,Q6375107,かたのし,katanoshi,1929,39,Wikidata Q6375107（2026-10-07取得）
S0y86lzj,平田,Q11483408,へいた,heita,1984-04-01,8,Wikidata Q11483408（2026-10-07取得）
S0y87ewz,石橋,Q872787,いしばし,ishibashi,1885-07-16,27,Wikidata Q872787（2026-10-07取得）
S0y88p9x,前空,Q5358411,まえぞら,maezora,2000-03-11,16,Wikidata Q5358411（2026-10-07取得）
S0y8jf9p,川俣,Q6379607,かわまた,kawamata,1903-04-23,47,Wikidata Q6379607（2026-10-07取得）
S0y8l94e,金屋,Q6912442,,kanaya,2001,4,Wikidata Q6912442（2026-10-07取得）
S0y8rech,おごと温泉,Q5367599,,ogoto-onsen,1974,54,Wikidata Q5367599（2026-10-07取得）
S0y8vm96,北鈴蘭台,Q6417608,,kita-suzurandai,1970-04-06,2,Wikidata Q6417608（2026-10-07取得）
S0y8zx4q,高岳,Q854707,,takaoka,1989-09-10,109,Wikidata Q854707（2026-10-07取得）
S0y9nayy,佐賀,Q1042665,さが,saga,1891-08-20,4,Wikidata Q1042665（2026-10-07取得）
S0ya5clc,宿河原,Q5366653,しゅくがわら,shukugawara,1927-03-09,18,Wikidata Q5366653（2026-10-07取得）
S0ya74ec,狩川,Q6370520,かりかわ,karikawa,1914-08-16,9,Wikidata Q6370520（2026-10-07取得）
S0yae734,波多浦,Q8192114,,hataura,1959-12-25,81,Wikidata Q8192114（2026-10-07取得）
S0yagngb,尼ヶ坂,Q4739119,,amagasaka,1911,45,Wikidata Q4739119（2026-10-07取得）
S0yaimir,六実,Q11392323,むつみ,mutsumi,1923-12-27,7,Wikidata Q11392323（2026-10-07取得）
S0yb4185,富士宮,Q5356094,ふじのみや,fujinomiya,1913-07-20,28,Wikidata Q5356094（2026-10-07取得）
S0yb9h3f,飯井,Q11666111,いい,ii,1964-01-21,18,Wikidata Q11666111（2026-10-07取得）
S0ybdyqm,石田,Q774204,いしだ,ishida,2004-11-26,1,Wikidata Q774204（2026-10-07取得）
S0ybmzuq,神保原,Q845133,じんぼはら,jimbohara,1897-11-15,22,Wikidata Q845133（2026-10-07取得）
S0ybt2k3,向能代,Q6933381,むかいのしろ,mukai-noshiro,1949-02-01,12,Wikidata Q6933381（2026-10-07取得）
S0yct83s,久那土,Q6444138,くなど,kunado,1927-12-17,27,Wikidata Q6444138（2026-10-07取得）
S0yct9b0,真駒内,Q3563878,まこまない,makomanai,1971-12-16,17,Wikidata Q3563878（2026-10-07取得）
S0yd5jz7,新越谷,Q280550,しんこしがや,shin-koshigaya,1974-07-23,64,Wikidata Q280550（2026-10-07取得）
S0yd8hsl,上総村上,Q6381713,かずさむらかみ,kazusa-murakami,1927-02-25,21,Wikidata Q6381713（2026-10-07取得）
S0ydzkec,刑部,Q7105635,おさかべ,osakabe,1930-12-11,25,Wikidata Q7105635（2026-10-07取得）
S0ye5vdw,各務原市役所前,Q6349208,,kakamigahara-shiyakusho-mae,1926,15,Wikidata Q6349208（2026-10-07取得）
S0ye9o48,岡本,Q873979,おかもと,okamoto,1897-02-25,23,Wikidata Q873979（2026-10-07取得）
S0yecfk7,勇払,Q11399956,ゆうふつ,yufutsu,1913,107,Wikidata Q11399956（2026-10-07取得）
S0yecjvn,高根公団,Q7677176,たかねこうだん,takanekodan,1961-08-01,41,Wikidata Q7677176（2026-10-07取得）
S0yezd5q,渕東,Q11561813,えんどう,endo,1922-09-26,3,Wikidata Q11561813（2026-10-07取得）
S0yf0783,讃岐財田,Q900467,,sanuki-saida,1923-05-21,38,Wikidata Q900467（2026-10-07取得）
S0yf405r,舞浜,Q801154,まいはま,maihama,1988-12-01,39,Wikidata Q801154（2026-10-07取得）
S0yf4dlk,山本,Q3971366,やまもと,yamamoto,1961,47,Wikidata Q3971366（2026-10-07取得）
S0yfh7jn,下之郷,Q11360592,,shimonogo,1921-06-17,5,Wikidata Q11360592（2026-10-07取得）
S0yfm1z0,桶川,Q844901,おけがわ,okegawa,1885-03-01,26,Wikidata Q844901（2026-10-07取得）
S0yftsgt,若井,Q7960771,わかい,wakai,1963-12-18,17,Wikidata Q7960771（2026-10-07取得）
S0yfvkgo,美田園,Q6880783,みたぞの,mitazono,2007-03-18,7,Wikidata Q6880783（2026-10-07取得）
S0ygdzmt,赤湯,Q1137103,あかゆ,akayu,1900-04-21,7,Wikidata Q1137103（2026-10-07取得）
S0yh85dd,黒田庄,Q3096707,くろだしょう,kurodasho,1924-12-27,23,Wikidata Q3096707（2026-10-07取得）
S0yh89wt,新板橋,Q1039904,しんいたばし,shin-itabashi,1968-12-27,23,Wikidata Q1039904（2026-10-07取得）
S0yhhpmo,鳴子温泉,Q6966446,なるこおんせん,naruko-onsen,1915-04-18,21,Wikidata Q6966446（2026-10-07取得）
S0yhlgv8,静,Q7499473,しず,shizu,1919-02-01,15,Wikidata Q7499473（2026-10-07取得）
S0yhno6d,榊原温泉口,Q7402788,さかきばらおんせんぐち,sakakibara-onsenguchi,1930-11-19,18,Wikidata Q7402788（2026-10-07取得）
S0yi00vx,信濃川島,Q7497262,しなのかわしま,shinano-kawashima,1955-04-01,124,Wikidata Q7497262（2026-10-07取得）
S0yiipuy,山前,Q8047852,やままえ,yamamae,1897-04-01,12,Wikidata Q8047852（2026-10-07取得）
S0yix6yw,緒川,Q7079854,おがわ,ogawa,1900-03-01,27,Wikidata Q7079854（2026-10-07取得）
S0yj55ew,武蔵引田,Q6940130,むさしひきだ,musashi-hikida,1930-04-04,10,Wikidata Q6940130（2026-10-07取得）
S0yjb4qe,鼎,Q985286,かなえ,kanae,1926-12-17,35,Wikidata Q985286（2026-10-07取得）
S0yjj229,関ノ宮,Q7447206,せきのみや,sekinomiya,1938-01-20,11,Wikidata Q7447206（2026-10-07取得）
S0ykbe90,和木,Q5358372,わき,waki,2008-03-15,11,Wikidata Q5358372（2026-10-07取得）
S0ykdc3x,牛込神楽坂,Q246195,うしごめかぐらざか,ushigome-kagurazaka,2000-12-20,24,Wikidata Q246195（2026-10-07取得）
S0ykfzwq,姶良,Q900364,,aira,1988-03-13,10,Wikidata Q900364（2026-10-07取得）
S0yku8aw,三河田原,Q6845749,みかわたはら,mikawa tahara,1924-06-10,14,Wikidata Q6845749（2026-10-07取得）
S0ykvqvb,牧,Q11570634,まき,maki,1988-07-16,27,Wikidata Q11570634（2026-10-07取得）
S0yle1yk,神鉄六甲,Q7497795,,shintetsu rokko,1928-11-28,8,Wikidata Q7497795（2026-10-07取得）
S0ym01cb,竹松,Q7678011,,takematsu,1922-05-25,19,Wikidata Q7678011（2026-10-07取得）
S0ym46ea,安浦,Q8050123,やすうら,yasuura,1935-02-17,27,Wikidata Q8050123（2026-10-07取得）
S0yme7o0,瀬峰,Q899164,せみね,semine,1890-04-16,24,Wikidata Q899164（2026-10-07取得）
S0ymep5n,臼田,Q7902246,うすだ,usuda,1915-12-28,15,Wikidata Q7902246（2026-10-07取得）
S0ymfxcz,神俣,Q429178,かんまた,kanmata,1915-03-21,66,Wikidata Q429178（2026-10-07取得）
S0yo73or,田野口,Q7683726,たのくち,tanokuchi,1931-04-12,48,Wikidata Q7683726（2026-10-07取得）
S0yoahzk,香登,Q6346384,かがと,kagato,1962-09-01,57,Wikidata Q6346384（2026-10-07取得）
S0yofl06,田山,Q7689750,たやま,tayama,1929-10-25,1,Wikidata Q7689750（2026-10-07取得）
S0yogjgj,印西牧の原,Q5366605,いんざいまきのはら,inzai-makinohara,1995-04-01,19,Wikidata Q5366605（2026-10-07取得）
S0yp3ytb,飯森,Q11666418,いいもり,iimori,1960-07-20,26,Wikidata Q11666418（2026-10-07取得）
S0ypb363,大分大学前,Q8081517,,oita-daigaku-mae,2002-03-23,68,Wikidata Q8081517（2026-10-07取得）
S0ypiumo,於福,Q11504403,おふく,ofuku,1920,26,Wikidata Q11504403（2026-10-07取得）
S0ypr423,テクノさかき,Q7695516,テクノさかき,tekuno-sakaki,1999-04-01,69,Wikidata Q7695516（2026-10-07取得）
S0yq3ly9,土佐昭和,Q7827534,とさしょうわ,tosa-showa,1974-03-01,48,Wikidata Q7827534（2026-10-07取得）
S0yqbhha,月岡,Q7850078,つきおか,tsukioka,1912-09-02,51,Wikidata Q7850078（2026-10-07取得）
S0yqetb3,北延岡,Q5358059,きたのべおか,kita-nobeoka,1953-02-11,38,Wikidata Q5358059（2026-10-07取得）
S0yqy1zm,藤が丘,Q850679,,fujigaoka,1969-04-01,24,Wikidata Q850679（2026-10-07取得）
S0yr0f4q,津和野,Q7850356,つわの,tsuwano,1918-08-05,9,Wikidata Q7850356（2026-10-07取得）
S0yr1wng,立間,Q899598,たちま,tachima,1941-07-02,9,Wikidata Q899598（2026-10-07取得）
S0yr3e9z,古津賀,Q6434253,こつか,kotsuka,1988-04-01,19,Wikidata Q6434253（2026-10-07取得）
S0yr4v0z,三木上の丸,Q6849869,みきうえのまる,miki uenomaru,1937,23,Wikidata Q6849869（2026-10-07取得）
S0yrt4fk,守谷,Q5371869,もりや,moriya,1913-11-01,32,Wikidata Q5371869（2026-10-07取得）
S0yrytag,小田急多摩センター,Q124477005,おだきゅうたませんたー,odakyu tama center,1975-04-23,32,Wikidata Q124477005（2026-10-07取得）
S0ys33sg,船岡,Q871669,ふなおか,funaoka,1953-10-10,5,Wikidata Q871669（2026-10-07取得）
S0yscork,目白,Q375154,めじろ,mejiro,1885-03-16,86,Wikidata Q375154（2026-10-07取得）
S0yswvlf,九重,Q553860,ここのえ,kokonoe,1921-06-01,39,Wikidata Q553860（2026-10-07取得）
S0ysznv7,下市口,Q7496967,,shimoichiguchi,1912-10-25,51,Wikidata Q7496967（2026-10-07取得）
S0yu0n7z,財光寺,Q898867,,zaikoji,1989-03-11,45,Wikidata Q898867（2026-10-07取得）
S0yul1ji,船平山,Q5508716,ふなひらやま,funahirayama,1947,9,Wikidata Q5508716（2026-10-07取得）
S0yvn9i4,青梅街道,Q8014548,おうめかいどう,omekaido,1928-04-06,58,Wikidata Q8014548（2026-10-07取得）
S0yvq579,ウェスパ椿山,Q7977214,ウェスパつばきやま,wespa-tsubakiyama,2001-12-01,36,Wikidata Q7977214（2026-10-07取得）
S0yvrigd,二和向台,Q5510499,ふたわむこうだい,futawamukodai,1949-03-16,32,Wikidata Q5510499（2026-10-07取得）
S0yvv9zo,箱崎宮前,Q4357205,,hakozaki-miyamae,1986-01-31,15,Wikidata Q4357205（2026-10-07取得）
S0ywelxc,涌谷,Q7961231,わくや,wakuya,1912-10-28,25,Wikidata Q7961231（2026-10-07取得）
S0ywithl,新宿西口,Q246198,しんじゅくにしぐち,shinjuku-nishiguchi,2000-12-12,30,Wikidata Q246198（2026-10-07取得）
S0ywl643,羽前豊里,Q7904875,うぜんとよさと,uzen-toyosato,1921-12-15,3,Wikidata Q7904875（2026-10-07取得）
S0yx0wml,清水五条,Q1111248,きよみずごじょう,kiyomizu-gojo,1910,53,Wikidata Q1111248（2026-10-07取得）
S0yx8iv5,燕,Q7849892,つばめ,tsubame,1922-04-20,18,Wikidata Q7849892（2026-10-07取得）
S0yxkd1g,松飛台,Q6788097,まつひだい,matsuhidai,1991-03-31,14,Wikidata Q6788097（2026-10-07取得）
S0yy3qku,黒川,Q863877,,kurokawa,1971-12-20,15,Wikidata Q863877（2026-10-07取得）
S0yyjh0e,梅本,Q11538501,うめのもと,umenomoto,1935-05-01,9,Wikidata Q11538501（2026-10-07取得）
S0yyofk7,東光寺,Q7862700,とうこうじ,tokoji,1944-05-29,34,Wikidata Q7862700（2026-10-07取得）
S0yytvi0,椋野,Q6933669,むくの,mukuno,1960-11-01,11,Wikidata Q6933669（2026-10-07取得）
S0yyvxnr,河佐,Q6379714,かわさ,kawasa,1938-07-28,32,Wikidata Q6379714（2026-10-07取得）
S0yzcxdq,姫川,Q5765272,ひめかわ,himekawa,1986-11-01,20,Wikidata Q5765272（2026-10-07取得）
S0yzwx80,根岸,Q801241,ねぎし,negishi,1964-05-19,99,Wikidata Q801241（2026-10-07取得）
S0z02fqh,本庄早稲田,Q1138362,ほんじょうわせだ,honjo-waseda,2004,22,Wikidata Q1138362（2026-10-07取得）
S0z03b2w,常山,Q7850217,つねやま,tsuneyama,1939-01-01,31,Wikidata Q7850217（2026-10-07取得）
S0z0g8l9,池野,Q11552303,,ikeno,1913-07-31,21,Wikidata Q11552303（2026-10-07取得）
S0z0hyxj,鹿角花輪,Q6381606,かづのはなわ,kazunohanawa,1923-10-10,118,Wikidata Q6381606（2026-10-07取得）
S0z140fv,神目,Q6455209,こうめ,kome,1928-12-16,27,Wikidata Q6455209（2026-10-07取得）
S0z1iqrq,仁井田,Q3249375,にいだ,niida,1951-11-12,26,Wikidata Q3249375（2026-10-07取得）
S0z3qr1b,西小林,Q8189751,,nishi kobayashi,1929-02-01,31,Wikidata Q8189751（2026-10-07取得）
S0z4gsyc,七ヶ岳登山口,Q6962439,ななつがたけとざんぐち,nanatsugatake-tozanguchi,1953-11-08,10,Wikidata Q6962439（2026-10-07取得）
S0z4pelo,水口城南,Q3184422,,minakuchi jonan,1989-04-05,30,Wikidata Q3184422（2026-10-07取得）
S0z506s6,富野,Q11457343,とみの,tomino,1988-07-01,4,Wikidata Q11457343（2026-10-07取得）
S0z50orx,あいの里公園,Q2490245,,ainosato-koen,1958,59,Wikidata Q2490245（2026-10-07取得）
S0z52s4y,南桜井,Q6862963,,minami-sakurai,2008,22,Wikidata Q6862963（2026-10-07取得）
S0z5405a,名和,Q6982742,,nawa,1912-02-18,31,Wikidata Q6982742（2026-10-07取得）
S0z5lk4b,陸奥市川,Q5356831,むついちかわ,mutsu-ichikawa,1926-11-05,30,Wikidata Q5356831（2026-10-07取得）
S0z5yal7,寒河江,Q7398936,さがえ,sagae,1921-11-21,49,Wikidata Q7398936（2026-10-07取得）
S0z65hn1,鑓見内,Q8049341,やりみない,yariminai,1960-04-01,30,Wikidata Q8049341（2026-10-07取得）
S0z67b2c,浜の宮,Q5644063,はまのみや,hamanomiya,1923-08-19,5,Wikidata Q5644063（2026-10-07取得）
S0z67plt,安和,Q4829648,あわ,awa,1939-11-15,17,Wikidata Q4829648（2026-10-07取得）
S0z72ktg,市場,Q11480107,,ichiba,1990-04-01,18,Wikidata Q11480107（2026-10-07取得）
S0z7aip9,志村坂上,Q1039780,しむらさかうえ,shimura-sakaue,1968-12-27,88,Wikidata Q1039780（2026-10-07取得）
S0z7gqdn,みどり台,Q6842906,みどりだい,midori-dai,1923-02-22,41,Wikidata Q6842906（2026-10-07取得）
S0z875no,呼野,Q5360267,よぶの,yobuno,1915-04-01,39,Wikidata Q5360267（2026-10-07取得）
S0z8h98a,下土狩,Q5357624,しもとがり,shimo-togari,1898-06-15,132,Wikidata Q5357624（2026-10-07取得）
S0z8tnmx,上今井,Q6357799,かみいまい,kamiimai,1921-10-20,50,Wikidata Q6357799（2026-10-07取得）
S0z94kyj,花巻,Q1057662,はなまき,hanamaki,1890-11-01,4,Wikidata Q1057662（2026-10-07取得）
S0z96v5j,三代橋,Q11354356,みだいばし,midaibashi,1989-03-11,30,Wikidata Q11354356（2026-10-07取得）
S0z96wi1,月寒中央,Q3563606,つきさむちゅうおう,tsukisamu-chuo,1994-10-14,79,Wikidata Q3563606（2026-10-07取得）
S0za5bvy,椎柴,Q7496496,しいしば,shiishiba,1933-03-11,13,Wikidata Q7496496（2026-10-07取得）
S0zampt5,小野上温泉,Q7094463,おのがみおんせん,onogami-onsen,1992-03-14,5,Wikidata Q7094463（2026-10-07取得）
S0zapsne,羽貫,Q11610375,,hanuki,1983-12-22,18,Wikidata Q11610375（2026-10-07取得）
S0zarfqn,一ノ割,Q5986273,いちのわり,ichinowari,1926-10-01,109,Wikidata Q5986273（2026-10-07取得）
S0zb4cvi,田切,Q989252,たぎり,tagiri,1918-02-11,88,Wikidata Q989252（2026-10-07取得）
S0zb7twb,御嶽,Q6880751,みたけ,mitake,1929-09-01,23,Wikidata Q6880751（2026-10-07取得）
S0zbaai4,上岡,Q5357786,かみおか,kamioka,1920-11-20,60,Wikidata Q5357786（2026-10-07取得）
S0zbbadk,平林,Q180457,ひらばやし,hirabayashi,1981-03-16,7,Wikidata Q180457（2026-10-07取得）
S0zbe03p,居組,Q899443,いぐみ,igumi,1911-11-10,47,Wikidata Q899443（2026-10-07取得）
S0zbkfwg,穴太,Q11597219,あのう,anoh,1914,31,Wikidata Q11597219（2026-10-07取得）
S0zc1jq1,武庫川,Q6933572,むこがわ,mukogawa,1905,73,Wikidata Q6933572（2026-10-07取得）
S0zcesh6,細谷,Q5908235,ほそや,hosoya,1956-05-10,9,Wikidata Q5908235（2026-10-07取得）
S0zdxvkf,牧山,Q6739769,まきやま,makiyama,1912-10-10,8,Wikidata Q6739769（2026-10-07取得）
S0ze25h1,村上,Q6937257,むらかみ,murakami,1914-11-01,39,Wikidata Q6937257（2026-10-07取得）
S0zeppbc,岡田,Q11473736,,okada,1927-03-15,90,Wikidata Q11473736（2026-10-07取得）
S0zeyl2y,さくらんぼ東根,Q742572,さくらんぼひがしね,sakurambo-higashine,1999-12-04,13,Wikidata Q742572（2026-10-07取得）
S0zf4gkp,伊那八幡,Q985174,いなやわた,ina-yawata,1926-12-17,12,Wikidata Q985174（2026-10-07取得）
S0zfjqb0,小林,Q7074648,,obayashi,1921,50,Wikidata Q7074648（2026-10-07取得）
S0zg0daf,太刀洗,Q11443834,,tachiarai,1939-04-28,19,Wikidata Q11443834（2026-10-07取得）
S0zg6rx0,西三次,Q7040376,にしみよし,nishi-miyoshi,1915-06-01,30,Wikidata Q7040376（2026-10-07取得）
S0zg9n7i,野田生,Q864357,のだおい,nodaoi,1903-11-03,71,Wikidata Q864357（2026-10-07取得）
S0zgeng1,信濃森上,Q7497261,しなのもりうえ,shinano-moriue,1932-11-20,29,Wikidata Q7497261（2026-10-07取得）
S0zgn2bm,新堂,Q7497321,しんどう,shindo,1921-07-15,24,Wikidata Q7497321（2026-10-07取得）
S0zh4aej,水城,Q5359425,みずき,mizuki,1913-09-21,18,Wikidata Q5359425（2026-10-07取得）
S0zig1hj,犬山口,Q6059399,,inuyamaguchi,1912,20,Wikidata Q6059399（2026-10-07取得）
S0ziqs3q,六渡寺,Q7360098,,rokudoji,1933-12-25,0,Wikidata Q7360098（2026-10-07取得）
S0zjbylz,仏子,Q5001507,ぶし,bushi,1915-04-15,22,Wikidata Q5001507（2026-10-07取得）
S0zjdoq9,飯田,Q985322,いいだ,iida,1923-08-03,14,Wikidata Q985322（2026-10-07取得）
S0zjmtak,河辺,Q6344018,かべ,kabe,1894-02-20,6,Wikidata Q6344018（2026-10-07取得）
S0zk1110,河内山本,Q6379464,かわちやまもと,kawachi-yamamoto,1925-09-30,42,Wikidata Q6379464（2026-10-07取得）
S0zk3obe,新井,Q7034357,にい,nii,1901-08-29,7,Wikidata Q7034357（2026-10-07取得）
S0zk94r8,能登二宮,Q7063099,のとにのみや,noto-ninomiya,1960-02-10,15,Wikidata Q7063099（2026-10-07取得）
S0zkazq5,現川,Q5355514,うつつがわ,utsutsugawa,1972-10-02,34,Wikidata Q5355514（2026-10-07取得）
S0zkcsbb,森本,Q5359635,もりもと,morimoto,1911-11-01,14,Wikidata Q5359635（2026-10-07取得）
S0zko24n,土佐穴内,Q900641,とさあなない,tosa-ananai,1934-10-28,18,Wikidata Q900641（2026-10-07取得）
S0zl7fdh,印南,Q2898346,いなみ,inami,1930-12-14,40,Wikidata Q2898346（2026-10-07取得）
S0zlewo1,南日永,Q6862880,みなみひなが,minami-hinaga,1922,16,Wikidata Q6862880（2026-10-07取得）
S0zlgy24,北長瀬,Q5360787,きたながせ,kitanagase,2005-10-01,51,Wikidata Q5360787（2026-10-07取得）
S0zlvapo,西鉄福岡（天神）,Q901130,にしてつふくおかてんじん,nishitetsu fukuoka (tenjin),1924-04-12,156,Wikidata Q901130（2026-10-07取得）
S0zlw5bn,八日市,Q8062651,ようかいち,yokaichi,1898,55,Wikidata Q8062651（2026-10-07取得）
S0zlx7by,黒坂,Q6446375,くろさか,kurosaka,1922-11-10,3,Wikidata Q6446375（2026-10-07取得）
S0zmcsvp,下油井,Q7497027,しもゆい,shimoyui,1928-03-21,36,Wikidata Q7497027（2026-10-07取得）
S0zmfgm7,西ノ京,Q11627071,,nishinokyo,1921-04-01,48,Wikidata Q11627071（2026-10-07取得）
S0zmxmvn,今山,Q337862,いまやま,imayama,1937-08-22,9,Wikidata Q337862（2026-10-07取得）
S0zn1m6y,吹浦,Q5507708,ふくら,fukura,1920-07-20,17,Wikidata Q5507708（2026-10-07取得）
S0zn3f94,中央前橋,Q5119036,ちゅうおうまえばし,chuo-maebashi,1928-11-10,48,Wikidata Q5119036（2026-10-07取得）
S0zno3ab,南吹田,Q55790072,みなみすいた,minami-suita,2019-03-16,9,Wikidata Q55790072（2026-10-07取得）
S0znph98,五十川,Q6066383,いらがわ,iragawa,1923-03-18,14,Wikidata Q6066383（2026-10-07取得）
S0zodp5h,今羽,Q11377372,,komba,1983-12-22,7,Wikidata Q11377372（2026-10-07取得）
S0zogc2u,紀伊浦神,Q2650210,きいうらがみ,kii-uragami,1936-12-11,18,Wikidata Q2650210（2026-10-07取得）
S0zokbqa,農学部前,Q11637945,,nogakubumae,1912-04-30,29,Wikidata Q11637945（2026-10-07取得）
S0zorw4q,野州大塚,Q8049778,やしゅうおおつか,yashu-otsuka,1931-11-01,65,Wikidata Q8049778（2026-10-07取得）
S0zp5q7q,北巽,Q126096,きたたつみ,kita-tatsumi,1981-12-02,32,Wikidata Q126096（2026-10-07取得）
S0zp6kiv,入山瀬,Q5356726,いりやませ,iriyamase,1913-07-20,23,Wikidata Q5356726（2026-10-07取得）
S0zpxwvh,大和二見,Q3615301,,yamato-futami,1902-06-03,19,Wikidata Q3615301（2026-10-07取得）
S0zqyfet,楠,Q6448197,くす,kusu,1917,55,Wikidata Q6448197（2026-10-07取得）
S0zr8uql,千代川,Q1043705,ちよかわ,chiyokawa,1935,45,Wikidata Q1043705（2026-10-07取得）
S0zrfobz,垂井,Q771019,たるい,tarui,1884-05-25,17,Wikidata Q771019（2026-10-07取得）
S0zs86rb,やぐま台,Q11144125,やぐまだい,yagumadai,1924,13,Wikidata Q11144125（2026-10-07取得）
S0zsg8d2,善行,Q4160904,ぜんぎょう,zengyo,1960-10-01,22,Wikidata Q4160904（2026-10-07取得）
S0zspm1v,たびら平戸口,Q7673072,たびらひらどぐち,tabira-hiradoguchi,1935-08-06,29,Wikidata Q7673072（2026-10-07取得）
S0zu6edf,南守谷,Q6862948,みなみもりや,minami-moriya,1960-11-15,56,Wikidata Q6862948（2026-10-07取得）
S0zubi2v,南条,Q5360318,なんじょう,nanjo,1896,34,Wikidata Q5360318（2026-10-07取得）
S0zufqqj,綾羅木,Q4830964,あやらぎ,ayaragi,1914-04-22,23,Wikidata Q4830964（2026-10-07取得）
S0zuwcku,有馬口,Q4790685,ありまぐち,arimaguchi,1928-11-28,31,Wikidata Q4790685（2026-10-07取得）
S0zv17kf,別所温泉,Q28747392,,bessho-onsen,1921-06-17,27,Wikidata Q28747392（2026-10-07取得）
S0zv7qr4,東貝塚,Q857412,,higashi-kaizuka,1934,65,Wikidata Q857412（2026-10-07取得）
S0zwcfy8,陶,Q11658487,,sue,1926-12-21,27,Wikidata Q11658487（2026-10-07取得）
S0zwlay0,下麻生,Q5358646,しもあそう,shimoaso,1922-11-25,13,Wikidata Q5358646（2026-10-07取得）
S0zwzl14,平田,Q3797724,ひらた,hirata,2007-03-18,20,Wikidata Q3797724（2026-10-07取得）
S0zz4kua,江北,Q6455131,こうほく,kohoku,2008-03-30,13,Wikidata Q6455131（2026-10-07取得）
S0zzcy0b,坂城,Q7402787,さかき,sakaki,1888-08-15,55,Wikidata Q7402787（2026-10-07取得）
S0zzmy8m,西富岡,Q11627679,にしとみおか,nishi-tomioka,1937-10-15,38,Wikidata Q11627679（2026-10-07取得）
S0zzvhie,清武,Q5357380,きよたけ,kiyotake,1915-03-20,66,Wikidata Q5357380（2026-10-07取得）
S0zzx6eo,虹ノ松原,Q7034556,,nijinomatsubara,1924-07-07,25,Wikidata Q7034556（2026-10-07取得）
S1006r1v,吹上,Q858820,,fukiage,1994-03-30,23,Wikidata Q858820（2026-10-07取得）
S100v44x,恵庭,Q59452,,eniwa,1926,59,Wikidata Q59452（2026-10-07取得）
S10123gy,新居,Q7034359,,nii,1916,19,Wikidata Q7034359（2026-10-07取得）
S1012x2e,神楽岡,Q864424,,kaguraoka,1958-03-25,20,Wikidata Q864424（2026-10-07取得）
S10169w8,笠田,Q3467378,,kaseda,1900-11-25,12,Wikidata Q3467378（2026-10-07取得）
S101tgop,王子,Q801689,おうじ,oji,1883-07-28,39,Wikidata Q801689（2026-10-07取得）
S1024bre,水鳥,Q6842925,みどり,midori,1989-03-25,8,Wikidata Q6842925（2026-10-07取得）
S102w0at,平滝,Q5769513,ひらたき,hirataki,1931-10-16,6,Wikidata Q5769513（2026-10-07取得）
S103ejc3,犬塚,Q11571193,いぬづか,inuzuka,1937-10-01,10,Wikidata Q11571193（2026-10-07取得）
S103jhow,滝不動,Q11565062,たきふどう,takifudo,1948-08-26,43,Wikidata Q11565062（2026-10-07取得）
S104n207,杉本町,Q857446,すぎもとちょう,sugimotocho,1929,70,Wikidata Q857446（2026-10-07取得）
S105ql3u,東中神,Q8014532,ひがしなかがみ,higashi-nakagami,1942-07-01,39,Wikidata Q8014532（2026-10-07取得）
S105rfoc,善通寺,Q899921,,zentsuji,1889-05-23,12,Wikidata Q899921（2026-10-07取得）
S105xu88,鈴鹿市,Q11649493,すずかし,suzukashi kintetsu,1925,19,Wikidata Q11649493（2026-10-07取得）
S10620ea,新道東,Q3563612,しんどうひがし,shindo-higashi,1988-12-02,10,Wikidata Q3563612（2026-10-07取得）
S106tfpo,遠州岩水寺,Q5379980,えんしゅうがんすいじ,enshu-gansuiji,1909-12-06,49,Wikidata Q5379980（2026-10-07取得）
S106zniq,中野坂上,Q275436,なかのさかうえ,nakano-sakaue,1961-02-08,51,Wikidata Q275436（2026-10-07取得）
S107ce64,新船橋,Q7497087,しんふなばし,shin-funabashi,1956-09-15,54,Wikidata Q7497087（2026-10-07取得）
S107ecx8,飫肥,Q7074922,,obi,1941-10-28,62,Wikidata Q7074922（2026-10-07取得）
S107scqg,和泉橋本,Q898395,,izumi-hashimoto,1939,27,Wikidata Q898395（2026-10-07取得）
S107wips,佐倉,Q7403176,さくら,sakura,1894-07-20,64,Wikidata Q7403176（2026-10-07取得）
S107zm5f,筑前植木,Q5097535,ちくぜんうえき,chikuzen-ueki,1893-12-20,77,Wikidata Q5097535（2026-10-07取得）
S10842ag,伊予寒川,Q1056023,いよさんがわ,iyo-sangawa,1933-04-01,10,Wikidata Q1056023（2026-10-07取得）
S1087yn5,鵜沼,Q5358768,うぬま,unuma,1921-11-12,6,Wikidata Q5358768（2026-10-07取得）
S108pivp,津軽中里,Q7849960,つがるなかさと,tsugaru-nakasato,1930-11-13,13,Wikidata Q7849960（2026-10-07取得）
S108xhah,三見,Q7409676,さんみ,sammi,1925-04-03,22,Wikidata Q7409676（2026-10-07取得）
S109yq2j,自衛隊前,Q1305842,じえいたいまえ,jieitai-mae,1971-12-16,26,Wikidata Q1305842（2026-10-07取得）
S10agqca,夏井,Q11429911,なつい,natsui,1917-10-10,21,Wikidata Q11429911（2026-10-07取得）
S10btu78,仁保,Q7034269,にほ,niho,1917-07-01,46,Wikidata Q7034269（2026-10-07取得）
S10c8wua,長浦,Q6958699,,nagaura,1912,20,Wikidata Q6958699（2026-10-07取得）
S10d1xki,滝尾,Q7678391,,takio,1914-04-01,11,Wikidata Q7678391（2026-10-07取得）
S10dfkz8,栄町,Q7402752,,sakaemachi,1978,19,Wikidata Q7402752（2026-10-07取得）
S10e443k,東林間,Q4497459,ひがしりんかん,higashi-rinkan,1929-04-01,42,Wikidata Q4497459（2026-10-07取得）
S10e6ide,刈谷市,Q6371135,,kariyashi,1914,16,Wikidata Q6371135（2026-10-07取得）
S10fsi9g,大釈迦,Q5209607,だいしゃか,daishaka,1894-12-01,18,Wikidata Q5209607（2026-10-07取得）
S10fusdi,柏の葉キャンパス,Q6374365,かしわのはキャンパス,kashiwanoha-campus,2005-08-24,1,Wikidata Q6374365（2026-10-07取得）
S10fvvwa,木尾,Q6429563,こんの,konno,1986-12-11,11,Wikidata Q6429563（2026-10-07取得）
S10g07c2,幌延,Q8191206,,horonobe,1925-07-20,24,Wikidata Q8191206（2026-10-07取得）
S10g6l7d,六番町,Q7360096,,rokuban-cho,1971-03-29,86,Wikidata Q7360096（2026-10-07取得）
S10g9gjf,田んぼアート,Q15120699,たんぼアートえ,tamboato,2013-07-27,21,Wikidata Q15120699（2026-10-07取得）
S10gcdz9,西大方,Q7040471,にしおおがた,nishi-ogata,1970-10-01,34,Wikidata Q7040471（2026-10-07取得）
S10gfqnk,川根温泉笹間渡,Q6379650,かわねおんせんささまど,kawaneonsen-sasamado,1930-07-16,11,Wikidata Q6379650（2026-10-07取得）
S10h0v1v,大板井,Q11436189,,oitai,1987-11-01,7,Wikidata Q11436189（2026-10-07取得）
S10i3qdn,白山,Q11579619,,shirayama,1912-04-30,20,Wikidata Q11579619（2026-10-07取得）
S10ihp7n,松尾,Q1447475,まつお,matsuo,1929,31,Wikidata Q1447475（2026-10-07取得）
S10im67q,厳木,Q6453144,きゅうらぎ,kyuragi,1899-06-13,9,Wikidata Q6453144（2026-10-07取得）
S10ip9gv,銀座,Q602372,ぎんざ,ginza,1934-03-03,122,Wikidata Q602372（2026-10-07取得）
S10irr6v,瑞穂運動場東,Q861828,,mizuho undojo higashi,2004-10-06,33,Wikidata Q861828（2026-10-07取得）
S10j6u6c,今治,Q875869,いまばり,imabari,1924-02-11,20,Wikidata Q875869（2026-10-07取得）
S10jm572,南出羽,Q6862856,みなみでわ,minami-dewa,1952-03-05,32,Wikidata Q6862856（2026-10-07取得）
S10jv3f5,泰澄の里,Q11555719,,taichonosato,2011-03-20,30,Wikidata Q11555719（2026-10-07取得）
S10kqrdy,落合南長崎,Q275510,おちあいみなみながさき,ochiai-minami-nagasaki,1997-12-19,4,Wikidata Q275510（2026-10-07取得）
S10kt84v,海浜幕張,Q906715,かいひんまくはり,kaihimmakuhari,1986-03-03,14,Wikidata Q906715（2026-10-07取得）
S10l003v,戸田,Q7812116,,toda,1938,60,Wikidata Q7812116（2026-10-07取得）
S10l1epb,長森,Q871154,ながもり,nagamori,1920-11-01,45,Wikidata Q871154（2026-10-07取得）
S10l2t67,石見,Q6100492,,iwami,1923-03-21,1,Wikidata Q6100492（2026-10-07取得）
S10l3k24,北小松,Q5364845,,kita-komatsu,1974,13,Wikidata Q5364845（2026-10-07取得）
S10lbsd9,愛野,Q871135,あいの,aino,2001-04-22,17,Wikidata Q871135（2026-10-07取得）
S10ln3dz,市辺,Q5986229,,ichinobe,1913-12-29,12,Wikidata Q5986229（2026-10-07取得）
S10mlyu7,埴生,Q5636995,はぶ,habu,1901-05-27,40,Wikidata Q5636995（2026-10-07取得）
S10mp829,信州中野,Q11386086,しんしゅうなかの,shinshunakano,1923-03-26,23,Wikidata Q11386086（2026-10-07取得）
S10mrvah,油日,Q4670656,あぶらひ,aburahi,1959,5,Wikidata Q4670656（2026-10-07取得）
S10n2h3j,琴平,Q899906,ことひら,kotohira,1896-10-16,5,Wikidata Q899906（2026-10-07取得）
S10n3nsh,田沼,Q7683909,たぬま,tanuma,1894-03-20,32,Wikidata Q7683909（2026-10-07取得）
S10nixey,新秋津,Q7497083,しんあきつ,shin-akitsu,1973-04-01,60,Wikidata Q7497083（2026-10-07取得）
S10npg0o,新田,Q899325,にった,nitta,1953-01-04,26,Wikidata Q899325（2026-10-07取得）
S10ns2jv,フルーツパーク,Q5506377,フルーツパーク,fruit park,1996-03-18,8,Wikidata Q5506377（2026-10-07取得）
S10o2ysy,袋井,Q871711,ふくろい,fukuroi,1889-04-16,18,Wikidata Q871711（2026-10-07取得）
S10ojm8g,南方,Q6863079,みなみかた,minamikata,1921,18,Wikidata Q6863079（2026-10-07取得）
S10ooxsj,末野原,Q7634398,すえのはら,suenohara,1988-03-31,10,Wikidata Q7634398（2026-10-07取得）
S10opxkm,野田,Q1131361,のだ,noda,1898,8,Wikidata Q1131361（2026-10-07取得）
S10ozlfn,文挟,Q5506909,ふばさみ,fubasami,1890-06-01,46,Wikidata Q5506909（2026-10-07取得）
S10pyjkp,上郷,Q11360228,かみごう,kamigo,1914-11-02,35,Wikidata Q11360228（2026-10-07取得）
S10q1c25,高城町,Q7677017,たかぎまち,takagimachi,1928-04-10,49,Wikidata Q7677017（2026-10-07取得）
S10qdfbo,久地,Q5366826,くじ,kuji,1927-08-11,70,Wikidata Q5366826（2026-10-07取得）
S10qr5ez,贄川,Q8009594,にえかわ,niekawa,1909-12-01,21,Wikidata Q8009594（2026-10-07取得）
S10rariy,南滋賀,Q6862967,みなみしが,minami-shiga,1972,17,Wikidata Q6862967（2026-10-07取得）
S10rpslh,布施屋,Q2646872,,hoshiya,1899-05-03,18,Wikidata Q2646872（2026-10-07取得）
S10rwlm7,小塙,Q6424264,こばな,kobana,1934-08-15,48,Wikidata Q6424264（2026-10-07取得）
S10s81iw,みらい平,Q5366385,みらいだいら,miraidaira,2005-08-24,24,Wikidata Q5366385（2026-10-07取得）
S10s9oqy,矢田前,Q6397637,やだまえ,yadamae,1986-11-01,23,Wikidata Q6397637（2026-10-07取得）
S10sfs7z,嵐山,Q11477257,あらしやま,arashiyama,1910-03-25,50,Wikidata Q11477257（2026-10-07取得）
S10sjybn,新高円寺,Q1078400,しんこうえんじ,shin-koenji,1961-11-01,11,Wikidata Q1078400（2026-10-07取得）
S10tl1w3,伊予富田,Q585178,いよとみた,iyo-tomita,1923-02-11,22,Wikidata Q585178（2026-10-07取得）
S10tl4a2,道法寺,Q11641768,どうほうじ,dohoji,1915-06-22,12,Wikidata Q11641768（2026-10-07取得）
S10tovvh,相ノ木,Q4697465,あいのき,ainoki,1931-09-01,31,Wikidata Q4697465（2026-10-07取得）
S10ud161,落合川,Q5359520,おちあいがわ,ochiaigawa,1913-09-10,78,Wikidata Q5359520（2026-10-07取得）
S10uff3b,白沢,Q5374545,しらさわ,shirasawa,1963-10-31,14,Wikidata Q5374545（2026-10-07取得）
S10ug1qm,江崎,Q5396697,えさき,esaki,1928-03-25,16,Wikidata Q5396697（2026-10-07取得）
S10uics6,伊那新町,Q991595,いなしんまち,ina-shimmachi,1998-12-28,38,Wikidata Q991595（2026-10-07取得）
S10ujvol,越戸,Q6433112,,koshido,1922,20,Wikidata Q6433112（2026-10-07取得）
S10umk7f,東毛呂,Q11527554,ひがしもろ,higashi-moro,1934-12-16,13,Wikidata Q11527554（2026-10-07取得）
S10upvy4,木上,Q11092820,きのえ,kinoe,1953-07-15,9,Wikidata Q11092820（2026-10-07取得）
S10uwf00,国府津,Q865280,こうづ,kozu,1887-07-11,193,Wikidata Q865280（2026-10-07取得）
S10v9phw,みなとじま,Q11279137,みなとじま,minatojima,1981-02-05,4,Wikidata Q11279137（2026-10-07取得）
S10vgnft,羽根尾,Q11610220,はねお,haneo,1971-03-07,9,Wikidata Q11610220（2026-10-07取得）
S10vhpgi,上挙母,Q7903775,,uwagoromo,1920-08-31,64,Wikidata Q7903775（2026-10-07取得）
S10vwerd,紀伊中ノ島,Q857454,,kii-nakanoshima,1932-01-01,29,Wikidata Q857454（2026-10-07取得）
S10wbnrr,大歩危,Q900681,,oboke,1935-11-28,3,Wikidata Q900681（2026-10-07取得）
S10xivpf,広原,Q5771421,ひろわら,hirowara,1961-10-01,14,Wikidata Q5771421（2026-10-07取得）
S10xw2o8,呉羽,Q5359643,くれは,kureha,1908-11-03,7,Wikidata Q5359643（2026-10-07取得）
S10yb1p5,月見山,Q7850075,,tsukimiyama,1910-03-15,14,Wikidata Q7850075（2026-10-07取得）
S10yi8eb,岩本町,Q128319,いわもとちょう,iwamotocho,1978-12-21,51,Wikidata Q128319（2026-10-07取得）
S10yzkuh,太美,Q2490277,ふとみ,futomi,1958,17,Wikidata Q2490277（2026-10-07取得）
S10yzpa5,有間川,Q4790687,ありまがわ,arimagawa,1946-09-01,35,Wikidata Q4790687（2026-10-07取得）
S10z508v,飯能,Q5649307,はんのう,hanno,1915-04-15,23,Wikidata Q5649307（2026-10-07取得）
S10zxfkn,大三,Q8081619,おおみつ,omitsu,1930-11-19,79,Wikidata Q8081619（2026-10-07取得）
S10zxk1b,近鉄新庄,Q6414374,きんてつしんじょう,kintetsu shinjo,1930-12-09,60,Wikidata Q6414374（2026-10-07取得）
S110b63r,桜,Q7403173,さくら,sakura,1913,24,Wikidata Q7403173（2026-10-07取得）
S110jzuf,丸ノ内,Q6777977,,marunouchi,1914,59,Wikidata Q6777977（2026-10-07取得）
S110o4ol,明戸,Q4700660,あけと,aketo,1985-03-14,45,Wikidata Q4700660（2026-10-07取得）
S110rfgy,塔ノ沢,Q8189833,とうのさわ,tonosawa,1920-10-21,7,Wikidata Q8189833（2026-10-07取得）
S111ipx7,西武立川,Q8014513,せいぶたちかわ,seibu-tachikawa,1968-05-15,48,Wikidata Q8014513（2026-10-07取得）
S112y69r,入明,Q6069531,いりあけ,iriake,1961-12-15,6,Wikidata Q6069531（2026-10-07取得）
S112zmv3,八幡山,Q4496530,はちまんやま,hachimanyama,1918-05-01,114,Wikidata Q4496530（2026-10-07取得）
S113uwuf,南郷,Q6963566,なんごう,nango,1936-03-01,63,Wikidata Q6963566（2026-10-07取得）
S113zumm,萩原天神,Q5638735,はぎはらてんじん,hagiharatenjin,1912-10-10,74,Wikidata Q5638735（2026-10-07取得）
S114290y,高田,Q11672251,,takata,1912-04-30,26,Wikidata Q11672251（2026-10-07取得）
S114432e,玉川学園前,Q7680544,たまがわがくえんまえ,tamagawagakuen-mae,1929-04-01,22,Wikidata Q7680544（2026-10-07取得）
S114fpgv,西長堀,Q304193,にしながほり,nishi-nagahori,1969-04-16,76,Wikidata Q304193（2026-10-07取得）
S114fr1n,川宮,Q6379611,,kawamiya,2001,4,Wikidata Q6379611（2026-10-07取得）
S114ot8r,塩入,Q900462,,shioiri,1923-05-21,33,Wikidata Q900462（2026-10-07取得）
S115fp60,柴原阪大前,Q3970976,しばはらはんだいまえ,shibahara-handai-mae,1990,4,Wikidata Q3970976（2026-10-07取得）
S115h2s3,帯織,Q11481209,おびおり,obiori,1898-06-16,51,Wikidata Q11481209（2026-10-07取得）
S115h3da,佐屋,Q7429079,,saya,1898,58,Wikidata Q7429079（2026-10-07取得）
S115lvfl,松岡,Q6788189,,matsuoka,1914-02-11,20,Wikidata Q6788189（2026-10-07取得）
S115z2ga,大曽根浦,Q8009824,おおそねうら,osoneura,1957-01-12,26,Wikidata Q8009824（2026-10-07取得）
S1163dt1,太田部,Q8081739,おおたべ,otabe,1952-05-01,20,Wikidata Q8081739（2026-10-07取得）
S1167j6f,岩槻,Q5368936,いわつき,iwatsuki,1929-11-17,29,Wikidata Q5368936（2026-10-07取得）
S1169e4y,上所,Q110268723,かみところ,kamitokoro,2025-03-15,6,Wikidata Q110268723（2026-10-07取得）
S116f5w3,八千代中央,Q5366268,やちよちゅうおう,yachiyo-chuo,1996-04-27,46,Wikidata Q5366268（2026-10-07取得）
S116ln9o,西那須野,Q872877,にしなすの,nishi-nasuno,1886-10-01,40,Wikidata Q872877（2026-10-07取得）
S1175spy,志井,Q5360642,しい,shii,1943-02-25,30,Wikidata Q5360642（2026-10-07取得）
S117dqht,たのうら御立岬公園,Q11271214,たのうらおたちみさきこうえん,tanoura otachimisaki park,2005-03-01,41,Wikidata Q11271214（2026-10-07取得）
S117geqc,熊野前,Q6443453,くまのまえ,kumanomae,1913-04-01,32,Wikidata Q6443453（2026-10-07取得）
S117mtn7,薬園台,Q8047226,やくえんだい,yakuendai,1947-12-27,145,Wikidata Q8047226（2026-10-07取得）
S117tvoh,下古沢,Q7496926,しもこさわ,shimo-kosawa,1925-07-30,4,Wikidata Q7496926（2026-10-07取得）
S117urrw,打井川,Q7903274,うついがわ,utsuigawa,1974-03-01,117,Wikidata Q7903274（2026-10-07取得）
S1181qu6,菰野,Q3894746,こもの,komono,1913,5,Wikidata Q3894746（2026-10-07取得）
S1182qpk,西阿知,Q7040502,にしあち,nishiachi,1920-05-25,27,Wikidata Q7040502（2026-10-07取得）
S1183kpx,和歌山大学前,Q7960872,わかやまだいがくまえ,wakayamadaigakumae,2012-04-01,9,Wikidata Q7960872（2026-10-07取得）
S118dxxm,矢作,Q8046789,やはぎ,yahagi,1916-10-16,61,Wikidata Q8046789（2026-10-07取得）
S119gdnk,中之条,Q6960282,なかのじょう,nakanojo,1945-01-02,51,Wikidata Q6960282（2026-10-07取得）
S11a5y9p,宝珠山,Q5965251,ほうしゅやま,hoshuyama,1937-08-22,20,Wikidata Q5965251（2026-10-07取得）
S11asgrr,高瀬,Q7677303,たかせ,takase,1950-07-01,5,Wikidata Q7677303（2026-10-07取得）
S11aucix,モノレール浜松町,Q124863397,,monorail hamamatsucho,1964-09-17,0,Wikidata Q124863397（2026-10-07取得）
S11b1i87,是政,Q5367981,これまさ,koremasa,1922-06-20,34,Wikidata Q5367981（2026-10-07取得）
S11bazzo,福光,Q5507669,ふくみつ,fukumitsu,1951-08-10,67,Wikidata Q5507669（2026-10-07取得）
S11bh1bk,膳所本町,Q8069983,,zezehommachi,1913-03-01,22,Wikidata Q8069983（2026-10-07取得）
S11bs3lg,嵐山,Q4784377,あらしやま,arashiyama,1928-11-09,85,Wikidata Q4784377（2026-10-07取得）
S11cnugg,中津,Q2520333,なかつ,nakatsu,1964-09-24,33,Wikidata Q2520333（2026-10-07取得）
S11co8uv,岩沼,Q899186,いわぬま,iwanuma,1887-12-15,39,Wikidata Q899186（2026-10-07取得）
S11d7fjc,北藤岡,Q844853,きたふじおか,kita-fujioka,1931-07-01,96,Wikidata Q844853（2026-10-07取得）
S11dck1q,島原船津,Q11407780,しまばらふなつ,shimabara-funatsu,1913-09-24,46,Wikidata Q11407780（2026-10-07取得）
S11dczfy,土合,Q5286466,どあい,doai,1931-09-01,213,Wikidata Q5286466（2026-10-07取得）
S11dg5ek,備後三日市,Q4914291,びんごみっかいち,bingo-mikkaichi,1923-12-08,59,Wikidata Q4914291（2026-10-07取得）
S11dy7le,安芸長浜,Q4701056,あきながはま,akinagahama,1994-10-01,53,Wikidata Q4701056（2026-10-07取得）
S11e6d4g,三枚橋,Q7409638,さんまいばし,sammaibashi,1913-03-19,22,Wikidata Q7409638（2026-10-07取得）
S11ecqbb,粟井,Q898993,あわい,awai,1927-04-03,28,Wikidata Q898993（2026-10-07取得）
S11ehhwx,高麗川,Q910599,こまがわ,komagawa,1933-04-15,19,Wikidata Q910599（2026-10-07取得）
S11eju2k,山陽魚住,Q7420821,さんよううおずみ,sanyo uozumi,1923-08-19,25,Wikidata Q7420821（2026-10-07取得）
S11eo6e0,原,Q871556,はら,hara,1900-02-25,28,Wikidata Q871556（2026-10-07取得）
S11g0ire,片瀬江ノ島,Q1058370,かたせえのしま,katase-enoshima,1929-04-01,60,Wikidata Q1058370（2026-10-07取得）
S11g2d8z,大中山,Q1049379,おおなかやま,onakayama,1946-12-01,5,Wikidata Q1049379（2026-10-07取得）
S11g8tnq,築城,Q5360052,ついき,tsuiki,1933-06-19,4,Wikidata Q5360052（2026-10-07取得）
S11gbjih,北千束,Q6417605,きたせんぞく,kita-senzoku,1928-10-10,7,Wikidata Q6417605（2026-10-07取得）
S11gdji8,宮川,Q117381,みやがわ,miyagawa,1893-12-31,62,Wikidata Q117381（2026-10-07取得）
S11gev44,白沢,Q7498298,しらさわ,shirasawa,1899-06-21,37,Wikidata Q7498298（2026-10-07取得）
S11gq9dp,掖上,Q3615316,,wakigami,1986-05-10,21,Wikidata Q3615316（2026-10-07取得）
S11grt75,栗野,Q5375458,くりの,kurino,1903-09-05,3,Wikidata Q5375458（2026-10-07取得）
S11gttcg,東赤坂,Q5753451,,higashi-akasaka,1914-01-01,7,Wikidata Q5753451（2026-10-07取得）
S11hhrxz,古庄,Q5509822,ふるしょう,furusho,1908-12-09,32,Wikidata Q5509822（2026-10-07取得）
S11hkuw1,柏たなか,Q5366315,かしわたなか,kashiwa-tanaka,2005-08-24,20,Wikidata Q5366315（2026-10-07取得）
S11hmo1s,桜木町,Q801396,さくらぎちょう,sakuragicho,1872-10-14,58,Wikidata Q801396（2026-10-07取得）
S11iq5u3,志摩神明,Q7496799,しましんめい,shima-shimmei,1929,16,Wikidata Q7496799（2026-10-07取得）
S11ivq36,岩船町,Q6100285,いわふねまち,iwafunemachi,1914-11-01,98,Wikidata Q6100285（2026-10-07取得）
S11j00a3,神鉄道場,Q7497793,しんてつどうじょう,shintetsu dojo,1928-12-18,20,Wikidata Q7497793（2026-10-07取得）
S11j2fl4,番田,Q4854517,,banden,1928-12-30,26,Wikidata Q4854517（2026-10-07取得）
S11j9mfq,長谷,Q5678729,はせ,hase,1895-01-15,22,Wikidata Q5678729（2026-10-07取得）
S11jbzck,小中,Q6428729,こなか,konaka,1960-11-18,8,Wikidata Q6428729（2026-10-07取得）
S11jr7hw,小串,Q6425830,こぐし,kogushi,1914-04-22,43,Wikidata Q6425830（2026-10-07取得）
S11kdh75,士別,Q900999,しべつ,shibetsu,1900-08-05,39,Wikidata Q900999（2026-10-07取得）
S11kgx5g,清荒神,Q736981,,kiyoshikojin,1914,2,Wikidata Q736981（2026-10-07取得）
S11ldghy,椥辻,Q2531634,なぎつじ,nagitsuji,1997-10-12,13,Wikidata Q2531634（2026-10-07取得）
S11li1ae,青葉,Q4778571,あおば,aoba,1988-11-03,8,Wikidata Q4778571（2026-10-07取得）
S11mbr4w,柳井港,Q5357645,やないみなと,yanaiminato,1929-04-20,55,Wikidata Q5357645（2026-10-07取得）
S11md3gg,打田,Q3193482,うちた,uchita,1900-08-24,23,Wikidata Q3193482（2026-10-07取得）
S11mhd8l,由宇,Q5357881,ゆう,yu,1897-09-25,61,Wikidata Q5357881（2026-10-07取得）
S11mlrnt,小梨,Q6428886,こなし,konashi,1928-09-02,3,Wikidata Q6428886（2026-10-07取得）
S11mov0l,おかどめ幸福,Q11048900,おかどめこうふく,okadome-kofuku,1989-10-01,11,Wikidata Q11048900（2026-10-07取得）
S11mq8om,越中荏原,Q5402512,えっちゅうえばら,etchu-ebara,1931-08-15,22,Wikidata Q5402512（2026-10-07取得）
S11mt7pt,清音,Q4445051,,kiyone,1925-02-17,52,Wikidata Q4445051（2026-10-07取得）
S11neo9c,浪岡,Q6961895,なみおか,namioka,1894-12-01,25,Wikidata Q6961895（2026-10-07取得）
S11nrusm,東中山,Q8015446,ひがしなかやま,higashi-nakayama,1953-09-01,27,Wikidata Q8015446（2026-10-07取得）
S11opmtl,今津,Q6622053,いまづ,imazu,1926,77,Wikidata Q6622053（2026-10-07取得）
S11otgep,奥内,Q7082749,おくない,okunai,1951-12-05,9,Wikidata Q7082749（2026-10-07取得）
S11p8m5q,北千住,Q801026,きたせんじゅ,kita-senju,1896-12-25,10,Wikidata Q801026（2026-10-07取得）
S11q3191,本荘,Q1027848,,honjo,1928-12-30,48,Wikidata Q1027848（2026-10-07取得）
S11qeoh1,浜野,Q571740,はまの,hamano,1912-03-28,25,Wikidata Q571740（2026-10-07取得）
S11qkl7e,中三依温泉,Q6960218,,nakamiyori-onsen,1986-10-09,33,Wikidata Q6960218（2026-10-07取得）
S11qmrw6,高滝,Q7677419,たかたき,takataki,1925-03-07,35,Wikidata Q7677419（2026-10-07取得）
S11r05rb,由良,Q899737,ゆら,yura,1903-12-20,8,Wikidata Q899737（2026-10-07取得）
S11r4zst,小舞子,Q5359932,こまいこ,komaiko,1903,10,Wikidata Q5359932（2026-10-07取得）
S11rdpec,八千穂,Q8046421,やちほ,yachiho,1919-03-11,18,Wikidata Q8046421（2026-10-07取得）
S11rro8j,大藪,Q11438776,,oyabu,1990-10-01,50,Wikidata Q11438776（2026-10-07取得）
S11sbvo9,立木,Q871559,たちき,tachiki,1946-04-25,2,Wikidata Q871559（2026-10-07取得）
S11t3q0x,水居,Q6884809,,mizui,1929-01-30,27,Wikidata Q6884809（2026-10-07取得）
S11t8ldn,天津,Q870616,,amatsu,1956-10-01,126,Wikidata Q870616（2026-10-07取得）
S11tadr0,希望ヶ丘,Q6404108,きぼうがおか,kibogaoka,1948-05-26,77,Wikidata Q6404108（2026-10-07取得）
S11tytye,上ゲ,Q4691851,あげ,age,1932,33,Wikidata Q4691851（2026-10-07取得）
S11u2fb1,須磨浦公園,Q7637023,,sumaura-koen,1947-10-01,42,Wikidata Q7637023（2026-10-07取得）
S11u3shs,長野原草津口,Q6958449,ながのはらくさつぐち,naganohara-kusatsuguchi,1945-01-02,21,Wikidata Q6958449（2026-10-07取得）
S11u5tbo,大阪城公園,Q1131304,おおさかじょうこうえん,osakajokoen,1983,85,Wikidata Q1131304（2026-10-07取得）
S11u9xi1,国際展示場,Q841567,こくさいてんじじょう,kokusai-tenjijo,1996-03-30,11,Wikidata Q841567（2026-10-07取得）
S11ul32d,瀬辺地,Q7446505,せへじ,seheji,1951-12-05,4,Wikidata Q7446505（2026-10-07取得）
S11v42h0,備後西城,Q3611018,びんごさいじょう,bingo-saijo,1934-03-15,12,Wikidata Q3611018（2026-10-07取得）
S11vmuem,江北,Q872564,,kohoku,1896-05-05,3,Wikidata Q872564（2026-10-07取得）
S11vpjm6,塩釜,Q899153,しおがま,shiogama,1956-07-09,58,Wikidata Q899153（2026-10-07取得）
S11vt07u,上総松丘,Q6381711,かずさまつおか,kazusa-matsuoka,1936-03-25,40,Wikidata Q6381711（2026-10-07取得）
S11w2bpv,大村,Q8081636,,omura,1898-01-20,85,Wikidata Q8081636（2026-10-07取得）
S11wmi2j,青海川,Q4347815,おうみがわ,omigawa,1899-07-28,16,Wikidata Q4347815（2026-10-07取得）
S11wsgjk,塩狩,Q900374,,shiokari,1924-11-25,50,Wikidata Q900374（2026-10-07取得）
S11x441n,板谷,Q6094180,いたや,itaya,1899-05-15,51,Wikidata Q6094180（2026-10-07取得）
S11xax0f,波瀬,Q11555571,はぜ,haze,1991-03-16,47,Wikidata Q11555571（2026-10-07取得）
S11xufx6,越前富田,Q5332626,えちぜんとみだ,echizen-tomida,1960-12-15,8,Wikidata Q5332626（2026-10-07取得）
S11xxrf6,三国,Q866211,,mikuni,1910,4,Wikidata Q866211（2026-10-07取得）
S11ya9wi,上ノ太子,Q6358219,かみのたいし,kaminotaishi,1929-03-29,31,Wikidata Q6358219（2026-10-07取得）
S11yr2k1,八丁畷,Q5366338,はっちょうなわて,hatchonawate,1915,16,Wikidata Q5366338（2026-10-07取得）
S11z74n0,柴又,Q7496017,しばまた,shibamata,1899-12-17,45,Wikidata Q7496017（2026-10-07取得）
S11znr7c,源道寺,Q5356028,げんどうじ,gendoji,1930-12-25,10,Wikidata Q5356028（2026-10-07取得）
S120z9ei,石下,Q6080189,いしげ,ishige,1913-11-01,20,Wikidata Q6080189（2026-10-07取得）
S1210j2x,津軽宮田,Q7849959,つがるみやた,tsugaru-miyata,1959-11-25,11,Wikidata Q7849959（2026-10-07取得）
S122aelp,京成臼井,Q6383832,けいせいうすい,keisei-usui,1926-12-09,27,Wikidata Q6383832（2026-10-07取得）
S122dp78,長原,Q151508,ながはら,nagahara,1980-11-27,4,Wikidata Q151508（2026-10-07取得）
S122lcvp,野田城,Q772615,のだじょう,nodajo,1918-01-01,28,Wikidata Q772615（2026-10-07取得）
S122ytu6,豊沼,Q873291,とよぬま,toyonuma,1942-02-10,48,Wikidata Q873291（2026-10-07取得）
S122zuyr,玉ノ井,Q7680699,,tamanoi,1914-08-04,122,Wikidata Q7680699（2026-10-07取得）
S123exjx,大垣,Q871579,おおがき,ogaki,1884-05-25,24,Wikidata Q871579（2026-10-07取得）
S12422i5,下和知,Q7497022,しもわち,shimowachi,1923-12-08,18,Wikidata Q7497022（2026-10-07取得）
S124atxc,内灘,Q11394162,うちなだ,uchinada,1929-07-14,22,Wikidata Q11394162（2026-10-07取得）
S124fxxg,あぶくま,Q4670568,あぶくま,abukuma,1988-07-01,31,Wikidata Q4670568（2026-10-07取得）
S124tgvs,大正,Q1131158,たいしょう,taisho,1961-04-25,15,Wikidata Q1131158（2026-10-07取得）
S124xzll,深井,Q5507572,ふかい,fukai,1971-04-01,15,Wikidata Q5507572（2026-10-07取得）
S1255of7,串本,Q2682092,くしもと,kushimoto,1936-12-11,23,Wikidata Q2682092（2026-10-07取得）
S125h08m,波方,Q875859,なみかた,namikata,1960-03-01,47,Wikidata Q875859（2026-10-07取得）
S126zs0o,布袋,Q5911122,,hotei,1912,22,Wikidata Q5911122（2026-10-07取得）
S127mnsn,八事,Q855210,,yagoto,1977-03-18,41,Wikidata Q855210（2026-10-07取得）
S127qrp3,肥前大浦,Q5356956,ひぜんおううら,hizen-oura,1934-04-16,4,Wikidata Q5356956（2026-10-07取得）
S127xpsp,紀伊天満,Q2584981,きいてんま,kii-temma,1912-12-04,32,Wikidata Q2584981（2026-10-07取得）
S128i4a9,江吉良,Q5348038,,egira,1929-04-01,20,Wikidata Q5348038（2026-10-07取得）
S128yq8b,藤江,Q5507384,ふじえ,fujie,1923-08-19,10,Wikidata Q5507384（2026-10-07取得）
S1290gtl,瀬戸,Q844625,せと,seto,1891-03-18,49,Wikidata Q844625（2026-10-07取得）
S129qpzc,重原,Q7496319,,shigehara,1923,15,Wikidata Q7496319（2026-10-07取得）
S12agk5k,小牧原,Q6428080,,komakihara,1931,80,Wikidata Q6428080（2026-10-07取得）
S12b840u,木次,Q6417340,きすき,kisuki,1916-10-11,19,Wikidata Q6417340（2026-10-07取得）
S12bjjyc,堀江,Q899174,ほりえ,horie,1927-04-03,43,Wikidata Q899174（2026-10-07取得）
S12bjlkx,古部,Q11411723,こべ,kobe,1912-10-10,66,Wikidata Q11411723（2026-10-07取得）
S12bsdx4,中川,Q6960148,なかがわ,nakagawa,1903-11-03,17,Wikidata Q6960148（2026-10-07取得）
S12c1d17,鬼越,Q7093901,おにごえ,onigoe,1935-08-03,67,Wikidata Q7093901（2026-10-07取得）
S12cnwtk,八十場,Q5115394,やそば,yasoba,1952-01-27,36,Wikidata Q5115394（2026-10-07取得）
S12cpbz1,大岸,Q8081565,,okishi,1928-09-10,49,Wikidata Q8081565（2026-10-07取得）
S12dev81,笠寺,Q871119,かさでら,kasadera,1942-04-10,49,Wikidata Q871119（2026-10-07取得）
S12dx5y2,渡瀬,Q5359686,わたぜ,wataze,1891-06-07,39,Wikidata Q5359686（2026-10-07取得）
S12e4pkd,井倉,Q5996374,いくら,ikura,1928-10-25,12,Wikidata Q5996374（2026-10-07取得）
S12eb9sg,二十軒,Q7034554,,nijikken,1926,35,Wikidata Q7034554（2026-10-07取得）
S12ehs60,金丸,Q11646313,かねまる,kanemaru,1898-04-24,11,Wikidata Q11646313（2026-10-07取得）
S12evb3v,東横田,Q5753915,ひがしよこた,higashi-yokota,1937-04-20,50,Wikidata Q5753915（2026-10-07取得）
S12ezt2g,鱒浦,Q6785737,ますうら,masuura,1924,27,Wikidata Q6785737（2026-10-07取得）
S12fnav8,城北公園通,Q56346891,しろきたこうえんどおり,shirokitakoendori,2019-03-16,376,Wikidata Q56346891（2026-10-07取得）
S12g4gn2,葉木,Q5640459,はき,haki,1942-12-21,3,Wikidata Q5640459（2026-10-07取得）
S12gbc6n,小杉,Q5359711,こすぎ,kosugi,1899-03-20,24,Wikidata Q5359711（2026-10-07取得）
S12gbqqh,白久,Q3701539,しろく,shiroku,1930-03-15,7,Wikidata Q3701539（2026-10-07取得）
S12gc9zo,十二橋,Q6322340,じゅうにきょう,junikyo,1970-08-20,66,Wikidata Q6322340（2026-10-07取得）
S12gg6am,高原,Q7677030,,takaharu,1913-05-11,6,Wikidata Q7677030（2026-10-07取得）
S12go39f,静狩,Q7499486,,shizukari,1923-12-10,0,Wikidata Q7499486（2026-10-07取得）
S12gwt5w,阪大病院前,Q3969774,はんだいびょういんまえ,handai-byoin-mae,1998,18,Wikidata Q3969774（2026-10-07取得）
S12hods0,熊本,Q969324,くまもと,kumamoto,1891-07-01,42,Wikidata Q969324（2026-10-07取得）
S12hrfrj,府中,Q4493756,ふちゅう,fuchu,1916-10-31,42,Wikidata Q4493756（2026-10-07取得）
S12hzmor,今市,Q8190599,いまいち,imaichi,1890-08-01,65,Wikidata Q8190599（2026-10-07取得）
S12iazkh,神宮寺,Q6202485,じんぐうじ,jinguji,1904-08-21,66,Wikidata Q6202485（2026-10-07取得）
S12iqvbe,戸田,Q844437,とだ,toda,1985-09-30,2,Wikidata Q844437（2026-10-07取得）
S12iykdd,宇野気,Q11449891,うのけ,unoke,1898-04-24,16,Wikidata Q11449891（2026-10-07取得）
S12jepxl,筑前山家,Q5097536,ちくぜんやまえ,chikuzen-yamae,1929-12-07,27,Wikidata Q5097536（2026-10-07取得）
S12jxv1b,伊予土居,Q875497,いよどい,iyo-doi,1919-09-01,57,Wikidata Q875497（2026-10-07取得）
S12k4phe,大田切,Q990058,おおたぎり,otagiri,1946-09-01,30,Wikidata Q990058（2026-10-07取得）
S12kmd9q,住吉,Q1131199,すみよし,sumiyoshi,1874-06-01,26,Wikidata Q1131199（2026-10-07取得）
S12l05oh,新津田沼,Q285362,しんつだぬま,shin-tsudanuma,1947-12-27,38,Wikidata Q285362（2026-10-07取得）
S12lm9j3,美夜古泉,Q11608907,,miyakoizumi,1991-10-01,4,Wikidata Q11608907（2026-10-07取得）
S12n7wus,松江イングリッシュガーデン前,Q6788088,,matsue english garden mae,1928-04-05,2,Wikidata Q6788088（2026-10-07取得）
S12nwchk,樫山,Q6374369,かしやま,kashiyama,1951,4,Wikidata Q6374369（2026-10-07取得）
S12nzy8v,香櫨園,Q11667657,こうろえん,koroen,1907,29,Wikidata Q11667657（2026-10-07取得）
S12o1yqn,愛宕,Q4812646,あたご,atago,1929-09-01,55,Wikidata Q4812646（2026-10-07取得）
S12o2wc4,八坂,Q8049639,やさか,yasaka,1952-07-01,7,Wikidata Q8049639（2026-10-07取得）
S12o7fvs,旭,Q863457,あさひ,asahi,1897-06-01,38,Wikidata Q863457（2026-10-07取得）
S12oeuo0,新茂原,Q564465,しんもばら,shin-mobara,1955-09-15,36,Wikidata Q564465（2026-10-07取得）
S12pdbz8,矢原,Q8046358,やばら,yabara,1935-10-01,58,Wikidata Q8046358（2026-10-07取得）
S12pingf,伏屋,Q5510027,,fushiya,1938,30,Wikidata Q5510027（2026-10-07取得）
S12pjmds,牛ケ原,Q3611209,うしがはら,ushigahara,1960-12-15,26,Wikidata Q3611209（2026-10-07取得）
S12q78vc,玉川,Q6543322,たまがわ,tamagawa,1954-08-05,2,Wikidata Q6543322（2026-10-07取得）
S12qz4xo,上石見,Q6357148,かみいわみ,kami-iwami,1924-12-06,3,Wikidata Q6357148（2026-10-07取得）
S12r5axa,森石,Q11540199,,moriishi,1953-11-16,23,Wikidata Q11540199（2026-10-07取得）
S12r89qx,法界院,Q5965215,ほうかいいん,hokaiin,1908-06-20,107,Wikidata Q5965215（2026-10-07取得）
S12rjary,中松江,Q11366185,,nakamatsue,1912-06-16,33,Wikidata Q11366185（2026-10-07取得）
S12rlkim,服部,Q5682195,はっとり,hattori,1908-04-20,33,Wikidata Q5682195（2026-10-07取得）
S12schtt,新大楽毛,Q899382,,shin-otanoshike,1988-11-03,9,Wikidata Q899382（2026-10-07取得）
S12sht9v,三本松,Q7409073,さんぼんまつ,sambommatsu,1930-10-10,41,Wikidata Q7409073（2026-10-07取得）
S12sozlb,粉浜,Q6425907,こはま,kohama,1917-04-21,21,Wikidata Q6425907（2026-10-07取得）
S12svua4,萩の台,Q5638742,はぎのだい,haginodai,1980-04-23,37,Wikidata Q5638742（2026-10-07取得）
S12tw0fw,造田,Q81401,ぞうだ,zoda,1926-03-21,12,Wikidata Q81401（2026-10-07取得）
S12tz89a,蓬莱,Q5364181,,horai,1974,21,Wikidata Q5364181（2026-10-07取得）
S12ugtr9,津軽石,Q11556431,つがるいし,tsugaruishi,1935-11-17,71,Wikidata Q11556431（2026-10-07取得）
S12uiqut,鞍馬口,Q2579972,くらまぐち,kuramaguchi,1981-05-29,28,Wikidata Q2579972（2026-10-07取得）
S12ujy9e,新加納,Q7497104,,shin-kano,1926,13,Wikidata Q7497104（2026-10-07取得）
S12uvtse,柏矢町,Q11533856,はくやちょう,hakuyacho,1915-06-01,79,Wikidata Q11533856（2026-10-07取得）
S12uyhp8,信濃木崎,Q7497259,しなのきざき,shinano-kizaki,1929-09-25,27,Wikidata Q7497259（2026-10-07取得）
S12uyq0n,上田原,Q11359729,,uedahara,1921-06-17,17,Wikidata Q11359729（2026-10-07取得）
S12v3lav,通谷,Q11639616,,toritani,1964,32,Wikidata Q11639616（2026-10-07取得）
S12veer9,千平,Q7450197,せんだいら,sendaira,1918-08-18,26,Wikidata Q7450197（2026-10-07取得）
S12w8c4n,薩摩大川,Q11622286,さつまおおかわ,satsuma ohkawa,1936-12-15,17,Wikidata Q11622286（2026-10-07取得）
S12wl1h6,裾野,Q5357490,すその,susono,1889-02-01,66,Wikidata Q5357490（2026-10-07取得）
S12xl0t0,上麻生,Q5359088,かみあそう,kamiaso,1924-03-20,20,Wikidata Q5359088（2026-10-07取得）
S12xpwd4,新伊丹,Q7497098,,shin-itami,1935-03-01,48,Wikidata Q7497098（2026-10-07取得）
S12xtv2c,小村井,Q7090805,おむらい,omurai,1928-04-15,43,Wikidata Q7090805（2026-10-07取得）
S12yewq7,土呂,Q857902,とろ,toro,1983-10-01,17,Wikidata Q857902（2026-10-07取得）
S12yr2g1,武佐,Q369327,,musa,1988-03-13,3,Wikidata Q369327（2026-10-07取得）
S12z52vz,仁賀保,Q7034710,にかほ,nikaho,1922-06-30,58,Wikidata Q7034710（2026-10-07取得）
S12zdscd,松原,Q6788018,まつばら,matsubara,1949-09-01,21,Wikidata Q6788018（2026-10-07取得）
S12zpx0r,千頭,Q7451446,せんず,senzu,1931-12-01,28,Wikidata Q7451446（2026-10-07取得）
S12zu9o2,北小金,Q5364850,きたこがね,kita-kogane,1911-03-18,77,Wikidata Q5364850（2026-10-07取得）
S12zw6le,まつだい,Q6788033,まつだい,matsudai,1997-03-22,23,Wikidata Q6788033（2026-10-07取得）
S1307y1o,丸尾,Q6777981,まるお,maruo,1924,41,Wikidata Q6777981（2026-10-07取得）
S130c2v2,門川,Q5357777,かどがわ,kadogawa,1922-02-11,21,Wikidata Q5357777（2026-10-07取得）
S130ta4g,石仏,Q6080140,,ishibotoke,1912,25,Wikidata Q6080140（2026-10-07取得）
S13124sg,上社,Q863234,,kamiyashiro,1970-12-10,31,Wikidata Q863234（2026-10-07取得）
S1314ovj,清峰高校前,Q11560590,せいほうこうこうまえ,seiho-koukou-mae,1959-01-20,24,Wikidata Q11560590（2026-10-07取得）
S1315om6,和食,Q7960713,わじき,wajiki,2002-07-01,21,Wikidata Q7960713（2026-10-07取得）
S131di8n,女子大,Q11446373,じょしだい,joshidai,1982-11-02,26,Wikidata Q11446373（2026-10-07取得）
S131qwpw,武蔵嵐山,Q6940142,むさしらんざん,musashi-ranzan,1923-11-05,79,Wikidata Q6940142（2026-10-07取得）
S131w2zz,諫早,Q901393,いさはや,isahaya,1898-11-27,30,Wikidata Q901393（2026-10-07取得）
S132rl6y,猿和田,Q7424750,さるわだ,saruwada,1951-04-01,9,Wikidata Q7424750（2026-10-07取得）
S1339cr3,稲荷町,Q347996,いなりちょう,inaricho,1927-12-30,50,Wikidata Q347996（2026-10-07取得）
S133cf81,梅島,Q7881477,うめじま,umejima,1924-10-01,47,Wikidata Q7881477（2026-10-07取得）
S133o118,陸前白沢,Q7334136,りくぜんしらさわ,rikuzen-shirasawa,1931-08-30,18,Wikidata Q7334136（2026-10-07取得）
S133rnva,小川,Q7079856,おがわ,ogawa,1894-12-21,13,Wikidata Q7079856（2026-10-07取得）
S134idyw,鴨居,Q844702,かもい,kamoi,1962-12-25,12,Wikidata Q844702（2026-10-07取得）
S134xfgr,戸倉,Q11496243,とぐら,togura,1912-02-11,82,Wikidata Q11496243（2026-10-07取得）
S13507lv,山中渓,Q857428,,yamanakadani,1963,35,Wikidata Q857428（2026-10-07取得）
S1350kgt,大隅夏井,Q8081719,おおすみなつい,osumi-natsui,1935-04-15,18,Wikidata Q8081719（2026-10-07取得）
S135mnfy,浜田,Q5643969,はまだ,hamada,1921-09-01,41,Wikidata Q5643969（2026-10-07取得）
S13608ca,滝の茶屋,Q7678386,,takinochaya,1917-04-12,92,Wikidata Q7678386（2026-10-07取得）
S136mu05,上有田,Q6357099,,kami-arita,1898,22,Wikidata Q6357099（2026-10-07取得）
S136r0k3,南小野田,Q6862955,みなみおのだ,minami-onoda,1962-03-15,17,Wikidata Q6862955（2026-10-07取得）
S136ubez,馬流,Q6746622,まながし,managashi,1919-03-11,7,Wikidata Q6746622（2026-10-07取得）
S136wc45,韮崎,Q8014441,にらさき,nirasaki,1903-12-15,88,Wikidata Q8014441（2026-10-07取得）
S136ycd9,大村車両基地,Q102422742,おおむらしゃりょうきち,omura-sharyokichi,2022-09-23,18,Wikidata Q102422742（2026-10-07取得）
S1374cnc,地区センター,Q11424114,ちくセンター,chiku center,1992-12-03,27,Wikidata Q11424114（2026-10-07取得）
S137b3ar,二郎,Q11371826,にろう,niro,1928-12-18,29,Wikidata Q11371826（2026-10-07取得）
S137h5dk,平和通,Q11482273,,heiwadori,1985-01-09,34,Wikidata Q11482273（2026-10-07取得）
S137lzln,新村,Q11502549,にいむら,niimura,1921-10-02,33,Wikidata Q11502549（2026-10-07取得）
S138j3fv,津久見,Q5359003,つくみ,tsukumi,1916-10-25,28,Wikidata Q5359003（2026-10-07取得）
S138uzgx,上熊谷,Q6357161,かみくまがや,kami-kumagaya,1933-04-01,84,Wikidata Q6357161（2026-10-07取得）
S138wcc4,長苗代,Q6393619,ながなわしろ,naganawashiro,1934-06-01,53,Wikidata Q6393619（2026-10-07取得）
S1391hjj,岩切,Q898930,いわきり,iwakiri,1888-10-11,54,Wikidata Q898930（2026-10-07取得）
S139hgrv,東滑川,Q5359850,ひがしなめりかわ,higashi-namerikawa,1943-10-01,20,Wikidata Q5359850（2026-10-07取得）
S13a4qza,出雲市,Q860288,いずもし,izumoshi,1910-10-10,85,Wikidata Q860288（2026-10-07取得）
S13a6ifz,武蔵白石,Q1581531,むさししらいし,musashi-shiraishi,1931-07-25,6,Wikidata Q1581531（2026-10-07取得）
S13aexap,結城,Q8062742,ゆうき,yuki,1889-01-16,68,Wikidata Q8062742（2026-10-07取得）
S13agy8g,富雄,Q7818922,とみお,tomio,1914-04-30,38,Wikidata Q7818922（2026-10-07取得）
S13c4xvk,厚木,Q994477,あつぎ,atsugi,1926-05-12,19,Wikidata Q994477（2026-10-07取得）
S13cmrme,守内かさ神,Q7505737,しゅうちかさがみ,shuuchi-kasagami,1993-03-17,48,Wikidata Q7505737（2026-10-07取得）
S13ddbg9,道後山,Q5321254,どうごやま,dogoyama,1935-11-21,2,Wikidata Q5321254（2026-10-07取得）
S13deu1x,北埠頭,Q11401332,きたふとう,kita futo,1981-02-05,15,Wikidata Q11401332（2026-10-07取得）
S13djfk6,ケーブル坂本,Q5015655,,cable sakamoto,1927-03-15,11,Wikidata Q5015655（2026-10-07取得）
S13dkjxg,黒川,Q11678271,くろごう,kurogou,1997-03-22,19,Wikidata Q11678271（2026-10-07取得）
S13dnikx,蒲田,Q800981,かまた,kamata,1904-04-11,103,Wikidata Q800981（2026-10-07取得）
S13dvrhg,安塚,Q8050142,やすづか,yasuzuka,1931-08-11,32,Wikidata Q8050142（2026-10-07取得）
S13e6e6y,名古屋,Q49381,なごや,nagoya,1886-05-01,36,Wikidata Q49381（2026-10-07取得）
S13e7rng,出雲三成,Q6102396,いずもみなり,izumo minari,1932-12-18,16,Wikidata Q6102396（2026-10-07取得）
S13e8dpp,男鹿高原,Q7081627,,ojika-kogen,1986-10-09,11,Wikidata Q7081627（2026-10-07取得）
S13ed6bb,県総合運動場,Q6387205,けんそうごううんどうじょう,ken-sogo undojo,1908,28,Wikidata Q6387205（2026-10-07取得）
S13eejgm,上州福島,Q11358979,じょうしゅうふくしま,joshu-fukushima,1897-05-05,20,Wikidata Q11358979（2026-10-07取得）
S13eoqyz,宮野,Q6884378,みやの,miyano,1917-07-01,33,Wikidata Q6884378（2026-10-07取得）
S13f7a8w,犬山遊園,Q6059388,,inuyama-yuen,1926,12,Wikidata Q6059388（2026-10-07取得）
S13f8s1z,行徳,Q128806,ぎょうとく,gyotoku,1969-03-29,35,Wikidata Q128806（2026-10-07取得）
S13fc6hj,緑地公園,Q59455,りょくちこうえん,ryokuchi-koen,1975,85,Wikidata Q59455（2026-10-07取得）
S13fcxgj,丹後由良,Q7683073,たんごゆら,tango-yura,1924-04-12,48,Wikidata Q7683073（2026-10-07取得）
S13fpu99,美作追分,Q3611157,みまさかおいわけ,mimasaka-oiwake,1923-08-21,14,Wikidata Q3611157（2026-10-07取得）
S13fqgey,蓮田,Q872705,はすだ,hasuda,1885-07-16,23,Wikidata Q872705（2026-10-07取得）
S13fxnhj,西武柳沢,Q8014478,せいぶやぎさわ,seibu-yagisawa,1927-04-16,54,Wikidata Q8014478（2026-10-07取得）
S13g16ly,阿品,Q873664,あじな,ajina,1989-08-11,47,Wikidata Q873664（2026-10-07取得）
S13g1yv8,桂,Q944556,かつら,katsura,1928,72,Wikidata Q944556（2026-10-07取得）
S13g6k8c,十王,Q5353561,じゅうおう,juo,1897-02-25,37,Wikidata Q5353561（2026-10-07取得）
S13g8t7a,鳴沢,Q6966470,なるさわ,narusawa,1925-05-15,2,Wikidata Q6966470（2026-10-07取得）
S13gejbk,東行田,Q5753524,ひがしぎょうだ,higashi-gyoda,1932-11-20,12,Wikidata Q5753524（2026-10-07取得）
S13geuts,河内国分,Q6379456,かわちこくぶ,kawachi-kokubu,1927-07-01,22,Wikidata Q6379456（2026-10-07取得）
S13gpush,渋谷,Q428811,しぶや,shibuya,1885-03-01,59,Wikidata Q428811（2026-10-07取得）
S13h9v0i,相模金子,Q5357284,さがみかねこ,sagami-kaneko,1956-12-25,23,Wikidata Q5357284（2026-10-07取得）
S13inld2,安房勝山,Q558545,あわかつやま,awa-katsuyama,1917-08-01,26,Wikidata Q558545（2026-10-07取得）
S13isqke,新福井,Q7497086,,shinfukui,1914-02-11,6,Wikidata Q7497086（2026-10-07取得）
S13iuu10,止別,Q8048114,やむべつ,yamubetsu,1925,4,Wikidata Q8048114（2026-10-07取得）
S13j6wt0,石場,Q6080121,いしば,ishiba,1913,32,Wikidata Q6080121（2026-10-07取得）
S13jbqyv,中山香,Q5360294,なかやまが,naka-yamaga,1910-12-15,19,Wikidata Q5360294（2026-10-07取得）
S13jpupj,仙巌園,Q49854035,せんがんえん,sengan-en,2025-03-15,6,Wikidata Q49854035（2026-10-07取得）
S13k4s4m,陸中夏井,Q6543167,りくちゅうなつい,rikuchu-natsui,1930-03-27,17,Wikidata Q6543167（2026-10-07取得）
S13kid0t,ひこね芹川,Q5977124,ひこねせりかわ,hikone-serikawa,2009,33,Wikidata Q5977124（2026-10-07取得）
S13klb4o,下神明,Q7496934,しもしんめい,shimo-shimmei,1927-07-06,16,Wikidata Q7496934（2026-10-07取得）
S13km4x4,平賀,Q11483582,ひらか,hiraka,1927-09-07,3,Wikidata Q11483582（2026-10-07取得）
S13l5z8m,東桂,Q5753640,ひがしかつら,higashi-katsura,1929-06-16,62,Wikidata Q5753640（2026-10-07取得）
S13l8phk,五農校前,Q5582338,ごのうこうまえ,gonokomae,1974-04-01,31,Wikidata Q5582338（2026-10-07取得）
S13lgm0b,東武金崎,Q7862636,とうぶかなさき,tobu kanasaki,1929-04-01,43,Wikidata Q7862636（2026-10-07取得）
S13lqhqy,明野,Q4700618,あけの,akeno,1930-03-27,28,Wikidata Q4700618（2026-10-07取得）
S13lw3xy,越後田沢,Q5332425,えちごたざわ,echigo-tazawa,1927-11-06,5,Wikidata Q5332425（2026-10-07取得）
S13m3lp6,池袋,Q173919,いけぶくろ,ikebukuro,1903-04-01,357,Wikidata Q173919（2026-10-07取得）
S13m3lp6-2,池袋,Q173919,いけぶくろ,ikebukuro,1903-04-01,59,Wikidata Q173919（2026-10-07取得）
S13m3we5,三河大塚,Q872059,みかわおおつか,mikawa-otsuka,1953-07-08,33,Wikidata Q872059（2026-10-07取得）
S13m4tuv,夢前川,Q8061104,ゆめさきがわ,yumesakigawa,1940-10-15,30,Wikidata Q8061104（2026-10-07取得）
S13m8vlu,新富町,Q332002,しんとみちょう,shintomicho,1980-03-27,5,Wikidata Q332002（2026-10-07取得）
S13mjy9o,港北,Q10917750,,kohoku,2004-10-06,22,Wikidata Q10917750（2026-10-07取得）
S13ml9un,戸出,Q7813344,といで,toide,1894-05-04,11,Wikidata Q7813344（2026-10-07取得）
S13n0yeq,上田,Q1071375,うえだ,ueda,1888-08-15,72,Wikidata Q1071375（2026-10-07取得）
S13n15z3,忠海,Q7674326,ただのうみ,tadanoumi,1932-07-10,26,Wikidata Q7674326（2026-10-07取得）
S13n9vfv,丹生,Q8190243,にぶ,nibu,1928-04-15,25,Wikidata Q8190243（2026-10-07取得）
S13nwwds,久住,Q6449307,くずみ,kuzumi,1902-07-01,27,Wikidata Q6449307（2026-10-07取得）
S13oahmw,八代,Q846609,やつしろ,yatsushiro,1896-11-21,119,Wikidata Q846609（2026-10-07取得）
S13od3c3,中条,Q11366177,なかじょう,nakajo,1914-06-01,20,Wikidata Q11366177（2026-10-07取得）
S13oocgu,武州唐沢,Q5001626,ぶしゅうからさわ,bushu-karasawa,1934-12-16,24,Wikidata Q5001626（2026-10-07取得）
S13oolg6,山麓,Q80177053,,sanroku,1957-11-12,0,Wikidata Q80177053（2026-10-07取得）
S13otsuv,かしわ台,Q6374358,かしわだい,kashiwadai,1975-08-17,36,Wikidata Q6374358（2026-10-07取得）
S13ou1eb,鶴居,Q7850280,つるい,tsurui,1894-07-26,63,Wikidata Q7850280（2026-10-07取得）
S13p1t54,高浜,Q11671849,,takahama,1930-02-02,31,Wikidata Q11671849（2026-10-07取得）
S13pa6vz,太子橋今市,Q1042508,たいしばしいまいち,taishibashi-imaichi,1977-04-06,37,Wikidata Q1042508（2026-10-07取得）
S13q4a7q,平井,Q909531,ひらい,hirai,1899-04-28,22,Wikidata Q909531（2026-10-07取得）
S13q4ske,夜ノ森,Q11431222,よのもり,yonomori,1921-03-15,13,Wikidata Q11431222（2026-10-07取得）
S13qbqr4,香椎神宮,Q6374286,,kashii-jingu,1988-03-13,19,Wikidata Q6374286（2026-10-07取得）
S13qhtl3,荒谷前,Q3889764,あらやまえ,arayamae,1924-12-16,32,Wikidata Q3889764（2026-10-07取得）
S13qlk7b,野田,Q5359642,のだ,noda,1905,4,Wikidata Q5359642（2026-10-07取得）
S13qwuwf,香椎,Q870605,,kashii,1890-09-28,56,Wikidata Q870605（2026-10-07取得）
S13r6ry3,古見,Q6428319,,komi,1912,27,Wikidata Q6428319（2026-10-07取得）
S13r8qu5,青笹,Q1112611,あおざさ,aozasa,1915-09-01,27,Wikidata Q1112611（2026-10-07取得）
S13rbftc,くりこま高原,Q1136550,くりこまこうげん,kurikoma-kogen,1990,64,Wikidata Q1136550（2026-10-07取得）
S13ri2hf,境松,Q7402782,さかいまつ,sakaimatsu,1950-07-01,43,Wikidata Q7402782（2026-10-07取得）
S13rkd65,三郷,Q6875181,みさと,misato,1973-04-01,9,Wikidata Q6875181（2026-10-07取得）
S13rlq4v,横川目,Q8054660,よこかわめ,yokokawame,1921-11-18,4,Wikidata Q8054660（2026-10-07取得）
S13sgcod,中央大学・明星大学,Q5119037,ちゅうおうだいがくめいせいだいがく,chuo-daigaku-meisei-daigaku,2000-01-10,17,Wikidata Q5119037（2026-10-07取得）
S13sgsyd,羽前椿,Q7904882,うぜんつばき,uzen-tsubaki,1931-08-10,9,Wikidata Q7904882（2026-10-07取得）
S13silqm,泉沢,Q5360692,いずみさわ,izumisawa,1930-10-15,5,Wikidata Q5360692（2026-10-07取得）
S13srm3c,北朝霞,Q6417515,きたあさか,kita-asaka,1973-04-01,5,Wikidata Q6417515（2026-10-07取得）
S13srxwx,門沢橋,Q6345663,かどさわばし,kadosawabashi,1931-07-01,12,Wikidata Q6345663（2026-10-07取得）
S13ss62d,北細野,Q6417542,きたほその,kita-hosono,1930-10-28,17,Wikidata Q6417542（2026-10-07取得）
S13svs94,静和,Q7499516,しずわ,shizuwa,1929-04-01,26,Wikidata Q7499516（2026-10-07取得）
S13syr4p,香取,Q6377809,かとり,katori,1931-11-10,41,Wikidata Q6377809（2026-10-07取得）
S13sz94i,陸奥柳田,Q11658602,むつやなぎた,mutsu-yanagita,1953-06-01,111,Wikidata Q11658602（2026-10-07取得）
S13tatsf,戸塚安行,Q5369332,とづかあんぎょう,tozuka-angyo,2001,22,Wikidata Q5369332（2026-10-07取得）
S13teppf,柏陽,Q5640680,はくよう,hakuyo,1957-12-01,36,Wikidata Q5640680（2026-10-07取得）
S13tj4m4,能登川,Q1042348,のとがわ,notogawa,1889-07-01,17,Wikidata Q1042348（2026-10-07取得）
S13tk049,前之浜,Q872681,,maenohama,1934-12-19,29,Wikidata Q872681（2026-10-07取得）
S13tkui4,志井,Q8192482,しい,shii,1985-01-09,3,Wikidata Q8192482（2026-10-07取得）
S13tz5fd,大金,Q8081465,おおがね,ogane,1923-04-15,18,Wikidata Q8081465（2026-10-07取得）
S13ue3zf,南砂町,Q126760,みなみすなまち,minami-sunamachi,1969-03-29,104,Wikidata Q126760（2026-10-07取得）
S13uvmpv,羽後亀田,Q7877842,うごかめだ,ugo-kameda,1920-07-30,7,Wikidata Q7877842（2026-10-07取得）
S13uvxlb,門戸厄神,Q6898731,もんどやくじん,mondo-yakujin,1921,96,Wikidata Q6898731（2026-10-07取得）
S13vrksv,北赤羽,Q844401,きたあかばね,kita-akabane,1985-09-30,45,Wikidata Q844401（2026-10-07取得）
S13vwo9y,備前三門,Q4919393,びぜんみかど,bizen-mikado,1904-11-15,6,Wikidata Q4919393（2026-10-07取得）
S13w30dn,五社,Q5587229,ごしゃ,gosha,1928-12-18,20,Wikidata Q5587229（2026-10-07取得）
S13w377k,豊明,Q7830639,,toyoake,1925,56,Wikidata Q7830639（2026-10-07取得）
S13w4vhz,栗山,Q6446103,,kuriyama,1893-07-01,20,Wikidata Q6446103（2026-10-07取得）
S13w83m7,洋光台,Q844428,ようこうだい,yokodai,1970-03-17,42,Wikidata Q844428（2026-10-07取得）
S13wcuuv,中郡,Q5119017,ちゅうぐん,chugun,1926-09-28,8,Wikidata Q5119017（2026-10-07取得）
S13wv0qx,阿蘇,Q4807479,あそ,aso,1918-01-25,5,Wikidata Q4807479（2026-10-07取得）
S13x1th0,滋野,Q7496352,しげの,shigeno,1923-10-01,45,Wikidata Q7496352（2026-10-07取得）
S13xcwa4,旭ヶ丘,Q4803383,あさひがおか,asahigaoka,1987-07-15,36,Wikidata Q4803383（2026-10-07取得）
S13xzads,木与,Q6418975,きよ,kiyo,1931-11-15,11,Wikidata Q6418975（2026-10-07取得）
S13xzn3l,十国峠山麓,Q80159486,,jukkoku-noboriguchi,1956-10-16,0,Wikidata Q80159486（2026-10-07取得）
S13y89h3,志和口,Q3611249,しわぐち,shiwaguchi,1915-04-28,33,Wikidata Q3611249（2026-10-07取得）
S13yrzqu,大歳,Q8081774,おおとし,otoshi,1913-02-20,52,Wikidata Q8081774（2026-10-07取得）
S13ywzkx,内幸町,Q1038948,うちさいわいちょう,uchisaiwaicho,1973-11-27,62,Wikidata Q1038948（2026-10-07取得）
S13z0sd5,みなみ子宝温泉,Q4426218,みなみこだからおんせん,minami-kodakara-onsen,2002-04-04,40,Wikidata Q4426218（2026-10-07取得）
S1405q6r,津田沼,Q801534,つだぬま,tsudanuma,1895-09-21,21,Wikidata Q801534（2026-10-07取得）
S140fk7y,柳原,Q8192546,やなぎはら,yanagihara,1963-05-15,3,Wikidata Q8192546（2026-10-07取得）
S140kttq,舞阪,Q871787,まいさか,maisaka,1888-09-01,83,Wikidata Q871787（2026-10-07取得）
S140vhpr,三日市,Q6849914,みっかいち,mikkaichi,1963,17,Wikidata Q6849914（2026-10-07取得）
S1415muf,新鶴,Q7034494,にいつる,niitsuru,1926-10-15,12,Wikidata Q7034494（2026-10-07取得）
S141h11m,黒松,Q6446347,くろまつ,kuromatsu,1918-11-25,62,Wikidata Q6446347（2026-10-07取得）
S141ianv,あわら湯のまち,Q4829818,,awara yunomachi,1911-12-15,25,Wikidata Q4829818（2026-10-07取得）
S141ic5u,日本橋,Q775847,にほんばし,nihombashi,1932-12-24,31,Wikidata Q775847（2026-10-07取得）
S141no0y,東戸塚,Q844252,ひがしとつか,higashi-totsuka,1980-10-01,15,Wikidata Q844252（2026-10-07取得）
S141tper,近永,Q4388236,ちかなが,chikanaga,1914-10-18,58,Wikidata Q4388236（2026-10-07取得）
S141usua,吉富,Q5360412,よしとみ,yoshitomi,1995-04-20,50,Wikidata Q5360412（2026-10-07取得）
S1423pt8,安曇川,Q4684027,あどがわ,adogawa,1974,30,Wikidata Q4684027（2026-10-07取得）
S14273xy,延岡,Q5357994,のべおか,nobeoka,1922-05-01,39,Wikidata Q5357994（2026-10-07取得）
S14324om,東飯能,Q842772,ひがしはんのう,higashi-hanno,1931-12-10,41,Wikidata Q842772（2026-10-07取得）
S1436vwo,羽咋,Q5640629,はくい,hakui,1898-04-24,48,Wikidata Q5640629（2026-10-07取得）
S14374ub,増尾,Q6785712,ますお,masuo,1923-12-27,44,Wikidata Q6785712（2026-10-07取得）
S1439h3k,東新潟,Q5753771,ひがしにいがた,higashi-niigata,1958-02-01,17,Wikidata Q5753771（2026-10-07取得）
S143dttf,九産大前,Q5359410,きゅうさんだいまえ,kyusandaimae,1989-03-11,15,Wikidata Q5359410（2026-10-07取得）
S143entx,君ヶ浜,Q6410125,きみがはま,kimigahama,1931-06-21,51,Wikidata Q6410125（2026-10-07取得）
S1459802,北余目,Q11401123,きたあまるめ,kita-amarume,1964-02-01,24,Wikidata Q11401123（2026-10-07取得）
S145f2vz,袋倉,Q5507710,ふくろぐら,fukurogura,1971-03-07,26,Wikidata Q5507710（2026-10-07取得）
S145jwvm,総合運動公園,Q5358496,,sogo undo koen,1985-06-18,57,Wikidata Q5358496（2026-10-07取得）
S145omy8,養老渓谷,Q8062673,ようろうけいこく,yorokeikoku,1928-05-16,55,Wikidata Q8062673（2026-10-07取得）
S145r61c,早雲山,Q7667653,そううんざん,sounzan,1921-12-01,17,Wikidata Q7667653（2026-10-07取得）
S145sgup,土佐大正,Q7827536,とさたいしょう,tosa-taisho,1974-03-01,34,Wikidata Q7827536（2026-10-07取得）
S1460w0c,藤並,Q3324528,ふじなみ,fujinami,1926-08-08,25,Wikidata Q3324528（2026-10-07取得）
S1461o60,綾川,Q15306868,あやがわ,ayagawa,2013,1,Wikidata Q15306868（2026-10-07取得）
S146g74p,九鬼,Q5357746,くき,kuki,1957-01-12,79,Wikidata Q5357746（2026-10-07取得）
S1474zxp,寿,Q6434150,ことぶき,kotobuki,1929-06-19,29,Wikidata Q6434150（2026-10-07取得）
S1478z98,周参見,Q2748626,すさみ,susami,1936-10-30,116,Wikidata Q2748626（2026-10-07取得）
S147ksu8,新大津,Q5370229,しんおおつ,shin-otsu,1942-12-01,11,Wikidata Q5370229（2026-10-07取得）
S147u7o6,玉来,Q7680877,,tamarai,1925-11-30,39,Wikidata Q7680877（2026-10-07取得）
S1484mx9,下志比,Q7497012,,shimoshii,1951-12-15,7,Wikidata Q7497012（2026-10-07取得）
S148hmz9,永犬丸,Q11550209,,einomaru,1956,15,Wikidata Q11550209（2026-10-07取得）
S148mhsm,鳳,Q857394,おおとり,otori,1929,24,Wikidata Q857394（2026-10-07取得）
S148po6q,紀伊小倉,Q2646881,,kii-ogura,1938-07-15,30,Wikidata Q2646881（2026-10-07取得）
S148tba6,多摩センター,Q988468,たまセンター,tama-center,1974-10-18,191,Wikidata Q988468（2026-10-07取得）
S1491lra,有畑,Q4790598,ありはた,arihata,1946-06-10,8,Wikidata Q4790598（2026-10-07取得）
S1495ndi,新居町,Q871856,あらいまち,araimachi,1915-01-10,23,Wikidata Q871856（2026-10-07取得）
S1496o00,白滝,Q7498307,,shirataki,1929-08-12,49,Wikidata Q7498307（2026-10-07取得）
S149aul2,新見,Q844674,にいみ,niimi,1928-10-25,22,Wikidata Q844674（2026-10-07取得）
S14a9v01,公園西,Q861766,,koen-nishi,2005-03-06,34,Wikidata Q861766（2026-10-07取得）
S14al0z0,権現前,Q5581741,ごんげんまえ,gongemmae,1929-08-25,11,Wikidata Q5581741（2026-10-07取得）
S14aq0wr,かぶと山,Q6455334,かぶとやま,kabutoyama,1962-03-01,12,Wikidata Q6455334（2026-10-07取得）
S14arttr,古島,Q7484332,,furujima,2003,30,Wikidata Q7484332（2026-10-07取得）
S14awbcr,上大井,Q5357556,かみおおい,kami-oi,1948-06-01,25,Wikidata Q5357556（2026-10-07取得）
S14bcz5j,鹿部,Q898599,しかべ,shikabe,1945-06-01,57,Wikidata Q898599（2026-10-07取得）
S14bsd4c,尾張森岡,Q7114285,おわりもりおか,owari-morioka,1933-07-12,6,Wikidata Q7114285（2026-10-07取得）
S14bv2m6,競馬場前,Q6383560,,keibajomae,1985-01-09,36,Wikidata Q6383560（2026-10-07取得）
S14cb4hs,尾上の松,Q7094452,おのえのまつ,onoenomatsu,1923-08-19,26,Wikidata Q7094452（2026-10-07取得）
S14cgu06,岩国,Q5358387,いわくに,iwakuni,1897-09-25,9,Wikidata Q5358387（2026-10-07取得）
S14cm6vt,池田,Q899357,いけだ,ikeda,1904-12-15,68,Wikidata Q899357（2026-10-07取得）
S14cptp1,田野畑,Q11577488,たのはた,tanohata,1984-04-01,35,Wikidata Q11577488（2026-10-07取得）
S14dq7xf,夢洲,Q60987816,ゆめしま,yumeshima,2025-01-19,84,Wikidata Q60987816（2026-10-07取得）
S14duegt,熱田神宮西,Q903638,,atsuta jingu nishi,1974-03-30,30,Wikidata Q903638（2026-10-07取得）
S14dxgst,大阪狭山市,Q8081684,おおさかさやまし,osakasayamashi,1917-07-05,76,Wikidata Q8081684（2026-10-07取得）
S14ehnk6,肥前白石,Q8011203,,hizen-shiroishi,1930-03-09,62,Wikidata Q8011203（2026-10-07取得）
S14elkrg,浦賀,Q268790,うらが,uraga,1930-04-01,73,Wikidata Q268790（2026-10-07取得）
S14exchs,東青山,Q5753472,ひがしあおやま,higashi-aoyama,1930-12-20,22,Wikidata Q5753472（2026-10-07取得）
S14fd2vu,会津横田,Q4699466,あいづよこた,aizu-yokota,1963-08-20,8,Wikidata Q4699466（2026-10-07取得）
S14fp07v,潟元,Q11565659,かたもと,katamoto,1931-01-16,34,Wikidata Q11565659（2026-10-07取得）
S14fq6e0,安中榛名,Q1138259,あんなかはるな,annaka-haruna,1997-10-01,14,Wikidata Q1138259（2026-10-07取得）
S14fqiwc,日当山,Q5375847,ひなたやま,hinatayama,1958-10-01,15,Wikidata Q5375847（2026-10-07取得）
S14g5cn7,安芸川尻,Q4700962,あきかわじり,akikawajiri,1935-11-24,88,Wikidata Q4700962（2026-10-07取得）
S14gvsso,二条城前,Q2477213,にじょうじょうまえ,nijojo-mae,1997-10-12,22,Wikidata Q2477213（2026-10-07取得）
S14h0hd0,藍那,Q8192057,あいな,aina,1936,23,Wikidata Q8192057（2026-10-07取得）
S14h32g5,妻崎,Q7850124,つまざき,tsumazaki,1929-05-16,23,Wikidata Q7850124（2026-10-07取得）
S14hq6s5,姫路,Q119301,ひめじ,himeji,1888-12-23,67,Wikidata Q119301（2026-10-07取得）
S14huy00,湯沢,Q8062246,ゆざわ,yuzawa,1905-07-05,10,Wikidata Q8062246（2026-10-07取得）
S14jk0t1,抜里,Q7068909,ぬくり,nukuri,1930-07-16,12,Wikidata Q7068909（2026-10-07取得）
S14jmngp,根津,Q390655,ねづ,nezu,1969-12-20,6,Wikidata Q390655（2026-10-07取得）
S14jv22t,不動院前,Q5507079,,fudoin-mae,1994-08-20,41,Wikidata Q5507079（2026-10-07取得）
S14k0xrk,大里,Q8081690,,osato,1928,29,Wikidata Q8081690（2026-10-07取得）
S14k271t,春日,Q1073928,かすが,kasuga,1972-06-30,82,Wikidata Q1073928（2026-10-07取得）
S14ks5fm,桂根,Q6378186,かつらね,katsurane,1962-09-30,39,Wikidata Q6378186（2026-10-07取得）
S14l9abe,伏見,Q5510026,ふしみ,fushimi,1928-11-15,19,Wikidata Q5510026（2026-10-07取得）
S14lbdor,下仁田,Q7497006,しもにた,shimonita,1897-09-08,22,Wikidata Q7497006（2026-10-07取得）
S14lh9ej,甲南山手,Q1042463,こうなんやまて,konan-yamate,1996-10-01,17,Wikidata Q1042463（2026-10-07取得）
S14lk6tm,相生,Q4697555,あいおい,aioi,1929-12-08,9,Wikidata Q4697555（2026-10-07取得）
S14lmz7z,今庄,Q5359962,いまじょう,imajo,1896,35,Wikidata Q5359962（2026-10-07取得）
S14m28up,栄町,Q7402748,さかえちょう,sakaecho,1999-03-24,7,Wikidata Q7402748（2026-10-07取得）
S14maco7,屋代,Q8192332,やしろ,yashiro,1888-03-15,45,Wikidata Q8192332（2026-10-07取得）
S14mjp1z,大和田,Q7114232,おおわだ,owada,1969-07-01,9,Wikidata Q7114232（2026-10-07取得）
S14mpuvt,浜北,Q5644006,はまきた,hamakita,1909-06-12,41,Wikidata Q5644006（2026-10-07取得）
S14n1n3m,鮫洲,Q3019291,さめず,samezu,1904-05-08,14,Wikidata Q3019291（2026-10-07取得）
S14n621a,観音寺,Q6364097,,kannonji,1928,15,Wikidata Q6364097（2026-10-07取得）
S14ne5l7,恵比須,Q5331870,えびす,ebisu,1937,23,Wikidata Q5331870（2026-10-07取得）
S14nmti8,高崎,Q801505,たかさき,takasaki,1884-05-01,53,Wikidata Q801505（2026-10-07取得）
S14nue79,滋賀里,Q7496309,しがさと,shigasato,1927,26,Wikidata Q7496309（2026-10-07取得）
S14o4mly,魚津,Q5359637,うおづ,uozu,1908-11-16,32,Wikidata Q5359637（2026-10-07取得）
S14oe1pm,上堀,Q6357789,かみほり,kamihori,1921-04-25,14,Wikidata Q6357789（2026-10-07取得）
S14ox4p8,里庄,Q5358528,さとしょう,satosho,1920-11-15,37,Wikidata Q5358528（2026-10-07取得）
S14p6z9y,安芸矢口,Q4701274,あきやぐち,aki-yaguchi,1915-04-28,67,Wikidata Q4701274（2026-10-07取得）
S14pp2zv,南小谷,Q6862961,みなみおたり,minami-otari,1962-12-25,14,Wikidata Q6862961（2026-10-07取得）
S14q75fo,太海,Q553805,ふとみ,futomi,1924-07-25,5,Wikidata Q553805（2026-10-07取得）
S14q8m95,下永谷,Q579066,しもながや,shimonagaya,1985-03-14,32,Wikidata Q579066（2026-10-07取得）
S14qc8li,志茂,Q151416,しも,shimo,1991-11-29,14,Wikidata Q151416（2026-10-07取得）
S14r4noy,天神南,Q4357192,てんじんみなみ,tenjin-minami,2005-02-03,44,Wikidata Q4357192（2026-10-07取得）
S14rnpq1,六甲,Q3970702,ろっこう,rokko,1920,75,Wikidata Q3970702（2026-10-07取得）
S14rrjuw,ひばりが丘,Q3563799,ひばりがおか,hibarigaoka,1982-03-21,25,Wikidata Q3563799（2026-10-07取得）
S14rzlq5,流山セントラルパーク,Q850570,ながれやまセントラルパーク,nagareyama-centralpark,2005-08-24,42,Wikidata Q850570（2026-10-07取得）
S14s7z74,佐川,Q7402876,さかわ,sakawa,1924-10-25,28,Wikidata Q7402876（2026-10-07取得）
S14snjrp,岩松,Q6100462,いわまつ,iwamatsu,1945-04-20,23,Wikidata Q6100462（2026-10-07取得）
S14spexv,星田,Q856066,ほしだ,hoshida,1898,28,Wikidata Q856066（2026-10-07取得）
S14tx5l4,池上,Q5995781,いけがみ,ikegami,1922-10-06,15,Wikidata Q5995781（2026-10-07取得）
S14umfm5,東山公園,Q1058066,ひがしやまこうえん,higashiyamakoen,1993-03-18,3,Wikidata Q1058066（2026-10-07取得）
S14umo2x,松岸,Q5365309,まつぎし,matsugishi,1897-06-01,26,Wikidata Q5365309（2026-10-07取得）
S14upymz,山之口,Q5357273,やまのくち,yamanokuchi,1914-08-15,50,Wikidata Q5357273（2026-10-07取得）
S14uwz14,螢田,Q4500301,ほたるだ,hotaruda,1952-04-01,14,Wikidata Q4500301（2026-10-07取得）
S14ux9gi,須坂,Q11664529,すざか,suzaka,1923-03-26,18,Wikidata Q11664529（2026-10-07取得）
S14vdd8c,陸中宇部,Q11658547,りくちゅううべ,rikuchu-ube,1975-07-20,2,Wikidata Q11658547（2026-10-07取得）
S14vgqw6,東中津,Q5360365,ひがしなかつ,higashi-nakatsu,1897-09-25,30,Wikidata Q5360365（2026-10-07取得）
S14vk49a,山下,Q8047952,やました,yamashita,1925-05-01,41,Wikidata Q8047952（2026-10-07取得）
S14vxnkm,朝倉,Q4803441,あさくら,asakura,1924-11-15,139,Wikidata Q4803441（2026-10-07取得）
S14wf7l9,手柄,Q372107,てがら,tegara,1958-08-01,44,Wikidata Q372107（2026-10-07取得）
S14wsxyy,上北町,Q5357192,かみきたちょう,kamikitacho,1891-09-01,45,Wikidata Q5357192（2026-10-07取得）
S14wvl5w,加布里,Q6346295,かふり,kafuri,1924-04-01,56,Wikidata Q6346295（2026-10-07取得）
S14x8l30,戸塚,Q801522,とつか,totsuka,1887-07-01,44,Wikidata Q801522（2026-10-07取得）
S14xhx54,西大分,Q5359608,にしおおいた,nishi-oita,1911-11-01,78,Wikidata Q5359608（2026-10-07取得）
S14xpgdi,石動,Q5359671,いするぎ,isurugi,1909-11-01,26,Wikidata Q5359671（2026-10-07取得）
S14yf0w6,信濃白鳥,Q7497265,しなのしらとり,shinano-shiratori,1925-11-19,27,Wikidata Q7497265（2026-10-07取得）
S14yltz2,中津,Q610516,なかつ,nakatsu,1925-11-04,46,Wikidata Q610516（2026-10-07取得）
S14yon0d,和深,Q2748618,わぶか,wabuka,1940-08-08,9,Wikidata Q2748618（2026-10-07取得）
S14ypinm,高月,Q5365710,,takatsuki,1882,84,Wikidata Q5365710（2026-10-07取得）
S14yuxjp,琴芝,Q6434203,,kotoshiba,1929-11-29,34,Wikidata Q6434203（2026-10-07取得）
S14yvsyt,伴中央,Q7820068,,tomo-chuo,1994-08-20,6,Wikidata Q7820068（2026-10-07取得）
S14z64so,八色,Q3660518,やいろ,yairo,1965-01-15,23,Wikidata Q3660518（2026-10-07取得）
S14z7u9e,倉賀野,Q910582,くらがの,kuragano,1894-05-01,41,Wikidata Q910582（2026-10-07取得）
S14zi6gw,与謝野,Q7046597,よさの,yosano,1925-07-31,6,Wikidata Q7046597（2026-10-07取得）
S14zift3,内船,Q7903273,うつぶな,utsubuna,1918-10-08,8,Wikidata Q7903273（2026-10-07取得）
S14zk6t3,総持寺,Q666784,そうじじ,sojiji,1936,20,Wikidata Q666784（2026-10-07取得）
S14zl2r5,公庄,Q5617096,ぐじょう,gujo,1988-07-16,44,Wikidata Q5617096（2026-10-07取得）
S14zr0p2,妙高高原,Q6949402,みょうこうこうげん,myoko-kogen,1888-05-01,24,Wikidata Q6949402（2026-10-07取得）
S15033io,足柄,Q900390,あしがら,ashigara,1903-01-20,137,Wikidata Q900390（2026-10-07取得）
S150nlmr,牛島,Q11570130,うしのしま,ushinoshima,1899-02-16,66,Wikidata Q11570130（2026-10-07取得）
S150ocpw,高松,Q860503,たかまつ,takamatsu,1897-02-21,67,Wikidata Q860503（2026-10-07取得）
S150q87o,北助松,Q11401170,きたすけまつ,kita-sukematsu,1957-12-28,78,Wikidata Q11401170（2026-10-07取得）
S151ia4q,元町,Q59520,もとまち,motomachi,1938,56,Wikidata Q59520（2026-10-07取得）
S151mxo5,稲荷町,Q6013599,いなりまち,inarimachi,1931-08-15,6,Wikidata Q6013599（2026-10-07取得）
S151rpl7,二重橋前,Q390676,にじゅうばしまえ,nijubashimae,1971-03-20,21,Wikidata Q390676（2026-10-07取得）
S152mdr5,東新川,Q5753829,ひがししんかわ,higashi-shinkawa,1923,16,Wikidata Q5753829（2026-10-07取得）
S152o6ly,本蓮沼,Q1039257,もとはすぬま,motohasunuma,1968-12-27,30,Wikidata Q1039257（2026-10-07取得）
S152uobd,九大学研都市,Q5368909,きゅうだいがっけんとし,kyudai-gakkentoshi,2005-09-23,132,Wikidata Q5368909（2026-10-07取得）
S1532kuc,渡,Q7973006,,watari,1908-06-01,7,Wikidata Q7973006（2026-10-07取得）
S15353yo,日の出,Q5365974,ひので,hinode,1995-11-01,14,Wikidata Q5365974（2026-10-07取得）
S153mfri,二条,Q125555636,にじょう,nijo,1997-10-12,43,Wikidata Q125555636（2026-10-07取得）
S153nb77,北鯖江,Q5359902,きたさばえ,kita-sabae,1896,17,Wikidata Q5359902（2026-10-07取得）
S153of3k,羽前大山,Q7904901,うぜんおおやま,uzen-oyama,1919-12-05,83,Wikidata Q7904901（2026-10-07取得）
S153ssk9,三井寺,Q6845413,みいでら,miidera,1922,35,Wikidata Q6845413（2026-10-07取得）
S1545qp6,後免町,Q5581162,ごめんまち,gomenmachi,1924-12-08,70,Wikidata Q5581162（2026-10-07取得）
S1548mit,寺泊,Q7701514,てらどまり,teradomari,1913-04-20,62,Wikidata Q7701514（2026-10-07取得）
S154ctts,西唐津,Q5367579,にしからつ,nishi-karatsu,1898-12-01,46,Wikidata Q5367579（2026-10-07取得）
S154opxc,新豊洲,Q766348,しんとよす,shin-toyosu,2006-03-27,30,Wikidata Q766348（2026-10-07取得）
S154ulyx,黒部宇奈月温泉,Q7497114,くろべうなづきおんせん,kurobe-unazukionsen,2015-03-14,4,Wikidata Q7497114（2026-10-07取得）
S1554q0b,電鉄石田,Q5259468,,dentetsu-ishida,1940-06-01,32,Wikidata Q5259468（2026-10-07取得）
S15551mi,豊前松江,Q5003444,ぶぜんしょうえ,buzen-shoe,1897-09-25,34,Wikidata Q5003444（2026-10-07取得）
S155rkty,湖北,Q5366305,こほく,kohoku,1901-04-01,12,Wikidata Q5366305（2026-10-07取得）
S15632li,東花園,Q11528267,ひがしはなぞの,higashi-hanazono,1929-11-22,35,Wikidata Q11528267（2026-10-07取得）
S156crfl,野田新町,Q871890,のだしんまち,noda-shimmachi,2007-03-18,8,Wikidata Q871890（2026-10-07取得）
S156f1if,曽山寺,Q7563827,,sosanji,1963-05-08,3,Wikidata Q7563827（2026-10-07取得）
S156v2ub,犬川,Q6059280,いぬかわ,inukawa,1926-09-28,31,Wikidata Q6059280（2026-10-07取得）
S157lxp1,大原,Q8081425,,obara,1994-08-20,47,Wikidata Q8081425（2026-10-07取得）
S157mp76,新水俣,Q1136460,しんみなまた,shin-minamata,1968-09-19,26,Wikidata Q1136460（2026-10-07取得）
S158d2ot,上桧木内,Q11359435,かみひのきない,kami-hinokinai,1989-04-01,10,Wikidata Q11359435（2026-10-07取得）
S159fpu7,花水坂,Q5646894,はなみずざか,hanamizuzaka,1924-04-13,41,Wikidata Q5646894（2026-10-07取得）
S159g0qb,腹帯,Q5654293,はらたい,haratai,1934-11-06,28,Wikidata Q5654293（2026-10-07取得）
S159gobg,新子安,Q128314,しんこやす,shin-koyasu,1943-11-01,59,Wikidata Q128314（2026-10-07取得）
S15abyi7,石手川公園,Q11586534,いしてがわこうえん,ishitegawa park,1972-06-14,39,Wikidata Q11586534（2026-10-07取得）
S15ah338,川根小山,Q6379647,かわねこやま,kawane-koyama,1959-08-01,7,Wikidata Q6379647（2026-10-07取得）
S15aiz87,柴崎体育館,Q7496025,しばさきたいいくかん,shibasaki-taiikukan,2000-01-10,11,Wikidata Q7496025（2026-10-07取得）
S15aknon,駒野,Q6428125,,komano,1919-04-27,19,Wikidata Q6428125（2026-10-07取得）
S15amk45,豊原,Q872944,とよはら,toyohara,1887-07-16,18,Wikidata Q872944（2026-10-07取得）
S15appqo,九郎原,Q6447695,,kurobaru,1968-05-25,74,Wikidata Q6447695（2026-10-07取得）
S15aqrgw,覚王山,Q863487,,kakuozan,1963-04-01,91,Wikidata Q863487（2026-10-07取得）
S15b5yev,子安,Q6435147,こやす,koyasu,1905-12-24,22,Wikidata Q6435147（2026-10-07取得）
S15bemun,阿久根,Q11657159,あくね,akune,1922-10-15,42,Wikidata Q11657159（2026-10-07取得）
S15ctcti,刈谷,Q871055,かりや,kariya,1888,79,Wikidata Q871055（2026-10-07取得）
S15d1wns,北宇和島,Q1057073,きたうわじま,kita-uwajima,1941-07-02,75,Wikidata Q1057073（2026-10-07取得）
S15damip,石川,Q6080301,いしかわ,ishikawa,1916-07-07,78,Wikidata Q6080301（2026-10-07取得）
S15de006,近鉄長島,Q6414367,きんてつながしま,kintetsu nagashima,1938,60,Wikidata Q6414367（2026-10-07取得）
S15donwc,花崎,Q5646939,はなさき,hanasaki,1927-04-01,24,Wikidata Q5646939（2026-10-07取得）
S15dvh5w,三河塩津,Q871647,みかわしおつ,mikawa-shiotsu,1988-11-16,80,Wikidata Q871647（2026-10-07取得）
S15efsdw,筒井,Q11603024,つつい,tsutsui,2014-03-15,21,Wikidata Q11603024（2026-10-07取得）
S15eqetr,武並,Q5359525,たけなみ,takenami,1919-11-25,33,Wikidata Q5359525（2026-10-07取得）
S15etidk,君津,Q575422,きみつ,kimitsu,1915-01-15,43,Wikidata Q575422（2026-10-07取得）
S15fwpgs,苦楽園口,Q6445543,くらくえんぐち,kurakuenguchi,1925-03-08,27,Wikidata Q6445543（2026-10-07取得）
S15g74g5,三山木,Q6884315,,miyamaki,1928-11-03,36,Wikidata Q6884315（2026-10-07取得）
S15gci56,紀伊御坊,Q6406042,きいごぼう,kii-gobo,1931-06-15,6,Wikidata Q6406042（2026-10-07取得）
S15gdcz9,額住宅前,Q11665042,ぬかじゅうたくまえ,nukajutaku-mae,1915-06-22,24,Wikidata Q11665042（2026-10-07取得）
S15gfw5e,東生駒,Q5753564,ひがしいこま,higashi-ikoma,1968-03-20,34,Wikidata Q5753564（2026-10-07取得）
S15gj3dc,肥前飯田,Q8010990,,hizen-iida,1934-04-16,3,Wikidata Q8010990（2026-10-07取得）
S15gmli6,水口,Q6862823,,minakuchi,1900-12-28,94,Wikidata Q6862823（2026-10-07取得）
S15gn4us,ハーバーランド,Q5654726,ハーバーランド,harborland,2001-06-07,53,Wikidata Q5654726（2026-10-07取得）
S15gxirh,天王台,Q1952908,てんのうだい,tennodai,1971-04-20,119,Wikidata Q1952908（2026-10-07取得）
S15h0rk2,城崎温泉,Q1055689,きのさきおんせん,kinosaki onsen,1909-09-05,10,Wikidata Q1055689（2026-10-07取得）
S15h5m54,鵯越,Q5872940,,hiyodorigoe,1928-11-28,61,Wikidata Q5872940（2026-10-07取得）
S15iows2,羽前中山,Q7904848,うぜんなかやま,uzen-nakayama,1952-11-15,78,Wikidata Q7904848（2026-10-07取得）
S15jacpl,中菅谷,Q6960095,なかすがや,naka-sugaya,1935-09-01,27,Wikidata Q6960095（2026-10-07取得）
S15jjrqf,常陸青柳,Q5871587,ひたちあおやぎ,hitachi-aoyagi,1897-11-16,36,Wikidata Q5871587（2026-10-07取得）
S15jzvrm,小出,Q3660515,こいで,koide,1923-09-01,16,Wikidata Q3660515（2026-10-07取得）
S15k851f,影野,Q6346468,かげの,kageno,1947-10-20,7,Wikidata Q6346468（2026-10-07取得）
S15kbole,植村,Q5375531,うえむら,uemura,1957-07-05,3,Wikidata Q5375531（2026-10-07取得）
S15kh6m3,尾張旭,Q7114290,,owari asahi,1905,27,Wikidata Q7114290（2026-10-07取得）
S15l8xzh,荒尾,Q4784179,あらお,arao,1912-11-01,54,Wikidata Q4784179（2026-10-07取得）
S15lgech,北府中,Q6417528,きたふちゅう,kita-fuchu,1934-11-06,9,Wikidata Q6417528（2026-10-07取得）
S15liy18,くいな橋,Q2580165,くいなばし,kuinabashi,1988-06-11,16,Wikidata Q2580165（2026-10-07取得）
S15ljz3x,館田,Q7673836,たちた,tachita,1927-09-07,59,Wikidata Q7673836（2026-10-07取得）
S15llod1,気賀,Q6405898,きが,kiga,1938-04-01,3,Wikidata Q6405898（2026-10-07取得）
S15lnvfp,甘木,Q4739135,あまぎ,amagi,,66,Wikidata Q4739135（2026-10-07取得）
S15lso4k,北大宮,Q5367635,きたおおみや,kita-omiya,1930-04-12,116,Wikidata Q5367635（2026-10-07取得）
S15lzza6,小柳,Q6397627,こやなぎ,koyanagi,1986-11-01,53,Wikidata Q6397627（2026-10-07取得）
S15m260s,田川後藤寺,Q5359972,たがわごとうじ,tagawa-gotoji,1896-02-05,21,Wikidata Q5359972（2026-10-07取得）
S15m9yey,高田,Q3701518,たかだ,takada,1886-08-15,60,Wikidata Q3701518（2026-10-07取得）
S15mb1qh,上林,Q7877407,,uebayashi,1926,7,Wikidata Q7877407（2026-10-07取得）
S15mkz2b,陸奥白浜,Q6944035,むつしらはま,mutsu-shirahama,1961-04-15,41,Wikidata Q6944035（2026-10-07取得）
S15mt3yd,門前仲町,Q80576,もんぜんなかちょう,monzen-nakacho,1967-09-14,36,Wikidata Q80576（2026-10-07取得）
S15n9xdm,美並苅安,Q6862927,みなみかりやす,minami-kariyasu,1928-05-06,29,Wikidata Q6862927（2026-10-07取得）
S15nh27g,蓮花寺,Q11621733,れんげじ,rengeji,1914,19,Wikidata Q11621733（2026-10-07取得）
S15noias,西川越,Q844431,にしかわごえ,nishi-kawagoe,1940-07-22,41,Wikidata Q844431（2026-10-07取得）
S15o6mly,切石,Q985307,きりいし,kiriishi,1926-12-17,10,Wikidata Q985307（2026-10-07取得）
S15ohoxm,日原,Q7024834,にちはら,nichihara,1923-04-01,3,Wikidata Q7024834（2026-10-07取得）
S15p9znu,京急長沢,Q6383708,けいきゅうながさわ,keikyu nagasawa,1966-03-27,26,Wikidata Q6383708（2026-10-07取得）
S15ppjaf,新三郷,Q6139591,しんみさと,shin-misato,1985-03-14,37,Wikidata Q6139591（2026-10-07取得）
S15ppwnf,伊万里,Q8189881,いまり,imari,1898-08-07,42,Wikidata Q8189881（2026-10-07取得）
S15ps1yr,六十谷,Q857433,むそた,musota,1930,31,Wikidata Q857433（2026-10-07取得）
S15py2x9,田上,Q7675148,たがみ,tagami,1943-09-22,32,Wikidata Q7675148（2026-10-07取得）
S15q2vnz,根雨,Q7001376,ねう,neu,1922-07-30,3,Wikidata Q7001376（2026-10-07取得）
S15qczmv,今伊勢,Q6002985,,imaise,1935-04-29,7,Wikidata Q6002985（2026-10-07取得）
S15qfk2f,広尾,Q1156428,ひろお,hiroo,1964-03-25,45,Wikidata Q1156428（2026-10-07取得）
S15qvcz5,新水前寺,Q7497128,しんすいぜんじ,shin-suizenji,,35,Wikidata Q7497128（2026-10-07取得）
S15r3jbk,長里,Q5356801,ながさと,nagasato,1990-03-10,54,Wikidata Q5356801（2026-10-07取得）
S15s8gwj,美瑛,Q867979,,biei,1899,9,Wikidata Q867979（2026-10-07取得）
S15sws5i,紀伊,Q857023,,kii,1930,16,Wikidata Q857023（2026-10-07取得）
S15t4rkp,日永,Q5765619,ひなが,hinaga,1912,70,Wikidata Q5765619（2026-10-07取得）
S15t9uf7,石井,Q6080215,いしい,ishii,1899-02-16,37,Wikidata Q6080215（2026-10-07取得）
S15tp4qh,中村日赤,Q855501,,nakamura nisseki,1969-04-01,78,Wikidata Q855501（2026-10-07取得）
S15u1qd8,船岡,Q1014134,ふなおか,funaoka,1929-02-25,50,Wikidata Q1014134（2026-10-07取得）
S15ugi1q,塚本,Q1072858,つかもと,tsukamoto,1934-07-20,3,Wikidata Q1072858（2026-10-07取得）
S15w4p8x,水成川,Q6884868,,mizunarikawa,1963-10-31,22,Wikidata Q6884868（2026-10-07取得）
S15wcw0v,阿波川端,Q8190594,あわかわばた,awa-kawabata,1927-02-15,6,Wikidata Q8190594（2026-10-07取得）
S15x0qq4,北森,Q11402267,きたもり,kitamori,1961-04-20,30,Wikidata Q11402267（2026-10-07取得）
S15x57ua,八浜,Q775058,はちはま,hachihama,1910-06-12,31,Wikidata Q775058（2026-10-07取得）
S15x8ip1,下総神崎,Q7497064,しもうさこうざき,shimosa-kozaki,1897-02-03,31,Wikidata Q7497064（2026-10-07取得）
S15xpah5,京丹後大宮,Q7683075,きょうたんごおおみや,kyotango-omiya,1925-11-03,41,Wikidata Q7683075（2026-10-07取得）
S15y49sj,諫早東高校,Q11632014,いさはやひがしこうこう,isahayahigashikoukou,1984-11-12,31,Wikidata Q11632014（2026-10-07取得）
S15yicpu,肥後高田,Q11611587,ひごこうだ,higo-koda,1933-07-17,58,Wikidata Q11611587（2026-10-07取得）
S15yyqdm,和寒,Q900355,わっさむ,wassamu,1899-11-15,62,Wikidata Q900355（2026-10-07取得）
S15yz7cc,土佐長岡,Q900975,,tosa-nagaoka,1952-05-01,46,Wikidata Q900975（2026-10-07取得）
S15z4167,マキノ,Q5363830,,makino,1974,36,Wikidata Q5363830（2026-10-07取得）
S15z5ie9,田儀,Q5356698,たぎ,tagi,1915-07-11,1,Wikidata Q5356698（2026-10-07取得）
S15zu0e4,幕張豊砂,Q87064803,まくはりとよすな,makuhari-toyosuna,2023-03-18,31,Wikidata Q87064803（2026-10-07取得）
S15zxas1,丹比,Q7681780,,tampi,1930-12-01,26,Wikidata Q7681780（2026-10-07取得）
S16004ch,南永山,Q6862957,みなみながやま,minami-nagayama,1986,2,Wikidata Q6862957（2026-10-07取得）
S1602arj,伊勢八知,Q11378946,いせやち,ise-yachi,1935-12-05,6,Wikidata Q11378946（2026-10-07取得）
S16083v0,紀和,Q3527469,きわ,kiwa,1898-05-04,17,Wikidata Q3527469（2026-10-07取得）
S160e0up,田井ノ瀬,Q2646850,,tainose,1898-05-04,57,Wikidata Q2646850（2026-10-07取得）
S160op4v,市民広場,Q11480595,しみんひろば,shimin hiroba,1981-02-05,2,Wikidata Q11480595（2026-10-07取得）
S160vjky,河内長野,Q6379476,かわちながの,kawachinagano,1898-03-29,5,Wikidata Q6379476（2026-10-07取得）
S161aq5q,日当,Q5765658,ひなた,hinata,1989-03-25,18,Wikidata Q5765658（2026-10-07取得）
S161e3qs,神農原,Q11590900,かのはら,kanohara,1897-07-02,17,Wikidata Q11590900（2026-10-07取得）
S161ebse,東大手,Q8190779,,higashiote,1910,42,Wikidata Q8190779（2026-10-07取得）
S161g6ix,川奈,Q11478155,かわな,kawana,1961-12-10,105,Wikidata Q11478155（2026-10-07取得）
S161npcl,自然園前,Q7499466,しぜんえんまえ,shizen'en-mae,1986-12-11,2,Wikidata Q7499466（2026-10-07取得）
S161o0h2,学園都市,Q5358527,,gakuen-toshi,1985-06-18,50,Wikidata Q5358527（2026-10-07取得）
S161rmhv,八津,Q11391512,やつ,yatsu,1971-11-01,22,Wikidata Q11391512（2026-10-07取得）
S161rrdt,小井川,Q6426275,こいかわ,koikawa,1929-08-15,14,Wikidata Q6426275（2026-10-07取得）
S1624ae6,八頭高校前,Q8050646,,yazu-koko-mae,1996-10-01,20,Wikidata Q8050646（2026-10-07取得）
S162t44w,馬場崎町,Q4207950,ばばさきちょう,babasakicho,1987-11-01,23,Wikidata Q4207950（2026-10-07取得）
S1630q62,広戸,Q5771381,ひろと,hiroto,1954-12-25,43,Wikidata Q5771381（2026-10-07取得）
S163hvo8,大浦,Q898624,おおうら,oura,1990-11-21,39,Wikidata Q898624（2026-10-07取得）
S164c0tn,備後庄原,Q3611166,びんごしょうばら,bingo-shobara,1923-12-08,3,Wikidata Q3611166（2026-10-07取得）
S164hrt9,木場茶屋,Q5297680,こばんちゃや,kobanchaya,1914-06-01,92,Wikidata Q5297680（2026-10-07取得）
S164l6br,可児,Q6363050,かに,kani,1918-12-28,29,Wikidata Q6363050（2026-10-07取得）
S164sv9y,遠州芝本,Q5379986,えんしゅうしばもと,enshu-shibamoto,1909-12-06,59,Wikidata Q5379986（2026-10-07取得）
S164wc1b,南甲府,Q6862942,みなみこうふ,minami-kofu,1928-03-30,26,Wikidata Q6862942（2026-10-07取得）
S165dfu9,井原,Q5983703,,ibara,1999-01-11,17,Wikidata Q5983703（2026-10-07取得）
S165qimi,長陽,Q11654908,ちょうよう,choyo,1928-02-12,12,Wikidata Q11654908（2026-10-07取得）
S16626r0,京成稲毛,Q11374398,けいせいいなげ,keisei inage,1921-07-17,39,Wikidata Q11374398（2026-10-07取得）
S166gy4c,下新庄,Q11360932,,shimo-shinjo,1921,13,Wikidata Q11360932（2026-10-07取得）
S166mz36,中島,Q6960325,なかしま,nakashima,1911-06-12,34,Wikidata Q6960325（2026-10-07取得）
S166v16h,川辺,Q11479313,,kawabe,1938-10-21,16,Wikidata Q11479313（2026-10-07取得）
S166vjl0,八幡宿,Q573497,やわたじゅく,yawatajuku,1912-03-28,18,Wikidata Q573497（2026-10-07取得）
S1677wv8,幸手,Q7426528,さって,satte,1929-04-01,80,Wikidata Q7426528（2026-10-07取得）
S167bwp9,緑町,Q11607855,みどりちょう,midoricho,1935-06-14,49,Wikidata Q11607855（2026-10-07取得）
S1686p3v,出平,Q11395632,,dashidaira,,15,Wikidata Q11395632（2026-10-07取得）
S168ldtv,大杉,Q901012,おおすぎ,osugi,1932-12-20,27,Wikidata Q901012（2026-10-07取得）
S169dv6x,下切,Q7496961,しもぎり,shimogiri,1952-12-26,23,Wikidata Q7496961（2026-10-07取得）
S169h355,船橋法典,Q2743695,ふなばしほうてん,funabashi-hoten,1978-10-02,37,Wikidata Q2743695（2026-10-07取得）
S169ytb3,北浦湖畔,Q6417920,きたうらこはん,kitaurakohan,1985-03-14,9,Wikidata Q6417920（2026-10-07取得）
S16a7xln,比羅夫,Q848238,,hirafu,1904-10-15,38,Wikidata Q848238（2026-10-07取得）
S16a9129,佐貫町,Q558870,さぬきまち,sanukimachi,1915-01-15,69,Wikidata Q558870（2026-10-07取得）
S16acgxv,北常盤,Q6417613,きたときわ,kita-tokiwa,1924-12-20,4,Wikidata Q6417613（2026-10-07取得）
S16ad210,勝沼ぶどう郷,Q6378166,かつぬまぶどうきょう,katsunumabudokyo,1903-04-01,61,Wikidata Q6378166（2026-10-07取得）
S16awign,下館二高前,Q7496950,しもだてにこうまえ,shimodate-nikomae,1988-04-11,4,Wikidata Q7496950（2026-10-07取得）
S16c3n23,西相生,Q5366842,にしあいおい,nishi-aioi,1951-12-12,28,Wikidata Q5366842（2026-10-07取得）
S16cdjiw,鷹島口,Q11676353,たかしまぐち,takashimaguchi,1990-03-10,21,Wikidata Q11676353（2026-10-07取得）
S16d3585,東垂水,Q5753865,ひがしたるみ,higashi-tarumi,1917-04-12,19,Wikidata Q5753865（2026-10-07取得）
S16d5ak9,笠幡,Q844363,かさはた,kasahata,1940-07-22,18,Wikidata Q844363（2026-10-07取得）
S16db6uw,大在,Q5359540,おおざい,ozai,1924-11-25,53,Wikidata Q5359540（2026-10-07取得）
S16dxj18,浅海井,Q873068,,azamui,1916-10-25,6,Wikidata Q873068（2026-10-07取得）
S16e1j3v,福島,Q855584,ふくしま,fukushima,1898-04-05,35,Wikidata Q855584（2026-10-07取得）
S16elk6d,松戸,Q841460,まつど,matsudo,1896-12-25,29,Wikidata Q841460（2026-10-07取得）
S16er8oc,富田,Q3971129,,tonda,1936,31,Wikidata Q3971129（2026-10-07取得）
S16ewsg7,東岩槻,Q5753571,ひがしいわつき,higashi-iwatsuki,1969-12-01,12,Wikidata Q5753571（2026-10-07取得）
S16ex71k,伊勢大井,Q11378978,いせおおい,ise-oi,1938-01-20,6,Wikidata Q11378978（2026-10-07取得）
S16eyavb,二俣川,Q846471,ふたまたがわ,futamatagawa,1926-05-12,50,Wikidata Q846471（2026-10-07取得）
S16fb26f,古国府,Q5509791,ふるごう,furugo,1988-03-13,50,Wikidata Q5509791（2026-10-07取得）
S16fhgya,加古川,Q1131004,かこがわ,kakogawa,1888,39,Wikidata Q1131004（2026-10-07取得）
S16frwxz,あざみ野,Q852232,あざみの,azamino,1977-05-25,52,Wikidata Q852232（2026-10-07取得）
S16fs0bc,南新宿,Q1135947,みなみしんじゅく,minami-shinjuku,1927-04-01,23,Wikidata Q1135947（2026-10-07取得）
S16gc123,浜川崎,Q1581467,はまかわさき,hama-kawasaki,1918-05-10,47,Wikidata Q1581467（2026-10-07取得）
S16gstxo,宮津,Q6884476,みやづ,miyazu,1924-04-12,102,Wikidata Q6884476（2026-10-07取得）
S16h05v8,肥前七浦,Q5357178,ひぜんななうら,hizen-nanaura,1934-04-16,5,Wikidata Q5357178（2026-10-07取得）
S16h122j,田京,Q7678674,たきょう,takyo,1899-07-17,53,Wikidata Q7678674（2026-10-07取得）
S16h1w64,筑後大石,Q4898217,ちくごおおいし,chikugo-oishi,1931-07-11,105,Wikidata Q4898217（2026-10-07取得）
S16h90t4,八本松,Q5358976,はちほんまつ,hachihonmatsu,1895-04-04,18,Wikidata Q5358976（2026-10-07取得）
S16hkk2g,南直方御殿口,Q11408286,,minami nogata gotenguchi,2001-03-03,20,Wikidata Q11408286（2026-10-07取得）
S16hpdyi,扇田,Q8081473,おうぎた,ogita,1914-07-01,42,Wikidata Q8081473（2026-10-07取得）
S16hr5sr,緑,Q8191033,みどり,midori,1931,1,Wikidata Q8191033（2026-10-07取得）
S16i5yca,志津,Q7499472,しづ,shizu,1928-03-18,25,Wikidata Q7499472（2026-10-07取得）
S16i74kj,銀座一丁目,Q331185,ぎんざいっちょうめ,ginza-itchome,1974-10-30,27,Wikidata Q331185（2026-10-07取得）
S16i75xm,諏訪,Q7650541,,suwa,1989-03-11,73,Wikidata Q7650541（2026-10-07取得）
S16imsds,北野田,Q6417858,きたのだ,kitanoda,1914-08-07,9,Wikidata Q6417858（2026-10-07取得）
S16ipdom,室生口大野,Q6939872,むろうぐちおおの,muroguchi-ono,1930-10-10,28,Wikidata Q6939872（2026-10-07取得）
S16jernr,北鴻巣,Q845061,きたこうのす,kita-konosu,1984-11-03,5,Wikidata Q845061（2026-10-07取得）
S16jqu3n,讃岐府中,Q5115413,さぬきふちゅう,sanuki-fuchu,1952-01-27,29,Wikidata Q5115413（2026-10-07取得）
S16k4o7g,中崎町,Q83601,なかざきちょう,nakazakicho,1974-05-29,49,Wikidata Q83601（2026-10-07取得）
S16k8zgs,相生山,Q866681,,aioiyama,2011-03-27,4,Wikidata Q866681（2026-10-07取得）
S16kevki,養父,Q871175,やぶ,yabu,1908-07-01,15,Wikidata Q871175（2026-10-07取得）
S16klh31,朝倉街道,Q4803445,あさくらがいどう,asakuragaido,1924-04-12,23,Wikidata Q4803445（2026-10-07取得）
S16kt444,近鉄丹波橋,Q268864,きんてつたんばばし,kintetsu-tambabashi,1928-11-15,36,Wikidata Q268864（2026-10-07取得）
S16kxfn8,綾織,Q3890053,あやおり,ayaori,1914-12-15,14,Wikidata Q3890053（2026-10-07取得）
S16l7dvk,掛川市役所前,Q11498218,かけがわしやくしょまえ,kakegawa-shiyakusho-mae,1996-03-18,25,Wikidata Q11498218（2026-10-07取得）
S16lte34,苫小牧,Q3601182,とまこまい,tomakomai,1892,71,Wikidata Q3601182（2026-10-07取得）
S16m179g,乱川,Q11370550,みだれがわ,midaregawa,1954-12-01,41,Wikidata Q11370550（2026-10-07取得）
S16m69jy,京王よみうりランド,Q4251055,けいおうよみうりランド,keio-yomiuri-land,1971-04-01,15,Wikidata Q4251055（2026-10-07取得）
S16mb3vl,浪板海岸,Q6961845,なみいたかいがん,namiita-kaigan,1961-12-20,23,Wikidata Q6961845（2026-10-07取得）
S16mlfxr,伊予小松,Q875877,いよこまつ,iyo-komatsu,1923-05-01,29,Wikidata Q875877（2026-10-07取得）
S16mnbff,福岡空港,Q843397,ふくおかくうこう,fukuokakuko,1993-03-03,67,Wikidata Q843397（2026-10-07取得）
S16nfy9e,桔梗が丘,Q6406467,ききょうがおか,kikyogaoka,1964-10-01,48,Wikidata Q6406467（2026-10-07取得）
S16ns0cx,市布,Q5356149,いちぬの,ichinuno,1972-10-02,87,Wikidata Q5356149（2026-10-07取得）
S16numg0,小岩井,Q6426387,こいわい,koiwai,1921-06-25,12,Wikidata Q6426387（2026-10-07取得）
S16nv5fm,奥中山高原,Q7082750,おくなかやまこげん,okunakayama-kogen,1891-09-01,1,Wikidata Q7082750（2026-10-07取得）
S16nx2ju,八木山動物公園,Q11400042,,yagiyama zoological park,2015-12-06,78,Wikidata Q11400042（2026-10-07取得）
S16o0826,青山,Q4778833,,aoyama,1933,55,Wikidata Q4778833（2026-10-07取得）
S16o4fil,行田市,Q5625685,ぎょうだし,gyodashi,1921-04-01,28,Wikidata Q5625685（2026-10-07取得）
S16og12b,道ノ尾,Q5356492,みちのお,michinoo,1897-07-22,26,Wikidata Q5356492（2026-10-07取得）
S16p1qnf,来待,Q5356520,きまち,kimachi,1929-12-25,41,Wikidata Q5356520（2026-10-07取得）
S16p3vef,箕面,Q764602,みのお,minoo,1910,96,Wikidata Q764602（2026-10-07取得）
S16pld4l,雲井,Q11659999,,kumoi,1933-05-08,33,Wikidata Q11659999（2026-10-07取得）
S16pppt0,府中本町,Q800794,ふちゅうほんまち,fuchu-hommachi,1928-12-11,40,Wikidata Q800794（2026-10-07取得）
S16px0zo,高畑,Q851002,,takabata,1982-09-21,46,Wikidata Q851002（2026-10-07取得）
S16qdeuj,飛田給,Q4459114,とびたきゅう,tobitakyu,1916-09-01,62,Wikidata Q4459114（2026-10-07取得）
S16r2ebh,両国,Q801389,りょうごく,ryogoku,1904-04-05,336,Wikidata Q801389（2026-10-07取得）
S16rhu02,上磯,Q5360792,かみいそ,kamiiso,1913-09-15,86,Wikidata Q5360792（2026-10-07取得）
S16rlcj0,伊東,Q6095339,いとう,ito,1938-12-15,7,Wikidata Q6095339（2026-10-07取得）
S16rtlrw,都立家政,Q843447,とりつかせい,toritsu-kasei,1937-12-25,41,Wikidata Q843447（2026-10-07取得）
S16sb72e,新柏,Q7497105,しんかしわ,shin-kashiwa,1983-07-21,7,Wikidata Q7497105（2026-10-07取得）
S16taqlx,北水海道,Q11402295,きたみつかいどう,kita-mitsukaido,1972-03-15,12,Wikidata Q11402295（2026-10-07取得）
S16tcl7a,大森町,Q5362060,おおもりまち,omorimachi,1901-02-01,4,Wikidata Q5362060（2026-10-07取得）
S16tdon2,手樽,Q7706029,てたる,tetaru,1928-04-10,26,Wikidata Q7706029（2026-10-07取得）
S16tm390,阿波川口,Q900674,あわかわぐち,awa-kawaguchi,1935-11-28,15,Wikidata Q900674（2026-10-07取得）
S16u7mt7,伊予石城,Q899531,いよいわき,iyo-iwaki,1945-06-20,19,Wikidata Q899531（2026-10-07取得）
S16u8t2v,東大前,Q1073411,とうだいまえ,todaimae,1996-03-26,63,Wikidata Q1073411（2026-10-07取得）
S16v10pm,竹岡,Q558883,たけおか,takeoka,1926-06-16,3,Wikidata Q558883（2026-10-07取得）
S16v2230,藤崎,Q5507474,ふじさき,fujisaki,1918-09-25,62,Wikidata Q5507474（2026-10-07取得）
S16v9ixd,新改,Q901037,,shingai,1947,82,Wikidata Q901037（2026-10-07取得）
S16vha1e,鳩ヶ谷,Q3701478,はとがや,hatogaya,2001,30,Wikidata Q3701478（2026-10-07取得）
S16vupfh,朝熊,Q94676,あさま,asama,1970-03-01,33,Wikidata Q94676（2026-10-07取得）
S16w85ei,天空橋,Q5367248,てんくうばし,tenkubashi,1993-04-01,109,Wikidata Q5367248（2026-10-07取得）
S16x0nrw,西米沢,Q11629372,にしよねざわ,nishi-yonezawa,1926-09-28,21,Wikidata Q11629372（2026-10-07取得）
S16xb8xv,荏原町,Q5331501,えばらまち,ebaramachi,1927-07-06,24,Wikidata Q5331501（2026-10-07取得）
S16xow9b,小塩江,Q11459562,おしおえ,oshioe,1952-05-01,22,Wikidata Q11459562（2026-10-07取得）
S16xwp9n,中井,Q275116,なかい,nakai,1927-04-16,25,Wikidata Q275116（2026-10-07取得）
S16xwzqp,小倉,Q7080297,おぐら,ogura,1928-11-03,41,Wikidata Q7080297（2026-10-07取得）
S16y166v,牛込柳町,Q247099,うしごめやなぎちょう,ushigome-yanagicho,2000-12-12,16,Wikidata Q247099（2026-10-07取得）
S16yn96j,鶯野,Q7877931,うぐいすの,uguisuno,1965-11-21,5,Wikidata Q7877931（2026-10-07取得）
S16yu7ts,山梨市,Q8013369,やまなしし,yamanashishi,1903-06-11,17,Wikidata Q8013369（2026-10-07取得）
S16z3wz0,三島,Q375061,みしま,mishima,1934-12-01,112,Wikidata Q375061（2026-10-07取得）
S16zqb06,行田,Q845058,ぎょうだ,gyoda,1966-07-01,16,Wikidata Q845058（2026-10-07取得）
S17008yw,赤平,Q899024,,akabira,1913-11-10,1,Wikidata Q899024（2026-10-07取得）
S170ahb1,柴宿,Q7496014,しばじゅく,shibajuku,1962-05-15,11,Wikidata Q7496014（2026-10-07取得）
S170leii,伊那福岡,Q989483,いなふくおか,ina-fukuoka,1914-12-16,41,Wikidata Q989483（2026-10-07取得）
S171k1w1,一宮,Q11352616,,ichinomiya,1926-12-21,44,Wikidata Q11352616（2026-10-07取得）
S171np78,白老,Q3701542,しらおい,shiraoi,1892-08-01,18,Wikidata Q3701542（2026-10-07取得）
S1723yi3,宮前平,Q6884310,みやまえだいら,miyamaedaira,1966-04-01,28,Wikidata Q6884310（2026-10-07取得）
S172cu42,豊島,Q7827724,としま,toshima,1924,28,Wikidata Q7827724（2026-10-07取得）
S172kwob,駄科,Q985055,だしな,dashina,1927-04-08,68,Wikidata Q985055（2026-10-07取得）
S172nvv5,野州山辺,Q8049781,やしゅうやまべ,yashu-yamabe,1925-07-20,14,Wikidata Q8049781（2026-10-07取得）
S172ohwp,寺本,Q7701565,,teramoto,1912,46,Wikidata Q7701565（2026-10-07取得）
S172ui15,南三原,Q553865,みなみはら,minamihara,1921-06-01,32,Wikidata Q553865（2026-10-07取得）
S173h11k,倉本,Q5359488,くらもと,kuramoto,1914-05-01,21,Wikidata Q5359488（2026-10-07取得）
S173mxey,芦ヶ久保,Q4805059,あしがくぼ,ashigakubo,1969-10-14,37,Wikidata Q4805059（2026-10-07取得）
S173p1u9,海南,Q3381856,かいなん,kainan,1924-02-28,24,Wikidata Q3381856（2026-10-07取得）
S173tmvk,栗東,Q1042673,りっとう,ritto,1991-03-16,13,Wikidata Q1042673（2026-10-07取得）
S17428kb,崇城大学前,Q5358620,そうじょうだいがくまえ,sojodaigakumae,1988-03-13,31,Wikidata Q5358620（2026-10-07取得）
S1747r59,林,Q11533385,はやし,hayashi,1956-11-19,29,Wikidata Q11533385（2026-10-07取得）
S174c6bk,三谷,Q6880766,みたに,mitani,1918-04-28,28,Wikidata Q6880766（2026-10-07取得）
S174s8zg,小渕,Q11462679,こぶち,kobuchi,1936-09-25,20,Wikidata Q11462679（2026-10-07取得）
S175enu5,横川,Q5357064,よこかわ,yokokawa,1885-10-15,88,Wikidata Q5357064（2026-10-07取得）
S175i80m,新治,Q7034411,にいはり,niihari,1895-09-25,15,Wikidata Q7034411（2026-10-07取得）
S175jih3,湘南江の島,Q1058486,しょうなんえのしま,shonan-enoshima,1971-07-01,11,Wikidata Q1058486（2026-10-07取得）
S175o5a2,上戸,Q6322221,じょうこ,joko,1899-03-10,23,Wikidata Q6322221（2026-10-07取得）
S175pmod,稲梓,Q6013908,いなずさ,inazusa,1961-12-10,76,Wikidata Q6013908（2026-10-07取得）
S1766sj5,上菅谷,Q6357196,かみすがや,kami-sugaya,1897-11-16,82,Wikidata Q6357196（2026-10-07取得）
S176852i,大外羽,Q8081767,,otoba,1974-06-01,40,Wikidata Q8081767（2026-10-07取得）
S1768ede,広川ビーチ,Q3205763,ひろかわビーチ,hirokawa beach,1993-03-14,88,Wikidata Q3205763（2026-10-07取得）
S1769j37,馬喰横山,Q128303,ばくろよこやま,bakuro-yokoyama,1978-12-21,7,Wikidata Q128303（2026-10-07取得）
S176nedh,愛知大学前,Q4696602,あいちだいがくまえ,aichidaigakumae,1924,20,Wikidata Q4696602（2026-10-07取得）
S176tjo7,新大平下,Q7497153,しんおおひらした,shin-ohirashita,1931-11-01,28,Wikidata Q7497153（2026-10-07取得）
S176wmsl,ささしまライブ,Q11267889,,sasashima-raibu,2004-10-06,8,Wikidata Q11267889（2026-10-07取得）
S176yq23,南野,Q11408687,みなみの,minamino,1959-05-15,8,Wikidata Q11408687（2026-10-07取得）
S177rlec,新川,Q11502115,にっかわ,nikkawa,1928-11-10,23,Wikidata Q11502115（2026-10-07取得）
S177x5t4,川田,Q430650,かわた,kawata,1914-03-25,24,Wikidata Q430650（2026-10-07取得）
S177ypey,糸井,Q6094820,いとい,itoi,1917-06-01,11,Wikidata Q6094820（2026-10-07取得）
S1788cgd,恵比寿,Q800715,えびす,ebisu,1901-02-25,70,Wikidata Q800715（2026-10-07取得）
S178hzqv,二股,Q864284,,futamata,1903-11-03,9,Wikidata Q864284（2026-10-07取得）
S178z25i,福住,Q1305849,ふくずみ,fukuzumi,1994-10-14,29,Wikidata Q1305849（2026-10-07取得）
S178zjkr,牛久,Q5363775,うしく,ushiku,1896-12-25,52,Wikidata Q5363775（2026-10-07取得）
S17933kz,峰延,Q873055,みねのぶ,minenobu,1891-07-05,44,Wikidata Q873055（2026-10-07取得）
S17a0rv1,瑞穂,Q901438,,mizuho,1956-09-01,42,Wikidata Q901438（2026-10-07取得）
S17aquty,久々原,Q6441996,くぐはら,kuguhara,1952-03-20,23,Wikidata Q6441996（2026-10-07取得）
S17bl1fx,桔梗,Q1049285,ききょう,kikyo,1902-12-10,43,Wikidata Q1049285（2026-10-07取得）
S17bn5u3,紀伊有田,Q2748613,きいありた,kii-arita,1940-08-08,29,Wikidata Q2748613（2026-10-07取得）
S17ckzsy,内野,Q7876732,うちの,uchino,1912-08-25,43,Wikidata Q7876732（2026-10-07取得）
S17cplv4,大野原,Q8081669,おおのはら,onohara,1914-10-27,30,Wikidata Q8081669（2026-10-07取得）
S17e53pi,依那古,Q6013429,,inako,1922,36,Wikidata Q6013429（2026-10-07取得）
S17eboqb,紀伊勝浦,Q2584999,きいかつうら,kii-katsuura,1912-12-04,45,Wikidata Q2584999（2026-10-07取得）
S17ecmu1,相川,Q377279,あいかわ,aikawa,1928,22,Wikidata Q377279（2026-10-07取得）
S17ep2kr,西気賀,Q7040366,にしきが,nishi-kiga,1938-04-01,37,Wikidata Q7040366（2026-10-07取得）
S17es5wa,院庄,Q3661623,いんのしょう,innosho,1923-08-21,16,Wikidata Q3661623（2026-10-07取得）
S17f03av,女川,Q7091663,おながわ,onagawa,1939-10-07,79,Wikidata Q7091663（2026-10-07取得）
S17ffto7,分水,Q4997919,ぶんすい,bunsui,1912-12-28,27,Wikidata Q4997919（2026-10-07取得）
S17fgysr,吉野神宮,Q8056192,,yoshino-jingu,1928-03-25,20,Wikidata Q8056192（2026-10-07取得）
S17forxr,三郷,Q7418199,,sango,1905,38,Wikidata Q7418199（2026-10-07取得）
S17g2mtm,生田原,Q5996420,いくたはら,ikutahara,1914,85,Wikidata Q5996420（2026-10-07取得）
S17h7hu4,御油,Q5590215,,goyu,1926,28,Wikidata Q5590215（2026-10-07取得）
S17hj1r6,中三田,Q6960220,なかみた,nakamita,1915-04-28,63,Wikidata Q6960220（2026-10-07取得）
S17htq2b,宇奈月温泉,Q7882349,,unazukionsen,1923-11-21,52,Wikidata Q7882349（2026-10-07取得）
S17hviny,亀島,Q862331,,kamejima,1969-04-01,54,Wikidata Q862331（2026-10-07取得）
S17hx8xw,飛騨細江,Q876999,ひだほそえ,hida-hosoe,1934-10-25,41,Wikidata Q876999（2026-10-07取得）
S17iebso,高安山,Q7677479,たかやすやま,takayasuyama,1930-12-15,51,Wikidata Q7677479（2026-10-07取得）
S17k7fza,洗足,Q7451439,せんぞく,senzoku,1923-03-11,64,Wikidata Q7451439（2026-10-07取得）
S17kufw2,霊丘公園体育館,Q11477072,れいきゅうこうえんたいいくかん,reikyukoentaiikukan,1984-11-12,20,Wikidata Q11477072（2026-10-07取得）
S17kzw4w,日南,Q7024855,,nichinan,1941-10-28,20,Wikidata Q7024855（2026-10-07取得）
S17lb2l5,嘉例川,Q5375650,かれいがわ,kareigawa,1903-01-15,27,Wikidata Q5375650（2026-10-07取得）
S17lk9kv,越前田野,Q5332625,えちぜんたの,echizen-tano,1964-04-20,26,Wikidata Q5332625（2026-10-07取得）
S17ly7ah,河合西,Q3096683,かわいにし,kawainishi,1913,30,Wikidata Q3096683（2026-10-07取得）
S17lzuh9,横堤,Q135186,よこづつみ,yokozutsumi,1990-03-20,30,Wikidata Q135186（2026-10-07取得）
S17m2rfc,心斎橋,Q1074440,しんさいばし,shinsaibashi,1933-05-20,57,Wikidata Q1074440（2026-10-07取得）
S17mpsfq,トロッコ保津峡,Q130560,トロッコほづきょう,torroko hozukyo,1991-04-27,22,Wikidata Q130560（2026-10-07取得）
S17njgyl,あきた白神,Q4701221,あきたしらかみ,akitashirakami,1997-10-01,34,Wikidata Q4701221（2026-10-07取得）
S17nmxha,阿品東,Q4699750,あじなひがし,ajina-higashi,1931-02-15,16,Wikidata Q4699750（2026-10-07取得）
S17od7kk,武蔵新田,Q6940140,むさしにった,musashi-nitta,1923-11-01,14,Wikidata Q6940140（2026-10-07取得）
S17oe610,東根,Q5754099,ひがしね,higashine,1911-12-05,19,Wikidata Q5754099（2026-10-07取得）
S17oh1y5,会津高田,Q4699459,あいづたかだ,aizu-takada,1926-10-15,27,Wikidata Q4699459（2026-10-07取得）
S17ozc2j,石巻,Q11586500,いしのまき,ishinomaki,1912-10-28,8,Wikidata Q11586500（2026-10-07取得）
S17paqvn,府中,Q80168395,,fuchu,1927-08-13,0,Wikidata Q80168395（2026-10-07取得）
S17pchnj,磯部,Q900685,いそべ,isobe,1885-10-15,34,Wikidata Q900685（2026-10-07取得）
S17pmm5v,美作落合,Q3611001,みまさかおちあい,mimasaka-ochiai,1924-05-01,57,Wikidata Q3611001（2026-10-07取得）
S17pn8ln,小田栄,Q21020014,おださかえ,odasakae,2016-03-26,15,Wikidata Q21020014（2026-10-07取得）
S17poo4r,京急鶴見,Q5366409,けいきゅうつるみ,keikyu tsurumi,1905-12-24,47,Wikidata Q5366409（2026-10-07取得）
S17pt2jf,新夕張,Q7497148,しんゆうばり,shin-yubari,1892-11-01,56,Wikidata Q7497148（2026-10-07取得）
S17q5ncv,橿原神宮前,Q6374283,かしはらじんぐうまえ,kashiharajingu-mae,1923-03-21,78,Wikidata Q6374283（2026-10-07取得）
S17q71h2,朝菜町,Q4803513,あさなまち,asanamachi,1958-04-25,33,Wikidata Q4803513（2026-10-07取得）
S17qbs3b,日向新富,Q5357437,ひゅうがしんとみ,hyuga-shintomi,1920-09-11,47,Wikidata Q5357437（2026-10-07取得）
S17qip6y,吉礼,Q11414176,,kire,1916-02-15,11,Wikidata Q11414176（2026-10-07取得）
S17s0s2v,宝塚南口,Q7677271,,takarazuka-minamiguchi,1921,44,Wikidata Q7677271（2026-10-07取得）
S17sc4xi,塩尻,Q842897,しおじり,shiojiri,1902-12-15,52,Wikidata Q842897（2026-10-07取得）
S17sf0l4,船越,Q5508727,ふなこし,funakoshi,1914-11-08,41,Wikidata Q5508727（2026-10-07取得）
S17su9q0,近鉄名古屋,Q1109915,きんてつなごや,kintetsu nagoya,1938,56,Wikidata Q1109915（2026-10-07取得）
S17t2pxq,伊比井,Q5984052,いびい,ibii,1963-05-08,2,Wikidata Q5984052（2026-10-07取得）
S17t6afw,小谷松,Q6435135,こやまつ,koyamatsu,1960-06-20,40,Wikidata Q6435135（2026-10-07取得）
S17tlyx8,田島,Q7676868,たじま,tajima,1914-08-02,37,Wikidata Q7676868（2026-10-07取得）
S17ttbb2,京成津田沼,Q4389595,けいせいつだぬま,keisei tsudanuma,1916-07-17,35,Wikidata Q4389595（2026-10-07取得）
S17u24bo,福崎,Q5507715,ふくさき,fukusaki,1894-07-26,62,Wikidata Q5507715（2026-10-07取得）
S17u7fsh,早雲の里荏原,Q7667651,,sounnosato-ebara,1999-01-11,20,Wikidata Q7667651（2026-10-07取得）
S17uontz,小杉,Q6433616,こすぎ,kosugi,2003-03-25,17,Wikidata Q6433616（2026-10-07取得）
S17v4y9d,志村三丁目,Q1039149,しむらさんちょうめ,shimura-sanchome,1968-12-27,5,Wikidata Q1039149（2026-10-07取得）
S17vdfgc,原市,Q11284211,,haraichi,1983-12-22,11,Wikidata Q11284211（2026-10-07取得）
S17vkv3m,田吉,Q7690310,,tayoshi,1996-07-18,50,Wikidata Q7690310（2026-10-07取得）
S17vlmtd,六本木,Q1326723,ろっぽんぎ,roppongi,1964-05-25,75,Wikidata Q1326723（2026-10-07取得）
S17vna4l,中川,Q573443,なかがわ,nakagawa,1993-03-18,20,Wikidata Q573443（2026-10-07取得）
S17vqvs6,保原,Q11385694,ほばら,hobara,1988-07-01,35,Wikidata Q11385694（2026-10-07取得）
S17wpoo0,池ノ上,Q4199142,いけのうえ,ikenoue,1933-08-01,32,Wikidata Q4199142（2026-10-07取得）
S17wx5cp,南大沢,Q4293994,みなみおおさわ,minami-osawa,1988-05-21,24,Wikidata Q4293994（2026-10-07取得）
S17wxec8,潟町,Q5367552,かたまち,katamachi,1897-07-15,6,Wikidata Q5367552（2026-10-07取得）
S17wzm3h,永福町,Q4389461,えいふくちょう,eifukucho,1933-08-01,87,Wikidata Q4389461（2026-10-07取得）
S17xguwu,白丸,Q7498943,しろまる,shiromaru,1944-07-01,18,Wikidata Q7498943（2026-10-07取得）
S17xjiog,黒江,Q3455712,くろえ,kuroe,1966-11-01,56,Wikidata Q3455712（2026-10-07取得）
S17xov5r,南町田グランベリーパーク,Q6862943,みなみまちだグランベリーパーク,minami-machida grandberry park,1976-10-15,31,Wikidata Q6862943（2026-10-07取得）
S17xqgfv,山科,Q1073287,やましな,yamashina,1921-08-01,35,Wikidata Q1073287（2026-10-07取得）
S17xxoks,鳥形,Q7825785,とりがた,torigata,1960-12-01,4,Wikidata Q7825785（2026-10-07取得）
S17y1r5j,本川内,Q5355952,ほんかわち,honkawachi,1943-10-01,95,Wikidata Q5355952（2026-10-07取得）
S17ye8uk,麹町,Q331948,こうじまち,kojimachi,1974-10-30,99,Wikidata Q331948（2026-10-07取得）
S17ymm6i,南草津,Q1042831,みなみくさつ,minami-kusatsu,1994-09-04,20,Wikidata Q1042831（2026-10-07取得）
S17ymmw0,志比堺,Q7496501,,shiizakai,1914-02-11,19,Wikidata Q7496501（2026-10-07取得）
S17yzpci,水巻,Q5359533,みずまき,mizumaki,1961-10-01,72,Wikidata Q5359533（2026-10-07取得）
S17zv4nv,山ノ目,Q899658,やまのめ,yamanome,1928-04-08,14,Wikidata Q899658（2026-10-07取得）
S1802q7k,厚床,Q900490,あっとこ,attoko,1919-11-25,6,Wikidata Q900490（2026-10-07取得）
S180ffxv,小川町,Q1074315,おがわまち,ogawamachi,1980-03-16,15,Wikidata Q1074315（2026-10-07取得）
S181j7d7,大村,Q8081634,おおむら,omura,1951,48,Wikidata Q8081634（2026-10-07取得）
S181qrai,白庭台,Q7498268,しらにわだい,shiraniwadai,2006,9,Wikidata Q7498268（2026-10-07取得）
S181rv0n,蓬田,Q8054868,よもぎた,yomogita,1951-12-05,18,Wikidata Q8054868（2026-10-07取得）
S182561c,南桑,Q6959092,なぐわ,naguwa,1960-11-01,13,Wikidata Q6959092（2026-10-07取得）
S1826orp,荒井,Q11618409,,arai,2015-12-06,18,Wikidata Q11618409（2026-10-07取得）
S1827ib8,菊川,Q871521,きくがわ,kikugawa,1889-04-16,15,Wikidata Q871521（2026-10-07取得）
S182au9t,西新町,Q7040403,にししんまち,nishi-shimmachi,1923-08-19,21,Wikidata Q7040403（2026-10-07取得）
S182rro4,緑が丘,Q8192222,,midorigaoka,1996-09-01,14,Wikidata Q8192222（2026-10-07取得）
S1842uvd,春日山,Q5356614,かすがやま,kasugayama,1928-10-26,10,Wikidata Q5356614（2026-10-07取得）
S184fs56,東海,Q5366629,とうかい,tokai,1898-04-01,12,Wikidata Q5366629（2026-10-07取得）
S184w2o4,石津川,Q6080457,いしづがわ,ishizugawa,1919-06-01,16,Wikidata Q6080457（2026-10-07取得）
S1854y3h,大津町,Q11437350,,otsumachi,1914-04-29,16,Wikidata Q11437350（2026-10-07取得）
S185uvid,北原,Q11401280,きたはら,kitahara,1939-07-11,21,Wikidata Q11401280（2026-10-07取得）
S18613ak,松江しんじ湖温泉,Q11531631,,matsue shinjiko-onsen,1928-04-05,65,Wikidata Q11531631（2026-10-07取得）
S18654jw,千川,Q128304,せんかわ,senkawa,1983-06-24,34,Wikidata Q128304（2026-10-07取得）
S18670xp,塔のへつり,Q7862627,とうのへつり,to-no-hetsuri,1988-04-28,48,Wikidata Q7862627（2026-10-07取得）
S1867bku,西鉄新宮,Q11629904,にしてつしんぐう,nishitetsu shingu,1925-07-01,11,Wikidata Q11629904（2026-10-07取得）
S1868fwc,佐用,Q7429272,さよ,sayo,1935-07-30,19,Wikidata Q7429272（2026-10-07取得）
S186l8wq,在良,Q11423991,ありよし,ariyoshi,1914,39,Wikidata Q11423991（2026-10-07取得）
S186loiq,新花巻,Q1187840,しんはなまき,shin-hanamaki,1985-03-14,144,Wikidata Q1187840（2026-10-07取得）
S186vz0t,門島,Q894868,かどしま,kadoshima,1932-10-30,5,Wikidata Q894868（2026-10-07取得）
S187ucyl,我孫子,Q2084534,あびこ,abiko,1960-07-01,7,Wikidata Q2084534（2026-10-07取得）
S187wr70,矢野,Q11584457,やの,yano,1903-12-27,10,Wikidata Q11584457（2026-10-07取得）
S187yz4e,唐橋前,Q6367945,からはしまえ,karahashimae,1914,40,Wikidata Q6367945（2026-10-07取得）
S18806e4,本塩釜,Q5891927,ほんしおがま,hon-shiogama,1926-04-14,14,Wikidata Q5891927（2026-10-07取得）
S1880iv5,浅水,Q4812261,,asozu,1925-07-26,25,Wikidata Q4812261（2026-10-07取得）
S18840ns,蟹田,Q6363288,かにた,kanita,1951-12-05,7,Wikidata Q6363288（2026-10-07取得）
S1888yjq,大阿太,Q8081416,,oada,1929-03-31,23,Wikidata Q8081416（2026-10-07取得）
S188otkr,西立川,Q7040422,にしたちかわ,nishi-tachikawa,1931-11-15,26,Wikidata Q7040422（2026-10-07取得）
S188r9xa,有家,Q6543308,うげ,uge,1961-12-25,28,Wikidata Q6543308（2026-10-07取得）
S18a1a49,金浦,Q6429670,このうら,konoura,1922-06-30,59,Wikidata Q6429670（2026-10-07取得）
S18a3x2p,野内,Q6402251,のない,nonai,1893-07-16,15,Wikidata Q6402251（2026-10-07取得）
S18a8hxp,有明テニスの森,Q373913,ありあけテニスのもり,ariake-tennis-no-mori,2006-03-27,2,Wikidata Q373913（2026-10-07取得）
S18aanku,能町,Q7071607,のうまち,nomachi,1900-12-29,76,Wikidata Q7071607（2026-10-07取得）
S18aeqqv,三河島,Q865170,みかわしま,mikawashima,1905-04-01,80,Wikidata Q865170（2026-10-07取得）
S18amguc,山田,Q3971365,やまだ,yamada,1973,34,Wikidata Q3971365（2026-10-07取得）
S18an6p6,日吉本町,Q5872965,ひよしほんちょう,hiyoshi-honcho,2008-03-30,32,Wikidata Q5872965（2026-10-07取得）
S18b1c39,浦和美園,Q1042376,うらわみその,urawa misono,2001,21,Wikidata Q1042376（2026-10-07取得）
S18bvzhd,陽羽里,Q18124890,ひばり,hibari,2015-03-14,11,Wikidata Q18124890（2026-10-07取得）
S18c9pyw,建部,Q7677955,たけべ,takebe,1900-04-14,25,Wikidata Q7677955（2026-10-07取得）
S18cnx8g,東府中,Q4497461,ひがしふちゅう,higashi-fuchu,1916-10-31,17,Wikidata Q4497461（2026-10-07取得）
S18d4u30,神戸,Q6356311,かんべ,kambe,1989,96,Wikidata Q6356311（2026-10-07取得）
S18da1c0,西鈴蘭台,Q7040415,にしすずらんだい,nishi-suzurandai,1970,38,Wikidata Q7040415（2026-10-07取得）
S18daooj,引治,Q10980626,ひきじ,hikiji,1929-12-15,39,Wikidata Q10980626（2026-10-07取得）
S18dl7a5,酒々井,Q7499126,しすい,shisui,1897-01-19,12,Wikidata Q7499126（2026-10-07取得）
S18dzr23,新清水,Q7497132,しんしみず,shin-shimizu,1908,26,Wikidata Q7497132（2026-10-07取得）
S18e5jrq,上野芝,Q856750,,uenoshiba,1929,28,Wikidata Q856750（2026-10-07取得）
S18ek5vj,久崎,Q6449155,くざき,kuzaki,1994-12-03,17,Wikidata Q6449155（2026-10-07取得）
S18fneax,津ノ森,Q11555896,,tsunomori,1928-04-05,31,Wikidata Q11555896（2026-10-07取得）
S18fshiy,南魚崎,Q11408798,みなみうおざき,minami-uozaki,1990-02-21,9,Wikidata Q11408798（2026-10-07取得）
S18fw5gi,海鹿島,Q4805079,あしかじま,ashikajima,1923-07-05,64,Wikidata Q4805079（2026-10-07取得）
S18fxx9n,里,Q11644680,さと,sato,1990-03-10,22,Wikidata Q11644680（2026-10-07取得）
S18ghjig,梅山,Q7881516,うめやま,umeyama,1987-09-21,100,Wikidata Q7881516（2026-10-07取得）
S18gyvu0,井原市,Q5983705,いばらいち,ibaraichi,1915-04-28,33,Wikidata Q5983705（2026-10-07取得）
S18gz5gn,四ツ小屋,Q8056427,よつごや,yotsugoya,1917-08-16,128,Wikidata Q8056427（2026-10-07取得）
S18hhpu7,矢向,Q5367593,やこう,yako,1927-03-09,35,Wikidata Q5367593（2026-10-07取得）
S18i5cva,比叡山坂本,Q5367380,,hieizan sakamoto,1974,59,Wikidata Q5367380（2026-10-07取得）
S18i8djx,入野,Q6070036,いりの,irino,1960-03-22,7,Wikidata Q6070036（2026-10-07取得）
S18ibxfr,栗平,Q4248427,くりひら,kurihira,1974-06-01,49,Wikidata Q4248427（2026-10-07取得）
S18ikdft,多喜浜,Q872785,たきはま,takihama,1921-06-21,92,Wikidata Q872785（2026-10-07取得）
S18ix11v,堺田,Q1151505,さかいだ,sakaida,1917-11-01,11,Wikidata Q1151505（2026-10-07取得）
S18j5e5d,神代,Q6202081,じんだい,jindai,1921-12-11,8,Wikidata Q6202081（2026-10-07取得）
S18jj5uu,帯広,Q1073709,おびひろ,obihiro,1905-10-21,8,Wikidata Q1073709（2026-10-07取得）
S18jv288,春日原,Q6374872,かすがばる,kasugabaru,1924-04-12,27,Wikidata Q6374872（2026-10-07取得）
S18k5mkn,観音町,Q11630658,,kannonmachi,1914-02-11,23,Wikidata Q11630658（2026-10-07取得）
S18k9nyw,長島,Q5359213,ながしま,nagashima,1899,68,Wikidata Q5359213（2026-10-07取得）
S18ke53c,新木,Q4783839,あらき,araki,1958-04-01,97,Wikidata Q4783839（2026-10-07取得）
S18kf5ja,安田,Q8049946,やすだ,yasuda,2002-07-01,10,Wikidata Q8049946（2026-10-07取得）
S18kkjz6,江木,Q5347958,えぎ,egi,1928-11-10,40,Wikidata Q5347958（2026-10-07取得）
S18kl4kn,藍本,Q1043156,あいもと,aimoto,1899,23,Wikidata Q1043156（2026-10-07取得）
S18krw3u,大井競馬場前,Q5367547,おおいけいばじょうまえ,oi keibajo-mae,1965,10,Wikidata Q5367547（2026-10-07取得）
S18ks2sj,頸城大野,Q11664980,くびきおおの,kubiki-ono,1934-11-14,26,Wikidata Q11664980（2026-10-07取得）
S18l35qb,龍王峡,Q7385662,,ryuokyo,1986-10-09,20,Wikidata Q7385662（2026-10-07取得）
S18l3imr,烏山,Q6368662,からすやま,karasuyama,1923-04-15,12,Wikidata Q6368662（2026-10-07取得）
S18le2zu,一貴山,Q11353194,いきさん,ikisan,1924-05-29,14,Wikidata Q11353194（2026-10-07取得）
S18mg340,武蔵中原,Q5367238,むさしなかはら,musashi-nakahara,1927-03-09,88,Wikidata Q5367238（2026-10-07取得）
S18mg7u0,松木平,Q6788116,まつきたい,matsukitai,1952-01-26,16,Wikidata Q6788116（2026-10-07取得）
S18mij9x,大畠,Q5358101,おおばたけ,obatake,1897-09-25,144,Wikidata Q5358101（2026-10-07取得）
S18mjc23,駿河徳山,Q7646979,するがとくやま,suruga-tokuyama,1931-04-12,41,Wikidata Q7646979（2026-10-07取得）
S18mrucj,備後三川,Q4914290,びんごみかわ,bingo-mikawa,1938-07-28,4,Wikidata Q4914290（2026-10-07取得）
S18njbc5,那古船形,Q556700,なこふなかた,nakofunakata,1918-08-10,32,Wikidata Q556700（2026-10-07取得）
S18o83uo,笹部,Q7424961,,sasabe,1923-11-03,15,Wikidata Q7424961（2026-10-07取得）
S18of71a,二見浦,Q117376,ふたみのうら,futaminoura,1911-07-21,55,Wikidata Q117376（2026-10-07取得）
S18ogjae,内野西が丘,Q7876731,うちのにしがおか,uchino-nishigaoka,2005-03-01,19,Wikidata Q7876731（2026-10-07取得）
S18olhwl,下伊田,Q11360610,,shimoita,1999-03-22,49,Wikidata Q11360610（2026-10-07取得）
S18oqmv0,あかおか,Q4700280,あかおか,akaoka,2002-07-01,5,Wikidata Q4700280（2026-10-07取得）
S18otjkq,基山,Q872452,,kiyama,1921,39,Wikidata Q872452（2026-10-07取得）
S18pg0ij,本長篠,Q773509,ほんながしの,hon-nagashino,1923-02-01,53,Wikidata Q773509（2026-10-07取得）
S18pqcgm,苫米地,Q6420074,とまべち,tomabechi,1961-08-15,4,Wikidata Q6420074（2026-10-07取得）
S18qa683,唐木田,Q4213880,からきだ,karakida,1990-03-27,96,Wikidata Q4213880（2026-10-07取得）
S18ql55h,芦原温泉,Q4829830,あわらおんせん,awaraonsen,1897-09-20,101,Wikidata Q4829830（2026-10-07取得）
S18qucy0,東大館,Q5753940,ひがしおおだて,higashi-odate,1914-07-01,59,Wikidata Q5753940（2026-10-07取得）
S18qzmb9,安積永盛,Q876716,あさかながもり,asaka-nagamori,1909-10-18,55,Wikidata Q876716（2026-10-07取得）
S18rbzzi,牧落,Q1702756,,makiochi,1921,6,Wikidata Q1702756（2026-10-07取得）
S18rh0gc,中央市場前,Q5119034,,chuo-ichibamae,2001-07-07,11,Wikidata Q5119034（2026-10-07取得）
S18rtimh,新下関,Q1074353,しんしものせき,shin-shimonoseki,1901-05-27,93,Wikidata Q1074353（2026-10-07取得）
S18s5b35,東福間,Q5359754,ひがしふくま,higashi-fukuma,1978-10-02,39,Wikidata Q5359754（2026-10-07取得）
S18scj7e,神前,Q11588776,,kozaki,1916-02-15,37,Wikidata Q11588776（2026-10-07取得）
S18sq1m7,陸中折居,Q899478,りくちゅうおりい,rikuchu-orii,1924-01-15,37,Wikidata Q899478（2026-10-07取得）
S18swct1,津田山,Q211015,つだやま,tsudayama,1941-02-05,31,Wikidata Q211015（2026-10-07取得）
S18tyz9h,上桂,Q6357153,かみかつら,kami-katsura,1928-11-09,56,Wikidata Q6357153（2026-10-07取得）
S18u29b8,淵野辺,Q844699,ふちのべ,fuchinobe,1908-09-23,31,Wikidata Q844699（2026-10-07取得）
S18u7twh,下夜久野,Q872444,しもやくの,shimo-yakuno,1911-10-25,80,Wikidata Q872444（2026-10-07取得）
S18ug8xh,朝霞台,Q852274,あさかだい,asakadai,1974-08-06,31,Wikidata Q852274（2026-10-07取得）
S18ugd17,柏原,Q856463,かしわら,kashiwara,1889-05-14,32,Wikidata Q856463（2026-10-07取得）
S18up8xi,三河鳥羽,Q6845738,,mikawa-toba,1929,11,Wikidata Q6845738（2026-10-07取得）
S18ur8e6,端岡,Q98825,はしおか,hashioka,1952-01-27,28,Wikidata Q98825（2026-10-07取得）
S18vbj81,下山門,Q5368506,しもやまと,shimoyamato,1986-07-20,27,Wikidata Q5368506（2026-10-07取得）
S18vd6we,勝木,Q5527499,がつぎ,gatsugi,1924-07-31,4,Wikidata Q5527499（2026-10-07取得）
S18vnb82,陸中大里,Q7334122,りくちゅうおおさと,rikuchu-osato,1960-12-01,10,Wikidata Q7334122（2026-10-07取得）
S18vqtoz,伯耆溝口,Q5965218,ほうきみぞぐち,hoki-mizoguchi,1919-08-10,1,Wikidata Q5965218（2026-10-07取得）
S18vx4ee,桃山御陵前,Q6897485,ももやまごりょうまえ,momoyamagoryo-mae,1928-11-03,8,Wikidata Q6897485（2026-10-07取得）
S18w02d1,高木,Q7677012,たかぎ,takagi,1914-07-21,44,Wikidata Q7677012（2026-10-07取得）
S18waroa,接岨峡温泉,Q7456175,せっそきょうおんせん,sessokyo-onsen,1959-08-01,21,Wikidata Q7456175（2026-10-07取得）
S18wcmav,表木山,Q5375751,ひょうきやま,hyokiyama,1916-09-11,44,Wikidata Q5375751（2026-10-07取得）
S18wpbbb,車折神社,Q11637307,くるまざきじんじゃ,kurumazaki-jinja,1910-03-25,6,Wikidata Q11637307（2026-10-07取得）
S18x8loj,地蔵橋,Q6203576,じぞうばし,jizobashi,1913-04-20,23,Wikidata Q6203576（2026-10-07取得）
S18xlqxy,越前竹原,Q5332624,えちぜんたけはら,echizen-takehara,1914-02-11,5,Wikidata Q5332624（2026-10-07取得）
S18ygd5h,ほくほく大島,Q5878294,ほくほくおおしま,hokuhoku-oshima,1997-03-22,12,Wikidata Q5878294（2026-10-07取得）
S18ygm95,新古河,Q7497111,しんこが,shin-koga,1935-04-01,28,Wikidata Q7497111（2026-10-07取得）
S18ynb2a,相模大塚,Q7398954,さがみおおつか,sagami-otsuka,1926-05-12,25,Wikidata Q7398954（2026-10-07取得）
S18yq0bk,北殿,Q990983,きたとの,kitatono,1911-11-03,7,Wikidata Q990983（2026-10-07取得）
S18yrmpm,知多武豊,Q5102189,,chita-taketoyo,1932,45,Wikidata Q5102189（2026-10-07取得）
S18z5kx5,新宿三丁目,Q1147009,しんじゅくさんちょうめ,shinjuku-sanchome,1959-03-15,106,Wikidata Q1147009（2026-10-07取得）
S18zfq72,美薗中央公園,Q6875882,みそのちゅうおうこうえん,misono-chuo-koen,1951-04-01,42,Wikidata Q6875882（2026-10-07取得）
S18zjhcr,陸前豊里,Q8191256,りくぜんとよさと,rikuzen-toyosato,1968-10-24,121,Wikidata Q8191256（2026-10-07取得）
S190134g,明石,Q1155118,あかし,akashi,1888-11-01,33,Wikidata Q1155118（2026-10-07取得）
S1906n5c,加須,Q6381375,かぞ,kazo,1902-09-06,8,Wikidata Q6381375（2026-10-07取得）
S190a0tm,北金岡,Q6417553,きたかなおか,kita-kanaoka,1944-06-01,6,Wikidata Q6417553（2026-10-07取得）
S190li8v,筑波山頂,Q80170383,,tsukuba-sancho,1925-10-12,0,Wikidata Q80170383（2026-10-07取得）
S191fbdk,陸前富山,Q7334140,りくぜんとみやま,rikuzen-tomiyama,1928-04-10,22,Wikidata Q7334140（2026-10-07取得）
S191j609,谷川,Q1043144,たにかわ,tanikawa,1899-05-25,66,Wikidata Q1043144（2026-10-07取得）
S191naak,武豊,Q7678176,たけとよ,taketoyo,1886-03-01,59,Wikidata Q7678176（2026-10-07取得）
S191sddm,海ノ口,Q7881581,うみのくち,uminokuchi,1929-09-25,5,Wikidata Q7881581（2026-10-07取得）
S1923wdy,公津の杜,Q6455356,こうづのもり,kozunomori,1994-04-01,71,Wikidata Q6455356（2026-10-07取得）
S192diza,武蔵砂川,Q8015376,むさしすながわ,musashi-sunagawa,1983-12-12,48,Wikidata Q8015376（2026-10-07取得）
S192vv4v,剣淵,Q901066,,kembuchi,1900-08-05,17,Wikidata Q901066（2026-10-07取得）
S193007x,中浦,Q6960367,なかうら,nakaura,1944-05-31,16,Wikidata Q6960367（2026-10-07取得）
S1933kq7,荻生,Q7080334,,ogyu,1922-11-05,9,Wikidata Q7080334（2026-10-07取得）
S1939hp0,浦田,Q7899797,,urata,1989-03-11,76,Wikidata Q7899797（2026-10-07取得）
S193ocw1,筬島,Q7105719,,osashima,1922-11-08,37,Wikidata Q7105719（2026-10-07取得）
S193rykz,梅迫,Q7881519,うめざこ,umezako,1904-11-03,23,Wikidata Q7881519（2026-10-07取得）
S1942yds,谷津,Q8050270,やつ,yatsu,1921-07-17,14,Wikidata Q8050270（2026-10-07取得）
S194855b,戸坂,Q5745295,へさか,hesaka,1916-04-25,43,Wikidata Q5745295（2026-10-07取得）
S1949kvq,砂川七番,Q7638759,すながわななばん,sunagawa-nanaban,1998-11-27,7,Wikidata Q7638759（2026-10-07取得）
S19526ag,梶田,Q6349005,かじた,kajita,1963-10-01,62,Wikidata Q6349005（2026-10-07取得）
S195pett,仙台空港,Q841596,せんだいくうこう,sendai airport,2007-03-18,5,Wikidata Q841596（2026-10-07取得）
S195syty,戸部,Q7811562,とべ,tobe,1931-12-26,33,Wikidata Q7811562（2026-10-07取得）
S1968own,笹木野,Q7424994,ささきの,sasakino,1919-08-15,88,Wikidata Q7424994（2026-10-07取得）
S196ek2l,川西,Q6379664,かわにし,kawanishi,1911-08-15,51,Wikidata Q6379664（2026-10-07取得）
S197cx2v,新綱島,Q72526734,しんつなしま,shin-tsunashima,2023-03-18,60,Wikidata Q72526734（2026-10-07取得）
S197m8pe,間内,Q6746766,,manai,1931,19,Wikidata Q6746766（2026-10-07取得）
S1983d40,桑名,Q5359101,くわな,kuwana,1895-05-24,81,Wikidata Q5359101（2026-10-07取得）
S19862dp,稲田堤,Q5368291,いなだづつみ,inadazutsumi,1927-11-01,65,Wikidata Q5368291（2026-10-07取得）
S198s889,松久,Q845010,まつひさ,matsuhisa,1933-01-25,14,Wikidata Q845010（2026-10-07取得）
S1991auk,大貫,Q558903,おおぬき,onuki,1915-01-15,77,Wikidata Q558903（2026-10-07取得）
S1992wsl,厚東,Q5358095,ことう,koto,1900-12-03,10,Wikidata Q5358095（2026-10-07取得）
S199b680,玉桂寺前,Q11572676,,gyokukeijimae,1987-07-13,48,Wikidata Q11572676（2026-10-07取得）
S199gq3i,田沢湖,Q692529,たざわこ,tazawako,1923-08-31,21,Wikidata Q692529（2026-10-07取得）
S199jynk,切通,Q6415144,,kiridoshi,1926,22,Wikidata Q6415144（2026-10-07取得）
S199ro0j,北吉田,Q6417624,きたよしだ,kita-yoshida,1984-04-08,24,Wikidata Q6417624（2026-10-07取得）
S199tv0f,寒川,Q8192986,さむかわ,samukawa,1921-09-28,2,Wikidata Q8192986（2026-10-07取得）
S19ayos6,横堀,Q8054603,よこぼり,yokobori,1905-07-05,14,Wikidata Q8054603（2026-10-07取得）
S19b1se7,京成小岩,Q6383844,けいせいこいわ,keisei koiwa,1932-05-15,27,Wikidata Q6383844（2026-10-07取得）
S19b2vok,茨目,Q4347750,いばらめ,ibarame,1963-09-29,4,Wikidata Q4347750（2026-10-07取得）
S19b4val,菊水,Q3563846,きくすい,kikusui,1976-06-10,5,Wikidata Q3563846（2026-10-07取得）
S19bsvwz,バスセンター前,Q5001181,バスセンターまえ,bus center-mae,1976-06-10,125,Wikidata Q5001181（2026-10-07取得）
S19ce2ib,新桐生,Q7497107,しんきりゅう,shin-kiryu,1913-03-19,16,Wikidata Q7497107（2026-10-07取得）
S19cv934,仁豊野,Q7024243,にぶの,nibuno,1896-08-19,22,Wikidata Q7024243（2026-10-07取得）
S19edsca,亀戸,Q1036376,かめいど,kameido,1894-03-29,30,Wikidata Q1036376（2026-10-07取得）
S19eihol,白沢,Q11579941,,shirasawa,1931,42,Wikidata Q11579941（2026-10-07取得）
S19emn6t,甲斐常葉,Q6347331,かいときわ,kai-tokiwa,1927-12-17,25,Wikidata Q6347331（2026-10-07取得）
S19er4pa,黒髪町,Q11678921,,kurokamimachi,1951-10-25,8,Wikidata Q11678921（2026-10-07取得）
S19exd32,印旛日本医大,Q859077,いんばにほんいだい,inba-nihon-idai,2000-07-22,47,Wikidata Q859077（2026-10-07取得）
S19fv48t,今隈,Q11377462,,imaguma,2002-12-01,45,Wikidata Q11377462（2026-10-07取得）
S19g8drv,花園町,Q126102,はなぞのちょう,hanazonocho,1942-05-10,137,Wikidata Q126102（2026-10-07取得）
S19gbba4,益子,Q6783153,ましこ,mashiko,1913-07-11,63,Wikidata Q6783153（2026-10-07取得）
S19gchz6,西天下茶屋,Q7040427,にしてんがちゃや,nishi-tengachaya,1915-09-18,54,Wikidata Q7040427（2026-10-07取得）
S19gsi3a,南船橋,Q2259071,みなみふなばし,minami-funabashi,1988-03-03,83,Wikidata Q2259071（2026-10-07取得）
S19h6j75,えびの,Q5331860,えびの,ebino,1912-10-01,63,Wikidata Q5331860（2026-10-07取得）
S19h7khw,市場前,Q859054,しじょうまえ,shijo-mae,2006-03-27,32,Wikidata Q859054（2026-10-07取得）
S19i1lxg,京田辺,Q855813,きょうたなべ,kyotanabe,1898,124,Wikidata Q855813（2026-10-07取得）
S19iwnwh,中沢,Q11366389,なかさわ,nakasawa,1959-11-25,25,Wikidata Q11366389（2026-10-07取得）
S19jkuob,陸前山王,Q899178,りくぜんさんのう,rikuzen-sanno,1933-08-25,16,Wikidata Q899178（2026-10-07取得）
S19jxqos,園部,Q1044120,そのべ,sonobe,1899-08-15,51,Wikidata Q1044120（2026-10-07取得）
S19k7oho,波子,Q5678948,はし,hashi,1921-09-01,15,Wikidata Q5678948（2026-10-07取得）
S19kozz3,島ノ関,Q7496833,しまのせき,shimanoseki,1913,34,Wikidata Q7496833（2026-10-07取得）
S19l26lk,加木屋中ノ池,Q115794412,,kagiya-nakanoike,2024-03-16,26,Wikidata Q115794412（2026-10-07取得）
S19l50i2,JR三山木,Q855528,ジェイアールみやまき,jr miyamaki,1952,18,Wikidata Q855528（2026-10-07取得）
S19lfqj5,一之江,Q1044276,いちのえ,ichinoe,1986-09-14,8,Wikidata Q1044276（2026-10-07取得）
S19m2gkw,市川塩浜,Q844441,いちかわしおはま,ichikawashiohama,1988-12-01,48,Wikidata Q844441（2026-10-07取得）
S19n6f1r,南茨木,Q3970132,みなみいばらき,minami-ibaraki,1970,23,Wikidata Q3970132（2026-10-07取得）
S19nn8f2,福江,Q5507630,ふくえ,fukue,1914-04-22,35,Wikidata Q5507630（2026-10-07取得）
S19o4f4c,会津坂本,Q4699455,あいづさかもと,aizu-sakamoto,1928-11-20,14,Wikidata Q4699455（2026-10-07取得）
S19o651i,新河岸,Q7497441,しんがし,shingashi,1914-06-17,40,Wikidata Q7497441（2026-10-07取得）
S19pbuky,赤野,Q4700269,あかの,akano,2002-07-01,29,Wikidata Q4700269（2026-10-07取得）
S19pge05,太郎坊宮前,Q7687071,,tarobogu-mae,1913-12-29,16,Wikidata Q7687071（2026-10-07取得）
S19pkhh8,近鉄日本橋,Q6414369,きんてつにっぽんばし,kintetsu nippombashi,1970-03-15,40,Wikidata Q6414369（2026-10-07取得）
S19pw9x3,東所沢,Q5753886,ひがしところざわ,higashi-tokorozawa,1973-04-01,11,Wikidata Q5753886（2026-10-07取得）
S19qwpz3,敦賀,Q5364670,つるが,tsuruga,1882-03-10,87,Wikidata Q5364670（2026-10-07取得）
S19r61fp,海部,Q8190333,かいふ,kaifu,1973-10-01,10,Wikidata Q8190333（2026-10-07取得）
S19r6y7r,西春江ハートピア,Q7040344,,nishiharue heartpia,1928-12-30,32,Wikidata Q7040344（2026-10-07取得）
S19r7ixs,市立病院前,Q7571700,,naha city hospital,2003,33,Wikidata Q7571700（2026-10-07取得）
S19r8uzu,西代,Q7040529,にしだい,nishidai,1910-03-15,10,Wikidata Q7040529（2026-10-07取得）
S19rwgv4,荷稲,Q8188907,かいな,kaina,1963-12-18,15,Wikidata Q8188907（2026-10-07取得）
S19s9y3s,八瀬比叡山口,Q8189585,,yase-hieizanguchi,1925-09-27,20,Wikidata Q8189585（2026-10-07取得）
S19shotl,京王多摩川,Q4251058,けいおうたまがわ,keio-tamagawa,1916-06-01,124,Wikidata Q4251058（2026-10-07取得）
S19stip6,武川,Q7677997,たけかわ,takekawa,1901-10-07,114,Wikidata Q7677997（2026-10-07取得）
S19t1y5q,京成立石,Q5366765,けいせいたていし,keisei tateishi,1912-11-03,42,Wikidata Q5366765（2026-10-07取得）
S19tgiva,上深川,Q6357755,かみふかわ,kami-fukawa,1929-03-20,24,Wikidata Q6357755（2026-10-07取得）
S19tz08p,大橋,Q8081489,おおはし,ohashi,1924-04-12,45,Wikidata Q8081489（2026-10-07取得）
S19tz8pj,越前大宮,Q5332628,えちぜんおおみや,echizen-omiya,1960-12-15,10,Wikidata Q5332628（2026-10-07取得）
S19uatww,愛大医学部南口,Q11493498,あいだいいがくぶみなみぐち,ehime univ. hospital,1981-08-10,33,Wikidata Q11493498（2026-10-07取得）
S19um4jk,三津,Q11356310,みつ,mitsu,1888-10-28,5,Wikidata Q11356310（2026-10-07取得）
S19viwvs,久谷,Q872083,くたに,kutani,1912-03-01,66,Wikidata Q872083（2026-10-07取得）
S19vlsca,渋木,Q7496084,しぶき,shibuki,1924,22,Wikidata Q7496084（2026-10-07取得）
S19vrwzx,用宗,Q872051,もちむね,mochimune,1909-11-01,109,Wikidata Q872051（2026-10-07取得）
S19vs9mv,古館,Q899716,ふるだて,furudate,1944-10-11,27,Wikidata Q899716（2026-10-07取得）
S19vucso,下山,Q7497024,しもやま,shimoyama,2002-07-01,49,Wikidata Q7497024（2026-10-07取得）
S19w41tk,鈴木町,Q7651381,すずきちょう,suzukicho,1929-12-10,4,Wikidata Q7651381（2026-10-07取得）
S19w717i,塩浜,Q7497869,,shiohama,1919,84,Wikidata Q7497869（2026-10-07取得）
S19wm5ov,山隈,Q11471205,,yamaguma,1987-11-01,16,Wikidata Q11471205（2026-10-07取得）
S19wm8br,重岡,Q5357673,しげおか,shigeoka,1922-03-26,5,Wikidata Q5357673（2026-10-07取得）
S19wqpb6,観音寺,Q5358548,かんおんじ,kan'onji,1957-10-01,37,Wikidata Q5358548（2026-10-07取得）
S19x797o,西永福,Q31589,にしえいふく,nishi-eifuku,1933-08-01,24,Wikidata Q31589（2026-10-07取得）
S19ys5l5,越前花堂,Q898457,えちぜんはなんどう,echizen-hanando,1960-12-15,36,Wikidata Q898457（2026-10-07取得）
S19yz2r2,長者原,Q5118988,ちょうじゃばる,chojabaru,1988-03-13,59,Wikidata Q5118988（2026-10-07取得）
S1a217qs,萩生,Q5638863,はぎゅう,hagyu,1931-08-10,32,Wikidata Q5638863（2026-10-07取得）
S1a22lo9,三河高浜,Q6845751,,mikawa takahama,1918,15,Wikidata Q6845751（2026-10-07取得）
S1a23xkc,吉田,Q8055962,よした,yoshita,1986,47,Wikidata Q8055962（2026-10-07取得）
S1a2e2sa,柴田,Q7496028,,shibata,1912,28,Wikidata Q7496028（2026-10-07取得）
S1a34s1c,江戸川台,Q5340181,えどがわだい,edogawadai,1958-02-16,50,Wikidata Q5340181（2026-10-07取得）
S1a3fhcn,然別,Q861440,しかりべつ,shikaribetsu,1902-12-10,33,Wikidata Q861440（2026-10-07取得）
S1a3kwnc,丸岡,Q5359723,まるおか,maruoka,1897-09-20,105,Wikidata Q5359723（2026-10-07取得）
S1a3rzry,河和口,Q6455325,,kowaguchi,1932,42,Wikidata Q6455325（2026-10-07取得）
S1a3xeh5,穴太,Q4778548,あのお,anoo,1927,19,Wikidata Q4778548（2026-10-07取得）
S1a43ovb,藤川,Q5507423,,fujikawa,1926,33,Wikidata Q5507423（2026-10-07取得）
S1a43oxt,みどりの,Q5366321,みどりの,midorino,2005-08-24,3,Wikidata Q5366321（2026-10-07取得）
S1a4ts2m,雲雀丘花屋敷,Q3969783,,hibarigaoka-hanayashiki,1961,39,Wikidata Q3969783（2026-10-07取得）
S1a4yaxv,羽前千歳,Q7904801,うぜんちとせ,uzen-chitose,1933-10-17,34,Wikidata Q7904801（2026-10-07取得）
S1a5bidw,行波,Q8060569,ゆかば,yukaba,1971-04-01,9,Wikidata Q8060569（2026-10-07取得）
S1a5eywy,西新井,Q841838,にしあらい,nishiarai,1899-08-27,19,Wikidata Q841838（2026-10-07取得）
S1a5kz1n,上条,Q11359363,かみじょう,kamijo,1927-04-28,14,Wikidata Q11359363（2026-10-07取得）
S1a5vz6z,東加古川,Q1042643,ひがしかこがわ,higashi-kakogawa,1961-10-01,28,Wikidata Q1042643（2026-10-07取得）
S1a6cs9z,天和,Q7700951,てんわ,tenwa,1963-05-01,51,Wikidata Q7700951（2026-10-07取得）
S1a6e6kl,東福生,Q844330,ひがしふっさ,higashi-fussa,1931-12-10,5,Wikidata Q844330（2026-10-07取得）
S1a6qmnj,川治温泉,Q6379551,,kawaji-onsen,1986-10-09,13,Wikidata Q6379551（2026-10-07取得）
S1a750u5,奥新川,Q7082754,おくにっかわ,oku-nikkawa,1937-11-10,10,Wikidata Q7082754（2026-10-07取得）
S1a7bu0g,鶴ヶ島,Q7850270,つるがしま,tsurugashima,1932-04-10,13,Wikidata Q7850270（2026-10-07取得）
S1a7olrv,南公園,Q6863047,みなみこうえん,minami koen,1981-02-05,10,Wikidata Q6863047（2026-10-07取得）
S1a8hohk,稲毛海岸,Q2583249,いなげかいがん,inage-kaigan,1986-03-03,7,Wikidata Q2583249（2026-10-07取得）
S1a8mfus,神海,Q6455210,こうみ,komi,1958-05-29,50,Wikidata Q6455210（2026-10-07取得）
S1a8ns4y,多良,Q7685150,,tara,1934-04-16,2,Wikidata Q7685150（2026-10-07取得）
S1a8qk76,高宮,Q7677150,たかみや,takamiya,1924-04-12,8,Wikidata Q7677150（2026-10-07取得）
S1a98e3i,備後本庄,Q4914288,びんごほんじょう,bingo-honjo,1940-02-01,29,Wikidata Q4914288（2026-10-07取得）
S1a9o0ue,広小路,Q5770462,,hirokoji,1922,11,Wikidata Q5770462（2026-10-07取得）
S1a9pyao,羽前水沢,Q7904833,うぜんみずさわ,uzen-mizusawa,1926-09-05,105,Wikidata Q7904833（2026-10-07取得）
S1a9q291,島氏永,Q7496798,,shima-ujinaga,1924,28,Wikidata Q7496798（2026-10-07取得）
S1a9xng5,諸寄,Q899634,もろよせ,moroyose,1931-07-18,13,Wikidata Q899634（2026-10-07取得）
S1aa4jge,羽後太田,Q11610156,うごおおた,ugo-ota,1971-11-01,21,Wikidata Q11610156（2026-10-07取得）
S1aad0yn,牛山,Q7467513,うしやま,ushiyama,1931,63,Wikidata Q7467513（2026-10-07取得）
S1aad6nz,宮本武蔵,Q6884337,みやもとむさし,miyamoto-musashi,1994-12-03,29,Wikidata Q6884337（2026-10-07取得）
S1ac02ro,大日,Q681742,だいにち,dainichi,1983-02-08,38,Wikidata Q681742（2026-10-07取得）
S1acaurf,浜河内,Q5643995,はまごうち,hamagochi,1957-06-01,19,Wikidata Q5643995（2026-10-07取得）
S1accu3j,近江中庄,Q5364773,,omi-nakasho,1974,122,Wikidata Q5364773（2026-10-07取得）
S1ads0n0,東大島,Q908010,ひがしおおじま,higashi-ojima,1978-12-21,50,Wikidata Q908010（2026-10-07取得）
S1ae0xg9,福神,Q5507629,,fukugami,1924-05-11,8,Wikidata Q5507629（2026-10-07取得）
S1ae3d2z,温田,Q894584,ぬくた,nukuta,1935-11-15,10,Wikidata Q894584（2026-10-07取得）
S1aelwmo,渡瀬,Q7973000,わたらせ,watarase,1927-12-16,56,Wikidata Q7973000（2026-10-07取得）
S1aemwra,学芸大学,Q5517709,がくげいだいがく,gakugei-daigaku,1927-08-28,26,Wikidata Q5517709（2026-10-07取得）
S1aetmdp,神奈川,Q5362069,かながわ,kanagawa,1905-12-24,39,Wikidata Q5362069（2026-10-07取得）
S1afhd74,湯河原,Q841936,ゆがわら,yugawara,1924-10-01,17,Wikidata Q841936（2026-10-07取得）
S1afv66f,串木野,Q5297573,くしきの,kushikino,1913-12-15,68,Wikidata Q5297573（2026-10-07取得）
S1agcdyc,聚楽園,Q11611175,,shurakuen,1917,25,Wikidata Q11611175（2026-10-07取得）
S1agwrls,常盤平,Q7813628,ときわだいら,tokiwadaira,1955-04-21,54,Wikidata Q7813628（2026-10-07取得）
S1ai0biy,塩釜口,Q903443,,shiogama-guchi,1978-10-01,104,Wikidata Q903443（2026-10-07取得）
S1aioobh,姉別,Q900646,,anebetsu,1919-11-25,4,Wikidata Q900646（2026-10-07取得）
S1alnlr4,北丸森,Q6417565,きたまるもり,kita-marumori,1986-07-01,18,Wikidata Q6417565（2026-10-07取得）
S1alwvkm,日光,Q1048777,にっこう,nikko,1890-08-01,19,Wikidata Q1048777（2026-10-07取得）
S1am095o,内田,Q11394382,,uchida,1990-04-01,47,Wikidata Q11394382（2026-10-07取得）
S1amyqk5,赤城,Q4700146,あかぎ,akagi,1928-11-10,17,Wikidata Q4700146（2026-10-07取得）
S1an2hed,深溝,Q5507576,,fukamizo,1925-03-26,11,Wikidata Q5507576（2026-10-07取得）
S1an51sz,京王堀之内,Q269149,けいおうほりのうち,keio-horinouchi,1988-05-21,5,Wikidata Q269149（2026-10-07取得）
S1an91l4,上涌谷,Q8192019,かみわくや,kami-wakuya,1957-08-01,8,Wikidata Q8192019（2026-10-07取得）
S1ang6lw,兄畑,Q4764591,あにはた,anihata,1931-10-17,23,Wikidata Q4764591（2026-10-07取得）
S1anjs2g,鹿家,Q7496531,,shikaka,1923-12-05,46,Wikidata Q7496531（2026-10-07取得）
S1anonk7,植木,Q5358543,うえき,ueki,1965-10-01,52,Wikidata Q5358543（2026-10-07取得）
S1ans0la,長浜,Q1037083,ながはま,nagahama,1882,30,Wikidata Q1037083（2026-10-07取得）
S1antqzc,加佐登,Q5358774,かさど,kasado,1892,35,Wikidata Q5358774（2026-10-07取得）
S1ao70at,南小松島,Q6862940,みなみこまつしま,minami-komatsushima,1916-12-15,1,Wikidata Q6862940（2026-10-07取得）
S1ap0q3h,矢川,Q5366364,やがわ,yagawa,1932-05-20,38,Wikidata Q5366364（2026-10-07取得）
S1ap0y5c,あやめ公園,Q4830896,あやめこうえん,ayame-koen,2002-06-09,10,Wikidata Q4830896（2026-10-07取得）
S1apwu4v,播磨新宮,Q5657517,はりましんぐう,harima-shingu,1932-07-11,64,Wikidata Q5657517（2026-10-07取得）
S1aq300n,大西,Q898627,おおにし,onishi,1924-12-01,23,Wikidata Q898627（2026-10-07取得）
S1aq41rq,河内小阪,Q6379454,,kawachi-kosaka,1914-04-30,11,Wikidata Q6379454（2026-10-07取得）
S1aq76ab,みどり湖,Q8013585,みどりこ,midoriko,1983-07-05,5,Wikidata Q8013585（2026-10-07取得）
S1aqtqlg,都島,Q83604,みやこじま,miyakojima,1974-05-29,30,Wikidata Q83604（2026-10-07取得）
S1arbyeu,大阪教育大前,Q8081682,おおさかきょういくだいまえ,osaka-kyoikudai-mae,1991-12-06,25,Wikidata Q8081682（2026-10-07取得）
S1arimie,南羽咋,Q6862870,みなみはくい,minami-hakui,1960-02-10,58,Wikidata Q6862870（2026-10-07取得）
S1ariyzx,清瀬,Q6419078,きよせ,kiyose,1924-06-11,43,Wikidata Q6419078（2026-10-07取得）
S1arlvwo,島尾,Q7496841,しまお,shimao,1912-04-05,14,Wikidata Q7496841（2026-10-07取得）
S1arphk9,八雲,Q848309,やくも,yakumo,1903-11-03,110,Wikidata Q848309（2026-10-07取得）
S1arvapu,上伊田,Q11358457,,kamiita,2001-03-03,106,Wikidata Q11358457（2026-10-07取得）
S1arx815,新町,Q845085,しんまち,shinmachi,1883-12-27,20,Wikidata Q845085（2026-10-07取得）
S1ascbrl,徳庵,Q855759,とくあん,tokuan,1895,40,Wikidata Q855759（2026-10-07取得）
S1aswxmm,都庁前,Q246186,とちょうまえ,tochomae,1997-12-19,12,Wikidata Q246186（2026-10-07取得）
S1at0c2g,加治,Q11398692,かじ,kaji,1914-06-01,71,Wikidata Q11398692（2026-10-07取得）
S1at6sfv,畑田,Q11578492,,hatada,1926-12-21,59,Wikidata Q11578492（2026-10-07取得）
S1atcpgv,三河知立,Q6845742,,mikawa chiryu,1915,9,Wikidata Q6845742（2026-10-07取得）
S1atmgjz,東山代,Q11526691,ひがしやましろ,higashi-yamashiro,1930-03-21,19,Wikidata Q11526691（2026-10-07取得）
S1auxnhz,三輪,Q5362082,,miwa,1898-05-11,10,Wikidata Q5362082（2026-10-07取得）
S1av669z,糀谷,Q5361691,こうじや,kojiya,1902-06-28,25,Wikidata Q5361691（2026-10-07取得）
S1avfior,鞍馬,Q6445553,,kurama,1929-12-20,27,Wikidata Q6445553（2026-10-07取得）
S1avtizi,布佐,Q5366552,ふさ,fusa,1901-04-01,30,Wikidata Q5366552（2026-10-07取得）
S1avzo2g,津田,Q855925,つだ,tsuda,1898,3,Wikidata Q855925（2026-10-07取得）
S1aw4aeg,雲州平田,Q11660057,,unshu hirata,1914-04-29,3,Wikidata Q11660057（2026-10-07取得）
S1aw5cb2,大塔,Q5209814,だいとう,daito,1942-09-30,25,Wikidata Q5209814（2026-10-07取得）
S1ax585j,藤井寺,Q5507418,ふじいでら,fujiidera,1922-04-18,40,Wikidata Q5507418（2026-10-07取得）
S1ax759s,新加美,Q855847,しんかみ,shin-kami,2008,92,Wikidata Q855847（2026-10-07取得）
S1axtzkl,佐久広瀬,Q7403127,さくひろせ,saku-hirose,1935-01-16,17,Wikidata Q7403127（2026-10-07取得）
S1axwcew,伊丹,Q11378797,いたみ,itami,1920-07-16,12,Wikidata Q11378797（2026-10-07取得）
S1ayvcc7,北宇智,Q3615850,,kitauchi,1896-10-25,40,Wikidata Q3615850（2026-10-07取得）
S1az8t21,越後湯沢,Q1188630,えちごゆざわ,echigo-yuzawa,1925-11-01,48,Wikidata Q1188630（2026-10-07取得）
S1azldw6,有田,Q4791116,ありた,arita,1897-07-10,45,Wikidata Q4791116（2026-10-07取得）
S1aztill,青谷,Q899423,あおや,aoya,1905-05-15,13,Wikidata Q899423（2026-10-07取得）
S1b0h85i,野花南,Q899098,,nokanan,1913-11-10,3,Wikidata Q899098（2026-10-07取得）
S1b1sufk,栢山,Q4218388,かやま,kayama,1927-04-01,13,Wikidata Q4218388（2026-10-07取得）
S1b1w399,成田湯川,Q859802,なりたゆかわ,narita yukawa,2010-07-17,36,Wikidata Q859802（2026-10-07取得）
S1b21a1u,上豊田,Q11360132,,kamitoyota,1979,55,Wikidata Q11360132（2026-10-07取得）
S1b2gi3l,土樽,Q3560235,つちたる,tsuchitaru,1931-09-01,83,Wikidata Q3560235（2026-10-07取得）
S1b2kny2,日立木,Q7041544,にったき,nittaki,1922-08-15,13,Wikidata Q7041544（2026-10-07取得）
S1b2nn2l,区界,Q6449153,くざかい,kuzakai,1928-09-25,30,Wikidata Q6449153（2026-10-07取得）
S1b37har,俵田,Q7689221,たわらだ,tawarada,1921-07-10,39,Wikidata Q7689221（2026-10-07取得）
S1b3byik,国府台,Q6455240,こうのだい,konodai,1914-08-30,54,Wikidata Q6455240（2026-10-07取得）
S1b3lgaf,運動公園,Q7884089,うんどうこうえん,undokoen,1984-03-18,12,Wikidata Q7884089（2026-10-07取得）
S1b4f40a,上ノ庄,Q6358213,かみのしょう,kaminosho,1960-08-01,17,Wikidata Q6358213（2026-10-07取得）
S1b4iiwy,恋し浜,Q11491746,こいしはま,koishihama,1985-10-16,46,Wikidata Q11491746（2026-10-07取得）
S1b4qk6p,早川,Q865781,はやかわ,hayakawa,1923-12-21,44,Wikidata Q865781（2026-10-07取得）
S1b59ujm,風連,Q901097,,furen,1903-09-03,35,Wikidata Q901097（2026-10-07取得）
S1b6nwp7,松川,Q874011,まつかわ,matsukawa,1887-12-15,57,Wikidata Q874011（2026-10-07取得）
S1b6poux,甲陽園,Q6455342,こうようえん,koyoen,1924,48,Wikidata Q6455342（2026-10-07取得）
S1b77j1n,平野,Q856598,ひらの,hirano,1889,67,Wikidata Q856598（2026-10-07取得）
S1b7icvp,手ノ子,Q7700549,てのこ,tenoko,1931-08-10,6,Wikidata Q7700549（2026-10-07取得）
S1b7k8x3,若葉台,Q4102591,わかばだい,wakabadai,1974-10-18,16,Wikidata Q4102591（2026-10-07取得）
S1b7kju8,浦幌,Q899243,,urahoro,1903-12-25,7,Wikidata Q899243（2026-10-07取得）
S1b8vs8w,東津山,Q3661674,ひがしつやま,higashi-tsuyama,1928-03-15,60,Wikidata Q3661674（2026-10-07取得）
S1b95lbl,湘南深沢,Q1094911,しょうなんふかさわ,shonan-fukasawa,1970-03-07,13,Wikidata Q1094911（2026-10-07取得）
S1b9kzxk,比布,Q872859,,pippu,1898-11-25,26,Wikidata Q872859（2026-10-07取得）
S1b9ngd0,御厨,Q6850285,みくりや,mikuriya,1935-08-06,17,Wikidata Q6850285（2026-10-07取得）
S1ba7k2u,相模湖,Q7398971,さがみこ,sagamiko,1901-08-01,50,Wikidata Q7398971（2026-10-07取得）
S1ba7r0g,那珂湊,Q11642790,なかみなと,nakaminato,1913-12-25,98,Wikidata Q11642790（2026-10-07取得）
S1ba8rxp,三ヶ山口,Q6845768,,mikayamaguchi,1942,14,Wikidata Q6845768（2026-10-07取得）
S1bbobr0,茂辺地,Q5360801,もへじ,moheji,1930-10-25,17,Wikidata Q5360801（2026-10-07取得）
S1bbv2ka,相知,Q8081434,,ochi,1899-06-13,16,Wikidata Q8081434（2026-10-07取得）
S1bc6r1g,田川伊田,Q870609,,tagawa-ita,1895-08-15,40,Wikidata Q870609（2026-10-07取得）
S1bcck1n,松任,Q5359660,まっとう,matto,1898-04-01,70,Wikidata Q5359660（2026-10-07取得）
S1bcp6la,会津長野,Q4699451,あいづながの,aizu-nagano,1934-12-27,40,Wikidata Q4699451（2026-10-07取得）
S1bcuxyv,鹿島神宮,Q5359650,かしまじんぐう,kashima-jingu,1970-08-20,34,Wikidata Q5359650（2026-10-07取得）
S1bd17v3,五泉,Q5587162,ごせん,gosen,1910-10-25,28,Wikidata Q5587162（2026-10-07取得）
S1bdevhk,京成曳舟,Q5366562,けいせいひきふね,keisei hikifune,1912-11-03,3,Wikidata Q5366562（2026-10-07取得）
S1bdjqn1,新桜台,Q7497126,しんさくらだい,shin-sakuradai,1983-10-01,41,Wikidata Q7497126（2026-10-07取得）
S1bdomao,塚口,Q3971207,つかぐち,tsukaguchi,1920,27,Wikidata Q3971207（2026-10-07取得）
S1be01ei,横山,Q11542672,よこやま,yokoyama,1928-12-18,15,Wikidata Q11542672（2026-10-07取得）
S1be0czi,東雲,Q849094,しののめ,shinonome,1996-03-30,67,Wikidata Q849094（2026-10-07取得）
S1be2m98,昭島,Q844152,あきしま,akishima,1938-01-25,75,Wikidata Q844152（2026-10-07取得）
S1beensd,真土,Q4388373,まつち,matsuchi,1960-10-01,6,Wikidata Q4388373（2026-10-07取得）
S1beht4h,川原湯温泉,Q6379693,かわらゆおんせん,kawarayu-onsen,1946-04-20,10,Wikidata Q6379693（2026-10-07取得）
S1bf4gmt,豊科,Q7830722,とよしな,toyoshina,1915-01-06,22,Wikidata Q7830722（2026-10-07取得）
S1bfn3mz,川内,Q1136688,せんだい,sendai,1914-06-01,7,Wikidata Q1136688（2026-10-07取得）
S1bg06v7,羽後長野,Q8192219,うごながの,ugo-nagano,1921-07-30,33,Wikidata Q8192219（2026-10-07取得）
S1bg11se,御殿場,Q899797,ごてんば,gotemba,1889-02-01,59,Wikidata Q899797（2026-10-07取得）
S1bg6ehx,富木,Q857450,,tonoki,1940,22,Wikidata Q857450（2026-10-07取得）
S1bgd6aa,千歳,Q553875,ちとせ,chitose,1927-05-20,11,Wikidata Q553875（2026-10-07取得）
S1bgeb0e,東金井,Q11528622,ひがしかない,higashi-kanai,1951-12-25,12,Wikidata Q11528622（2026-10-07取得）
S1bgpshu,油須原,Q11554400,,yusubaru,1895-08-15,7,Wikidata Q11554400（2026-10-07取得）
S1bgrhfb,前山,Q6729412,まえやま,maeyama,1929-08-27,7,Wikidata Q6729412（2026-10-07取得）
S1bhzal7,石川,Q6080304,いしかわ,ishikawa,1952-01-26,47,Wikidata Q6080304（2026-10-07取得）
S1bicoa8,群馬八幡,Q899937,ぐんまやわた,gumma-yawata,1924-10-15,10,Wikidata Q899937（2026-10-07取得）
S1bicwgh,大谷,Q8081757,おおたに,otani,1912-08-15,80,Wikidata Q8081757（2026-10-07取得）
S1bier31,甲子園,Q6455288,こうしえん,koshien,1924,10,Wikidata Q6455288（2026-10-07取得）
S1bif6d0,三角,Q8189975,,misumi,1899-12-25,3,Wikidata Q8189975（2026-10-07取得）
S1bigibj,梶屋敷,Q5359708,かじやしき,kajiyashiki,1912-12-16,8,Wikidata Q5359708（2026-10-07取得）
S1bikjxa,田野,Q5357255,たの,tano,1916-10-25,83,Wikidata Q5357255（2026-10-07取得）
S1bj89pa,成田空港,Q906732,なりたくうこう,narita airport terminal 1,1991-03-19,8,Wikidata Q906732（2026-10-07取得）
S1bjq3w2,荒尾,Q871805,あらお,arao,1930-01-12,9,Wikidata Q871805（2026-10-07取得）
S1bjrp67,県立大学,Q6391354,けんりつだいがく,kenritsu daigaku,1930-04-01,18,Wikidata Q6391354（2026-10-07取得）
S1bk0z76,東小金井,Q800920,ひがしこがねい,higashi-koganei,1964-09-10,99,Wikidata Q800920（2026-10-07取得）
S1bl126k,テレコムセンター,Q859177,テレコムセンター,telecom center,1995-11-01,62,Wikidata Q859177（2026-10-07取得）
S1bl7iif,大川野,Q8081561,,okawano,1935-03-01,66,Wikidata Q8081561（2026-10-07取得）
S1blc0zw,東秋留,Q5753453,ひがしあきる,higashi-akiru,1925-04-21,20,Wikidata Q5753453（2026-10-07取得）
S1blk1l7,日進,Q11086876,,nisshin,1979-07-29,20,Wikidata Q11086876（2026-10-07取得）
S1blmhwk,越後田中,Q5332424,えちごたなか,echigo-tanaka,1927-08-01,14,Wikidata Q5332424（2026-10-07取得）
S1blwlyg,多屋,Q7689741,,taya,1913,28,Wikidata Q7689741（2026-10-07取得）
S1bm409j,会津大塩,Q4699467,あいづおおしお,aizu-oshio,1965-02-01,6,Wikidata Q4699467（2026-10-07取得）
S1bmaix6,西大島,Q1044267,にしおおじま,nishi-ojima,1978-12-21,9,Wikidata Q1044267（2026-10-07取得）
S1bmd0pn,片原町,Q11569548,かたはらまち,kataharamachi,1948-02-18,36,Wikidata Q11569548（2026-10-07取得）
S1bmesvv,麻生,Q4803200,あさぶ,asabu,1978-03-16,93,Wikidata Q4803200（2026-10-07取得）
S1bmpir0,烏丸,Q3969852,からすま,karasuma,1963,13,Wikidata Q3969852（2026-10-07取得）
S1bmvugl,伴,Q7820074,,tomo,1994-08-20,56,Wikidata Q7820074（2026-10-07取得）
S1bn96yp,日長,Q11510702,,hinaga,1912,20,Wikidata Q11510702（2026-10-07取得）
S1bnidsh,奈良井,Q5359273,ならい,narai,1909-12-01,35,Wikidata Q5359273（2026-10-07取得）
S1bno7zn,塚口,Q847972,つかぐち,tsukaguchi,1891-09-06,22,Wikidata Q847972（2026-10-07取得）
S1bnog3j,小島,Q7106623,おしま,oshima,1914-03-25,19,Wikidata Q7106623（2026-10-07取得）
S1bnpis4,京急蒲田,Q841552,けいきゅうかまた,keikyu kamata,1901-02-01,126,Wikidata Q841552（2026-10-07取得）
S1bnvc3q,北野白梅町,Q11404308,きたのはくばいちょう,kitano-hakubaicho,1943-10-01,4,Wikidata Q11404308（2026-10-07取得）
S1bo9mzz,伊賀屋,Q5359030,いがや,igaya,1928-12-01,38,Wikidata Q5359030（2026-10-07取得）
S1bod33v,大野下,Q873306,,onoshimo,1928-11-28,6,Wikidata Q873306（2026-10-07取得）
S1bot2kx,電鉄富山,Q21021642,でんてつとやま,dentetsu-toyama,1931-10-03,0,Wikidata Q21021642（2026-10-07取得）
S1bot9cp,太市,Q8081504,おおいち,oichi,1931-12-23,6,Wikidata Q8081504（2026-10-07取得）
S1bp38we,南福島,Q874869,みなみふくしま,minami-fukushima,1916-10-01,48,Wikidata Q874869（2026-10-07取得）
S1bpca4e,玉造温泉,Q3611066,たまつくりおんせん,tamatsukuri-onsen,1909-11-07,41,Wikidata Q3611066（2026-10-07取得）
S1bpfhwc,田川市立病院,Q11576741,,tagawa municipal hospital,1999-03-22,14,Wikidata Q11576741（2026-10-07取得）
S1bpliyv,島内,Q7496846,しまうち,shimauchi,1915-11-01,12,Wikidata Q7496846（2026-10-07取得）
S1bpsd7p,摺沢,Q7646374,すりさわ,surisawa,1925-07-26,24,Wikidata Q7646374（2026-10-07取得）
S1bqlls3,中土,Q6960352,なかつち,nakatsuchi,1935-11-29,61,Wikidata Q6960352（2026-10-07取得）
S1bqv3ur,新西脇,Q3097735,しんにしわき,shin-nishiwaki,1925-10-01,27,Wikidata Q3097735（2026-10-07取得）
S1br6vxj,鷲津,Q871417,わしづ,washizu,1888-09-01,23,Wikidata Q871417（2026-10-07取得）
S1br8bn0,城野,Q5360752,じょうの,jono,1895-04-01,4,Wikidata Q5360752（2026-10-07取得）
S1br9421,細呂木,Q5359908,ほそろぎ,hosorogi,1897,69,Wikidata Q5359908（2026-10-07取得）
S1brd1u7,千代ヶ岡,Q5102629,,chiyogaoka,1936-09-10,20,Wikidata Q5102629（2026-10-07取得）
S1brngoa,小野,Q11464116,おの,ono,1911-03-20,21,Wikidata Q11464116（2026-10-07取得）
S1brv5ht,伊丹,Q848338,いたみ,itami,1893,10,Wikidata Q848338（2026-10-07取得）
S1brz7fd,大川ダム公園,Q8081549,おおかわダムこうえん,okawa-dam-koen,1987-04-01,22,Wikidata Q8081549（2026-10-07取得）
S1bslte0,竹原,Q7677972,たけはら,takehara,1932-07-10,90,Wikidata Q7677972（2026-10-07取得）
S1bsupmz,光,Q5358076,ひかり,hikari,1897,31,Wikidata Q5358076（2026-10-07取得）
S1bt60li,詫間,Q5358539,たくま,takuma,1913-12-20,44,Wikidata Q5358539（2026-10-07取得）
S1bt7ubi,中根,Q6960259,なかね,nakane,1931-07-16,29,Wikidata Q6960259（2026-10-07取得）
S1bthxes,下小川,Q7496929,しもおがわ,shimo-ogawa,1925-08-15,8,Wikidata Q7496929（2026-10-07取得）
S1bu6c1d,筑後船小屋,Q1136543,ちくごふなごや,chikugo-funagoya,1928-07-20,33,Wikidata Q1136543（2026-10-07取得）
S1bu93w1,糠沢,Q11604782,ぬかざわ,nukazawa,1956-12-03,53,Wikidata Q11604782（2026-10-07取得）
S1bubkog,西神南,Q5358522,,seishin-minami,1993-03-20,11,Wikidata Q5358522（2026-10-07取得）
S1buehkh,元善光寺,Q986402,もとぜんこうじ,motozenkoji,1923-03-18,14,Wikidata Q986402（2026-10-07取得）
S1bv90oy,鷹狩,Q7677011,たかがり,takagari,1961-08-01,31,Wikidata Q7677011（2026-10-07取得）
S1bve76r,祇園新橋北,Q5563368,,gion-shinbashi-kita,1994-08-20,51,Wikidata Q5563368（2026-10-07取得）
S1bvlmhy,紀伊市木,Q5357328,きいいちぎ,kii-ichigi,1940-08-08,28,Wikidata Q5357328（2026-10-07取得）
S1bvu2ew,美濃川合,Q6868904,みのかわい,mino kawai,1952-12-26,33,Wikidata Q6868904（2026-10-07取得）
S1bw2xz7,阿曽,Q899005,あそ,aso,1928-11-08,23,Wikidata Q899005（2026-10-07取得）
S1bw60ln,高田,Q7677418,たかた,takata,2008-03-30,54,Wikidata Q7677418（2026-10-07取得）
S1bw8gmf,下唯野,Q7496939,しもゆいの,shimo-yuino,1960-12-15,15,Wikidata Q7496939（2026-10-07取得）
S1bwec84,秩父,Q5096049,ちちぶ,chichibu,1914-10-27,23,Wikidata Q5096049（2026-10-07取得）
S1bwfras,羽前高松,Q7904869,うぜんたかまつ,uzen-takamatsu,1922-04-23,19,Wikidata Q7904869（2026-10-07取得）
S1bwgn04,いわき,Q5353428,いわき,iwaki,1897-02-25,20,Wikidata Q5353428（2026-10-07取得）
S1bwnwwo,上枝,Q5358338,ほずえ,hozue,1934-10-25,24,Wikidata Q5358338（2026-10-07取得）
S1bxljha,南角田,Q6862925,みなみかくだ,minami-kakuda,1986-07-01,6,Wikidata Q6862925（2026-10-07取得）
S1bxxla4,信濃常盤,Q7497267,しなのときわ,shinano-tokiwa,1915-11-02,25,Wikidata Q7497267（2026-10-07取得）
S1bynvkx,海の公園南口,Q7881587,うみのこうえんみなみぐち,uminokoen-minamiguchi,1989-07-05,13,Wikidata Q7881587（2026-10-07取得）
S1bz0obe,越前下山,Q3701403,えちぜんしもやま,echizen-shimoyama,1972-12-15,9,Wikidata Q3701403（2026-10-07取得）
S1bz1fvv,咲花,Q11418295,さきはな,sakihana,1961-11-01,18,Wikidata Q11418295（2026-10-07取得）
S1c02a4a,清明,Q11560658,,seimei,2011-03-20,6,Wikidata Q11560658（2026-10-07取得）
S1c0npm6,南伊予,Q60987891,みなみいよ,minami-iyo,2020-03-14,18,Wikidata Q60987891（2026-10-07取得）
S1c17xbz,城野,Q6322250,,jono,1985-01-09,16,Wikidata Q6322250（2026-10-07取得）
S1c2f8aw,信濃国分寺,Q7497258,しなのこくぶんじ,shinano-kokubunji,2002-03-29,73,Wikidata Q7497258（2026-10-07取得）
S1c2jr8q,片岡,Q873013,かたおか,kataoka,1897-06-05,4,Wikidata Q873013（2026-10-07取得）
S1c2qq4l,再春医療センター前,Q11394934,,saishun iryo center mae,1965-10-16,76,Wikidata Q11394934（2026-10-07取得）
S1c2xir5,もたて山,Q11279967,,motateyama,1949,98,Wikidata Q11279967（2026-10-07取得）
S1c33aod,白坂,Q873003,しらさか,shirasaka,1917-02-20,73,Wikidata Q873003（2026-10-07取得）
S1c407a6,ロイズタウン,Q106491365,ロイズタウン,royce' town,2022-03-12,25,Wikidata Q106491365（2026-10-07取得）
S1c5042y,高宮,Q6073376,たかみや,takamiya,1898-06-11,26,Wikidata Q6073376（2026-10-07取得）
S1c5bfwj,旧居留地・大丸前,Q6453137,,kyukyoryuchi-daimarumae,2001-07-07,63,Wikidata Q6453137（2026-10-07取得）
S1c61ids,豊後国分,Q4997663,ぶんごこくぶ,bungo-kokubu,1989-03-11,25,Wikidata Q4997663（2026-10-07取得）
S1c6neip,木幡,Q6424273,こばた,kobata,1937,33,Wikidata Q6424273（2026-10-07取得）
S1c6vdiq,越前新保,Q5332621,,echizen shinbo,1916-04-17,33,Wikidata Q5332621（2026-10-07取得）
S1c73arm,宝積寺,Q872554,ほうしゃくじ,hoshakuji,1899-10-21,15,Wikidata Q872554（2026-10-07取得）
S1c7995o,四郷,Q3595062,しごう,shigo,1988-01-31,19,Wikidata Q3595062（2026-10-07取得）
S1c7psp1,毛呂,Q844988,もろ,moro,1933-04-15,36,Wikidata Q844988（2026-10-07取得）
S1c7xlqk,玉村,Q7680610,たまむら,tamamura,1931-11-05,10,Wikidata Q7680610（2026-10-07取得）
S1c8cm1k,小野田港,Q7094443,おのだこう,onodako,1915-11-25,59,Wikidata Q7094443（2026-10-07取得）
S1c8nzs3,親鼻,Q7116209,おやはな,oyahana,1914-10-27,36,Wikidata Q7116209（2026-10-07取得）
S1c8peem,紀伊佐野,Q2584973,きいさの,kii-sano,1913-03-01,26,Wikidata Q2584973（2026-10-07取得）
S1c93fgk,六日町,Q3660544,むいかまち,muikamachi,1923-11-18,28,Wikidata Q3660544（2026-10-07取得）
S1c94dm3,御坊,Q2897645,ごぼう,gobo,1929-04-21,40,Wikidata Q2897645（2026-10-07取得）
S1c9jmw0,広野,Q2496605,ひろの,hirono,1898-08-23,97,Wikidata Q2496605（2026-10-07取得）
S1cacyns,鍋原,Q6956817,なべら,nabera,1989-03-25,12,Wikidata Q6956817（2026-10-07取得）
S1cadcbu,鶴見市場,Q5361946,つるみいちば,tsurumi-ichiba,1905-12-24,33,Wikidata Q5361946（2026-10-07取得）
S1cagl9d,布施,Q5509990,ふせ,fuse,1914-04-30,33,Wikidata Q5509990（2026-10-07取得）
S1cakkkm,岩出山,Q247559,いわでやま,iwadeyama,1913-04-20,25,Wikidata Q247559（2026-10-07取得）
S1cao7n0,三輪崎,Q2584966,みわさき,miwasaki,1912-12-04,11,Wikidata Q2584966（2026-10-07取得）
S1cb15qr,桜橋,Q7403189,さくらばし,sakurabashi,1908,8,Wikidata Q7403189（2026-10-07取得）
S1cbahhe,熊谷,Q735594,くまがや,kumagaya,1883-07-28,40,Wikidata Q735594（2026-10-07取得）
S1ccdxg1,荒瀬,Q11618793,あらせ,arase,1963-10-15,9,Wikidata Q11618793（2026-10-07取得）
S1ccph4o,西目,Q7040617,にしめ,nishime,1922-06-30,32,Wikidata Q7040617（2026-10-07取得）
S1ccsyn3,弘前,Q5770722,ひろさき,hirosaki,1894-12-01,54,Wikidata Q5770722（2026-10-07取得）
S1cd0d00,梁瀬,Q870907,やなせ,yanase,1911-10-25,78,Wikidata Q870907（2026-10-07取得）
S1cd5wh4,万願寺,Q6748797,まんがんじ,manganji,2000-01-10,13,Wikidata Q6748797（2026-10-07取得）
S1cdiwb6,妙音通,Q861825,,myoon-dori,1974-03-30,9,Wikidata Q861825（2026-10-07取得）
S1cdmber,能見台,Q7071606,のうけんだい,nokendai,1944-05-10,16,Wikidata Q7071606（2026-10-07取得）
S1cds8us,尼崎,Q3028634,あまがさき,amagasaki,1905,17,Wikidata Q3028634（2026-10-07取得）
S1cdsy9o,伊予三芳,Q898636,いよみよし,iyo-miyoshi,1923-05-01,26,Wikidata Q898636（2026-10-07取得）
S1ce34x6,十川,Q11405026,とがわ,togawa,1961-04-25,41,Wikidata Q11405026（2026-10-07取得）
S1cevd18,黄檗,Q1048988,おうばく,obaku,1910,16,Wikidata Q1048988（2026-10-07取得）
S1cew450,遠州森,Q5370064,えんしゅうもり,enshu-mori,1935-04-17,56,Wikidata Q5370064（2026-10-07取得）
S1cfkxl6,愛野,Q11494902,あいの,aino,1911-06-20,19,Wikidata Q11494902（2026-10-07取得）
S1cg421i,赤坂,Q1112740,,akasaka,1981-07-26,44,Wikidata Q1112740（2026-10-07取得）
S1cg6hvd,東結城,Q11528183,ひがしゆうき,higashi-yuki,1937-12-01,24,Wikidata Q11528183（2026-10-07取得）
S1cg8prs,南岩国,Q8011236,みなみいわくに,minami-iwakuni,1952-06-20,92,Wikidata Q8011236（2026-10-07取得）
S1cg9csn,北松戸,Q5364690,きたまつど,kita-matsudo,1952-05-01,30,Wikidata Q5364690（2026-10-07取得）
S1cgl8r5,島越,Q11477058,しまのこし,shimanokoshi,1984-04-01,42,Wikidata Q11477058（2026-10-07取得）
S1ch2i2h,宇賀本郷,Q7878257,うかほんごう,ukahongo,1958-07-19,41,Wikidata Q7878257（2026-10-07取得）
S1ci0ud0,天神橋筋六丁目,Q1143934,てんじんばしすじろくちょうめ,tenjimbashisuji rokuchome,1925,26,Wikidata Q1143934（2026-10-07取得）
S1ci2bxe,楡原,Q7039946,にれはら,nirehara,1930-11-27,30,Wikidata Q7039946（2026-10-07取得）
S1ci2ndw,今宿,Q5368227,いまじゅく,imajuku,1925-04-15,60,Wikidata Q5368227（2026-10-07取得）
S1cidpvq,桜町前,Q7403215,,sakuramachi-mae,1928,7,Wikidata Q7403215（2026-10-07取得）
S1cjnios,勝原,Q11400191,かどはら,kadohara,1960-12-15,0,Wikidata Q11400191（2026-10-07取得）
S1cjpebu,帯解,Q3702696,,obitoke,1898-05-11,29,Wikidata Q3702696（2026-10-07取得）
S1ck4mhc,三島田町,Q6875545,みしまたまち,mishima-tamachi,1898-05-20,66,Wikidata Q6875545（2026-10-07取得）
S1ckalnk,京成大久保,Q6383851,けいせいおおくぼ,keisei okubo,1926-12-09,50,Wikidata Q6383851（2026-10-07取得）
S1ckdurp,鳥ノ木,Q513429,とりのき,torinoki,1986-11-01,38,Wikidata Q513429（2026-10-07取得）
S1ckfmbe,大阪天満宮,Q1073324,おおさかてんまんぐう,osakatemmangu,1997,34,Wikidata Q1073324（2026-10-07取得）
S1cl3ko1,土々呂,Q5358003,ととろ,totoro,1922-02-11,12,Wikidata Q5358003（2026-10-07取得）
S1cljxuc,豊実,Q7830688,とよみ,toyomi,1914-11-01,7,Wikidata Q7830688（2026-10-07取得）
S1clzgpi,高の原,Q7677191,たかのはら,takanohara,1972-11-22,4,Wikidata Q7677191（2026-10-07取得）
S1cm944i,西大橋,Q112719,にしおおはし,nishiohashi,1997-08-29,17,Wikidata Q112719（2026-10-07取得）
S1cmgr9n,塚山,Q4778780,つかやま,tsukayama,1898-12-27,33,Wikidata Q4778780（2026-10-07取得）
S1cmv8vm,西元町,Q7040379,にしもとまち,nishi-motomachi,1968-04-07,14,Wikidata Q7040379（2026-10-07取得）
S1cn261i,会津蒲生,Q4699443,あいづがもう,aizu-gamo,1963-10-20,2,Wikidata Q4699443（2026-10-07取得）
S1cnmzm0,星川,Q5908047,ほしかわ,hoshikawa,1927-05-31,14,Wikidata Q5908047（2026-10-07取得）
S1cnyekk,近鉄御所,Q11639107,きんてつごせ,kintetsu gose,1930-12-09,38,Wikidata Q11639107（2026-10-07取得）
S1co2bbx,粕川,Q6374886,かすかわ,kasukawa,1928-11-10,23,Wikidata Q6374886（2026-10-07取得）
S1co74nf,大口,Q801688,おおぐち,oguchi,1947-12-20,16,Wikidata Q801688（2026-10-07取得）
S1coguol,中田,Q573641,なかだ,nakada,1999-08-29,17,Wikidata Q573641（2026-10-07取得）
S1cok31o,杉田,Q7635125,すぎた,sugita,1930-07-01,49,Wikidata Q7635125（2026-10-07取得）
S1coo5va,御嵩口,Q6880747,,mitakeguchi,1920,18,Wikidata Q6880747（2026-10-07取得）
S1cpo74m,長後,Q4468045,ちょうご,chogo,1929-04-01,35,Wikidata Q4468045（2026-10-07取得）
S1cppi1l,滝野,Q3097828,たきの,takino,1913-09-01,103,Wikidata Q3097828（2026-10-07取得）
S1cpq2he,下深谷,Q7496914,,shimo-fukaya,1921,56,Wikidata Q7496914（2026-10-07取得）
S1cpujmv,上之郷,Q1447297,かみのごう,kaminogo,1929,37,Wikidata Q1447297（2026-10-07取得）
S1cqq2jc,久下田,Q6441968,くげた,kugeta,1912-04-01,22,Wikidata Q6441968（2026-10-07取得）
S1cqtab9,御影,Q898855,,mikage,1907-09-08,10,Wikidata Q898855（2026-10-07取得）
S1cqve96,広電宮島口,Q5770082,ひろでんみやじまぐち,hiroden-miyajima-guchi,1931-02-01,8,Wikidata Q5770082（2026-10-07取得）
S1cr1ddf,新木屋瀬,Q11502520,,shin-koyanose,2004,14,Wikidata Q11502520（2026-10-07取得）
S1crdhvr,中国勝山,Q3661646,ちゅうごくかつやま,chugoku-katsuyama,1925-03-15,26,Wikidata Q3661646（2026-10-07取得）
S1cru7cn,須崎,Q7647477,すさき,susaki,1924-03-30,16,Wikidata Q7647477（2026-10-07取得）
S1cs09qh,姫,Q5765215,ひめ,hime,1928-10-01,39,Wikidata Q5765215（2026-10-07取得）
S1csjzjt,大海,Q773149,おおみ,omi,1900-09-23,50,Wikidata Q773149（2026-10-07取得）
S1csku20,南千歳,Q3601198,みなみちとせ,minami-chitose,1980,9,Wikidata Q3601198（2026-10-07取得）
S1ctgmmv,新利府,Q899730,しんりふ,shin-rifu,1982-04-01,8,Wikidata Q899730（2026-10-07取得）
S1ctgojz,水上,Q1770451,みなかみ,minakami,1928-10-30,80,Wikidata Q1770451（2026-10-07取得）
S1ctt2jx,米沢,Q1137040,よねざわ,yonezawa,1899-05-15,25,Wikidata Q1137040（2026-10-07取得）
S1ctyqqe,米子,Q1139558,よなご,yonago,1902-11-01,12,Wikidata Q1139558（2026-10-07取得）
S1cv3l6a,花巻空港,Q899493,はなまきくうこう,hanamaki airport,1922-07-15,74,Wikidata Q899493（2026-10-07取得）
S1cv65al,本駒込,Q151419,ほんこまごめ,hon-komagome,1996-03-26,14,Wikidata Q151419（2026-10-07取得）
S1cw58sp,川崎,Q80562,かわさき,kawasaki,1872-07-10,12,Wikidata Q80562（2026-10-07取得）
S1cw75eg,十日市場,Q7862683,とおかいちば,tokaichiba,1929-06-19,42,Wikidata Q7862683（2026-10-07取得）
S1cwdbcw,元山,Q11387848,,motoyama,1912-04-30,8,Wikidata Q11387848（2026-10-07取得）
S1cwsh6a,矢作橋,Q8046791,,yahagibashi,1923,23,Wikidata Q8046791（2026-10-07取得）
S1cwtmy9,野田郷,Q11646063,のだごう,nodagou,1923-03-25,58,Wikidata Q11646063（2026-10-07取得）
S1cwzovp,土山,Q1042653,つちやま,tsuchiyama,1888-12-23,20,Wikidata Q1042653（2026-10-07取得）
S1cx9j35,晴山,Q3888002,はるやま,haruyama,1914-04-16,18,Wikidata Q3888002（2026-10-07取得）
S1cxjtmz,飯給,Q11666649,いたぶ,itabu,1926-09-01,23,Wikidata Q11666649（2026-10-07取得）
S1cy3u1r,生地,Q5359690,いくじ,ikuji,1910-04-16,7,Wikidata Q5359690（2026-10-07取得）
S1cyfm3d,盛,Q8190872,さかり,sakari,1935-09-19,4,Wikidata Q8190872（2026-10-07取得）
S1cyjxfv,岐南,Q5562956,,ginan,1914,44,Wikidata Q5562956（2026-10-07取得）
S1cyzcjt,蘇原,Q873312,そはら,sohara,1942-06-01,15,Wikidata Q873312（2026-10-07取得）
S1cz3b2a,加茂郷,Q3381870,かもごう,kamogo,1924-02-28,66,Wikidata Q3381870（2026-10-07取得）
S1czew1r,開発,Q6347695,かいほつ,kaihotsu,1921-04-25,22,Wikidata Q6347695（2026-10-07取得）
S1czh2og,寺庄,Q5362939,てらしょう,terasho,1959,14,Wikidata Q5362939（2026-10-07取得）
S1d09oi6,泉中央,Q6102259,いずみちゅうおう,izumi-chuo,1992-07-15,14,Wikidata Q6102259（2026-10-07取得）
S1d0mb4r,篠ノ井,Q5357193,しののい,shinonoi,1888-08-15,89,Wikidata Q5357193（2026-10-07取得）
S1d10h6j,杵築,Q5360203,きつき,kitsuki,1911-03-22,16,Wikidata Q5360203（2026-10-07取得）
S1d1ao3s,小和清水,Q6435014,こわしょうず,kowashozu,1960-12-15,5,Wikidata Q6435014（2026-10-07取得）
S1d1echf,備中呉妹,Q4445115,,bitchu-kurese,1999-01-11,29,Wikidata Q4445115（2026-10-07取得）
S1d1hy68,市ノ川,Q5986234,いちのかわ,ichinokawa,1960-03-10,10,Wikidata Q5986234（2026-10-07取得）
S1d2960j,高萩,Q5353567,たかはぎ,takahagi,1897-02-25,60,Wikidata Q5353567（2026-10-07取得）
S1d2l6vl,長久手古戦場,Q861753,,nagakute kosenjo,2005-03-06,22,Wikidata Q861753（2026-10-07取得）
S1d2tihl,高松町,Q4207615,たかまつちょう,takamatsucho,1987-11-01,47,Wikidata Q4207615（2026-10-07取得）
S1d2wduf,大矢知,Q11438130,おおやち,oyachi,1931-07-23,56,Wikidata Q11438130（2026-10-07取得）
S1d2x9to,参宮橋,Q1010020,さんぐうばし,sangubashi,1927-04-01,2,Wikidata Q1010020（2026-10-07取得）
S1d3c393,二本松,Q874110,にほんまつ,nihonmatsu,1887-12-15,21,Wikidata Q874110（2026-10-07取得）
S1d3ucs3,八木沢,Q11391373,,yagisawa,1921-06-17,36,Wikidata Q11391373（2026-10-07取得）
S1d458dx,府中,Q5506963,ふちゅう,fuchu,1914-07-21,43,Wikidata Q5506963（2026-10-07取得）
S1d484vm,岡地,Q11548132,おかじ,okaji,1987-03-15,17,Wikidata Q11548132（2026-10-07取得）
S1d4bt1z,南森町,Q1039923,みなみもりまち,minami-morimachi,1967-03-24,7,Wikidata Q1039923（2026-10-07取得）
S1d4d5vd,平田,Q5769525,,hirata,1913-12-29,11,Wikidata Q5769525（2026-10-07取得）
S1d4mzu4,栄,Q7402746,さかえ,sakae,1937,11,Wikidata Q7402746（2026-10-07取得）
S1d4uvv9,近江高島,Q5363194,,omi-takashima,1974-07-20,82,Wikidata Q5363194（2026-10-07取得）
S1d50aat,新取手,Q7497136,しんとりで,shin-toride,1968-04-01,24,Wikidata Q7497136（2026-10-07取得）
S1d63oct,東城,Q253483,とうじょう,tojo,1930-11-25,46,Wikidata Q253483（2026-10-07取得）
S1d6a0fk,川口元郷,Q3701469,かわぐちもとごう,kawaguchi-motogo,2001,63,Wikidata Q3701469（2026-10-07取得）
S1d6nc57,上菅,Q11360080,かみすげ,kamisuge,1925-04-01,15,Wikidata Q11360080（2026-10-07取得）
S1d7moah,広田,Q5771333,ひろた,hirota,1899-07-15,18,Wikidata Q5771333（2026-10-07取得）
S1d7n6fk,桑名川,Q6449053,くわながわ,kuwanagawa,1923-07-06,28,Wikidata Q6449053（2026-10-07取得）
S1d89nr6,八広,Q8015247,やひろ,yahiro,1923-07-11,10,Wikidata Q8015247（2026-10-07取得）
S1d8mah1,多良木,Q10932958,たらぎ,taragi,1924-03-30,19,Wikidata Q10932958（2026-10-07取得）
S1d8v2yd,下天津,Q7496915,しもあまず,shimo-amazu,1988-07-16,55,Wikidata Q7496915（2026-10-07取得）
S1d92zje,榛原,Q5638969,はいばら,haibara,1930-02-21,11,Wikidata Q5638969（2026-10-07取得）
S1d9601t,中角,Q6960361,,nakatsuno,1928-12-20,19,Wikidata Q6960361（2026-10-07取得）
S1d9c2de,五井,Q573427,ごい,goi,1912-03-28,33,Wikidata Q573427（2026-10-07取得）
S1d9m30k,日向住吉,Q5357595,ひゅうがすみよし,hyuga-sumiyoshi,1913-12-15,83,Wikidata Q5357595（2026-10-07取得）
S1d9ncxl,長者町,Q564439,ちょうじゃまち,chojamachi,1899-12-13,48,Wikidata Q564439（2026-10-07取得）
S1d9tgvx,高砂,Q872616,たかさご,takasago,1986-11-01,30,Wikidata Q872616（2026-10-07取得）
S1da9tx7,緑が丘,Q6842938,みどりがおか,midorigaoka,1950,23,Wikidata Q6842938（2026-10-07取得）
S1dbg3ib,都農,Q5357711,つの,tsuno,1921-06-11,47,Wikidata Q5357711（2026-10-07取得）
S1dbj7zx,横川,Q5367861,よこがわ,yokogawa,1897-09-25,89,Wikidata Q5367861（2026-10-07取得）
S1dbwx50,牟岐,Q6932194,むぎ,mugi,1942-07-01,48,Wikidata Q6932194（2026-10-07取得）
S1dcsvao,鹿島,Q6374317,かしま,kashima,1898-04-03,27,Wikidata Q6374317（2026-10-07取得）
S1dctpmf,日野,Q11510659,ひの,hino,1926-06-28,31,Wikidata Q11510659（2026-10-07取得）
S1dd4ybr,茶屋町,Q5088619,ちゃやまち,chayamachi,1910-06-12,37,Wikidata Q5088619（2026-10-07取得）
S1ddblm2,新大塚,Q1078382,しんおおつか,shin-otsuka,1954-01-20,51,Wikidata Q1078382（2026-10-07取得）
S1ddioh3,日吉,Q390392,ひよし,hiyoshi,1926-02-14,81,Wikidata Q390392（2026-10-07取得）
S1ddmt0c,甲南,Q5362063,こうなん,konan,1890,7,Wikidata Q5362063（2026-10-07取得）
S1de3h3b,茶臼山,Q772936,ちゃうすやま,chausuyama,1926-05-01,26,Wikidata Q772936（2026-10-07取得）
S1de4amp,筑前庄内,Q5097532,ちくぜんしょうない,chikuzen-shonai,1926-07-15,28,Wikidata Q5097532（2026-10-07取得）
S1de8udz,日向大束,Q11505111,ひゅうがおおつか,hyuga-otsuka,1935-04-15,3,Wikidata Q11505111（2026-10-07取得）
S1deumxx,北新横浜,Q852295,きたしんよこはま,kita shin-yokohama,1993-03-18,8,Wikidata Q852295（2026-10-07取得）
S1df4him,小川,Q5358104,おがわ,ogawa,1896-11-21,38,Wikidata Q5358104（2026-10-07取得）
S1df5igi,ユニバーサルシティ,Q1131139,ユニバーサルシティ,universal city,1898,3,Wikidata Q1131139（2026-10-07取得）
S1df7tx8,甲斐大和,Q6347338,かいやまと,kai-yamato,1903-02-01,71,Wikidata Q6347338（2026-10-07取得）
S1dfyj25,羽場,Q991450,はば,haba,1909-12-28,4,Wikidata Q991450（2026-10-07取得）
S1dg3bvx,信濃松川,Q7497260,しなのまつかわ,shinano-matsukawa,1915-09-29,25,Wikidata Q7497260（2026-10-07取得）
S1dgbyx5,遠州西ヶ崎,Q5379985,えんしゅうにしがさき,enshu-nishigasaki,1909-12-06,8,Wikidata Q5379985（2026-10-07取得）
S1dgfuml,四十九,Q11419628,しじゅく,shijuku,2018-03-17,18,Wikidata Q11419628（2026-10-07取得）
S1dggo1b,朝倉,Q4803442,,asakura,1923-04-03,42,Wikidata Q4803442（2026-10-07取得）
S1dgksfd,羽黒,Q5638844,,haguro,1931,53,Wikidata Q5638844（2026-10-07取得）
S1dhfi57,広神戸,Q5769897,,hiro-godo,1913-07-31,27,Wikidata Q5769897（2026-10-07取得）
S1dhsjc4,西松井田,Q5356946,にしまついだ,nishi-matsuida,1965-04-01,25,Wikidata Q5356946（2026-10-07取得）
S1dhsxre,茶屋ヶ坂,Q862346,,chayagasaka,2003-12-13,29,Wikidata Q862346（2026-10-07取得）
S1dhvnek,日野,Q800923,ひの,hino,1890-01-06,78,Wikidata Q800923（2026-10-07取得）
S1di7zqj,熱海,Q800412,あたみ,atami,1925-03-25,65,Wikidata Q800412（2026-10-07取得）
S1di8jl7,桃山南口,Q2368300,ももやまみなみぐち,momoyama-minamiguchi,1913,30,Wikidata Q2368300（2026-10-07取得）
S1dig59f,別保,Q900593,,beppo,1917-12-01,3,Wikidata Q900593（2026-10-07取得）
S1dii3yn,静岡,Q801440,しずおか,shizuoka,1889-02-01,39,Wikidata Q801440（2026-10-07取得）
S1dijlm9,小幡緑地,Q7074641,,obata ryokuchi,2001,10,Wikidata Q7074641（2026-10-07取得）
S1dijqas,槻木,Q899014,つきのき,tsukinoki,1887-01-12,62,Wikidata Q899014（2026-10-07取得）
S1djhnzy,平松,Q5769361,ひらまつ,hiramatsu,1942-03-10,8,Wikidata Q5769361（2026-10-07取得）
S1dk6jqd,十条,Q800975,じゅうじょう,jujo,1905-11-01,13,Wikidata Q800975（2026-10-07取得）
S1dk7ffn,赤池,Q4700182,あかいけ,akaike,1952-07-01,99,Wikidata Q4700182（2026-10-07取得）
S1dkaw8m,ガーラ湯沢,Q1054907,ガーラゆざわ,gala-yuzawa,1990-12-20,35,Wikidata Q1054907（2026-10-07取得）
S1dkkdkj,浜町,Q128403,はまちょう,hamacho,1978-12-21,103,Wikidata Q128403（2026-10-07取得）
S1dl07g6,古河,Q861558,こが,koga,1885-07-16,39,Wikidata Q861558（2026-10-07取得）
S1dl9yuw,久宝寺,Q856114,きゅうほうじ,kyuhoji,1910,10,Wikidata Q856114（2026-10-07取得）
S1dlgcsg,矢板,Q872871,やいた,yaita,1886-10-01,23,Wikidata Q872871（2026-10-07取得）
S1dlin4o,南宮崎,Q899171,,minami-miyazaki,1913-10-31,68,Wikidata Q899171（2026-10-07取得）
S1dlj5es,市波,Q5986228,いちなみ,ichinami,1960-12-15,11,Wikidata Q5986228（2026-10-07取得）
S1dlqgvi,小泉町,Q6426398,こいずみまち,koizumimachi,1917-03-12,16,Wikidata Q6426398（2026-10-07取得）
S1dlqoe5,天満橋,Q1043084,てんまばし,temmabashi,1910,23,Wikidata Q1043084（2026-10-07取得）
S1dm71g8,青葉通一番町,Q11352995,あおばどおりいちばんちょう,aoba-dori ichibancho,2015-12-06,15,Wikidata Q11352995（2026-10-07取得）
S1dme086,坂町,Q7402797,さかまち,sakamachi,1914-11-01,161,Wikidata Q7402797（2026-10-07取得）
S1dmihr8,香西,Q1704863,こうざい,kozai,1952-01-27,76,Wikidata Q1704863（2026-10-07取得）
S1dn8nbk,金子,Q844340,かねこ,kaneko,1931-12-10,25,Wikidata Q844340（2026-10-07取得）
S1dnus2p,木更津,Q575433,きさらづ,kisarazu,1912-08-21,14,Wikidata Q575433（2026-10-07取得）
S1do23xa,朝日野,Q4803397,あさひの,asahino,1900-12-28,12,Wikidata Q4803397（2026-10-07取得）
S1dodqoa,三条,Q2153196,さんじょう,sanjo,1915,28,Wikidata Q2153196（2026-10-07取得）
S1doe40z,波多江,Q5367252,はたえ,hatae,1928-07-01,56,Wikidata Q5367252（2026-10-07取得）
S1dpvdr9,湯瀬温泉,Q8062247,ゆぜおんせん,yuze-onsen,1931-10-17,7,Wikidata Q8062247（2026-10-07取得）
S1dpxa6r,大曽根,Q872075,,ozone,1906-03-01,181,Wikidata Q872075（2026-10-07取得）
S1dq0o84,吉舎,Q6416371,きさ,kisa,1933-11-15,17,Wikidata Q6416371（2026-10-07取得）
S1dqj9t0,野々市,Q3701479,ののいち,nonoichi,1968-03-25,94,Wikidata Q3701479（2026-10-07取得）
S1dqo8iy,出戸,Q151413,でと,deto,1980-11-27,74,Wikidata Q151413（2026-10-07取得）
S1dqx2rt,南安城,Q6862850,,minami-anjo,1926,9,Wikidata Q6862850（2026-10-07取得）
S1drlfor,屋代高校前,Q8049740,やしろこうこうまえ,yashiro-koko-mae,2001-03-22,21,Wikidata Q8049740（2026-10-07取得）
S1drpdu7,西方,Q11628347,にしかた,nishikata,1922-07-01,27,Wikidata Q11628347（2026-10-07取得）
S1dsl5am,大師橋,Q7418195,だいしばし,daishibashi,1944-06-01,39,Wikidata Q7418195（2026-10-07取得）
S1dt18fo,山崎,Q8048011,,yamazaki,1930-01-25,22,Wikidata Q8048011（2026-10-07取得）
S1dtarwn,稲積公園,Q1045473,いなづみこうえん,inazumi-koen,1986-11-01,36,Wikidata Q1045473（2026-10-07取得）
S1dtmo87,蛇田,Q5695790,へびた,hebita,1928-11-22,14,Wikidata Q5695790（2026-10-07取得）
S1dtnumr,はなみずき通,Q861759,,hanamizuki-dori,2005-03-06,26,Wikidata Q861759（2026-10-07取得）
S1dto1ih,加太,Q11398586,かだ,kada,1912,47,Wikidata Q11398586（2026-10-07取得）
S1dtxc1s,信濃竹原,Q11386193,しなのたけはら,shinano-takehara,1927-04-28,10,Wikidata Q11386193（2026-10-07取得）
S1du5d2a,越中国分,Q11636382,えっちゅうこくぶ,etchu-kokubu,1953-07-01,21,Wikidata Q11636382（2026-10-07取得）
S1due2tm,有井,Q4790602,ありい,arii,1940-08-08,2,Wikidata Q4790602（2026-10-07取得）
S1dv1hwm,河戸帆待川,Q17230948,こうどほまちがわ,kodo-homachigawa,2017-03-04,16,Wikidata Q17230948（2026-10-07取得）
S1dv4at3,福大前,Q4357312,,fukudaimae,2005-02-03,23,Wikidata Q4357312（2026-10-07取得）
S1dwcya4,大山崎,Q3971407,おおやまざき,oyamazaki,1934,41,Wikidata Q3971407（2026-10-07取得）
S1dwd0ks,笹津,Q7425014,ささず,sasazu,1930-11-27,78,Wikidata Q7425014（2026-10-07取得）
S1dwriw6,東北沢,Q4497457,ひがしきたざわ,higashi-kitazawa,1927-04-01,27,Wikidata Q4497457（2026-10-07取得）
S1dxb8zd,西枇杷島,Q7040314,,nishi-biwajima,1914,9,Wikidata Q7040314（2026-10-07取得）
S1dxs1oi,国府多賀城,Q898924,こくふたがじょう,kokufu-tagajo,2001-09-29,47,Wikidata Q898924（2026-10-07取得）
S1dxzluu,箱作,Q5640602,はこつくり,hakotsukuri,1898-10-22,46,Wikidata Q5640602（2026-10-07取得）
S1dyfp27,常陸多賀,Q40081,ひたちたが,hitachi-taga,1897-02-25,17,Wikidata Q40081（2026-10-07取得）
S1dzwcue,青海,Q8009873,おうみ,omi,1912-10-15,165,Wikidata Q8009873（2026-10-07取得）
S1e0byri,斎宮,Q7400129,さいくう,saiku,1930-03-27,33,Wikidata Q7400129（2026-10-07取得）
S1e0c2lw,枚方公園,Q1573574,ひらかたこうえん,hirakata-koen,1910,48,Wikidata Q1573574（2026-10-07取得）
S1e0eti3,神志山,Q5357390,こうしやま,koshiyama,1940-08-08,49,Wikidata Q5357390（2026-10-07取得）
S1e0kcvg,御器所,Q854726,,gokiso,1977-03-18,61,Wikidata Q854726（2026-10-07取得）
S1e0pyg8,枇杷島,Q870976,びわじま,biwajima,1886-04-01,101,Wikidata Q870976（2026-10-07取得）
S1e12geq,木津川,Q6419252,きづがわ,kizugawa,1900-09-03,18,Wikidata Q6419252（2026-10-07取得）
S1e15xd7,西飾磨,Q7040401,にししかま,nishi-shikama,1940-10-15,33,Wikidata Q7040401（2026-10-07取得）
S1e1g3lo,小竹向原,Q93684,こたけむかいはら,kotake-mukaihara,1983-10-01,8,Wikidata Q93684（2026-10-07取得）
S1e1ixkh,岩瀬浜,Q11475415,いわせはま,iwasehama,2006-04-29,28,Wikidata Q11475415（2026-10-07取得）
S1e1slqj,虎姫,Q8009862,,torahime,1902,58,Wikidata Q8009862（2026-10-07取得）
S1e1vc4w,勝田,Q859695,かつた,katsuta,1909-12-16,25,Wikidata Q859695（2026-10-07取得）
S1e1ywun,辰巳,Q331177,たつみ,tatsumi,1988-06-08,32,Wikidata Q331177（2026-10-07取得）
S1e26b9t,新今宮,Q59349,しんいまみや,shin-imamiya,1964-03-22,30,Wikidata Q59349（2026-10-07取得）
S1e2iarz,野方,Q260859,のがた,nogata,1927-04-16,64,Wikidata Q260859（2026-10-07取得）
S1e2qy8e,清水,Q7496877,,shimizu,1911,13,Wikidata Q7496877（2026-10-07取得）
S1e315tk,郡元,Q869329,,korimoto,1986-12-01,26,Wikidata Q869329（2026-10-07取得）
S1e35rei,港南台,Q844457,こうなんだい,konandai,1973-04-09,49,Wikidata Q844457（2026-10-07取得）
S1e3743i,採銅所,Q5360276,さいどうしょ,saidosho,1915-04-01,16,Wikidata Q5360276（2026-10-07取得）
S1e3cvks,久米,Q11369643,くめ,kume,1893-05-07,95,Wikidata Q11369643（2026-10-07取得）
S1e3enz0,たけふ新,Q5332623,,takefu‐shin,1924-02-02,48,Wikidata Q5332623（2026-10-07取得）
S1e3gopw,千代田,Q5102628,ちよだ,chiyoda,1938-02-11,17,Wikidata Q5102628（2026-10-07取得）
S1e3j219,大蛇,Q8081543,おおじゃ,oja,1956-12-10,14,Wikidata Q8081543（2026-10-07取得）
S1e3kmbc,佐々木,Q7424988,ささき,sasaki,1952-12-23,58,Wikidata Q7424988（2026-10-07取得）
S1e3teje,大江,Q8081447,,oe,1917,29,Wikidata Q8081447（2026-10-07取得）
S1e3ulc3,南大高,Q871178,みなみおおだか,minami-odaka,2009-03-14,115,Wikidata Q871178（2026-10-07取得）
S1e46ore,龍谷大前深草,Q1004269,りゅうこくだいまえふかくさ,ryukokudai-mae-fukakusa,1910,43,Wikidata Q1004269（2026-10-07取得）
S1e49mqk,大江高校前,Q8081446,おおえこうこうまえ,oe-kokomae,1988-07-16,60,Wikidata Q8081446（2026-10-07取得）
S1e4mbj6,柴島,Q6444676,くにじま,kunijima,1925,54,Wikidata Q6444676（2026-10-07取得）
S1e4ucxt,学園前,Q3563775,がくえんまえ,gakuen-mae,1994-10-14,57,Wikidata Q3563775（2026-10-07取得）
S1e4z68o,羽後長戸呂,Q11610161,うごながとろ,ugo-nagatoro,1971-11-01,36,Wikidata Q11610161（2026-10-07取得）
S1e5dyca,鷹取,Q1042843,たかとり,takatori,1900-04-01,58,Wikidata Q1042843（2026-10-07取得）
S1e5icls,狭山,Q7429106,さやま,sayama,1898-01-30,49,Wikidata Q7429106（2026-10-07取得）
S1e6ftfb,八ツ島,Q8050281,,yatsushima,1928-12-30,10,Wikidata Q8050281（2026-10-07取得）
S1e6q6z1,木幡,Q1049419,こはた,kohata,1896,16,Wikidata Q1049419（2026-10-07取得）
S1e76ovp,貴船口,Q6404085,きぶねぐち,kibuneguchi,1929-10-20,28,Wikidata Q6404085（2026-10-07取得）
S1e7l3by,竈山,Q11597742,,kamayama,1916-02-15,11,Wikidata Q11597742（2026-10-07取得）
S1e7lp2e,筑豊香月,Q11602990,,chikuho-katsuki,1958,33,Wikidata Q11602990（2026-10-07取得）
S1e8fbp6,広電五日市,Q5770078,ひろでんいつかいち,hiroden-itsukaichi,1924-04-06,46,Wikidata Q5770078（2026-10-07取得）
S1e8j5ys,京都市役所前,Q2210666,きょうとしやくしょまえ,kyoto shiyakusho-mae,1997-10-12,33,Wikidata Q2210666（2026-10-07取得）
S1e9f8dm,草道,Q11618235,くさみち,kusamichi,1922-07-01,49,Wikidata Q11618235（2026-10-07取得）
S1e9hb84,三宮・花時計前,Q6542103,,sannomiya-hanadokeimae,2001-07-07,28,Wikidata Q6542103（2026-10-07取得）
S1e9lofy,亀有,Q1952873,かめあり,kameari,1897-05-17,14,Wikidata Q1952873（2026-10-07取得）
S1e9t3tl,猿投,Q7415465,,sanage,1924-10-31,28,Wikidata Q7415465（2026-10-07取得）
S1ea5bcz,競輪場前,Q17217095,けいりんじょうまえ,keirinjomae,2006-04-29,8,Wikidata Q17217095（2026-10-07取得）
S1eadmrf,鶴見小野,Q869061,つるみおの,tsurumi-ono,1936-08-12,69,Wikidata Q869061（2026-10-07取得）
S1eaih6y,野々市,Q11644912,ののいち,nonoichi,1916-12-01,69,Wikidata Q11644912（2026-10-07取得）
S1ean1bn,大鳥居,Q5362449,おおとりい,otorii,1902-06-28,29,Wikidata Q5362449（2026-10-07取得）
S1eathkk,藤の牛島,Q5367524,ふじのうしじま,fujino-ushijima,1930-10-01,32,Wikidata Q5367524（2026-10-07取得）
S1eayr5e,錦町,Q7040595,にしきちょう,nishikicho,1963-10-01,22,Wikidata Q7040595（2026-10-07取得）
S1eb3yad,伊達,Q874143,だて,date,1895-04-01,31,Wikidata Q874143（2026-10-07取得）
S1eb8zjd,高野口,Q3525531,,koyaguchi,1901-03-29,29,Wikidata Q3525531（2026-10-07取得）
S1eb9jas,岸本,Q6416594,きしもと,kishimoto,1919-08-10,48,Wikidata Q6416594（2026-10-07取得）
S1ebut6v,宇佐美,Q7901707,うさみ,usami,1938-12-15,34,Wikidata Q7901707（2026-10-07取得）
S1ec0s8r,日華化学前,Q7035158,,nikkakagakumae,2007-09-01,6,Wikidata Q7035158（2026-10-07取得）
S1ecc33h,那須塩原,Q369523,なすしおばら,nasushiobara,1898-11-28,22,Wikidata Q369523（2026-10-07取得）
S1edukmy,牛久保,Q772016,うしくぼ,ushikubo,1897-07-15,46,Wikidata Q772016（2026-10-07取得）
S1edvnk2,南摂津,Q3970135,みなみせっつ,minami settsu,1997,24,Wikidata Q3970135（2026-10-07取得）
S1eeqorq,西和田,Q900485,,nishi-wada,1920-11-10,7,Wikidata Q900485（2026-10-07取得）
S1eerumc,川尻,Q875954,,kawashiri,1894-08-11,33,Wikidata Q875954（2026-10-07取得）
S1eexndr,朝日大塚,Q4803381,あさひおおつか,asahi otsuka,1916-10-16,29,Wikidata Q4803381（2026-10-07取得）
S1efjn1e,四辻,Q5358028,よつつじ,yotsutsuji,1920-05-16,16,Wikidata Q5358028（2026-10-07取得）
S1eg6n59,八木西口,Q8046713,,yagi-nishiguchi,1923-03-21,67,Wikidata Q8046713（2026-10-07取得）
S1egcvy5,上泉,Q6357816,かみいずみ,kamiizumi,1928-11-10,15,Wikidata Q6357816（2026-10-07取得）
S1egfk6m,西鉄二日市,Q7040729,にしてつふつかいち,nishitetsu futsukaichi,1924,31,Wikidata Q7040729（2026-10-07取得）
S1egqji7,八栗口,Q8047243,やくりぐち,yakuriguchi,1961-09-01,36,Wikidata Q8047243（2026-10-07取得）
S1eh6u24,二上神社口,Q7034581,にじょうじんじゃぐち,nijojinjaguchi,1929-03-29,19,Wikidata Q7034581（2026-10-07取得）
S1eha6ni,京橋,Q347981,きょうばし,kyobashi,1932-12-24,11,Wikidata Q347981（2026-10-07取得）
S1ehjahv,水前寺,Q7635605,,suizenji,1914-06-21,13,Wikidata Q7635605（2026-10-07取得）
S1ehxmfw,泉大津,Q6102379,いずみおおつ,izumiotsu,1897-10-01,21,Wikidata Q6102379（2026-10-07取得）
S1eji72e,彩都西,Q3970757,さいとにし,saito-nishi,2007,64,Wikidata Q3970757（2026-10-07取得）
S1ek3dbv,赤井,Q4700176,あかい,akai,1915-07-10,38,Wikidata Q4700176（2026-10-07取得）
S1ek3fdz,下諏訪,Q7496937,しもすわ,shimo-suwa,1905-11-25,78,Wikidata Q7496937（2026-10-07取得）
S1ek4lld,明治神宮前,Q80429,めいじじんぐうまえ,meiji-jingumae,1972-10-20,80,Wikidata Q80429（2026-10-07取得）
S1ekhv9s,富田林,Q7820789,とんだばやし,tondabayashi,1898-04-14,38,Wikidata Q7820789（2026-10-07取得）
S1ekk5vj,新栃木,Q7497137,しんとちぎ,shin-tochigi,1929-04-01,58,Wikidata Q7497137（2026-10-07取得）
S1ektrkd,越ノ潟,Q6433137,,koshinokata,1930-10-12,4,Wikidata Q6433137（2026-10-07取得）
S1ekzyah,尾道,Q861547,おのみち,onomichi,1891-11-03,60,Wikidata Q861547（2026-10-07取得）
S1elcm3n,味坂,Q10921193,あじさか,ajisaka,1924-04-12,65,Wikidata Q10921193（2026-10-07取得）
S1emg0v5,佐原,Q5359841,さわら,sawara,1898-02-03,49,Wikidata Q5359841（2026-10-07取得）
S1en4c46,岡町,Q3970333,,okamachi,1910,16,Wikidata Q3970333（2026-10-07取得）
S1eonadh,西明石,Q590272,にしあかし,nishi-akashi,1930-03-25,47,Wikidata Q590272（2026-10-07取得）
S1eopf9w,羽村,Q5646478,はむら,hamura,1894-11-19,37,Wikidata Q5646478（2026-10-07取得）
S1ep1ayy,楽田,Q5517700,,gakuden,1931,19,Wikidata Q5517700（2026-10-07取得）
S1epz447,網引,Q4667740,あびき,abiki,1915-03-03,22,Wikidata Q4667740（2026-10-07取得）
S1eq1yuu,牛津,Q5358773,うしづ,ushizu,1895-05-05,30,Wikidata Q5358773（2026-10-07取得）
S1eq8zly,梅屋敷,Q865643,うめやしき,umeyashiki,1901-02-01,31,Wikidata Q865643（2026-10-07取得）
S1eqi8ov,鮎川,Q11674145,,ayukawa,1922-08-01,35,Wikidata Q11674145（2026-10-07取得）
S1eqz3ez,上穂波,Q6357120,かみほなみ,kami-honami,1928-07-15,4,Wikidata Q6357120（2026-10-07取得）
S1erbec7,五十鈴川,Q6089533,いすずがわ,isuzugawa,1969-12-15,28,Wikidata Q6089533（2026-10-07取得）
S1erfz4z,新羽島,Q7497090,,shin-hashima,1982-12-12,41,Wikidata Q7497090（2026-10-07取得）
S1ersmky,東柏崎,Q5753600,ひがしかしわざき,higashi-kashiwazaki,1912-11-11,68,Wikidata Q5753600（2026-10-07取得）
S1eschzq,西小坂井,Q871834,にしこざかい,nishi-kozakai,1945-06-10,106,Wikidata Q871834（2026-10-07取得）
S1esoh62,公立病院前,Q10892986,こうりつびょういんまえ,koritsubyoinmae,1989-10-01,11,Wikidata Q10892986（2026-10-07取得）
S1et8zga,伊勢奥津,Q4355606,いせおきつ,ise-okitsu,1935-12-05,25,Wikidata Q4355606（2026-10-07取得）
S1etb8xf,玉柏,Q7680532,たまがし,tamagashi,1898-12-21,7,Wikidata Q7680532（2026-10-07取得）
S1eti4ja,弁天島,Q870946,べんてんじま,bentenjima,1906-07-11,51,Wikidata Q870946（2026-10-07取得）
S1etlh3p,原生花園,Q5533564,げんせいかえん,genseikaen,1987,29,Wikidata Q5533564（2026-10-07取得）
S1etrk0l,津軽新城,Q7849962,つがるしんじょう,tsugaru-shinjo,1894-12-01,54,Wikidata Q7849962（2026-10-07取得）
S1etwveb,西別所,Q11627288,にしべっしょ,nishibessho,1914,21,Wikidata Q11627288（2026-10-07取得）
S1etxkbm,暁学園前,Q11089488,あかつきがくえんまえ,akatsuki gakuenmae,1931,6,Wikidata Q11089488（2026-10-07取得）
S1etzdzc,安房鴨川,Q552842,あわかもがわ,awa-kamogawa,1925-07-11,2,Wikidata Q552842（2026-10-07取得）
S1euirhu,西一宮,Q7040349,,nishi-ichinomiya,1914,53,Wikidata Q7040349（2026-10-07取得）
S1euveuz,南矢代,Q856536,みなみやしろ,minami-yashiro,1955,11,Wikidata Q856536（2026-10-07取得）
S1evb39v,発寒,Q1044922,はっさむ,hassamu,1986-11-01,68,Wikidata Q1044922（2026-10-07取得）
S1evl5k1,七塚,Q6962441,ななつか,nanatsuka,1923-12-08,17,Wikidata Q6962441（2026-10-07取得）
S1ewbld3,八木沢・宮古短大,Q55525757,やぎさわみやこたんだい,yagisawa miyakotandai,2019-03-23,191,Wikidata Q55525757（2026-10-07取得）
S1ewhsc3,清水公園,Q7496870,しみずこうえん,shimizu-koen,1929-09-01,51,Wikidata Q7496870（2026-10-07取得）
S1ewux6g,三菱自工前,Q11357127,みつびしじこうまえ,mitsubishijikomae,1972-09-17,123,Wikidata Q11357127（2026-10-07取得）
S1exepx0,堺東,Q7402783,さかいひがし,sakaihigashi,1898-01-30,43,Wikidata Q7402783（2026-10-07取得）
S1exwifb,蔵前,Q112348,くらまえ,kuramae,1960-12-04,165,Wikidata Q112348（2026-10-07取得）
S1ey09v4,栄,Q11535767,,sakae,1986-03-03,29,Wikidata Q11535767（2026-10-07取得）
S1ey1hq3,川岸,Q843948,かわぎし,kawagishi,1923-10-28,12,Wikidata Q843948（2026-10-07取得）
S1eyahkf,八潮,Q8017379,やしお,yashio,2005-08-24,10,Wikidata Q8017379（2026-10-07取得）
S1eybh0m,備前福河,Q11387340,びぜんふくかわ,bizen-fukukawa,1955-03-01,22,Wikidata Q11387340（2026-10-07取得）
S1eyujqp,高砂,Q7677285,たかさご,takasago,1923-08-19,43,Wikidata Q7677285（2026-10-07取得）
S1eyx20a,友部,Q5362908,ともべ,tomobe,1895-07-01,46,Wikidata Q5362908（2026-10-07取得）
S1ez19vg,開聞,Q6348036,かいもん,kaimon,1960-03-22,2,Wikidata Q6348036（2026-10-07取得）
S1ez9a13,上川内,Q11358946,かみせんだい,kami-sendai,1922-07-01,66,Wikidata Q11358946（2026-10-07取得）
S1ezn3s1,古口,Q5509803,ふるくち,furukuchi,1913-12-07,9,Wikidata Q5509803（2026-10-07取得）
S1ezvffr,東武宇都宮,Q7862642,とうぶうつのみや,tobu-utsunomiya,1931-08-11,73,Wikidata Q7862642（2026-10-07取得）
S1ezx8xu,幌平橋,Q3563810,ほろひらばし,horohira-bashi,1971-12-16,101,Wikidata Q3563810（2026-10-07取得）
S1f01qkb,千鳥,Q5096630,ちどり,chidori,1991-09-30,53,Wikidata Q5096630（2026-10-07取得）
S1f053v4,竜野,Q5366259,たつの,tatsuno,1889-11-11,11,Wikidata Q5366259（2026-10-07取得）
S1f06723,石部,Q5362466,いしべ,ishibe,1889,10,Wikidata Q5362466（2026-10-07取得）
S1f0w69h,弘前学院大前,Q5770713,ひろさきがくいんだいまえ,hirosaki gakuindai-mae,1952-01-26,48,Wikidata Q5770713（2026-10-07取得）
S1f0yxw7,市が尾,Q11479967,いちがお,ichigao,1966-04-01,26,Wikidata Q11479967（2026-10-07取得）
S1f1fx8z,紀見峠,Q6410156,きみとうげ,kimitoge,1915-03-11,56,Wikidata Q6410156（2026-10-07取得）
S1f1ppft,魚沼丘陵,Q128916,うおぬまきゅうりょう,uonuma-kyuryo,1997-03-22,50,Wikidata Q128916（2026-10-07取得）
S1f22qim,替佐,Q6346024,かえさ,kaesa,1921-10-20,70,Wikidata Q6346024（2026-10-07取得）
S1f2g957,長府,Q5118987,ちょうふ,chofu,1901-05-27,73,Wikidata Q5118987（2026-10-07取得）
S1f2o05o,野里,Q7067396,のざと,nozato,1894-07-26,8,Wikidata Q7067396（2026-10-07取得）
S1f2opzk,筑前内野,Q5097533,ちくぜんうちの,chikuzen-uchino,1928-07-15,12,Wikidata Q5097533（2026-10-07取得）
S1f2tedy,渋民,Q7496089,しぶたみ,shibutami,1943-10-01,26,Wikidata Q7496089（2026-10-07取得）
S1f2vyc5,志賀本通,Q862276,,shiga-hondori,1971-12-20,3,Wikidata Q862276（2026-10-07取得）
S1f3cv5r,並河,Q1044211,なみかわ,namikawa,1935,27,Wikidata Q1044211（2026-10-07取得）
S1f3o2hd,滝沢,Q7678420,たきざわ,takizawa,1906-01-21,49,Wikidata Q7678420（2026-10-07取得）
S1f3pmca,平倉,Q3890826,ひらくら,hirakura,1915-11-23,29,Wikidata Q3890826（2026-10-07取得）
S1f4a2ma,舟形,Q5508714,ふながた,funagata,1902-07-21,1,Wikidata Q5508714（2026-10-07取得）
S1f4hzqt,道場南口,Q5321257,どうじょうみなみぐち,dojo-minamiguchi,1928-12-18,28,Wikidata Q5321257（2026-10-07取得）
S1f4lmju,五十猛,Q5355692,いそたけ,isotake,1917-05-15,10,Wikidata Q5355692（2026-10-07取得）
S1f4qjiy,陸前稲井,Q7334129,りくぜんいない,rikuzen-inai,1939-10-07,4,Wikidata Q7334129（2026-10-07取得）
S1f5x9ot,新平野,Q7497091,,shin-hirano,1918-11-10,36,Wikidata Q7497091（2026-10-07取得）
S1f61q70,古虎渓,Q5359303,ここけい,kokokei,1940-10-10,80,Wikidata Q5359303（2026-10-07取得）
S1f67u8u,東野,Q1884376,ひがしの,higashino,1997-10-12,24,Wikidata Q1884376（2026-10-07取得）
S1f6eri8,立道,Q7688301,たつみち,tatsumichi,1916-07-01,38,Wikidata Q7688301（2026-10-07取得）
S1f6r3sf,江南,Q5355821,こうなん,konan,1913-11-21,40,Wikidata Q5355821（2026-10-07取得）
S1f73aws,田立,Q5359428,ただち,tadachi,1929-12-03,4,Wikidata Q5359428（2026-10-07取得）
S1f8u3mw,備前片岡,Q4919392,びぜんかたおか,bizen-kataoka,1939-01-01,90,Wikidata Q4919392（2026-10-07取得）
S1f92v83,びわ湖浜大津,Q5644181,びわこはまおおつえ,biwako-hamaotsu,1880,17,Wikidata Q5644181（2026-10-07取得）
S1f9kneg,モレラ岐阜,Q11344646,モレラぎふ,morera-gifu,2006-04-21,8,Wikidata Q11344646（2026-10-07取得）
S1fa30k2,撮影所前,Q22120954,さつえいしょまえ,satsueisho-mae,2016-04-01,10,Wikidata Q22120954（2026-10-07取得）
S1fa8cdf,肥後田浦,Q11611582,ひごたのうら,higo tanoura,1925-04-15,33,Wikidata Q11611582（2026-10-07取得）
S1fahwur,山岡,Q8047918,,yamaoka,1934-06-24,50,Wikidata Q8047918（2026-10-07取得）
S1favx56,小千谷,Q3698840,おぢや,ojiya,1920-11-01,47,Wikidata Q3698840（2026-10-07取得）
S1fb5g3m,小鶴新田,Q6435392,こづるしんでん,kozurushinden,2004-03-13,31,Wikidata Q6435392（2026-10-07取得）
S1fc0p4x,武蔵新城,Q5366887,むさししんじょう,musashi-shinjo,1927-03-09,61,Wikidata Q5366887（2026-10-07取得）
S1fc5zig,東名,Q7862703,とうな,tona,1931-12-01,4,Wikidata Q7862703（2026-10-07取得）
S1fcnrds,阿母崎,Q11657480,あぼざき,abozaki,1955-03-09,24,Wikidata Q11657480（2026-10-07取得）
S1fcp89m,長尾,Q855920,ながお,nagao,1898,32,Wikidata Q855920（2026-10-07取得）
S1fcznm0,稲野,Q304717,,inano,1921-05-10,43,Wikidata Q304717（2026-10-07取得）
S1fe38bm,市来,Q5297389,いちき,ichiki,1913-12-25,6,Wikidata Q5297389（2026-10-07取得）
S1fe3ili,計算科学センター,Q11374187,けいさんかがくセンター,keisan kagaku center,2006-02-02,18,Wikidata Q11374187（2026-10-07取得）
S1fek5ur,名鉄一宮,Q2856589,,meitetsu-ichinomiya,1900,39,Wikidata Q2856589（2026-10-07取得）
S1feldbt,北大町,Q6417637,きたおおまち,kita-omachi,1960-07-20,22,Wikidata Q6417637（2026-10-07取得）
S1ffbto5,貞光,Q7397535,さだみつ,sadamitsu,1914-03-25,33,Wikidata Q7397535（2026-10-07取得）
S1fffohr,西山公園,Q4982279,,nishiyama-koen,1929-08-13,62,Wikidata Q4982279（2026-10-07取得）
S1ffhopd,上野市,Q195404,,uenoshi,1916,57,Wikidata Q195404（2026-10-07取得）
S1fflp63,岩水寺,Q5369863,がんすいじ,gansuiji,1940-06-01,16,Wikidata Q5369863（2026-10-07取得）
S1fg0fe8,西宮北口,Q7040671,にしのみやきたぐち,nishinomiya-kitaguchi,1920,23,Wikidata Q7040671（2026-10-07取得）
S1fgaxoe,一本松,Q406338,いっぽんまつ,ippommatsu,1997-03-22,29,Wikidata Q406338（2026-10-07取得）
S1fh5wwu,中原,Q5359031,なかばる,nakabaru,1891-08-20,16,Wikidata Q5359031（2026-10-07取得）
S1fhdoj1,布原,Q7069904,ぬのはら,nunohara,1936-10-10,10,Wikidata Q7069904（2026-10-07取得）
S1fhm41t,市役所前,Q11480475,しやくしょまえ,shiyakushomae,1928-06-24,119,Wikidata Q11480475（2026-10-07取得）
S1fhm5g3,下井草,Q843437,しもいぐさ,shimo-igusa,1927-04-16,19,Wikidata Q843437（2026-10-07取得）
S1fhzs0c,都立大学,Q7825831,とりつだいがく,toritsu-daigaku,1927-08-28,42,Wikidata Q7825831（2026-10-07取得）
S1ficf9n,北伊予,Q898935,きたいよ,kita-iyo,1930-02-27,15,Wikidata Q898935（2026-10-07取得）
S1fihyu9,大師前,Q5209614,だいしまえ,daishimae,1931-12-20,17,Wikidata Q5209614（2026-10-07取得）
S1fim6g0,比島,Q8190738,,hishima,1931-05-01,48,Wikidata Q8190738（2026-10-07取得）
S1fiu2j9,桜ヶ丘,Q4405554,さくらがおか,sakuragaoka,1952-11-25,9,Wikidata Q4405554（2026-10-07取得）
S1fiuxy3,京成酒々井,Q6383847,けいせいしすい,keisei shisui,1926-12-09,25,Wikidata Q6383847（2026-10-07取得）
S1fizioj,柱野,Q5679043,はしらの,hashirano,1934-12-01,54,Wikidata Q5679043（2026-10-07取得）
S1fj1ir1,城ヶ崎海岸,Q11425939,じょうがさきかいがん,jogasaki-kaigan,1972-03-15,83,Wikidata Q11425939（2026-10-07取得）
S1fjel5n,国分寺,Q251693,こくぶんじ,kokubunji,1889-04-11,23,Wikidata Q251693（2026-10-07取得）
S1fjvycz,誉田,Q5353370,ほんだ,honda,1896-01-20,39,Wikidata Q5353370（2026-10-07取得）
S1fk0pwb,大形,Q8081468,おおがた,ogata,1957-02-11,33,Wikidata Q8081468（2026-10-07取得）
S1fka8x6,塩塚,Q11428653,しおつか,shiotsuka,1938-09-01,62,Wikidata Q11428653（2026-10-07取得）
S1fkb728,上道,Q1107037,あがりみち,agarimichi,1952-07-01,41,Wikidata Q1107037（2026-10-07取得）
S1fkibpz,白銀,Q6378968,しろがね,shirogane,1934-06-01,20,Wikidata Q6378968（2026-10-07取得）
S1fkvoqi,笠師保,Q6374045,かさしほ,kasashiho,1928-10-31,44,Wikidata Q6374045（2026-10-07取得）
S1fm5e2j,京王多摩センター,Q124477070,けいおうたまセンター,keio-tama-center,1974-10-18,14,Wikidata Q124477070（2026-10-07取得）
S1fm7tz7,文の里,Q29457,ふみのさと,fuminosato,1980-11-27,33,Wikidata Q29457（2026-10-07取得）
S1fmalty,茅野,Q844063,ちの,chino,1905-11-25,76,Wikidata Q844063（2026-10-07取得）
S1fmgwut,野田阪神,Q126087,のだはんしん,nodahanshin,1969-04-16,55,Wikidata Q126087（2026-10-07取得）
S1fmi244,夜明,Q4898235,よあけ,yoake,1932-03-12,20,Wikidata Q4898235（2026-10-07取得）
S1fmir5r,東久留米,Q5753665,ひがしくるめ,higashi-kurume,1915-04-15,61,Wikidata Q5753665（2026-10-07取得）
S1fmldgv,二俣尾,Q5510471,ふたまたお,futamatao,1920-01-01,35,Wikidata Q5510471（2026-10-07取得）
S1fn26rk,新高徳,Q7497134,しんたかとく,shin-takatoku,1917-11-01,19,Wikidata Q7497134（2026-10-07取得）
S1fn3odk,護国寺,Q331941,ごこくじ,gokokuji,1974-10-30,24,Wikidata Q331941（2026-10-07取得）
S1fn5k57,伊賀,Q5991412,いが,iga,1904-01-01,24,Wikidata Q5991412（2026-10-07取得）
S1fnygmw,新深江,Q126056,しんふかえ,shin-fukae,1969-09-10,33,Wikidata Q126056（2026-10-07取得）
S1fon5qu,中島,Q10875437,,nakajima,2004-10-06,37,Wikidata Q10875437（2026-10-07取得）
S1foo6zb,波根,Q5355802,はね,hane,1915-07-11,13,Wikidata Q5355802（2026-10-07取得）
S1fop9tj,只見,Q7674312,ただみ,tadami,1963-08-20,5,Wikidata Q7674312（2026-10-07取得）
S1ford5o,糸田,Q11604855,,itoda,1897-10-20,30,Wikidata Q11604855（2026-10-07取得）
S1fotwht,福井,Q11591774,ふくい,fukui,1989-03-29,3,Wikidata Q11591774（2026-10-07取得）
S1fp7ptc,大溝,Q11437557,おおみぞ,omizo,1937-10-01,9,Wikidata Q11437557（2026-10-07取得）
S1fp9f35,東栄,Q774631,とうえい,toei,1933-12-21,30,Wikidata Q774631（2026-10-07取得）
S1fpg09b,ときわ台,Q7813626,ときわだい,tokiwadai,1935-10-20,117,Wikidata Q7813626（2026-10-07取得）
S1fpsjzu,東山公園,Q853221,,higashiyama koen,1963-04-01,33,Wikidata Q853221（2026-10-07取得）
S1fpy2ik,霞ヶ浦,Q6374902,かすみがうら,kasumigaura,1929,74,Wikidata Q6374902（2026-10-07取得）
S1fqfwof,羽田空港第3ターミナル,Q11284112,はねだくうこうだいさんターミナル,haneda airport terminal 3,2010-10-21,24,Wikidata Q11284112（2026-10-07取得）
S1fqzf45,花輪,Q5646950,はなわ,hanawa,1912-12-31,16,Wikidata Q5646950（2026-10-07取得）
S1frlugr,西有田,Q11628452,にしありた,nishi-arita,1996-03-16,21,Wikidata Q11628452（2026-10-07取得）
S1fs8e9w,西郷,Q11629703,さいごう,saigoh,1912-10-10,13,Wikidata Q11629703（2026-10-07取得）
S1fsmpgb,善光寺下,Q11418891,ぜんこうじした,zenkojishita,1926-06-28,29,Wikidata Q11418891（2026-10-07取得）
S1ftchkw,村上,Q283118,むらかみ,murakami,1996-04-27,19,Wikidata Q283118（2026-10-07取得）
S1ftg1h8,河内森,Q6379461,かわちもり,kawachi-mori,1930,20,Wikidata Q6379461（2026-10-07取得）
S1ftihkf,三本松口,Q4208015,さんぼんまつぐち,sambommatsuguchi,1987-11-01,26,Wikidata Q4208015（2026-10-07取得）
S1fts6aj,谷之口,Q7683316,,taninokuchi,1935-04-15,37,Wikidata Q7683316（2026-10-07取得）
S1ftvliv,立野,Q7688002,たての,tateno,1916-11-11,23,Wikidata Q7688002（2026-10-07取得）
S1ftx3xs,尻手,Q5367537,しって,shitte,1927-03-09,20,Wikidata Q5367537（2026-10-07取得）
S1fu0irb,遠江一宮,Q5370068,とおとうみいちのみや,totomi-ichinomiya,1940-06-01,24,Wikidata Q5370068（2026-10-07取得）
S1fu47a3,紀伊富田,Q2888483,きいとんだ,kii-tonda,1933-12-20,27,Wikidata Q2888483（2026-10-07取得）
S1fubozj,奥町,Q7082715,,okucho,1914,17,Wikidata Q7082715（2026-10-07取得）
S1fuc5na,砺波,Q7820730,となみ,tonami,1897-05-04,39,Wikidata Q7820730（2026-10-07取得）
S1fums7m,豊岡,Q871612,とよおか,toyooka,,59,Wikidata Q871612（2026-10-07取得）
S1fupo4a,蘭留,Q873253,,ranru,1898-12-25,34,Wikidata Q873253（2026-10-07取得）
S1fv61rv,三沢,Q5924504,みさわ,misawa,1894-09-01,120,Wikidata Q5924504（2026-10-07取得）
S1fv7vsy,和田山,Q871879,わだやま,wadayama,1906-04-01,51,Wikidata Q871879（2026-10-07取得）
S1fvbr8m,地名,Q6201974,じな,jina,1930-07-16,7,Wikidata Q6201974（2026-10-07取得）
S1fvdppt,小野新町,Q7094498,おのにいまち,ononiimachi,1915-03-21,68,Wikidata Q7094498（2026-10-07取得）
S1fvkyy2,宮ノ平,Q8013443,みやのひら,miyanohira,1914-04-01,12,Wikidata Q8013443（2026-10-07取得）
S1fvqljr,幸谷,Q11484081,こうや,koya,1961-02-03,51,Wikidata Q11484081（2026-10-07取得）
S1fwju0n,曽根,Q610943,そね,sone,1888-12-23,12,Wikidata Q610943（2026-10-07取得）
S1fwqm8g,標茶,Q1059174,しべちゃ,shibecha,1927,20,Wikidata Q1059174（2026-10-07取得）
S1fwuxsa,別府,Q4880385,べふ,befu,1923-08-19,13,Wikidata Q4880385（2026-10-07取得）
S1fxpd4d,守口,Q83608,もりぐち,moriguchi,1977-04-06,73,Wikidata Q83608（2026-10-07取得）
S1fy3vqh,石田,Q5360837,いしだ,ishida,1915-04-01,24,Wikidata Q5360837（2026-10-07取得）
S1fylfna,両石,Q7385594,りょういし,ryoishi,1951-07-23,8,Wikidata Q7385594（2026-10-07取得）
S1fz3fks,舞子公園,Q6735647,まいここうえん,maiko-koen,1917-04-12,46,Wikidata Q6735647（2026-10-07取得）
S1fz5268,九州鉄道記念館,Q11370356,きゅうしゅうてつどうきねんかん,kyushu railway history museum,2009-04-26,12,Wikidata Q11370356（2026-10-07取得）
S1fz8p21,榎井,Q11541774,,enai,1927-03-15,53,Wikidata Q11541774（2026-10-07取得）
S1fzauwb,金山,Q1190105,かなやま,kanayama,1944,52,Wikidata Q1190105（2026-10-07取得）
S1fzej7f,三股,Q5357483,みまた,mimata,1914-02-11,30,Wikidata Q5357483（2026-10-07取得）
S1fzuwjg,養鱒公園,Q8062674,ようそんこうえん,yoson-koen,1947-09-20,20,Wikidata Q8062674（2026-10-07取得）
S1fzvnvh,藤沢,Q1133110,ふじさわ,fujisawa,1887-07-11,113,Wikidata Q1133110（2026-10-07取得）
S1fzx7qo,川渡温泉,Q642583,かわたびおんせん,kawatabi-onsen,1914-04-19,32,Wikidata Q642583（2026-10-07取得）
S1fzznwk,土佐山田,Q901123,,tosa-yamada,1925-12-05,31,Wikidata Q901123（2026-10-07取得）
S1g079yr,信濃大町,Q7497271,しなのおおまち,shinano-omachi,1916-07-05,38,Wikidata Q7497271（2026-10-07取得）
S1g0qd72,東福寺,Q1044897,とうふくじ,tofukuji,1910,38,Wikidata Q1044897（2026-10-07取得）
S1g0yrly,首里,Q841561,しゅり,shuri,2003,7,Wikidata Q841561（2026-10-07取得）
S1g134vh,都府楼前,Q7813018,とふろうまえ,tofuromae,1924,29,Wikidata Q7813018（2026-10-07取得）
S1g1d024,五箇荘,Q2886686,ごかしょう,gokasho,1898,35,Wikidata Q2886686（2026-10-07取得）
S1g1erll,梁川,Q11538344,やながわ,yanagawa,1988-07-01,38,Wikidata Q11538344（2026-10-07取得）
S1g1m564,杉河内,Q7635117,,sugikawachi,1957-03-15,51,Wikidata Q7635117（2026-10-07取得）
S1g1sk75,大蔵谷,Q8081586,おおくらだに,okuradani,1917-04-12,38,Wikidata Q8081586（2026-10-07取得）
S1g219bo,東富山,Q5359944,ひがしとやま,higashi-toyama,1908-11-16,45,Wikidata Q5359944（2026-10-07取得）
S1g24ad4,赤坂田,Q4700320,あかさかた,akasakata,1926-11-10,1,Wikidata Q4700320（2026-10-07取得）
S1g2i6z8,鶴来,Q11676036,つるぎ,tsurugi,1915-06-22,13,Wikidata Q11676036（2026-10-07取得）
S1g3mmff,平井,Q11482061,ひらい,hirai,1893-05-07,38,Wikidata Q11482061（2026-10-07取得）
S1g3o3n4,発寒南,Q3563886,はっさむみなみ,hassamu-minami,1999-02-25,91,Wikidata Q3563886（2026-10-07取得）
S1g3rbip,西御料,Q7040338,,nishi-goryo,1958-03-25,45,Wikidata Q7040338（2026-10-07取得）
S1g3t6k2,南太田,Q6863036,みなみおおた,minami-ota,1930-04-01,51,Wikidata Q6863036（2026-10-07取得）
S1g3ykmt,養老,Q8062670,,yoro,1913-07-31,33,Wikidata Q8062670（2026-10-07取得）
S1g4g6x3,吾桑,Q4812260,あそう,aso,1924-03-30,8,Wikidata Q4812260（2026-10-07取得）
S1g4jkwb,影森,Q3701498,かげもり,kagemori,1917-09-27,27,Wikidata Q3701498（2026-10-07取得）
S1g50een,梅坪,Q7881513,,umetsubo,1923,33,Wikidata Q7881513（2026-10-07取得）
S1g5v9ab,三ヶ森,Q11354073,,sangamori,1957,23,Wikidata Q11354073（2026-10-07取得）
S1g65qnq,本巣,Q6918526,もとす,motosu,1956-03-20,44,Wikidata Q6918526（2026-10-07取得）
S1g6up6d,銀水,Q5359531,ぎんすい,ginsui,1926-04-01,13,Wikidata Q5359531（2026-10-07取得）
S1g7bkr3,清流新岩国,Q6875635,せいりゅうしんいわくに,seiryu-shin-iwakuni,1960-11-01,16,Wikidata Q6875635（2026-10-07取得）
S1g7flxu,京成佐倉,Q4502033,けいせいさくら,keisei-sakura,1926-12-09,14,Wikidata Q4502033（2026-10-07取得）
S1g7j97q,四天王寺前夕陽ヶ丘,Q83603,してんのうじまえゆうひがおか,shitennoji-mae yuhigaoka,1968-12-17,26,Wikidata Q83603（2026-10-07取得）
S1g8lo3f,千畳敷,Q11405761,せんじょうじき,senjojiki,1954-07-07,10,Wikidata Q11405761（2026-10-07取得）
S1g8pibd,片瀬白田,Q6375267,かたせしらた,katase-shirata,1961-12-10,43,Wikidata Q6375267（2026-10-07取得）
S1g8qfqq,新谷,Q900418,にいや,niiya,1920-05-01,165,Wikidata Q900418（2026-10-07取得）
S1g8wev4,南陽市役所,Q6964486,,nanyo-shiyakusho,1988-10-25,6,Wikidata Q6964486（2026-10-07取得）
S1g9q720,中新湊,Q6960106,,naka shinminato,1932-11-09,29,Wikidata Q6960106（2026-10-07取得）
S1ga0qp5,人形町,Q1147003,にんぎょうちょう,ningyocho,1962-05-31,15,Wikidata Q1147003（2026-10-07取得）
S1gabk11,小作,Q7116441,おざく,ozaku,1894-11-19,42,Wikidata Q7116441（2026-10-07取得）
S1gabmpo,石橋阪大前,Q866078,いしばしはんだいまえ,ishibashi handai-mae,1910,37,Wikidata Q866078（2026-10-07取得）
S1gakiho,南高田,Q5355894,みなみたかだ,minami-takada,1961-12-10,14,Wikidata Q5355894（2026-10-07取得）
S1gaqwet,高尾,Q1065002,たかお,takao,1901-08-01,26,Wikidata Q1065002（2026-10-07取得）
S1gb0fs8,武蔵境,Q137550,むさしさかい,musashi-sakai,1889-04-11,77,Wikidata Q137550（2026-10-07取得）
S1gbhs4k,三河豊田,Q6845739,みかわとよた,mikawa-toyota,1976-04-26,38,Wikidata Q6845739（2026-10-07取得）
S1gbicbb,木曽平沢,Q5359386,きそひらさわ,kiso-hirasawa,1930-06-05,135,Wikidata Q5359386（2026-10-07取得）
S1gc9kds,井の頭公園,Q4201277,いのかしらこうえん,inokashira-koen,1933-08-01,38,Wikidata Q4201277（2026-10-07取得）
S1gcilb7,末広町,Q347988,すえひろちょう,suehirocho,1930-01-01,27,Wikidata Q347988（2026-10-07取得）
S1gcl20n,元加治,Q6918030,もとかじ,motokaji,1926-04-03,20,Wikidata Q6918030（2026-10-07取得）
S1gcrauw,四ツ橋,Q291023,よつばし,yotsubashi,1965-10-01,18,Wikidata Q291023（2026-10-07取得）
S1gcsu7c,西取手,Q11627383,にしとりで,nishi-toride,1979-12-01,8,Wikidata Q11627383（2026-10-07取得）
S1gcwv6g,北新地,Q1073390,きたしんち,kitashinchi,1997,8,Wikidata Q1073390（2026-10-07取得）
S1gd3hze,福井口,Q5507660,,fukuiguchi,1914-02-11,138,Wikidata Q5507660（2026-10-07取得）
S1gdg5j8,神畑,Q11590685,,kabatake,1921-06-17,22,Wikidata Q11590685（2026-10-07取得）
S1gdptx7,豊田市,Q2856671,,toyotashi,1920,30,Wikidata Q2856671（2026-10-07取得）
S1ge025e,常永,Q6322172,じょうえい,joei,1928-03-30,66,Wikidata Q6322172（2026-10-07取得）
S1ge3vtx,佐世保中央,Q7425052,させぼちゅうおう,sasebo-chuo,1990-03-10,7,Wikidata Q7425052（2026-10-07取得）
S1ge6smm,下奥井,Q11360765,しもおくい,shimookui,2006-04-29,5,Wikidata Q11360765（2026-10-07取得）
S1gerirc,津島ノ宮,Q5366908,つしまのみや,tsushimanomiya,1915-05-07,27,Wikidata Q5366908（2026-10-07取得）
S1getqfj,JR総持寺,Q11226302,ジェイアールそうじじ,jr-sojiji,2018-03-17,31,Wikidata Q11226302（2026-10-07取得）
S1gezp0g,近鉄四日市,Q6414379,きんてつよっかいち,kintetsu yokkaichi,1913,40,Wikidata Q6414379（2026-10-07取得）
S1gf3vfs,伊豆高原,Q6102186,いずこうげん,izu-kogen,1961-12-10,37,Wikidata Q6102186（2026-10-07取得）
S1gf7ewe,伊川谷,Q5358424,,ikawadani,1987-03-18,15,Wikidata Q5358424（2026-10-07取得）
S1gfi4nn,金町,Q1952878,かなまち,kanamachi,1897-12-27,21,Wikidata Q1952878（2026-10-07取得）
S1gfpe9f,会津山村道場,Q4699454,あいづさんそんどうじょう,aizu-sanson-dojo,2001-07-19,60,Wikidata Q4699454（2026-10-07取得）
S1ggg3xn,静間,Q5356765,しずま,shizuma,1926-09-16,8,Wikidata Q5356765（2026-10-07取得）
S1gghofk,湯川,Q2650317,ゆかわ,yukawa,1935-07-18,17,Wikidata Q2650317（2026-10-07取得）
S1gguppn,諏訪ノ平,Q5357110,すわのたいら,suwanotaira,1933-01-15,11,Wikidata Q5357110（2026-10-07取得）
S1gh1bic,高山,Q874020,たかやま,takayama,1934-10-25,67,Wikidata Q874020（2026-10-07取得）
S1gh1y65,弥富,Q5359289,やとみ,yatomi,1895,29,Wikidata Q5359289（2026-10-07取得）
S1gi0hxx,銭函,Q1044908,ぜにばこ,zenibako,1880-11-28,32,Wikidata Q1044908（2026-10-07取得）
S1gi0nj4,馬田,Q11668031,まだ,mada,1921,30,Wikidata Q11668031（2026-10-07取得）
S1gitf2r,商工センター入口,Q7500183,しょうこうセンターいりぐち,shoko center-iriguchi,1960-09-01,16,Wikidata Q7500183（2026-10-07取得）
S1gjbykq,昭和町,Q2084551,しょうわちょう,showacho,1951-12-20,65,Wikidata Q2084551（2026-10-07取得）
S1gjdjnl,田神,Q7675146,,tagami,1926-01-21,120,Wikidata Q7675146（2026-10-07取得）
S1gjlr5i,国立,Q474512,くにたち,kunitachi,1926-03-01,36,Wikidata Q474512（2026-10-07取得）
S1gjnkfg,三郷中央,Q5368856,みさとちゅうおう,misato-chuo,2005-08-24,22,Wikidata Q5368856（2026-10-07取得）
S1gkskxy,島田,Q872499,しまだ,shimada,1889-04-16,69,Wikidata Q872499（2026-10-07取得）
S1gl9m3i,川名,Q863622,,kawana,1977-03-18,45,Wikidata Q863622（2026-10-07取得）
S1gltvls,東松阪,Q5753685,ひがしまつさか,higashi-matsusaka,1930-03-27,11,Wikidata Q5753685（2026-10-07取得）
S1gmecc0,黒薙,Q11678814,,kuronagi,1953-11-16,9,Wikidata Q11678814（2026-10-07取得）
S1gmjuec,古泉,Q11411412,こいずみ,koizumi,1967-03-09,11,Wikidata Q11411412（2026-10-07取得）
S1gmzvg9,桜川,Q126339,さくらがわ,sakuragawa,1969-04-16,228,Wikidata Q126339（2026-10-07取得）
S1gmzvg9-2,桜川,Q126339,さくらがわ,sakuragawa,1969-04-16,119,Wikidata Q126339（2026-10-07取得）
S1gn3cmg,船堀,Q1041252,ふなぼり,funabori,1983-12-23,41,Wikidata Q1041252（2026-10-07取得）
S1gn94tn,修善寺,Q7505799,しゅぜんじ,shuzenji,1924-08-01,44,Wikidata Q7505799（2026-10-07取得）
S1gnas41,萱島,Q1185827,かやしま,kayashima,1910,6,Wikidata Q1185827（2026-10-07取得）
S1gnc86u,白馬,Q5640613,はくば,hakuba,1932-11-20,79,Wikidata Q5640613（2026-10-07取得）
S1gnjub1,八戸,Q800866,はちのへ,hachinohe,1891-09-01,47,Wikidata Q800866（2026-10-07取得）
S1gnoiz9,美濃白鳥,Q6868885,みのしろとり,mino-shirotori,1933-07-05,40,Wikidata Q6868885（2026-10-07取得）
S1gnwcpv,大草,Q5355384,おおくさ,okusa,1898-11-27,66,Wikidata Q5355384（2026-10-07取得）
S1goghed,千綿,Q5102598,ちわた,chiwata,1928-04-20,4,Wikidata Q5102598（2026-10-07取得）
S1gohhet,道上,Q6837913,みちのうえ,michinoue,1914-07-21,51,Wikidata Q6837913（2026-10-07取得）
S1gpn0sh,高島町,Q850673,たかしまちょう,takashimacho,1976-09-04,33,Wikidata Q850673（2026-10-07取得）
S1gq5imj,市坪,Q899104,いちつぼ,ichitsubo,1964-10-01,17,Wikidata Q899104（2026-10-07取得）
S1gqi6s3,大原,Q552811,おおはら,ohara,1899-12-13,21,Wikidata Q552811（2026-10-07取得）
S1gqnho8,越後岩沢,Q5332410,えちごいわさわ,echigo-iwasawa,1927-06-15,33,Wikidata Q5332410（2026-10-07取得）
S1gr2u23,向原,Q6933382,むかいはら,mukaihara,1915-04-28,8,Wikidata Q6933382（2026-10-07取得）
S1gr4maz,紀伊姫,Q2682082,きいひめ,kii-hime,1936-12-11,24,Wikidata Q2682082（2026-10-07取得）
S1grs6dc,小布施,Q11460669,おぶせ,obuse,1923-03-26,13,Wikidata Q11460669（2026-10-07取得）
S1grss7f,柏農高校前,Q11533874,はくのうこうこうまえ,hakunokokomae,1980-06-23,9,Wikidata Q11533874（2026-10-07取得）
S1gsir7f,代々木,Q590162,よよぎ,yoyogi,1906-09-23,31,Wikidata Q590162（2026-10-07取得）
S1gt5lnw,門真南,Q135207,かどまみなみ,kadoma-minami,1997-08-29,41,Wikidata Q135207（2026-10-07取得）
S1gt9e0i,北濃,Q5878299,ほくのう,hokuno,1934-08-16,7,Wikidata Q5878299（2026-10-07取得）
S1gujtvg,新検見川,Q908760,しんけみがわ,shin-kemigawa,1951-07-15,47,Wikidata Q908760（2026-10-07取得）
S1guwfof,深江,Q5507563,ふかえ,fukae,1905,21,Wikidata Q5507563（2026-10-07取得）
S1gv05c3,富田,Q7818979,とみた,tomita,1893-02-18,20,Wikidata Q7818979（2026-10-07取得）
S1gv85tu,西相知,Q7040462,,nishi-ochi,1935-03-01,3,Wikidata Q7040462（2026-10-07取得）
S1gvittu,野田市,Q11645982,のだし,nodashi,1911-05-09,39,Wikidata Q11645982（2026-10-07取得）
S1gvxnsk,富岡前,Q7818923,,tomioka-mae,1925,18,Wikidata Q7818923（2026-10-07取得）
S1gw5rr0,有壁,Q899365,ありかべ,arikabe,1924-10-16,72,Wikidata Q899365（2026-10-07取得）
S1gwfjeo,本俣賀,Q5896554,ほんまたが,honmataga,1970-04-01,12,Wikidata Q5896554（2026-10-07取得）
S1gwy4bl,播磨下里,Q5657512,はりましもさと,harima-shimosato,1917-08-14,11,Wikidata Q5657512（2026-10-07取得）
S1gx6mai,自治医大,Q873156,じちいだい,jichi medical university,1983-04-27,19,Wikidata Q873156（2026-10-07取得）
S1gxjfuu,東千葉,Q8013045,ひがしちば,higashi-chiba,1965-12-20,22,Wikidata Q8013045（2026-10-07取得）
S1gxoxlq,福音寺,Q11594481,ふくおんじ,fukuonji,1968-01-01,12,Wikidata Q11594481（2026-10-07取得）
S1gy0nda,足尾,Q4805122,あしお,ashio,1912-12-31,33,Wikidata Q4805122（2026-10-07取得）
S1gyb4f3,大山寺,Q7676396,,taisanji,1915,19,Wikidata Q7676396（2026-10-07取得）
S1gzfvor,香呂,Q6455267,こうろ,koro,1894-07-26,17,Wikidata Q6455267（2026-10-07取得）
S1h067an,北広島,Q3969871,,kita-hiroshima,1926,19,Wikidata Q3969871（2026-10-07取得）
S1h083ne,東室蘭,Q5753732,ひがしむろらん,higashi-muroran,1892-08-01,83,Wikidata Q5753732（2026-10-07取得）
S1h09naw,床波,Q7813676,とこなみ,tokonami,1923,40,Wikidata Q7813676（2026-10-07取得）
S1h0nn3u,釧路湿原,Q848124,くしろしつげん,kushiro-shitsugen,1988,49,Wikidata Q848124（2026-10-07取得）
S1h0ryr9,金蔵寺,Q900601,,konzoji,1896-10-16,49,Wikidata Q900601（2026-10-07取得）
S1h1i9sm,加茂,Q1447527,かも,kamo,1929,11,Wikidata Q1447527（2026-10-07取得）
S1h1k6fr,羽黒,Q5638843,はぐろ,haguro,1904-04-01,39,Wikidata Q5638843（2026-10-07取得）
S1h27nxl,上川立,Q11358961,かみかわたち,kamikawatachi,1915-04-28,4,Wikidata Q11358961（2026-10-07取得）
S1h2faro,野跡,Q11646133,,noseki,2004-10-06,6,Wikidata Q11646133（2026-10-07取得）
S1h2q7rp,仲町台,Q851025,なかまちだい,nakamachidai,1993-03-18,3,Wikidata Q851025（2026-10-07取得）
S1h31xld,上鳥羽口,Q6358584,かみとばぐち,kamitobaguchi,1940-04-05,47,Wikidata Q6358584（2026-10-07取得）
S1h32a0u,つきのわ,Q7850076,つきのわ,tsukinowa,2002-03-26,41,Wikidata Q7850076（2026-10-07取得）
S1h34j8d,津南,Q7850176,つなん,tsunan,1927-08-01,55,Wikidata Q7850176（2026-10-07取得）
S1h378et,小手指,Q6433936,こてさし,kotesashi,1970-11-20,28,Wikidata Q6433936（2026-10-07取得）
S1h3egfq,作並,Q7403152,さくなみ,sakunami,1931-08-30,8,Wikidata Q7403152（2026-10-07取得）
S1h3eim8,藤浪,Q5507450,,fujinami,1914,41,Wikidata Q5507450（2026-10-07取得）
S1h3lf4a,六本木一丁目,Q1073717,ろっぽんぎいっちょうめ,roppongi-itchome,2000-09-26,19,Wikidata Q1073717（2026-10-07取得）
S1h3wnbs,朽網,Q5360727,くさみ,kusami,1952-05-01,54,Wikidata Q5360727（2026-10-07取得）
S1h43nkk,センター北,Q847363,センターきた,center-kita,1993-03-18,46,Wikidata Q847363（2026-10-07取得）
S1h4bw41,真滝,Q6786016,またき,mataki,1925-07-26,14,Wikidata Q6786016（2026-10-07取得）
S1h4g7io,新田老,Q55525813,しんたろう,shin-taro,2020-05-18,6,Wikidata Q55525813（2026-10-07取得）
S1h58pux,自由ヶ丘,Q841857,,jiyugaoka,2003-12-13,18,Wikidata Q841857（2026-10-07取得）
S1h5g35m,白金高輪,Q112323,しろかねたかなわ,shirokane-takanawa,2000-09-26,15,Wikidata Q112323（2026-10-07取得）
S1h5o5s5,富士見,Q5507439,ふじみ,fujimi,1904-12-21,44,Wikidata Q5507439（2026-10-07取得）
S1h5xp5l,興戸,Q6455096,,kodo,1954-07-05,6,Wikidata Q6455096（2026-10-07取得）
S1h6407b,岩屋,Q6100854,いわや,iwaya,1905,61,Wikidata Q6100854（2026-10-07取得）
S1h6ecxh,信濃川上,Q7497257,しなのかわかみ,shinano-kawakami,1925-04-14,8,Wikidata Q7497257（2026-10-07取得）
S1h6fpsu,和渕,Q7958714,わぶち,wabuchi,1968-10-24,42,Wikidata Q7958714（2026-10-07取得）
S1h7ejhd,樽井,Q11543694,たるい,tarui,1897-11-09,33,Wikidata Q11543694（2026-10-07取得）
S1h8j7js,美園,Q6875894,みその,misono,1994-10-14,17,Wikidata Q6875894（2026-10-07取得）
S1h9guvq,清水,Q180473,しみず,shimizu,2006-12-24,62,Wikidata Q180473（2026-10-07取得）
S1h9zy95,古川橋,Q1027543,ふるかわばし,furukawabashi,1910,27,Wikidata Q1027543（2026-10-07取得）
S1ha6dce,栗林公園北口,Q7336802,りつりんこうえんきたぐち,ritsurin-koen-kitaguchi,1986-11-01,43,Wikidata Q7336802（2026-10-07取得）
S1ha823z,富士見町,Q1094940,ふじみちょう,fujimicho,1970-03-07,16,Wikidata Q1094940（2026-10-07取得）
S1haom87,磐城,Q6100410,いわき,iwaki,1929-03-29,12,Wikidata Q6100410（2026-10-07取得）
S1hbg3ex,大越,Q11439275,おおごえ,ogoe,1915-03-21,83,Wikidata Q11439275（2026-10-07取得）
S1hc65ql,日和佐,Q5872860,ひわさ,hiwasa,1939-12-14,11,Wikidata Q5872860（2026-10-07取得）
S1hcr49i,奥浜名湖,Q7082722,おくはまなこ,okuhamanako,1988-03-13,14,Wikidata Q7082722（2026-10-07取得）
S1hd4fp0,ほうらい丘,Q5965245,,horaioka,1984-04-26,5,Wikidata Q5965245（2026-10-07取得）
S1hd7047,本郷台,Q844379,ほんごうだい,hongodai,1973-04-09,42,Wikidata Q844379（2026-10-07取得）
S1hdlmjg,百舌鳥八幡,Q8190825,もずはちまん,mozuhachiman,1900-09-07,36,Wikidata Q8190825（2026-10-07取得）
S1hdn53e,出水,Q1136682,いずみ,izumi,1923-10-15,6,Wikidata Q1136682（2026-10-07取得）
S1hdtlf0,名鉄名古屋,Q911757,,meitetsu-nagoya,1941-08-12,99,Wikidata Q911757（2026-10-07取得）
S1he5osn,豊川,Q772133,とよかわ,toyokawa,1897-07-15,6,Wikidata Q772133（2026-10-07取得）
S1heb76o,根府川,Q865785,ねぶかわ,nebukawa,1922-12-21,23,Wikidata Q865785（2026-10-07取得）
S1heofhh,三田,Q905732,みた,mita,1968-06-21,33,Wikidata Q905732（2026-10-07取得）
S1hf2j2o,和賀仙人,Q7960735,わかせんにん,waka-sennin,1921-11-18,45,Wikidata Q7960735（2026-10-07取得）
S1hf6bzq,豊浦,Q7830938,,toyoura,1928-09-10,5,Wikidata Q7830938（2026-10-07取得）
S1hff44p,長,Q7105491,おさ,osa,1915-03-03,23,Wikidata Q7105491（2026-10-07取得）
S1hfr2qt,吉祥寺,Q801004,きちじょうじ,kichijoji,1899-12-30,39,Wikidata Q801004（2026-10-07取得）
S1hghk71,西大手,Q11627570,,nishi-ote,1916,13,Wikidata Q11627570（2026-10-07取得）
S1hgiegp,胡麻,Q369597,ごま,goma,1910-08-25,4,Wikidata Q369597（2026-10-07取得）
S1hgjcyz,石山,Q740087,いしやま,ishiyama,1903-04-01,133,Wikidata Q740087（2026-10-07取得）
S1hgtm2b,北松本,Q6417567,きたまつもと,kita-matsumoto,1915-01-06,29,Wikidata Q6417567（2026-10-07取得）
S1hgyqao,美濃本郷,Q11609239,,mino-hongo,1920-06-01,26,Wikidata Q11609239（2026-10-07取得）
S1hh0d4y,つくば,Q1069714,つくば,tsukuba,2005-08-24,87,Wikidata Q1069714（2026-10-07取得）
S1hhm8j7,黒田,Q11678723,,kuroda,1918-04-26,32,Wikidata Q11678723（2026-10-07取得）
S1hhn84h,深川,Q1057370,ふかがわ,fukagawa,1898-07-16,23,Wikidata Q1057370（2026-10-07取得）
S1hhzwjh,淀川,Q8054295,よどがわ,yodogawa,1905,30,Wikidata Q8054295（2026-10-07取得）
S1hicg26,スポーツ公園,Q11313171,,sports koen,2010-03-25,5,Wikidata Q11313171（2026-10-07取得）
S1hihino,西戸崎,Q7402558,,saitozaki,1904-01-01,50,Wikidata Q7402558（2026-10-07取得）
S1hiida9,鹿沼,Q6365667,かぬま,kanuma,1890-06-01,37,Wikidata Q6365667（2026-10-07取得）
S1him9vj,田添,Q7690465,たぞえ,tazoe,1931-08-15,22,Wikidata Q7690465（2026-10-07取得）
S1hj054f,南石下,Q6862906,みなみいしげ,minami-ishige,1931-11-05,24,Wikidata Q6862906（2026-10-07取得）
S1hjnsk9,松ノ馬場,Q6788168,まつのばんば,matsunobamba,1927,13,Wikidata Q6788168（2026-10-07取得）
S1hjt54l,大和朝倉,Q8047967,やまとあさくら,yamato-asakura,1944-11-03,15,Wikidata Q8047967（2026-10-07取得）
S1hjt5s8,上市,Q6357793,かみいち,kamiichi,1931-08-15,47,Wikidata Q6357793（2026-10-07取得）
S1hjzsux,三田本町,Q7415919,さんだほんまち,sanda honmachi,1929-10-10,13,Wikidata Q7415919（2026-10-07取得）
S1hk6xic,桜井,Q5361714,さくらい,sakurai,1893-05-23,103,Wikidata Q5361714（2026-10-07取得）
S1hkc0sp,筑前山手,Q5097539,ちくぜんやまて,chikuzen-yamate,1968-05-25,3,Wikidata Q5097539（2026-10-07取得）
S1hkeczo,石見横田,Q6100474,いわみよこた,iwami-yokota,1923-04-01,4,Wikidata Q6100474（2026-10-07取得）
S1hko04l,上総清川,Q11360046,かずさきよかわ,kazusa-kiyokawa,1912-12-28,22,Wikidata Q11360046（2026-10-07取得）
S1hkr7ii,岡崎前,Q11472822,,okazakimae,1916-02-15,9,Wikidata Q11472822（2026-10-07取得）
S1hktoov,佐津,Q871163,さつ,satsu,1911-10-25,54,Wikidata Q871163（2026-10-07取得）
S1hl2l6o,東相内,Q8191279,ひがしあいのない,higashi-ainonai,1912,20,Wikidata Q8191279（2026-10-07取得）
S1hl79es,新狭山,Q7497127,しんさやま,shin-sayama,1964-11-15,45,Wikidata Q7497127（2026-10-07取得）
S1hlo1o8,東都農,Q5357741,ひがしつの,higashi-tsuno,1952-08-21,6,Wikidata Q5357741（2026-10-07取得）
S1hlz8uy,西船橋,Q128803,にしふなばし,nishi-funabashi,1958-11-10,42,Wikidata Q128803（2026-10-07取得）
S1hlzt40,味美,Q4699834,あじよし,ajiyoshi,1991-12-01,11,Wikidata Q4699834（2026-10-07取得）
S1hm4yo3,荒井,Q4783763,あらい,arai,1923,28,Wikidata Q4783763（2026-10-07取得）
S1hm93s3,薩摩今和泉,Q873048,,satsuma-imaizumi,1934-12-19,33,Wikidata Q873048（2026-10-07取得）
S1ho88by,相可,Q8011227,おうか,oka,1923-03-20,55,Wikidata Q8011227（2026-10-07取得）
S1hozcop,亀崎,Q6357065,かめざき,kamezaki,1886-03-01,25,Wikidata Q6357065（2026-10-07取得）
S1hpolia,黒川,Q900203,,kurokawa,1961-10-01,9,Wikidata Q900203（2026-10-07取得）
S1hpq2e9,京阪膳所,Q11375864,,keihan-zeze,1913-03-01,11,Wikidata Q11375864（2026-10-07取得）
S1hqwtxt,稲沢,Q871766,いなざわ,inazawa,1904-08-05,85,Wikidata Q871766（2026-10-07取得）
S1hr0esh,下山,Q871720,しもやま,shimoyama,1925-10-10,3,Wikidata Q871720（2026-10-07取得）
S1hr4n0b,川和町,Q6379900,かわわちょう,kawawacho,2008-03-30,28,Wikidata Q6379900（2026-10-07取得）
S1hrevav,東鳴尾,Q5753761,ひがしなるお,higashi-naruo,1943,18,Wikidata Q5753761（2026-10-07取得）
S1hrfbwz,溝口,Q6884677,みぞぐち,mizoguchi,1898-03-28,30,Wikidata Q6884677（2026-10-07取得）
S1hrfdig,津山,Q844686,つやま,tsuyama,1923-08-21,47,Wikidata Q844686（2026-10-07取得）
S1hrir10,さつき野,Q7426493,さつきの,satsukino,1991-03-16,30,Wikidata Q7426493（2026-10-07取得）
S1hrvp46,北方,Q5363124,,kitagata,1895-05-05,49,Wikidata Q5363124（2026-10-07取得）
S1hry42f,桜上水,Q842009,さくらじょうすい,sakurajosui,1926-04-28,33,Wikidata Q842009（2026-10-07取得）
S1hs4kee,伊那本郷,Q989127,いなほんごう,ina-hongo,1918-07-23,5,Wikidata Q989127（2026-10-07取得）
S1hskiu6,京王八王子,Q906143,けいおうはちおうじ,keio hachioji,1925-03-24,26,Wikidata Q906143（2026-10-07取得）
S1ht0odq,粟生,Q1104653,あお,ao,1913,51,Wikidata Q1104653（2026-10-07取得）
S1ht4oks,野々口,Q11644895,ののくち,nonokuchi,1898-12-21,9,Wikidata Q11644895（2026-10-07取得）
S1hta1nw,東京,Q283196,とうきょう,tokyo,1914-12-20,53,Wikidata Q283196（2026-10-07取得）
S1hta1nw-2,東京,Q283196,とうきょう,tokyo,1914-12-20,383,Wikidata Q283196（2026-10-07取得）
S1hu6wbj,合戦場,Q6374725,かっせんば,kassemba,1929-04-01,39,Wikidata Q6374725（2026-10-07取得）
S1huchsc,下丸子,Q7496927,しもまるこ,shimo-maruko,1924-05-02,11,Wikidata Q7496927（2026-10-07取得）
S1huhvfa,沢尻,Q7428554,さわじり,sawajiri,1928-07-11,5,Wikidata Q7428554（2026-10-07取得）
S1hulbgi,芝川,Q5356141,しばかわ,shibakawa,1915-03-01,55,Wikidata Q5356141（2026-10-07取得）
S1hulder,長瀬,Q6958637,ながせ,nagase,1924-10-31,51,Wikidata Q6958637（2026-10-07取得）
S1hum1j5,高輪台,Q1040769,たかなわだい,takanawadai,1968-11-15,30,Wikidata Q1040769（2026-10-07取得）
S1huyqjk,備前田井,Q4919398,びぜんたい,bizen-tai,1939-01-01,48,Wikidata Q4919398（2026-10-07取得）
S1hv7m8l,鶴ヶ峰,Q11675875,つるがみね,tsurugamine,1930-10-25,74,Wikidata Q11675875（2026-10-07取得）
S1hv8b3t,江原,Q871691,えばら,ebara,1909-07-10,11,Wikidata Q871691（2026-10-07取得）
S1hvb2ec,谷村町,Q8013193,やむらまち,yamuramachi,1929-06-19,33,Wikidata Q8013193（2026-10-07取得）
S1hvdm0a,上三緒,Q10957027,かみみお,kami-mio,1902-06-15,93,Wikidata Q10957027（2026-10-07取得）
S1hvk88f,沓掛,Q1447283,くつかけ,kutsukake,1929,22,Wikidata Q1447283（2026-10-07取得）
S1hvoajn,西入善,Q5359656,にしにゅうぜん,nishi-nyuzen,1959-03-31,18,Wikidata Q5359656（2026-10-07取得）
S1hwez0v,作草部,Q7403224,さくさべ,sakusabe,1991-06-12,34,Wikidata Q7403224（2026-10-07取得）
S1hwkck6,高根木戸,Q7677174,たかねきど,takanekido,1948-10-08,1,Wikidata Q7677174（2026-10-07取得）
S1hwt7es,深浦,Q5507586,ふかうら,fukaura,1934-12-13,14,Wikidata Q5507586（2026-10-07取得）
S1hwwhkh,南小樽,Q949815,みなみおたる,minami-otaru,1880-11-28,63,Wikidata Q949815（2026-10-07取得）
S1hwyjdi,日本ライン今渡,Q11507013,,nihon rhine imawatari,1925,22,Wikidata Q11507013（2026-10-07取得）
S1hx3ew2,八王子みなみ野,Q844693,はちおうじみなみの,hachiojiminamino,1997-04-01,11,Wikidata Q844693（2026-10-07取得）
S1hxjzrs,飯山,Q5995045,いいやま,iiyama,1921-10-20,44,Wikidata Q5995045（2026-10-07取得）
S1hxutb9,笠置,Q5362591,かさぎ,kasagi,1897-11-11,21,Wikidata Q5362591（2026-10-07取得）
S1hxyzbg,黒石,Q6446318,くろいし,kuroishi,1912-08-15,65,Wikidata Q6446318（2026-10-07取得）
S1hybnqm,大内,Q4388110,おおうち,ouchi,1914-10-18,124,Wikidata Q4388110（2026-10-07取得）
S1hympwu,和気,Q7960956,わけ,wake,1891-03-18,22,Wikidata Q7960956（2026-10-07取得）
S1hz5wyj,猊鼻渓,Q5530099,げいびけい,geibikei,1986-11-01,68,Wikidata Q5530099（2026-10-07取得）
S1hzfuwa,鷲塚針原,Q7972612,,washizuka haribara,1928-12-30,44,Wikidata Q7972612（2026-10-07取得）
S1hzifkr,滝谷,Q7678294,たきだに,takidani,1898-03-29,43,Wikidata Q7678294（2026-10-07取得）
S1hzvgus,鱒沢,Q3889752,ますざわ,masuzawa,1915-07-30,7,Wikidata Q3889752（2026-10-07取得）
S1i03hz2,堀切菖蒲園,Q5903250,ほりきりしょうぶえん,horikiri-shobuen,1931-12-19,4,Wikidata Q5903250（2026-10-07取得）
S1i0c6mk,魚沼田中,Q286320,うおぬまたなか,uonuma-tanaka,1951-03-01,31,Wikidata Q286320（2026-10-07取得）
S1i0nsy7,金手,Q6362011,かねんて,kanente,1929-08-15,28,Wikidata Q6362011（2026-10-07取得）
S1i0rut4,荻窪,Q801294,おぎくぼ,ogikubo,1891-12-21,37,Wikidata Q801294（2026-10-07取得）
S1i1anu7,明神,Q6949386,みょうじん,myojin,1929-11-01,6,Wikidata Q6949386（2026-10-07取得）
S1i2b7rm,江住,Q2748600,えすみ,esumi,1938-09-07,58,Wikidata Q2748600（2026-10-07取得）
S1i3i8c9,滝川,Q1057763,たきかわ,takikawa,1898-07-16,34,Wikidata Q1057763（2026-10-07取得）
S1i44c13,赤井川,Q1049269,あかいがわ,akaigawa,1904-10-15,7,Wikidata Q1049269（2026-10-07取得）
S1i4a3js,安芸中野,Q873122,あきなかの,aki-nakano,1917-07-13,11,Wikidata Q873122（2026-10-07取得）
S1i4e8ui,羽田空港第1・第2ターミナル,Q906745,はねだくうこうだいいちだいにターミナル,haneda airport terminal 1·2,1998-11-18,45,Wikidata Q906745（2026-10-07取得）
S1i4gzar,東高須,Q5753937,ひがしたかす,higashi-takasu,1964-12-01,7,Wikidata Q5753937（2026-10-07取得）
S1i4wlau,富士岡,Q5357596,ふじおか,fujioka,1911-05-01,135,Wikidata Q5357596（2026-10-07取得）
S1i4wo52,南寒河江,Q11407728,みなみさがえ,minami-sagae,1951-12-25,55,Wikidata Q11407728（2026-10-07取得）
S1i5y7nz,肥前麓,Q5359166,ひぜんふもと,hizen-fumoto,1942-09-30,61,Wikidata Q5359166（2026-10-07取得）
S1i60c6s,開明,Q6348020,,kaimei,1914,10,Wikidata Q6348020（2026-10-07取得）
S1i6apxe,早来,Q5685978,,hayakita,1894-08-01,4,Wikidata Q5685978（2026-10-07取得）
S1i6rl1m,原水,Q5654093,はらみず,haramizu,1920-07-25,18,Wikidata Q5654093（2026-10-07取得）
S1i7d19g,泊,Q899296,とまり,tomari,1905-05-15,44,Wikidata Q899296（2026-10-07取得）
S1i7i83y,箕谷,Q6869363,,minotani,1928-11-28,12,Wikidata Q6869363（2026-10-07取得）
S1i7sp1y,藤枝,Q871871,ふじえだ,fujieda,1889-04-16,37,Wikidata Q871871（2026-10-07取得）
S1i89jk5,栄生,Q7403246,,sako,1941-08-12,18,Wikidata Q7403246（2026-10-07取得）
S1i8kypg,姫宮,Q8190066,ひめみや,himemiya,1927-09-01,39,Wikidata Q8190066（2026-10-07取得）
S1i8l5pc,常陸大子,Q11481693,ひたちだいご,hitachi-daigo,1927-03-10,30,Wikidata Q11481693（2026-10-07取得）
S1i8omz0,崎守,Q7402984,,sakimori,1968-09-19,24,Wikidata Q7402984（2026-10-07取得）
S1i8s8np,羽田空港第1ターミナル,Q5647752,はねだくうこうだいいちターミナル,haneda airport terminal 1,1993-09-27,6,Wikidata Q5647752（2026-10-07取得）
S1i95jlh,南加木屋,Q6862921,,minami-kagiya,1931-04-01,9,Wikidata Q6862921（2026-10-07取得）
S1i95p4g,小滝,Q6433853,こたき,kotaki,1935-12-24,28,Wikidata Q6433853（2026-10-07取得）
S1ianrzg,永田,Q564453,ながた,nagata,1959-03-20,21,Wikidata Q564453（2026-10-07取得）
S1iave8u,有佐,Q4790865,ありさ,arisa,1896-11-21,16,Wikidata Q4790865（2026-10-07取得）
S1iayhmi,長田,Q5358480,,nagata,1983-06-17,25,Wikidata Q5358480（2026-10-07取得）
S1ibjnj7,蒲池,Q6343774,,kabaike,1913,40,Wikidata Q6343774（2026-10-07取得）
S1ibkxmz,花白温泉,Q5646936,,hanashiro-onsen,1967-11-15,32,Wikidata Q5646936（2026-10-07取得）
S1ibmwsx,会津坂下,Q4699441,あいづばんげ,aizu-bange,1926-10-15,13,Wikidata Q4699441（2026-10-07取得）
S1ibxbjv,高鍋,Q5357588,たかなべ,takanabe,1920-09-11,40,Wikidata Q5357588（2026-10-07取得）
S1icpsve,坪尻,Q900196,つぼじり,tsubojiri,1950-01-10,19,Wikidata Q900196（2026-10-07取得）
S1id2zfu,星川,Q11512904,ほしかわ,hoshikawa,1914,32,Wikidata Q11512904（2026-10-07取得）
S1idmtkq,関目成育,Q180511,せきめせいいく,sekime-seiiku,2006-12-24,29,Wikidata Q180511（2026-10-07取得）
S1idrvby,学校前,Q11448249,がっこうまえ,gakko-mae,1915,37,Wikidata Q11448249（2026-10-07取得）
S1ie6wnf,牛渕,Q11570181,うしぶち,ushibuchi,1899-10-04,16,Wikidata Q11570181（2026-10-07取得）
S1ieb4c4,矢加部,Q11583959,やかべ,yakabe,1937-10-01,27,Wikidata Q11583959（2026-10-07取得）
S1ifju6q,熊西,Q11568688,,kumanishi,1914,9,Wikidata Q11568688（2026-10-07取得）
S1igwudu,猿橋,Q7424710,さるはし,saruhashi,1902-10-01,99,Wikidata Q7424710（2026-10-07取得）
S1igx2fp,阿波富田,Q4829621,あわとみだ,awa-tomida,1986-11-01,26,Wikidata Q4829621（2026-10-07取得）
S1ih2p02,池谷,Q8193606,いけのたに,ikenotani,1923-02-15,15,Wikidata Q8193606（2026-10-07取得）
S1ihaw4i,上総亀山,Q6381705,かずさかめやま,kazusa-kameyama,1936-03-25,34,Wikidata Q6381705（2026-10-07取得）
S1ihb60t,越前東郷,Q3701451,えちぜんとうごう,echizen-togo,1960-12-15,46,Wikidata Q3701451（2026-10-07取得）
S1ihd7f3,久留米,Q1122628,くるめ,kurume,1890,90,Wikidata Q1122628（2026-10-07取得）
S1ihi8sq,長峰,Q6958414,ながみね,nagamine,1952-12-01,7,Wikidata Q6958414（2026-10-07取得）
S1ihk14b,吉沢,Q11413455,,yoshizawa,1989-10-29,1093,Wikidata Q11413455（2026-10-07取得）
S1ii599g,柿下温泉口,Q11534977,,kakishita onsen guchi,1993-03-18,35,Wikidata Q11534977（2026-10-07取得）
S1ii8wwv,新中野,Q1073232,しんなかの,shin-nakano,1961-02-08,40,Wikidata Q1073232（2026-10-07取得）
S1iiauaq,羽沢横浜国大,Q48755701,はざわよこはまこくだい,hazawa yokohama-kokudai,2019-11-30,8,Wikidata Q48755701（2026-10-07取得）
S1iihran,矢掛,Q8047038,,yakage,1999-01-11,31,Wikidata Q8047038（2026-10-07取得）
S1iism9j,八尾,Q856485,やお,yao,1889,38,Wikidata Q856485（2026-10-07取得）
S1ij5hn3,駒ヶ林,Q6428051,,komagabayashi,2001-07-07,3,Wikidata Q6428051（2026-10-07取得）
S1ij6tvp,南吉田,Q6862991,みなみよしだ,minami-yoshida,1965-06-10,16,Wikidata Q6862991（2026-10-07取得）
S1ijb6b1,駒沢大学,Q6428224,こまざわだいがく,komazawa-daigaku,1977-04-07,80,Wikidata Q6428224（2026-10-07取得）
S1ijhhbs,掛川,Q800978,かけがわ,kakegawa,1889-04-16,41,Wikidata Q800978（2026-10-07取得）
S1ijvn2t,五月台,Q4409583,さつきだい,satsukidai,1974-06-01,23,Wikidata Q4409583（2026-10-07取得）
S1ijwxx0,高速神戸,Q6455300,こうそくこうべ,kosoku kobe,1968-04-07,111,Wikidata Q6455300（2026-10-07取得）
S1ikgflu,葛生,Q845948,くずう,kuzu,1894-03-20,13,Wikidata Q845948（2026-10-07取得）
S1iklyy2,岩峅寺,Q6100451,いわくらじ,iwakuraji,1921-03-19,100,Wikidata Q6100451（2026-10-07取得）
S1iksf4r,千林大宮,Q83605,せんばやしおおみや,sembayashi-omiya,1977-04-06,29,Wikidata Q83605（2026-10-07取得）
S1il1xwp,早通,Q5685949,はやどおり,hayadori,1957-02-11,21,Wikidata Q5685949（2026-10-07取得）
S1il2rm6,陣原,Q5359466,じんのはる,jinnoharu,2000-11-21,47,Wikidata Q5359466（2026-10-07取得）
S1il8idm,西小泉,Q11627702,にしこいずみ,nishi-koizumi,1941-12-01,40,Wikidata Q11627702（2026-10-07取得）
S1iln4n7,砂越,Q7399356,さごし,sagoshi,1914-12-24,129,Wikidata Q7399356（2026-10-07取得）
S1ilrj3x,網干,Q3611088,あぼし,aboshi,1889-11-11,45,Wikidata Q3611088（2026-10-07取得）
S1ilrkpz,千葉中央,Q5095292,ちばちゅうおう,chiba-chuo,1921-07-17,3,Wikidata Q5095292（2026-10-07取得）
S1ily6kr,谷在家,Q8050564,やざいけ,yazaike,2008-03-30,22,Wikidata Q8050564（2026-10-07取得）
S1ilzelx,有栖川,Q11516509,ありすがわ,arisugawa,1910-03-25,40,Wikidata Q11516509（2026-10-07取得）
S1imkbed,小屋の畑,Q6435143,こやのはた,koyanohata,1960-12-01,3,Wikidata Q6435143（2026-10-07取得）
S1imskp9,江南,Q201473,,konan,1912,34,Wikidata Q201473（2026-10-07取得）
S1in8qej,山王,Q7418867,,sanno,1944-09-01,72,Wikidata Q7418867（2026-10-07取得）
S1inlknf,宮島ボートレース場,Q11598546,みやじまボートレースじょう,kyoteijo-mae,1954-10-31,5,Wikidata Q11598546（2026-10-07取得）
S1innjas,鹿島灘,Q6374320,かしまなだ,kashimanada,1985-03-14,17,Wikidata Q6374320（2026-10-07取得）
S1io9uco,青山,Q4778832,あおやま,aoyama,2006-03-18,36,Wikidata Q4778832（2026-10-07取得）
S1iodvex,畝傍御陵前,Q7884163,,unebigoryomae,1923-03-21,73,Wikidata Q7884163（2026-10-07取得）
S1ionl9k,一本松,Q11352783,いっぽんまつ,ippommatsu,1934-12-16,19,Wikidata Q11352783（2026-10-07取得）
S1iox1m3,小牧,Q6428074,,komaki,1920-09-23,56,Wikidata Q6428074（2026-10-07取得）
S1ip0fae,越後金丸,Q5332413,えちごかなまる,echigo-kanamaru,1933-11-30,20,Wikidata Q5332413（2026-10-07取得）
S1ip8oi9,隼,Q5685940,,hayabusa,1930,5,Wikidata Q5685940（2026-10-07取得）
S1ipl1pk,葭川公園,Q11621166,よしかわこうえん,yoshikawa-koen,1999-03-24,8,Wikidata Q11621166（2026-10-07取得）
S1ipqzfo,富海,Q5357700,とのみ,tonomi,1898-03-17,4,Wikidata Q5357700（2026-10-07取得）
S1iq1btv,植大,Q7877424,,uedai,1931,43,Wikidata Q7877424（2026-10-07取得）
S1iq3tu7,東部市場前,Q856565,とうぶしじょうまえ,tobu-shijo-mae,1989,29,Wikidata Q856565（2026-10-07取得）
S1iqr4pa,西鉄小郡,Q7040738,にしてつおごおり,nishitetsu ogori,1924,17,Wikidata Q7040738（2026-10-07取得）
S1ir4y0r,保田,Q5910923,,hota,1916,12,Wikidata Q5910923（2026-10-07取得）
S1ir60dr,若松河田,Q246173,わかまつかわだ,wakamatsu-kawada,2000-12-12,9,Wikidata Q246173（2026-10-07取得）
S1irg1jk,美濃赤坂,Q841558,みのあかさか,mino-akasaka,1919-08-01,6,Wikidata Q841558（2026-10-07取得）
S1irutrh,岩原,Q6100298,いわはら,iwahara,1925-10-15,17,Wikidata Q6100298（2026-10-07取得）
S1is2f8f,月崎,Q7850090,つきざき,tsukizaki,1926-09-01,22,Wikidata Q7850090（2026-10-07取得）
S1is5nbe,海芝浦,Q1052602,うみしばうら,umi-shibaura,1940-11-01,43,Wikidata Q1052602（2026-10-07取得）
S1is8qvp,猪名寺,Q848148,いなでら,inadera,1981,9,Wikidata Q848148（2026-10-07取得）
S1isuogr,西巣鴨,Q1039887,にしすがも,nishi-sugamo,1968-12-27,27,Wikidata Q1039887（2026-10-07取得）
S1iswf6u,西大家,Q7040477,にしおおや,nishi-oya,1936-02-28,29,Wikidata Q7040477（2026-10-07取得）
S1isz7fh,松山,Q11529943,,matsuyama,1997-03-22,18,Wikidata Q11529943（2026-10-07取得）
S1it1r17,りんくうタウン,Q856990,りんくうタウン,rinku town,1994-06-15,70,Wikidata Q856990（2026-10-07取得）
S1it5ljy,下立,Q7102873,,oritate,1922-11-05,24,Wikidata Q7102873（2026-10-07取得）
S1itj2wq,穴部,Q4750577,あなべ,anabe,1925-03-31,30,Wikidata Q4750577（2026-10-07取得）
S1itzifx,湯玉,Q8062099,ゆたま,yutama,1925-08-16,65,Wikidata Q8062099（2026-10-07取得）
S1iu34o0,芝浦ふ頭,Q858865,しばうらふとう,shibaura-futo,1995-11-01,58,Wikidata Q858865（2026-10-07取得）
S1iui4ef,赤十字前,Q7447201,,sekijujimae,1925-07-26,27,Wikidata Q7447201（2026-10-07取得）
S1iv2nta,壺阪山,Q7849910,,tsubosakayama,1923-12-05,22,Wikidata Q7849910（2026-10-07取得）
S1ivfbjk,近文,Q876953,ちかぶみ,chikabumi,1911,33,Wikidata Q876953（2026-10-07取得）
S1ivlcmt,平子,Q5768966,ひらこ,hirako,1952-02-01,22,Wikidata Q5768966（2026-10-07取得）
S1ivr5l2,伊勢中川,Q6079515,いせなかがわ,ise-nakagawa,1930-05-18,38,Wikidata Q6079515（2026-10-07取得）
S1ivty0d,新白河,Q1136381,しんしらかわ,shin-shirakawa,1944-10-11,46,Wikidata Q1136381（2026-10-07取得）
S1iwo84y,穂高,Q11597112,ほたか,hotaka,1915-07-15,84,Wikidata Q11597112（2026-10-07取得）
S1iwsr28,周防高森,Q7651563,すおうたかもり,suo-takamori,1934-12-01,39,Wikidata Q7651563（2026-10-07取得）
S1ix921h,人丸,Q11375901,ひとまる,hitomaru,1930-12-07,71,Wikidata Q11375901（2026-10-07取得）
S1ixrhtj,春田,Q5359282,はるた,haruta,2001,18,Wikidata Q5359282（2026-10-07取得）
S1iyux75,多比良,Q11430815,たいら,taira,1913-05-10,18,Wikidata Q11430815（2026-10-07取得）
S1iyy700,袋田,Q5507709,ふくろだ,fukuroda,1927-03-10,16,Wikidata Q5507709（2026-10-07取得）
S1izoeiz,喜多見,Q4222438,きたみ,kitami,1927-04-01,37,Wikidata Q4222438（2026-10-07取得）
S1izyvix,上大月,Q8139880,かみおおつき,kamiotsuki,1929-09-16,26,Wikidata Q8139880（2026-10-07取得）
S1j0bble,並木北,Q6961854,なみききた,namiki-kita,1989-07-05,15,Wikidata Q6961854（2026-10-07取得）
S1j0brwf,鎧,Q870926,よろい,yoroi,1912-03-01,18,Wikidata Q870926（2026-10-07取得）
S1j0c0k3,城端,Q6322201,じょうはな,johana,1897-10-31,2,Wikidata Q6322201（2026-10-07取得）
S1j0d2er,東館,Q5753994,ひがしだて,higashidate,1930-04-16,28,Wikidata Q5753994（2026-10-07取得）
S1j0gb2f,宮島口,Q875417,みやじまぐち,miyajimaguchi,1988,25,Wikidata Q875417（2026-10-07取得）
S1j0io23,蒲郡,Q871962,がまごおり,gamagori,1888,38,Wikidata Q871962（2026-10-07取得）
S1j0rukb,蛍池,Q3969799,ほたるがいけ,hotarugaike,1910,28,Wikidata Q3969799（2026-10-07取得）
S1j0rx7d,西瑞穂,Q7040380,,nishi-mizuho,1958-03-25,27,Wikidata Q7040380（2026-10-07取得）
S1j0w1f0,柳生,Q11534548,やぎゅう,yagyu,1929-11-01,40,Wikidata Q11534548（2026-10-07取得）
S1j170bw,三重町,Q11357714,みえまち,miemachi,1921-03-27,47,Wikidata Q11357714（2026-10-07取得）
S1j1e8eo,東八尾,Q5753908,ひがしやつお,higashi-yatsuo,1956-06-01,15,Wikidata Q5753908（2026-10-07取得）
S1j1g64h,上川口,Q871729,かみかわぐち,kamikawaguchi,1911-10-25,20,Wikidata Q871729（2026-10-07取得）
S1j1p6m7,千曲,Q5097502,ちくま,chikuma,2009-03-14,11,Wikidata Q5097502（2026-10-07取得）
S1j203l3,大町,Q8081601,,omachi,1928-09-01,45,Wikidata Q8081601（2026-10-07取得）
S1j2cw4j,吉原,Q870968,よしわら,yoshiwara,1889-02-01,83,Wikidata Q870968（2026-10-07取得）
S1j2wkyw,雀田,Q7651388,すずめだ,suzumeda,1929-05-16,88,Wikidata Q7651388（2026-10-07取得）
S1j2wvpu,水道橋,Q801496,すいどうばし,suidobashi,1906-09-24,102,Wikidata Q801496（2026-10-07取得）
S1j2yads,自動車学校前,Q6192178,じどうしゃがっこうまえ,jidosha-gakko-mae,1909-12-06,16,Wikidata Q6192178（2026-10-07取得）
S1j3qc5p,賀茂,Q4357317,,kamo,2005-02-03,16,Wikidata Q4357317（2026-10-07取得）
S1j3t25a,津軽尾上,Q7849961,つがるおのえ,tsugaru-onoe,1927-07-01,79,Wikidata Q7849961（2026-10-07取得）
S1j4jndl,四方津,Q7497902,しおつ,shiotsu,1910-12-15,88,Wikidata Q7497902（2026-10-07取得）
S1j5phko,貝津,Q6348751,かいづ,kaizu,1985-03-01,28,Wikidata Q6348751（2026-10-07取得）
S1j5t9i0,清洲,Q871009,きよす,kiyosu,1934-02-24,130,Wikidata Q871009（2026-10-07取得）
S1j66aa7,高田の鉄橋,Q15376749,たかだのてっきょう,takadano-tekkyo,2014-10-01,9,Wikidata Q15376749（2026-10-07取得）
S1j6d14t,小江,Q5355652,おえ,oe,1934-03-24,87,Wikidata Q5355652（2026-10-07取得）
S1j6lc72,寺下,Q11457678,,terashita,1921-06-17,31,Wikidata Q11457678（2026-10-07取得）
S1j6lce6,加美,Q856615,かみ,kami,1889,46,Wikidata Q856615（2026-10-07取得）
S1j7uti6,磯鶏,Q7555091,そけい,sokei,1935-11-17,47,Wikidata Q7555091（2026-10-07取得）
S1j8plpf,鷺沼,Q7399289,さぎぬま,saginuma,1966-04-01,19,Wikidata Q7399289（2026-10-07取得）
S1j9nlbl,高横須賀,Q7677482,,takayokosuka,1931,25,Wikidata Q7677482（2026-10-07取得）
S1jaq50x,西桐生,Q7040364,にしきりゅう,nishi-kiryu,1928-11-10,84,Wikidata Q7040364（2026-10-07取得）
S1jatb2c,上保原,Q11358471,かみほばら,kamihobara,1988-07-01,26,Wikidata Q11358471（2026-10-07取得）
S1jayqis,刺巻,Q7425133,しょうでん,sashimaki,1923-08-31,5,Wikidata Q7425133（2026-10-07取得）
S1jbnpte,下板橋,Q7496921,しもいたばし,shimo-itabashi,1914-05-01,102,Wikidata Q7496921（2026-10-07取得）
S1jc3m7s,北綾瀬,Q1040951,きたあやせ,kita-ayase,1979-12-20,6,Wikidata Q1040951（2026-10-07取得）
S1jc9l4w,大石田,Q1137108,おおいしだ,oishida,1901-10-21,17,Wikidata Q1137108（2026-10-07取得）
S1jcivnw,新守谷,Q7497120,しんもりや,shin-moriya,1982-03-27,14,Wikidata Q7497120（2026-10-07取得）
S1jcxhkc,宇土,Q874134,,uto,1895-01-28,54,Wikidata Q874134（2026-10-07取得）
S1jd9tdg,大槌,Q8081776,おおつち,otsuchi,1938-04-05,13,Wikidata Q8081776（2026-10-07取得）
S1jdky7s,岩手川口,Q6100784,いわてかわぐち,iwate-kawaguchi,1898-01-11,9,Wikidata Q6100784（2026-10-07取得）
S1jdl0b1,片野,Q6375106,,katano,1985-01-09,31,Wikidata Q6375106（2026-10-07取得）
S1jdnone,大善寺,Q5209854,だいぜんじ,daizenji,1912-12-30,91,Wikidata Q5209854（2026-10-07取得）
S1jdtxnp,向日町,Q1037060,むこうまち,mukomachi,1876-07-26,33,Wikidata Q1037060（2026-10-07取得）
S1je3dqq,滝部,Q7678288,たきべ,takibe,1925-08-16,12,Wikidata Q7678288（2026-10-07取得）
S1jec5s0,岩見沢,Q1056071,いわみざわ,iwamizawa,1884-08-15,53,Wikidata Q1056071（2026-10-07取得）
S1jedlat,鵜殿,Q5357501,うどの,udono,1940-08-08,15,Wikidata Q5357501（2026-10-07取得）
S1jeeapk,一勝地,Q6088261,いっしょうち,isshochi,1908-06-01,4,Wikidata Q6088261（2026-10-07取得）
S1jeqlh4,越中三郷,Q5402527,えっちゅうさんごう,etchu-sango,1931-08-15,1,Wikidata Q5402527（2026-10-07取得）
S1jeth9t,豊後三芳,Q4997665,ぶんごみよし,bungo-miyoshi,1934-11-25,60,Wikidata Q4997665（2026-10-07取得）
S1jeuwvx,柳小路,Q859740,やなぎこうじ,yanagikoji,1920-04-01,23,Wikidata Q859740（2026-10-07取得）
S1jeznct,ケーブル八瀬,Q11301448,ケーブルやせ,cable yase,1925-12-20,9,Wikidata Q11301448（2026-10-07取得）
S1jf9cga,萩浦小学校前,Q11435331,はぎうらしょうがっこうまえ,ohirota,2006-04-29,8,Wikidata Q11435331（2026-10-07取得）
S1jfjm6j,室,Q6938815,,muro,1916-04-01,6,Wikidata Q6938815（2026-10-07取得）
S1jfvupi,池部,Q11552292,,ikebe,1918-04-26,36,Wikidata Q11552292（2026-10-07取得）
S1jfyeo1,木下,Q6414520,きおろし,kioroshi,1901-04-01,8,Wikidata Q6414520（2026-10-07取得）
S1jg5cr9,青塚,Q4778809,,aotsuka,1914,3,Wikidata Q4778809（2026-10-07取得）
S1jge416,妙典,Q128795,みょうでん,myoden,2000-01-22,115,Wikidata Q128795（2026-10-07取得）
S1jgro4d,常葉大学前,Q5644028,とこはだいがくまえ,tokohadaigakumae,1988-03-13,19,Wikidata Q5644028（2026-10-07取得）
S1jgv7om,空港通り,Q11597483,,kukodori,2006-07-29,61,Wikidata Q11597483（2026-10-07取得）
S1jgxhq3,近鉄宮津,Q257964,,kintetsu miyazu,1993-03-18,22,Wikidata Q257964（2026-10-07取得）
S1jhr2vp,大阪梅田,Q20023053,おおさかうめだ,osaka-umeda,1910-03-10,7,Wikidata Q20023053（2026-10-07取得）
S1jhrnxi,郡中港,Q11643096,ぐんちゅうこう,gunchu port,1939-05-10,28,Wikidata Q11643096（2026-10-07取得）
S1jhrs0s,吾野,Q4691200,あがの,agano,1929-09-10,5,Wikidata Q4691200（2026-10-07取得）
S1jif25y,日向庄内,Q5962842,ひゅうがしょうない,hyuga shonai,1952-04-15,19,Wikidata Q5962842（2026-10-07取得）
S1jj24a1,枝川,Q5335654,えだがわ,edagawa,1986-11-11,41,Wikidata Q5335654（2026-10-07取得）
S1jja6xd,長屋,Q6958717,,nagaya,1922-11-05,16,Wikidata Q6958717（2026-10-07取得）
S1jjbfn4,長門大井,Q6958688,ながとおおい,nagato-oi,1929-04-24,19,Wikidata Q6958688（2026-10-07取得）
S1jji013,美留和,Q4917148,びるわ,biruwa,1930-08-20,10,Wikidata Q4917148（2026-10-07取得）
S1jkw6to,ひめじ別所,Q1042447,ひめじべっしょ,himeji-bessho,2005-03-01,25,Wikidata Q1042447（2026-10-07取得）
S1jl929i,西葛西,Q126768,にしかさい,nishi-kasai,1979-10-01,1,Wikidata Q126768（2026-10-07取得）
S1jlhcsv,上野幌,Q3969847,かみのっぽろ,kami-nopporo,1926-08-21,27,Wikidata Q3969847（2026-10-07取得）
S1jlniwr,JA広島病院前,Q6107751,ジェイエーひろしまびょういんまえ,ja hiroshimabyoin-mae,1998-09-01,53,Wikidata Q6107751（2026-10-07取得）
S1jlva17,国分,Q5358544,こくぶ,kokubu,1897-02-21,10,Wikidata Q5358544（2026-10-07取得）
S1jmbw8e,小佐越,Q6432945,こさごえ,kosagoe,1924-11-11,18,Wikidata Q6432945（2026-10-07取得）
S1jmjyil,醍醐,Q2679100,だいご,daigo,1997-10-12,57,Wikidata Q2679100（2026-10-07取得）
S1jn3pdc,東松戸,Q3467990,ひがしまつど,higashi-matsudo,1991-03-31,84,Wikidata Q3467990（2026-10-07取得）
S1jnb2nz,備後安田,Q4914295,びんごやすだ,bingo-yasuda,1935-11-15,7,Wikidata Q4914295（2026-10-07取得）
S1jneof6,佐野市,Q7418896,さのし,sanoshi,1914-08-02,18,Wikidata Q7418896（2026-10-07取得）
S1jnhm5z,住吉,Q80536,すみよし,sumiyoshi,1978-12-21,41,Wikidata Q80536（2026-10-07取得）
S1jodq7a,中込,Q6960151,なかごみ,nakagomi,1915-08-08,24,Wikidata Q6960151（2026-10-07取得）
S1jp1row,千代崎,Q2815899,ちよざき,chiyozaki,1916,68,Wikidata Q2815899（2026-10-07取得）
S1jpbon2,西登戸,Q7040665,にしのぶと,nishi-nobuto,1922-03-08,29,Wikidata Q7040665（2026-10-07取得）
S1jpoade,蚕桑,Q6425837,こぐわ,koguwa,1922-12-11,3,Wikidata Q6425837（2026-10-07取得）
S1jpwz44,鳥取ノ荘,Q7828507,とっとりのしょう,tottorinosho,1919-03-01,75,Wikidata Q7828507（2026-10-07取得）
S1jpxqqt,五知,Q1447309,ごち,gochi,1929,73,Wikidata Q1447309（2026-10-07取得）
S1jpyzqb,水間観音,Q6884850,,mizuma kannon,1926,40,Wikidata Q6884850（2026-10-07取得）
S1jq1w9x,久里浜,Q844268,くりはま,kurihama,1944-04-01,12,Wikidata Q844268（2026-10-07取得）
S1jqh5r2,船町,Q771600,ふなまち,funamachi,1927-06-01,19,Wikidata Q771600（2026-10-07取得）
S1jqmsp5,高浜,Q11671850,たかはま,takahama,1892-05-01,18,Wikidata Q11671850（2026-10-07取得）
S1jqotyj,五百羅漢,Q5577610,ごひゃくらかん,gohyakurakan,1923-10-15,18,Wikidata Q5577610（2026-10-07取得）
S1jqwvz4,虫川大杉,Q6941261,むしがわおおすぎ,mushigawa-osugi,1997-03-22,31,Wikidata Q6941261（2026-10-07取得）
S1jqyjh1,宮地,Q6884211,,miyaji,1918-01-25,64,Wikidata Q6884211（2026-10-07取得）
S1jrflq8,柴橋,Q7496008,しばはし,shibahashi,1951-12-25,170,Wikidata Q7496008（2026-10-07取得）
S1jrjpyf,大矢,Q4429638,おおや,oya,1927-10-09,33,Wikidata Q4429638（2026-10-07取得）
S1jrk5uw,宮古,Q6884271,みやこ,miyako,1934-11-08,2,Wikidata Q6884271（2026-10-07取得）
S1jrkvxu,清流みはらし,Q55541168,せいりゅうみはらし,seiryu miharashi,2019-03-19,168,Wikidata Q55541168（2026-10-07取得）
S1jsimzp,京終,Q3655910,,kyobate,1898-05-11,24,Wikidata Q3655910（2026-10-07取得）
S1jsr9em,住之江公園,Q126046,すみのえこうえん,suminoekoen,1972-11-09,56,Wikidata Q126046（2026-10-07取得）
S1jtbtub,城川原,Q11426147,じょうがわら,jogawara,2006-04-29,11,Wikidata Q11426147（2026-10-07取得）
S1jtc3x5,好摩,Q6455207,こうま,koma,1891-09-01,19,Wikidata Q6455207（2026-10-07取得）
S1jtfxqi,屏風浦,Q5004739,びょうぶがうら,byobugaura,1930-04-01,15,Wikidata Q5004739（2026-10-07取得）
S1jtfy8i,発寒中央,Q1044918,はっさむちゅうおう,hassamu-chuo,1986-11-01,41,Wikidata Q1044918（2026-10-07取得）
S1jtk491,土本,Q5291349,どもと,domoto,1959-08-01,3,Wikidata Q5291349（2026-10-07取得）
S1jtuqxu,田鶴浜,Q7688336,たつるはま,tatsuruhama,1928-10-31,42,Wikidata Q7688336（2026-10-07取得）
S1juhp4c,亘理,Q7973005,わたり,watari,1897-11-10,40,Wikidata Q7973005（2026-10-07取得）
S1jusmmt,上伊集院,Q5296432,かみいじゅういん,kami-ijuin,1913-10-11,72,Wikidata Q5296432（2026-10-07取得）
S1jwelbe,安芸長束,Q4700843,あきながつか,aki-nagatsuka,1928-11-19,42,Wikidata Q4700843（2026-10-07取得）
S1jwoe8j,電鉄出雲市,Q62147703,,dentetsu-izumoshi,1914-04-29,37,Wikidata Q62147703（2026-10-07取得）
S1jx9m5g,三津浜,Q899123,みつはま,mitsuhama,1927-04-03,40,Wikidata Q899123（2026-10-07取得）
S1jy75zb,フジテック前,Q2886648,,fujitec-mae,2006-03-18,48,Wikidata Q2886648（2026-10-07取得）
S1jys6px,尾盛,Q6129759,おもり,omori,1959-08-01,16,Wikidata Q6129759（2026-10-07取得）
S1k05wh0,生田,Q7506095,しょうでん,shoden,1955-07-10,48,Wikidata Q7506095（2026-10-07取得）
S1k05yru,浜厚真,Q5643908,,hama-atsuma,1913-10-01,7,Wikidata Q5643908（2026-10-07取得）
S1k0p7z5,塩崎,Q7497906,しおざき,shiozaki,1951-12-25,22,Wikidata Q7497906（2026-10-07取得）
S1k0uo59,瀬田,Q1042966,せた,seta,1969-12-08,64,Wikidata Q1042966（2026-10-07取得）
S1k16f5p,大山口,Q900286,だいせんぐち,daisenguchi,1926-09-17,6,Wikidata Q900286（2026-10-07取得）
S1k17md8,嵐電嵯峨,Q11477288,らんでんさが,randen-saga,1910-03-25,41,Wikidata Q11477288（2026-10-07取得）
S1k1edfg,軽井沢,Q1064215,かるいざわ,karuizawa,1888-12-01,20,Wikidata Q1064215（2026-10-07取得）
S1k1fbnh,尾久,Q845113,おく,oku,1929-06-20,21,Wikidata Q845113（2026-10-07取得）
S1k1gw2t,磐田,Q862970,いわた,iwata,1889-04-16,52,Wikidata Q862970（2026-10-07取得）
S1k2ps4q,富吉,Q7818987,とみよし,tomiyoshi,1964,35,Wikidata Q7818987（2026-10-07取得）
S1k2v3ln,大阪空港,Q3968801,おおさかくうこう,osaka airport,1997-04-01,24,Wikidata Q3968801（2026-10-07取得）
S1k37v68,大泉,Q8081527,おおいずみ,oizumi,1952-09-26,33,Wikidata Q8081527（2026-10-07取得）
S1k38819,春日野道,Q3969854,かすがのみち,kasuganomichi,1936,21,Wikidata Q3969854（2026-10-07取得）
S1k38819-2,春日野道,Q6374883,かすがのみち,kasuganomichi,1905,456,Wikidata Q6374883（2026-10-07取得）
S1k3yfu0,倉見,Q6445569,くらみ,kurami,1926-04-01,22,Wikidata Q6445569（2026-10-07取得）
S1k5fp5i,田原町,Q1196090,たわらまち,tawaramachi,1927-12-30,34,Wikidata Q1196090（2026-10-07取得）
S1k5ijfj,香住,Q871756,かすみ,kasumi,1911-10-25,14,Wikidata Q871756（2026-10-07取得）
S1k5qx85,落合,Q80579,おちあい,ochiai,1964-05-16,36,Wikidata Q80579（2026-10-07取得）
S1k5xzq4,木知原,Q6424878,こちぼら,kochibora,1958-01-15,6,Wikidata Q6424878（2026-10-07取得）
S1k6d2gg,西鯖江,Q11630017,,nishi-sabae,1924-02-23,18,Wikidata Q11630017（2026-10-07取得）
S1k6fv7c,芦野公園,Q4805115,あしのこうえん,ashino-koen,1930-10-04,2,Wikidata Q4805115（2026-10-07取得）
S1k6h8r5,山陽網干,Q28812906,さんようあぼし,sanyo-aboshi,1942-03-10,17,Wikidata Q28812906（2026-10-07取得）
S1k6mh82,今福,Q11377363,いまぶく,imabuku,1930-10-01,12,Wikidata Q11377363（2026-10-07取得）
S1k6xqwq,音威子府,Q7108943,おといねっぷ,otoineppu,1912-11-05,32,Wikidata Q7108943（2026-10-07取得）
S1k6z4lz,雀宮,Q872950,すずめのみや,suzumenomiya,1895-07-06,23,Wikidata Q872950（2026-10-07取得）
S1k7huiy,陸前山下,Q7334146,りくぜんやました,rikuzen-yamashita,1939-02-01,12,Wikidata Q7334146（2026-10-07取得）
S1k87sdi,鹿島大野,Q6374304,かしまおおの,kashima-ono,1985-03-14,8,Wikidata Q6374304（2026-10-07取得）
S1k8a374,下郡,Q7496964,しもごおり,shimogori,1937-04-20,26,Wikidata Q7496964（2026-10-07取得）
S1k8f7a9,西浦和,Q7040446,にしうらわ,nishi-urawa,1973-04-01,14,Wikidata Q7040446（2026-10-07取得）
S1k8slyw,岩ノ下,Q6100640,いわのした,iwanoshita,1966-12-01,35,Wikidata Q6100640（2026-10-07取得）
S1k9ic78,新橋,Q801436,しんばし,shimbashi,1909-12-16,22,Wikidata Q801436（2026-10-07取得）
S1k9ln4o,田窪,Q11577219,たのくぼ,tanokubo,1967-01-01,70,Wikidata Q11577219（2026-10-07取得）
S1ka2c1v,扇町,Q1581492,おうぎまち,ogimachi,1928-08-18,2,Wikidata Q1581492（2026-10-07取得）
S1ka2o0c,吉浜,Q11413470,よしはま,yoshihama,1973-07-01,8,Wikidata Q11413470（2026-10-07取得）
S1kav1x1,春日居町,Q6374879,かすがいちょう,kasugaicho,1957-01-12,8,Wikidata Q6374879（2026-10-07取得）
S1kb91b2,阿倉川,Q2913578,あくらがわ,akuragawa,1929,87,Wikidata Q2913578（2026-10-07取得）
S1kb9hsc,大神,Q5360340,おおが,oga,1952-06-01,38,Wikidata Q5360340（2026-10-07取得）
S1kbagvo,白糠,Q899343,,shiranuka,1904-12-15,7,Wikidata Q899343（2026-10-07取得）
S1kbv6v0,下灘,Q899167,しもなだ,shimonada,1935-06-09,6,Wikidata Q899167（2026-10-07取得）
S1kc00f1,戸沢,Q11496446,とざわ,tozawa,1989-04-01,20,Wikidata Q11496446（2026-10-07取得）
S1kc4r9o,高知,Q869293,こうち,kochi,1924,25,Wikidata Q869293（2026-10-07取得）
S1kccx31,三春,Q6845263,みはる,miharu,1914-07-21,64,Wikidata Q6845263（2026-10-07取得）
S1kcpkwm,高塚,Q871086,たかつか,takatsuka,1911-03-31,61,Wikidata Q871086（2026-10-07取得）
S1kd8prw,早島,Q11511252,はやしま,hayashima,1910-06-12,17,Wikidata Q11511252（2026-10-07取得）
S1kdjupj,西牟田,Q5359321,にしむた,nishimuta,1937-05-17,34,Wikidata Q5359321（2026-10-07取得）
S1kdyvcf,高子,Q11669124,たかこ,takako,1988-07-01,12,Wikidata Q11669124（2026-10-07取得）
S1keqh5z,西所沢,Q7040433,にしところざわ,nishi-tokorozawa,1915-04-15,87,Wikidata Q7040433（2026-10-07取得）
S1kfpkw7,黒沢,Q8192361,くろさわ,kurosawa,1921-11-27,5,Wikidata Q8192361（2026-10-07取得）
S1kfqnam,上呂,Q5358767,じょうろ,joro,1933-08-25,40,Wikidata Q5358767（2026-10-07取得）
S1kfthx6,折原,Q845030,おりはら,orihara,1934-10-06,18,Wikidata Q845030（2026-10-07取得）
S1kg1eda,東水巻,Q5753716,ひがしみずまき,higashi-mizumaki,1988-03-13,78,Wikidata Q5753716（2026-10-07取得）
S1kg1f9f,名鉄岐阜,Q1109902,,meitetsu gifu,1911-02-11,65,Wikidata Q1109902（2026-10-07取得）
S1kh91yb,井口,Q11373451,いのくち,inokuchi,1937-08-01,40,Wikidata Q11373451（2026-10-07取得）
S1khvzli,県庁前,Q7484295,,prefectural office,2003,31,Wikidata Q7484295（2026-10-07取得）
S1ki8n0q,千曳,Q5095344,ちびき,chibiki,1891-09-01,12,Wikidata Q5095344（2026-10-07取得）
S1ki9jms,小池,Q6426277,こいけ,koike,1925,24,Wikidata Q6426277（2026-10-07取得）
S1kia33v,鮫,Q6378987,さめ,same,1924-11-10,14,Wikidata Q6378987（2026-10-07取得）
S1kicnrz,連坊,Q11639873,,rembo,2015-12-06,16,Wikidata Q11639873（2026-10-07取得）
S1kin5hu,宮内串戸,Q5358350,みやうちくしど,miyauchikushido,1988-04-03,80,Wikidata Q5358350（2026-10-07取得）
S1kiq0iz,相模沼田,Q7398953,さがみぬまた,sagami-numata,1926-10-15,28,Wikidata Q7398953（2026-10-07取得）
S1kizlv8,藤井,Q5507417,,fujii,1961-08-01,19,Wikidata Q5507417（2026-10-07取得）
S1kj4w48,東花輪,Q5753547,ひがしはなわ,higashi-hanawa,1928-03-30,60,Wikidata Q5753547（2026-10-07取得）
S1kj7tn7,越後中里,Q3560256,えちごなかざと,echigo-nakazato,1931-09-01,112,Wikidata Q3560256（2026-10-07取得）
S1kjczak,備前片上,Q3661660,びぜんかたかみ,bizen-katakami,1958-03-25,22,Wikidata Q3661660（2026-10-07取得）
S1kjerzn,整備場,Q7446588,せいびじょう,seibijo,1967,34,Wikidata Q7446588（2026-10-07取得）
S1kjoqk1,鵜沼宿,Q7897780,,unumajuku,1927,38,Wikidata Q7897780（2026-10-07取得）
S1kk1dzs,飯山満,Q5366376,はさま,hasama,1996-04-27,22,Wikidata Q5366376（2026-10-07取得）
S1kkdp4a,高浜,Q5365228,たかはま,takahama,1895-11-04,13,Wikidata Q5365228（2026-10-07取得）
S1kl2zyp,北八王子,Q844347,きたはちおうじ,kita-hachioji,1959-06-10,7,Wikidata Q844347（2026-10-07取得）
S1klcn8s,恩田,Q7092149,おんだ,onda,2000-03-29,6,Wikidata Q7092149（2026-10-07取得）
S1klk3i8,新前橋,Q1652844,しんまえばし,shin-maebashi,1921-07-01,16,Wikidata Q1652844（2026-10-07取得）
S1km196x,吉尾,Q8056257,,yoshio,1952-06-01,2,Wikidata Q8056257（2026-10-07取得）
S1km1qab,大鰐温泉,Q8081800,おおわにおんせん,owani-onsen,1895-10-21,6,Wikidata Q8081800（2026-10-07取得）
S1km25ip,茨木市,Q3969806,いばらきし,ibaraki-shi,1928,17,Wikidata Q3969806（2026-10-07取得）
S1km8zdo,中川原,Q4142961,なかがわら,nakagawara,1913,76,Wikidata Q4142961（2026-10-07取得）
S1km9iym,こどもの国,Q6425421,こどものくに,kodomonokuni,1967-04-28,50,Wikidata Q6425421（2026-10-07取得）
S1kmbncj,徳山,Q1136709,とくやま,tokuyama,1897-09-25,37,Wikidata Q1136709（2026-10-07取得）
S1kmfj3k,笹子,Q7424971,ささご,sasago,1903-02-01,163,Wikidata Q7424971（2026-10-07取得）
S1kmkxxx,滝井,Q1820138,たきい,takii,1931-10-14,23,Wikidata Q1820138（2026-10-07取得）
S1kmqnik,大島,Q8081706,おおしま,oshima,1955-03-01,9,Wikidata Q8081706（2026-10-07取得）
S1kmzwe7,川湯温泉,Q6379906,かわゆおんせん,kawayu-onsen,1930,20,Wikidata Q6379906（2026-10-07取得）
S1knr52u,三口,Q11354598,みつくち,mitsukuchi,1925-05-10,24,Wikidata Q11354598（2026-10-07取得）
S1ko8an5,中山,Q844670,なかやま,nakayama,1908-09-23,26,Wikidata Q844670（2026-10-07取得）
S1koqenw,南富山,Q6862979,みなみとやま,minami-toyama,1914-12-06,26,Wikidata Q6862979（2026-10-07取得）
S1kot3vm,西桑名,Q8191179,にしくわな,nishi-kuwana,1914-04-05,5,Wikidata Q8191179（2026-10-07取得）
S1kow1uk,越後水沢,Q5332418,えちごみずさわ,echigo-mizusawa,1929-09-01,12,Wikidata Q5332418（2026-10-07取得）
S1koxccv,大鳥羽,Q8081764,,otoba,1918-11-10,18,Wikidata Q8081764（2026-10-07取得）
S1kp84cc,安武,Q11450897,やすたけ,yasutake,1912-12-30,86,Wikidata Q11450897（2026-10-07取得）
S1kq3luh,白浜の宮,Q7498233,しらはまのみや,shirahamanomiya,1923-08-19,6,Wikidata Q7498233（2026-10-07取得）
S1kqbx2d,上境,Q6358498,かみさかい,kamisakai,1923-07-06,17,Wikidata Q6358498（2026-10-07取得）
S1kqnu3o,琴電屋島,Q11573813,ことでんやしま,kotoden-yashima,1911-11-18,6,Wikidata Q11573813（2026-10-07取得）
S1kqvskw,新鵜沼,Q7497143,,shin-unuma,1926,4,Wikidata Q7497143（2026-10-07取得）
S1krwd3s,東田子の浦,Q871507,ひがしたごのうら,higashi-tagonoura,1949-09-15,26,Wikidata Q871507（2026-10-07取得）
S1ks0c8r,郡山富田,Q20973651,こおりやまとみた,koriyamatomita,2017-04-01,37,Wikidata Q20973651（2026-10-07取得）
S1ks56zq,御嵩,Q11488956,,mitake,1952,19,Wikidata Q11488956（2026-10-07取得）
S1ksbnf6,武蔵増戸,Q6940139,むさしますこ,musashi-masuko,1925-04-21,16,Wikidata Q6940139（2026-10-07取得）
S1kshlrf,須波,Q11664604,すなみ,sunami,1930-03-19,19,Wikidata Q11664604（2026-10-07取得）
S1kt0i7r,箱崎九大前,Q4357189,,hakozaki-kyudai-mae,1986-01-31,18,Wikidata Q4357189（2026-10-07取得）
S1ktvap9,フェリーターミナル,Q180477,フェリーターミナル,ferry terminal,1981-03-16,8,Wikidata Q180477（2026-10-07取得）
S1kujr0m,阿波海南,Q4829614,あわかいなん,awa-kainan,1973-10-01,16,Wikidata Q4829614（2026-10-07取得）
S1kukt3c,湯西川温泉,Q8061299,,yunishigawa-onsen,1986-10-09,57,Wikidata Q8061299（2026-10-07取得）
S1kuobud,岐阜羽島,Q800820,ぎふはしま,gifu-hashima,1964,21,Wikidata Q800820（2026-10-07取得）
S1kus064,尾登,Q7094439,おのぼり,onobori,1955-10-01,18,Wikidata Q7094439（2026-10-07取得）
S1kv96ef,納内,Q874180,,osamunai,1898,18,Wikidata Q874180（2026-10-07取得）
S1kve3hc,鶴舞,Q855581,つるまい,tsurumai,1937-04-21,33,Wikidata Q855581（2026-10-07取得）
S1kvj9rm,摩周,Q848259,ましゅう,mashu,1929,43,Wikidata Q848259（2026-10-07取得）
S1kwdaa2,西富井,Q11627676,にしとみい,nishitomii,1949-11-15,21,Wikidata Q11627676（2026-10-07取得）
S1kwekjk,市川本町,Q11480328,いちかわほんまち,ichikawa-hommachi,1930-10-01,12,Wikidata Q11480328（2026-10-07取得）
S1kwjpoa,医療センター,Q11404632,いりょうセンター,iryo center,2006-02-02,11,Wikidata Q11404632（2026-10-07取得）
S1kwzxdt,汐見橋,Q7497881,しおみばし,shiomibashi,1900-09-03,69,Wikidata Q7497881（2026-10-07取得）
S1kxxhei,新松田,Q4419978,しんまつだ,shin-matsuda,1927-04-01,33,Wikidata Q4419978（2026-10-07取得）
S1ky8akw,藤森,Q2153600,ふじのもり,fujinomori,1910-04-15,31,Wikidata Q2153600（2026-10-07取得）
S1kycb9m,西九条,Q1130919,にしくじょう,nishikujo,1898,38,Wikidata Q1130919（2026-10-07取得）
S1kz1to4,三毛門,Q5360381,みけかど,mikekado,1956-02-11,164,Wikidata Q5360381（2026-10-07取得）
S1kz2ew8,道場,Q856528,どうじょう,dojo,1899,20,Wikidata Q856528（2026-10-07取得）
S1kzbpn0,伊勢石橋,Q11379108,いせいしばし,ise-ishibashi,1930-11-19,32,Wikidata Q11379108（2026-10-07取得）
S1kzd0pf,少路,Q3970992,しょうじ,shoji,1990,10,Wikidata Q3970992（2026-10-07取得）
S1kztsoh,長楽寺,Q5118999,,chorakuji,1994-08-20,26,Wikidata Q5118999（2026-10-07取得）
S1l19elf,三溝,Q11356609,さみぞ,samizo,1922-05-10,27,Wikidata Q11356609（2026-10-07取得）
S1l1gfor,東市来,Q5297150,ひがしいちき,higashi-ichiki,1913-10-11,87,Wikidata Q5297150（2026-10-07取得）
S1l1magl,坂戸,Q7402739,さかど,sakado,1923-10-27,2,Wikidata Q7402739（2026-10-07取得）
S1l1y7zw,大倉山,Q5358351,,okurayama,1983-06-17,62,Wikidata Q5358351（2026-10-07取得）
S1l2dhiz,七里,Q6962432,ななさと,nanasato,1929-11-17,18,Wikidata Q6962432（2026-10-07取得）
S1l2gt7f,紫波中央,Q899721,しわちゅうおう,shiwachuo,1998-03-14,16,Wikidata Q899721（2026-10-07取得）
S1l366hd,網代,Q4699760,あじろ,ajiro,1935-03-30,31,Wikidata Q4699760（2026-10-07取得）
S1l3czg1,播磨横田,Q5657521,はりまよこた,harima-yokota,1961-10-01,23,Wikidata Q5657521（2026-10-07取得）
S1l3is4n,洞泉,Q3893001,どうせん,dosen,1944-10-11,25,Wikidata Q3893001（2026-10-07取得）
S1l3zke4,野沢,Q11645780,のざわ,nozawa,1913-08-01,38,Wikidata Q11645780（2026-10-07取得）
S1l41u7s,高光,Q899560,たかみつ,takamitsu,1941-07-02,46,Wikidata Q899560（2026-10-07取得）
S1l44pfc,練馬高野台,Q843164,ねりまたかのだい,nerima-takanodai,1994-12-07,44,Wikidata Q843164（2026-10-07取得）
S1l477i9,沢,Q991380,さわ,sawa,1923-03-16,30,Wikidata Q991380（2026-10-07取得）
S1l4xmz9,川桁,Q6379491,かわげた,kawageta,1899-04-08,13,Wikidata Q6379491（2026-10-07取得）
S1l54zz7,土底浜,Q5299297,どそこはま,dosokohama,1956-12-15,18,Wikidata Q5299297（2026-10-07取得）
S1l5be44,伊予上灘,Q898957,いよかみなだ,iyo-kaminada,1932-12-01,25,Wikidata Q898957（2026-10-07取得）
S1l5jgf5,岩美,Q899398,いわみ,iwami,1910-06-10,14,Wikidata Q899398（2026-10-07取得）
S1l5kghh,新蒲原,Q871526,しんかんばら,shin-kambara,1968-10-01,21,Wikidata Q871526（2026-10-07取得）
S1l68mfi,阿川,Q4691631,あがわ,agawa,1928-09-09,47,Wikidata Q4691631（2026-10-07取得）
S1l69akp,東新川,Q11527073,ひがしにっかわ,higashi-nikkawa,1993-10-19,9,Wikidata Q11527073（2026-10-07取得）
S1l6g4ol,長沼,Q6958464,ながぬま,naganuma,1925-03-24,85,Wikidata Q6958464（2026-10-07取得）
S1l6klrt,海老津,Q5331876,えびつ,ebitsu,1910-02-06,36,Wikidata Q5331876（2026-10-07取得）
S1l72mkg,西荻窪,Q801263,にしおぎくぼ,nishi-ogikubo,1922-07-15,68,Wikidata Q801263（2026-10-07取得）
S1l75n14,大間,Q8081594,おおま,oma,1960-10-01,33,Wikidata Q8081594（2026-10-07取得）
S1l7ep4b,由岐,Q8060670,ゆき,yuki,1939-12-14,26,Wikidata Q8060670（2026-10-07取得）
S1l7np5i,浜加積,Q5644001,はまかづみ,hamakazumi,1935-12-14,48,Wikidata Q5644001（2026-10-07取得）
S1l8h1zo,旭川,Q1073617,あさひかわ,asahikawa,1898-07-16,79,Wikidata Q1073617（2026-10-07取得）
S1l93cc2,恩智,Q7093974,おんじ,onji,1925-09-30,17,Wikidata Q7093974（2026-10-07取得）
S1l96not,田丸,Q117533,たまる,tamaru,1893-12-31,11,Wikidata Q117533（2026-10-07取得）
S1l9b8cq,金谷,Q871116,かなや,kanaya,1890-05-16,37,Wikidata Q871116（2026-10-07取得）
S1l9dpxl,箕田,Q2815893,みだ,mida,1917,41,Wikidata Q2815893（2026-10-07取得）
S1l9ipov,厚別,Q128528,あつべつ,atsubetsu,1894-08-01,50,Wikidata Q128528（2026-10-07取得）
S1l9nlrc,東羽衣,Q857404,ひがしはごろも,higashi-hagoromo,1929,25,Wikidata Q857404（2026-10-07取得）
S1laa6e8,須磨,Q1038106,すま,suma,1888-11-01,32,Wikidata Q1038106（2026-10-07取得）
S1lavyb9,芦原町,Q4805066,あしはらちょう,ashiharacho,1912-11-15,2,Wikidata Q4805066（2026-10-07取得）
S1lazii6,西新宿五丁目,Q275541,にししんじゅくごちょうめ,nishi-shinjuku-gochome,1997-12-19,33,Wikidata Q275541（2026-10-07取得）
S1lb51ku,矢切,Q5370868,やぎり,yagiri,1991-03-31,50,Wikidata Q5370868（2026-10-07取得）
S1lb74d4,津谷,Q7850358,つや,tsuya,1914-09-06,30,Wikidata Q7850358（2026-10-07取得）
S1lboc38,天王,Q7700530,てんのう,tenno,1956-11-26,16,Wikidata Q7700530（2026-10-07取得）
S1lbr50a,陸中野田,Q7334119,りくちゅうのだ,rikuchu-noda,1975-07-20,21,Wikidata Q7334119（2026-10-07取得）
S1lbsljw,北河内,Q6417532,きたごうち,kita-gochi,1960-11-01,25,Wikidata Q6417532（2026-10-07取得）
S1lc3a4s,上伊万里,Q6357137,かみいまり,kami-imari,1935-03-01,42,Wikidata Q6357137（2026-10-07取得）
S1lc7vuh,岩井,Q556710,いわい,iwai,1918-08-10,52,Wikidata Q556710（2026-10-07取得）
S1lca0fx,赤嶺,Q7571684,,akamine,2003-08-10,67,Wikidata Q7571684（2026-10-07取得）
S1lcan50,銀山,Q861896,,ginzan,1905-01-29,62,Wikidata Q861896（2026-10-07取得）
S1lccx6m,羽前沼沢,Q7904862,うぜんぬまざわ,uzen-numazawa,1933-11-10,20,Wikidata Q7904862（2026-10-07取得）
S1lcf3d5,関川,Q599042,せきがわ,sekigawa,1961-04-15,50,Wikidata Q599042（2026-10-07取得）
S1lcp5m0,洗足池,Q7451436,せんぞくいけ,senzoku-ike,1927-08-28,18,Wikidata Q7451436（2026-10-07取得）
S1lcs5nt,三沢,Q11356179,みつさわ,mitsusawa,1924-04-12,84,Wikidata Q11356179（2026-10-07取得）
S1lcs9pr,西金,Q7400054,さいがね,saigane,1926-03-21,4,Wikidata Q7400054（2026-10-07取得）
S1lcxbjr,喜多山,Q6417930,,kitayama,1927-07-01,12,Wikidata Q6417930（2026-10-07取得）
S1ld19rw,海王丸,Q6348766,,kaiomaru,1932-11-09,131,Wikidata Q6348766（2026-10-07取得）
S1ldfetc,横河原,Q11542807,よこがわら,yokogawara,1899-10-04,20,Wikidata Q11542807（2026-10-07取得）
S1ldsl1s,立飛,Q7673726,たちひ,tachihi,1998-11-27,7,Wikidata Q7673726（2026-10-07取得）
S1le8ftt,昭和町,Q864198,しょうわちょう,showacho,1987-03-23,32,Wikidata Q864198（2026-10-07取得）
S1led8mj,富田林西口,Q8191092,とんだばやしにしぐち,tondabayashi-nishiguchi,1904-10-12,88,Wikidata Q8191092（2026-10-07取得）
S1lehjkr,下津,Q3381851,しもつ,shimotsu,1924-08-20,90,Wikidata Q3381851（2026-10-07取得）
S1leo6di,厚保,Q4817754,あつ,atsu,1905,13,Wikidata Q4817754（2026-10-07取得）
S1lephhp,前潟,Q106517998,まえがた,maegata,2023-03-18,11,Wikidata Q106517998（2026-10-07取得）
S1leqglc,板倉東洋大前,Q6092530,いたくらとうようだいまえ,itakura toyodai-mae,1997-03-25,44,Wikidata Q6092530（2026-10-07取得）
S1lewlkq,荒川沖,Q4783823,あらかわおき,arakawaoki,1896-12-25,13,Wikidata Q4783823（2026-10-07取得）
S1lf1i2q,極楽寺,Q858997,ごくらくじ,gokurakuji,1904-04-01,9,Wikidata Q858997（2026-10-07取得）
S1lfk7yz,令和コスタ行橋,Q64858934,,reiwa costa yukuhashi,2019-08-24,143,Wikidata Q64858934（2026-10-07取得）
S1lg3n5q,六軒,Q5357848,ろっけん,rokken,1894-01-10,13,Wikidata Q5357848（2026-10-07取得）
S1lhl60m,大学前,Q5209100,,daigaku-mae,1990-03-29,4,Wikidata Q5209100（2026-10-07取得）
S1lhsp7k,三河八橋,Q6845752,,mikawa yatsuhashi,1920,30,Wikidata Q6845752（2026-10-07取得）
S1lhza5l,都筑,Q7850403,つづき,tsuzuki,1938-04-01,5,Wikidata Q7850403（2026-10-07取得）
S1li50wb,紀伊長田,Q3176389,,kii-nagata,1901-03-07,18,Wikidata Q3176389（2026-10-07取得）
S1lir0m9,上今市,Q6357139,かみいまいち,kami-imaichi,1929-10-01,35,Wikidata Q6357139（2026-10-07取得）
S1liykmh,河内,Q5358979,こうち,kochi,1894-06-10,97,Wikidata Q5358979（2026-10-07取得）
S1lj9ptx,入生田,Q6071878,いりうだ,iriuda,1935-10-01,12,Wikidata Q6071878（2026-10-07取得）
S1lj9zye,西大寺,Q3661905,さいだいじ,saidaiji,1962-09-01,64,Wikidata Q3661905（2026-10-07取得）
S1ljbx22,南今庄,Q5359879,みなみいまじょう,minami-imajo,1962-06-10,8,Wikidata Q5359879（2026-10-07取得）
S1ljhrvf,灘,Q592339,なだ,nada,1917-12-01,36,Wikidata Q592339（2026-10-07取得）
S1lkauw3,姪浜,Q1039174,めいのはま,meinohama,1925-04-15,14,Wikidata Q1039174（2026-10-07取得）
S1ll1gyn,松尾,Q11529676,まつお,matsuo,1931-10-01,37,Wikidata Q11529676（2026-10-07取得）
S1llkc6n,池場,Q774526,いけば,ikeba,1946-12-01,15,Wikidata Q774526（2026-10-07取得）
S1lmgfoe,花畑,Q5646811,はなばたけ,hanabatake,1932-12-28,34,Wikidata Q5646811（2026-10-07取得）
S1lmjp1s,沢間,Q7428562,さわま,sawama,1959-08-01,2,Wikidata Q7428562（2026-10-07取得）
S1lmmp40,動橋,Q3611075,いぶりはし,iburihashi,1897-09-20,33,Wikidata Q3611075（2026-10-07取得）
S1lmw1lb,引田,Q5760558,ひけた,hiketa,1928-04-15,30,Wikidata Q5760558（2026-10-07取得）
S1ln41gp,諏訪ノ森,Q3022451,すわのもり,suwanomori,1907-12-20,27,Wikidata Q3022451（2026-10-07取得）
S1ln49x8,いこいの広場,Q5996082,いこいのひろば,ikoinohiroba,1988-04-17,5,Wikidata Q5996082（2026-10-07取得）
S1lnakq7,福島口,Q11593047,ふくしまぐち,fukushimaguchi,1990-03-10,28,Wikidata Q11593047（2026-10-07取得）
S1lncotd,板荷,Q6092365,いたが,itaga,1929-07-07,67,Wikidata Q6092365（2026-10-07取得）
S1lndzmq,大和上市,Q11433402,,yamato-kamiichi,1928-03-25,12,Wikidata Q11433402（2026-10-07取得）
S1lo4u65,下ノ江,Q5359068,したのえ,shitanoe,1915-08-15,27,Wikidata Q5359068（2026-10-07取得）
S1lokher,吉松,Q5375416,よしまつ,yoshimatsu,1903-09-05,108,Wikidata Q5375416（2026-10-07取得）
S1lol147,上板橋,Q6357144,かみいたばし,kami-itabashi,1914-06-17,43,Wikidata Q6357144（2026-10-07取得）
S1lopbul,尾幌,Q900623,,oboro,1917-12-01,3,Wikidata Q900623（2026-10-07取得）
S1loueit,川部,Q6379432,かわべ,kawabe,1894-12-01,77,Wikidata Q6379432（2026-10-07取得）
S1loyc0s,根岸,Q6987363,ねぎし,negishi,1934-11-01,8,Wikidata Q6987363（2026-10-07取得）
S1loz1vw,戸田,Q5358048,へた,heta,1911-03-01,34,Wikidata Q5358048（2026-10-07取得）
S1lpn6b5,鶴川,Q4506208,つるかわ,tsurukawa,1927-04-01,65,Wikidata Q4506208（2026-10-07取得）
S1lpqgyb,高尾,Q7677229,たかお,takao,1989-03-25,55,Wikidata Q7677229（2026-10-07取得）
S1lpwm45,岩手飯岡,Q900408,いわていいおか,iwate-iioka,1944-10-11,33,Wikidata Q900408（2026-10-07取得）
S1lqa75r,近江八幡,Q1042782,おうみはちまん,omi-hachiman,1889-07-01,74,Wikidata Q1042782（2026-10-07取得）
S1lqe2hc,豊水すすきの,Q3563790,ほうすいすすきの,hosui-susukino,1988-12-02,102,Wikidata Q3563790（2026-10-07取得）
S1lqzh20,黒田原,Q873269,くろだはら,kurodahara,1891-09-01,162,Wikidata Q873269（2026-10-07取得）
S1lrfemx,御殿山,Q1825091,,goten-yama,1929,21,Wikidata Q1825091（2026-10-07取得）
S1lrfjdz,出雲横田,Q11395894,いずもよこた,izumo yokota,1934-11-20,10,Wikidata Q11395894（2026-10-07取得）
S1lrgnz2,南中川,Q6862954,みなみなかがわ,minami-nakagawa,1915-11-25,35,Wikidata Q6862954（2026-10-07取得）
S1lri2od,猪田道,Q5987640,いだみち,idamichi,1922,51,Wikidata Q5987640（2026-10-07取得）
S1lridwl,越後広瀬,Q5332409,えちごひろせ,echigo-hirose,1942-11-01,49,Wikidata Q5332409（2026-10-07取得）
S1lrjqbu,住吉町,Q7637172,,sumiyoshicho,1933,26,Wikidata Q7637172（2026-10-07取得）
S1lrksiw,厚内,Q899270,あつない,atsunai,1903-12-25,5,Wikidata Q899270（2026-10-07取得）
S1lrvcu4,市岡,Q5986277,いちおか,ichioka,1953-10-01,15,Wikidata Q5986277（2026-10-07取得）
S1lrvjky,各務ケ原,Q872845,かがみがはら,kagamigahara,1920-11-01,10,Wikidata Q872845（2026-10-07取得）
S1lsc1wi,阿左美,Q289670,あざみ,azami,1937-05-05,285,Wikidata Q289670（2026-10-07取得）
S1lswycw,いずみ中央,Q6102271,いずみちゅうおう,izumi-chuo,1990-04-04,17,Wikidata Q6102271（2026-10-07取得）
S1lt3uoy,初狩,Q5681866,はつかり,hatsukari,1908-07-09,69,Wikidata Q5681866（2026-10-07取得）
S1lt7l1w,湯之元,Q5297319,ゆのもと,yunomoto,1913-12-25,19,Wikidata Q5297319（2026-10-07取得）
S1ltso3n,木津,Q1131666,きづ,kizu,1896-03-13,41,Wikidata Q1131666（2026-10-07取得）
S1ltvg46,長岡天神,Q3970259,ながおかてんじん,nagaoka-tenjin,1928,57,Wikidata Q3970259（2026-10-07取得）
S1lu0uwy,佐志生,Q5359647,さしう,sashiu,1947-10-01,56,Wikidata Q5359647（2026-10-07取得）
S1lu5jg7,三雲,Q5361729,みくも,mikumo,1889,18,Wikidata Q5361729（2026-10-07取得）
S1lugkas,吉井,Q8056090,よしい,yoshii,1933-10-24,46,Wikidata Q8056090（2026-10-07取得）
S1lvg9ye,周布,Q3701458,すふ,sufu,1922-03-10,24,Wikidata Q3701458（2026-10-07取得）
S1lwcp3s,泊,Q7818270,とまり,tomari,1922,45,Wikidata Q7818270（2026-10-07取得）
S1lwcrdh,一の鳥居,Q5986263,,ichinotorii,1913-04-13,20,Wikidata Q5986263（2026-10-07取得）
S1lwhfnv,天理,Q4188394,てんり,tenri,1898-05-11,24,Wikidata Q4188394（2026-10-07取得）
S1lwm3a6,赤坂上,Q11635399,,akasakaue,1932,34,Wikidata Q11635399（2026-10-07取得）
S1lwvfuv,徳丸,Q7813735,,tokumaru,2002-03-23,34,Wikidata Q7813735（2026-10-07取得）
S1lwwhqb,みさき公園,Q6875069,みさきこうえん,misaki-koen,1938-07-23,92,Wikidata Q6875069（2026-10-07取得）
S1lxco2w,三浦海岸,Q5371356,みうらかいがん,miurakaigan,1966-07-07,23,Wikidata Q5371356（2026-10-07取得）
S1lxezwp,千城台,Q5102080,ちしろだい,chishirodai,1988-03-28,27,Wikidata Q5102080（2026-10-07取得）
S1lxyl9h,下井阪,Q3079175,,shimoisaka,1938-07-15,23,Wikidata Q3079175（2026-10-07取得）
S1ly9cei,一の渡,Q11352273,いちのわたり,ichinowatari,1972-02-27,29,Wikidata Q11352273（2026-10-07取得）
S1lyb07l,東園,Q5355431,ひがしその,higashisono,1966-10-01,186,Wikidata Q5355431（2026-10-07取得）
S1lyp7ia,浜寺公園,Q5643976,はまでらこうえん,hamaderakoen,1897-10-01,53,Wikidata Q5643976（2026-10-07取得）
S1lyr133,手力,Q7695230,,tejikara,1926,48,Wikidata Q7695230（2026-10-07取得）
S1lyw286,崎平,Q7402977,さきだいら,sakidaira,1931-12-01,11,Wikidata Q7402977（2026-10-07取得）
S1lyw4rb,梶栗郷台地,Q6348998,かじくりごうだいち,kajikuri-godaichi,2008-03-15,20,Wikidata Q6348998（2026-10-07取得）
S1lz2dfc,渡波,Q7972997,わたのは,watanoha,1939-10-07,16,Wikidata Q7972997（2026-10-07取得）
S1lzb0rk,宇美,Q8220392,,umi,1905-12-29,39,Wikidata Q8220392（2026-10-07取得）
S1lzmews,仙崎,Q7451433,せんざき,senzaki,1930-05-15,17,Wikidata Q7451433（2026-10-07取得）
S1m07qlf,阿波加茂,Q4829611,あわかも,awa-kamo,1914-03-25,13,Wikidata Q4829611（2026-10-07取得）
S1m0aidi,大川,Q1581453,おおかわ,okawa,1926-03-10,34,Wikidata Q1581453（2026-10-07取得）
S1m16km1,前谷地,Q6729414,まえやち,maeyachi,1912-10-28,7,Wikidata Q6729414（2026-10-07取得）
S1m19m5a,川之江,Q873285,かわのえ,kawanoe,1916-04-01,55,Wikidata Q873285（2026-10-07取得）
S1m1bn06,二川,Q872067,ふたがわ,futagawa,1896-04-07,13,Wikidata Q872067（2026-10-07取得）
S1m1kbyk,坂上,Q5357921,さかかみ,sakakami,1933-11-12,35,Wikidata Q5357921（2026-10-07取得）
S1m1u679,大河内,Q8081555,おおかわち,okawachi,1987-03-27,29,Wikidata Q8081555（2026-10-07取得）
S1m1wzwh,周防下郷,Q7651565,すおうしもごう,suo-shimogo,1935-12-20,8,Wikidata Q7651565（2026-10-07取得）
S1m25l3o,三国ヶ丘,Q1043732,みくにがおか,mikunigaoka,1942-02-15,60,Wikidata Q1043732（2026-10-07取得）
S1m2a3dv,左堰,Q5751637,ひだりせき,hidariseki,1959-11-25,30,Wikidata Q5751637（2026-10-07取得）
S1m3bwpr,出馬,Q774823,いずんま,izumma,1934-11-11,68,Wikidata Q774823（2026-10-07取得）
S1m3d1ih,旅伏,Q11504488,,tabushi,1914-04-29,14,Wikidata Q11504488（2026-10-07取得）
S1m3ykvx,飯沼,Q5994986,,iinuma,1991-10-28,34,Wikidata Q5994986（2026-10-07取得）
S1m42j9v,八川,Q8047057,やかわ,yakawa,1934-11-20,15,Wikidata Q8047057（2026-10-07取得）
S1m4nw30,日根野,Q856937,ひねの,hineno,1930,17,Wikidata Q856937（2026-10-07取得）
S1m4pbdj,川内,Q11477760,,kawauchi,2015-12-06,46,Wikidata Q11477760（2026-10-07取得）
S1m4s4pe,金谷川,Q874004,かなやがわ,kanayagawa,1909-10-18,15,Wikidata Q874004（2026-10-07取得）
S1m57pqh,小針,Q6424268,こばり,kobari,1960-06-01,33,Wikidata Q6424268（2026-10-07取得）
S1m5a9mm,竜田口,Q7688344,,tatsutaguchi,1914-06-21,11,Wikidata Q7688344（2026-10-07取得）
S1m5eeq1,田井ノ浜,Q860801,たいのはま,tainohama,1960-07-03,20,Wikidata Q860801（2026-10-07取得）
S1m5jn6h,等々力,Q7812857,とどろき,todoroki,1929-11-01,10,Wikidata Q7812857（2026-10-07取得）
S1m5m5lk,豊間根,Q11634291,とよまね,toyomane,1935-11-17,25,Wikidata Q11634291（2026-10-07取得）
S1m5u871,安芸阿賀,Q4700871,あきあが,akiaga,1935-03-24,72,Wikidata Q4700871（2026-10-07取得）
S1m6gz0q,拓北,Q2490360,たくほく,takuhoku,1967,14,Wikidata Q2490360（2026-10-07取得）
S1m6imz1,石打,Q3660496,いしうち,ishiuchi,1925-11-01,59,Wikidata Q3660496（2026-10-07取得）
S1m7gccv,湯浦,Q11563730,ゆのうら,yunoura,1926-09-12,44,Wikidata Q11563730（2026-10-07取得）
S1m7qdh3,古市橋,Q5509799,ふるいちばし,furuichibashi,1910-11-19,47,Wikidata Q5509799（2026-10-07取得）
S1m7z0fk,秋葉原,Q800374,あきはばら,akihabara,1890-11-01,88,Wikidata Q800374（2026-10-07取得）
S1m80jd4,難波,Q20079977,なんば,namba,1885-12-29,42,Wikidata Q20079977（2026-10-07取得）
S1m8wq14,代官町,Q5209167,だいかんちょう,daikancho,1965-09-16,6,Wikidata Q5209167（2026-10-07取得）
S1m93zjn,新栄町,Q863475,,shinsakae-machi,1960-06-15,17,Wikidata Q863475（2026-10-07取得）
S1m9a232,井川さくら,Q11373502,いかわさくら,ikawa-sakura,1995-12-01,22,Wikidata Q11373502（2026-10-07取得）
S1m9lxk8,下沼,Q7497011,しもぬま,shimonuma,1926-09-25,32,Wikidata Q7497011（2026-10-07取得）
S1m9w7xw,日比谷,Q511753,ひびや,hibiya,1964-08-29,22,Wikidata Q511753（2026-10-07取得）
S1m9wu74,甫嶺,Q11575103,ほれい,horei,1973-07-01,24,Wikidata Q11575103（2026-10-07取得）
S1m9xt2b,竪堀,Q7687989,たてぼり,tatebori,1926-03-08,19,Wikidata Q7687989（2026-10-07取得）
S1m9znv4,大学,Q5209103,だいがく,daigaku,1991-03-16,10,Wikidata Q5209103（2026-10-07取得）
S1ma032t,備前西市,Q11387344,びぜんにしいち,bizen-nishiichi,1939-01-01,59,Wikidata Q11387344（2026-10-07取得）
S1ma3vha,楽々園,Q7286819,らくらくえん,rakurakuen,1935-12-01,27,Wikidata Q7286819（2026-10-07取得）
S1matqtl,新代田,Q263289,しんだいた,shin-daita,1933-08-01,76,Wikidata Q263289（2026-10-07取得）
S1mb3fme,和田岬,Q749787,わだみさき,wadamisaki,1890,91,Wikidata Q749787（2026-10-07取得）
S1mbdp4m,犬山,Q6059394,,inuyama,1912,39,Wikidata Q6059394（2026-10-07取得）
S1mbk3bd,三咲,Q6875087,みさき,misaki,1949-01-08,25,Wikidata Q6875087（2026-10-07取得）
S1mcvcy9,玉江,Q7680527,たまえ,tamae,1925-04-03,21,Wikidata Q7680527（2026-10-07取得）
S1md9dd9,外川,Q5697162,とかわ,tokawa,1923-07-05,18,Wikidata Q5697162（2026-10-07取得）
S1mdkv06,スペースワールド,Q5360354,スペースワールド,space world,1999-07-02,24,Wikidata Q5360354（2026-10-07取得）
S1mdoz5e,上栄町,Q11359423,かみさかえまち,kamisakaemachi,1912-08-15,8,Wikidata Q11359423（2026-10-07取得）
S1mdzywf,開成,Q4208752,かいせい,kaisei,1985-03-14,19,Wikidata Q4208752（2026-10-07取得）
S1me160o,県庁前,Q6388821,,kencho-mae,1994-08-20,38,Wikidata Q6388821（2026-10-07取得）
S1me1i7g,新高島平,Q1039572,しんたかしまだいら,shin-takashimadaira,1976-05-06,10,Wikidata Q1039572（2026-10-07取得）
S1meqci6,長沼,Q6958455,ながぬま,naganuma,1908,37,Wikidata Q6958455（2026-10-07取得）
S1mesfz7,松島,Q898773,まつしま,matsushima,1944-11-15,89,Wikidata Q898773（2026-10-07取得）
S1mevui4,今福鶴見,Q135348,いまふくつるみ,imafuku-tsurumi,1990-03-20,26,Wikidata Q135348（2026-10-07取得）
S1mgebqk,下北沢,Q1059947,しもきたざわ,shimo-kitazawa,1927-04-01,51,Wikidata Q1059947（2026-10-07取得）
S1mgqq8c,足立小台,Q4678340,あだちおだい,adachi-odai,2008-03-30,19,Wikidata Q4678340（2026-10-07取得）
S1mgrva1,虎ノ門ヒルズ,Q59452622,とらのもんヒルズ,toranomon hills,2020-06-06,13,Wikidata Q59452622（2026-10-07取得）
S1mgupp1,占冠,Q7497051,しむかっぷ,shimukappu,1981-10-01,3,Wikidata Q7497051（2026-10-07取得）
S1mh3qp7,岸和田,Q6416611,きしわだ,kishiwada,1897-10-01,4,Wikidata Q6416611（2026-10-07取得）
S1mhg6b1,鳴門,Q6966484,なると,naruto,1928-01-18,43,Wikidata Q6966484（2026-10-07取得）
S1mi41mp,三島広小路,Q6875540,みしまひろこうじ,mishima-hirokoji,1928-04-18,36,Wikidata Q6875540（2026-10-07取得）
S1mi4lzj,西武秩父,Q7446590,せいぶちちぶ,seibu-chichibu,1969-10-14,12,Wikidata Q7446590（2026-10-07取得）
S1midikw,二塚,Q5510494,ふたつか,futatsuka,1914-02-20,3,Wikidata Q5510494（2026-10-07取得）
S1miphvs,北野,Q11404333,きたの,kitano,1915-10-15,37,Wikidata Q11404333（2026-10-07取得）
S1mir56q,南酒々井,Q5364222,みなみしすい,minami-shisui,1914-09-10,44,Wikidata Q5364222（2026-10-07取得）
S1mis44o,勝浦,Q553034,かつうら,katsuura,1913-06-20,31,Wikidata Q553034（2026-10-07取得）
S1mj4vl9,遠賀川,Q5359382,おんががわ,ongagawa,1890-11-15,28,Wikidata Q5359382（2026-10-07取得）
S1mj5v2f,上牧,Q1770591,かみもく,kamimoku,1928-10-30,41,Wikidata Q1770591（2026-10-07取得）
S1mj75dn,コウノトリの郷,Q7676863,コウノトリのさと,konotori-no-sato,1929,53,Wikidata Q7676863（2026-10-07取得）
S1mj933b,鼓ヶ浦,Q7850405,つづみがうら,tsuzumigaura,1915,32,Wikidata Q7850405（2026-10-07取得）
S1mjhpak,乙供,Q5357206,おっとも,ottomo,1894-01-01,16,Wikidata Q5357206（2026-10-07取得）
S1mk4qib,竹村,Q7678017,,takemura,1920,26,Wikidata Q7678017（2026-10-07取得）
S1mkl7yq,国縫,Q864210,くんぬい,kunnui,1903-11-03,78,Wikidata Q864210（2026-10-07取得）
S1ml0ibo,尾鷲,Q5357761,おわせ,owase,1934-12-19,6,Wikidata Q5357761（2026-10-07取得）
S1ml0paq,河合,Q6379532,かわい,kawai,1898-07-09,12,Wikidata Q6379532（2026-10-07取得）
S1mla07w,粟野,Q4829804,あわの,awano,1917-12-15,22,Wikidata Q4829804（2026-10-07取得）
S1mljtda,長門本山,Q6958683,ながともとやま,nagato-motoyama,1937-01-21,36,Wikidata Q6958683（2026-10-07取得）
S1mlmdhi,瀬上,Q11566373,せのうえ,senoue,1988-07-01,9,Wikidata Q11566373（2026-10-07取得）
S1mlmvhb,高蔵寺,Q5359256,こうぞうじ,kozoji,1900-07-25,30,Wikidata Q5359256（2026-10-07取得）
S1mlvrsi,輪西,Q7967945,わにし,wanishi,1928-09-10,111,Wikidata Q7967945（2026-10-07取得）
S1mlzyet,東小浜,Q11526659,,higashi-obama,1953-08-14,8,Wikidata Q11526659（2026-10-07取得）
S1mn9rbd,奥大井湖上,Q7082786,おくおおいこじょう,okuoikojo,1990-10-02,30,Wikidata Q7082786（2026-10-07取得）
S1mnal03,市ノ瀬,Q11479975,いちのせ,ichinose,1932-05-10,7,Wikidata Q11479975（2026-10-07取得）
S1mo6jk3,島原港,Q11476232,しまばらこう,shimabarako,1960-11-11,21,Wikidata Q11476232（2026-10-07取得）
S1mona6x,森林公園,Q128527,しんりんこうえん,shinrin-koen,1984-09-20,13,Wikidata Q128527（2026-10-07取得）
S1mp7edi,前田南,Q11397481,まえだみなみ,maeda-minami,1963-12-10,17,Wikidata Q11397481（2026-10-07取得）
S1mp9y0z,西佐川,Q7040397,にしさかわ,nishi-sakawa,1924-03-30,13,Wikidata Q7040397（2026-10-07取得）
S1mpxxsp,天竜二俣,Q5370092,てんりゅうふたまた,tenryu-futamata,1940-06-01,43,Wikidata Q5370092（2026-10-07取得）
S1mq8o1j,八幡新田,Q8050456,,yawata shinden,1931,57,Wikidata Q8050456（2026-10-07取得）
S1mqnhnb,国吉,Q6444797,くによし,kuniyoshi,1930-04-01,12,Wikidata Q6444797（2026-10-07取得）
S1mqrkq8,半蔵門,Q80551,はんぞうもん,hanzomon,1982-12-09,35,Wikidata Q80551（2026-10-07取得）
S1mqu74r,上福岡,Q11360002,かみふくおか,kami-fukuoka,1914-05-01,25,Wikidata Q11360002（2026-10-07取得）
S1mqyk5k,東長崎,Q843275,ひがしながさき,higashi-nagasaki,1915-04-15,2,Wikidata Q843275（2026-10-07取得）
S1mrdmki,宮の坂,Q6884414,みやのさか,miyanosaka,1945-07-15,47,Wikidata Q6884414（2026-10-07取得）
S1mrpm8d,和銅黒谷,Q7959369,わどうくろや,wado-kuroya,1914-10-27,32,Wikidata Q7959369（2026-10-07取得）
S1mrqtp7,武蔵塚,Q6940187,,musashizuka,1981-10-01,28,Wikidata Q6940187（2026-10-07取得）
S1msdwp8,経堂,Q4251372,きょうどう,kyodo,1927-04-01,15,Wikidata Q4251372（2026-10-07取得）
S1msgeve,門松,Q6345651,かどまつ,kadomatsu,1987-03-09,64,Wikidata Q6345651（2026-10-07取得）
S1msmooy,日出塩,Q5359436,ひでしお,hideshio,1913-09-10,23,Wikidata Q5359436（2026-10-07取得）
S1msu8nh,峰山,Q6864579,みねやま,mineyama,1925-11-03,87,Wikidata Q6864579（2026-10-07取得）
S1mt14ug,鹿討,Q7496569,,shikauchi,1958-03-25,61,Wikidata Q7496569（2026-10-07取得）
S1mt3od6,長門二見,Q6958682,ながとふたみ,nagato-futami,1925-08-16,20,Wikidata Q6958682（2026-10-07取得）
S1mt7ari,和泉大宮,Q6102276,,izumi-omiya,1937-04-10,71,Wikidata Q6102276（2026-10-07取得）
S1mtgu9b,芸大通,Q861781,,geidai-dori,2005-03-06,46,Wikidata Q861781（2026-10-07取得）
S1mtikfn,横倉,Q8054662,よこくら,yokokura,1925-11-19,32,Wikidata Q8054662（2026-10-07取得）
S1mtk85l,西頴娃,Q7040328,,nishi-ei,1960-03-22,38,Wikidata Q7040328（2026-10-07取得）
S1muatmz,河和,Q6455324,,kowa,1935,19,Wikidata Q6455324（2026-10-07取得）
S1mvbxj1,群馬原町,Q5618867,ぐんまはらまち,gunma-haramachi,1945-08-05,20,Wikidata Q5618867（2026-10-07取得）
S1mwkdv5,東青原,Q5753468,ひがしあおはら,higashi-aohara,1961-04-01,6,Wikidata Q5753468（2026-10-07取得）
S1mwliz1,新鳥栖,Q1136568,しんとす,shin-tosu,2011-03-12,22,Wikidata Q1136568（2026-10-07取得）
S1mwptxw,岩出,Q2681167,,iwade,1901-10-10,26,Wikidata Q2681167（2026-10-07取得）
S1mx3iqk,伊野灘,Q11380933,,inonada,1928-04-05,2,Wikidata Q11380933（2026-10-07取得）
S1mx4z58,庄内通,Q863241,,shonai-dori,1984-09-06,78,Wikidata Q863241（2026-10-07取得）
S1mxg0n3,唐笠,Q894882,からかさ,karakasa,1932-10-30,8,Wikidata Q894882（2026-10-07取得）
S1mxo4v6,河内磐船,Q855908,かわちいわふね,kawachi-iwafune,1898,14,Wikidata Q855908（2026-10-07取得）
S1mxz9ia,牛ノ浜,Q11570025,うしのはま,ushinohama,1922-10-15,25,Wikidata Q11570025（2026-10-07取得）
S1my2grg,鶴見緑地,Q135181,つるみりょくち,tsurumi-ryokuchi,1990-03-20,28,Wikidata Q135181（2026-10-07取得）
S1my2zh9,蒔田,Q579091,まいた,maita,1972-12-16,59,Wikidata Q579091（2026-10-07取得）
S1my7z7w,蛸地蔵,Q7678465,たこじぞう,takojizo,1914-04-01,38,Wikidata Q7678465（2026-10-07取得）
S1myne2s,山陽曽根,Q7420815,さんようそね,sanyo sone,1923-08-19,22,Wikidata Q7420815（2026-10-07取得）
S1mz10zj,肥後二見,Q11611562,ひごふたみ,higo futami,1925-04-15,66,Wikidata Q11611562（2026-10-07取得）
S1mz541o,百合が原,Q2490240,,yurigahara,1986,3,Wikidata Q2490240（2026-10-07取得）
S1mza5ye,小内海,Q6434466,,kouchiumi,1963-05-08,18,Wikidata Q6434466（2026-10-07取得）
S1mzea6s,稲村ヶ崎,Q858991,いなむらがさき,inamuragasaki,1904-04-01,13,Wikidata Q858991（2026-10-07取得）
S1mzf7ti,鰍沢口,Q6348996,かじかざわぐち,kajikazawaguchi,1927-12-17,44,Wikidata Q6348996（2026-10-07取得）
S1mzp6lh,西留辺蘂,Q8190231,にしるべしべ,nishi-rubeshibe,2000-04-01,3,Wikidata Q8190231（2026-10-07取得）
S1mzzq7s,大安寺,Q5209068,だいあんじ,daianji,1914-02-25,93,Wikidata Q5209068（2026-10-07取得）
S1n03zai,洞爺,Q7862746,とうや,toya,1928,59,Wikidata Q7862746（2026-10-07取得）
S1n09g62,千鳥町,Q5096628,ちどりちょう,chidoricho,1926-08-06,10,Wikidata Q5096628（2026-10-07取得）
S1n0nori,十日町,Q7862688,とおかまち,tokamachi,1927-11-15,72,Wikidata Q7862688（2026-10-07取得）
S1n1ahz4,紙屋町東,Q6358609,かみやちょうひがし,kamiyacho-higashi,1912-11-23,4,Wikidata Q6358609（2026-10-07取得）
S1n1iayv,西人吉,Q7040348,,nishi-hitoyoshi,1952-06-01,45,Wikidata Q7040348（2026-10-07取得）
S1n233gj,土佐上川口,Q7827527,とさかみかわぐち,tosa-kamikawaguchi,1970-10-01,18,Wikidata Q7827527（2026-10-07取得）
S1n254qb,黒井村,Q11678008,くろいむら,kuroimura,1914-04-22,57,Wikidata Q11678008（2026-10-07取得）
S1n25gy8,桃谷,Q1130995,ももだに,momodani,1895,10,Wikidata Q1130995（2026-10-07取得）
S1n2abrv,杉山,Q7635131,すぎやま,sugiyama,1924,22,Wikidata Q7635131（2026-10-07取得）
S1n2dgp7,堅田,Q5363573,かたた,katata,1974,22,Wikidata Q5363573（2026-10-07取得）
S1n2l4a0,南稚内,Q8191370,みなみわっかない,minami-wakkanai,1922-11-01,30,Wikidata Q8191370（2026-10-07取得）
S1n32i16,保見,Q5890768,ほみ,homi,1988-01-31,14,Wikidata Q5890768（2026-10-07取得）
S1n3gxcu,板橋本町,Q1073933,いたばしほんちょう,itabashi-honcho,1968-12-27,26,Wikidata Q1073933（2026-10-07取得）
S1n4fwr5,河堀口,Q6424479,こぼれぐち,koboreguchi,1923-10-16,45,Wikidata Q6424479（2026-10-07取得）
S1n4md4e,三ツ屋,Q11354011,みつや,mitsuya,1925-05-10,46,Wikidata Q11354011（2026-10-07取得）
S1n4oixw,嵯峨嵐山,Q1044127,さがあらしやま,saga-arashiyama,1989,5,Wikidata Q1044127（2026-10-07取得）
S1n5c1h2,海路,Q6347735,かいじ,kaiji,1952-06-01,3,Wikidata Q6347735（2026-10-07取得）
S1n5ootk,西加積,Q11627294,にしかづみ,nishi-kazumi,1913-06-25,20,Wikidata Q11627294（2026-10-07取得）
S1n5wziw,宮山,Q265686,みややま,miyayama,1931-07-01,10,Wikidata Q265686（2026-10-07取得）
S1n64i3o,西藤原,Q11629483,にしふじわら,nishi-fujiwara,1931,1156,Wikidata Q11629483（2026-10-07取得）
S1n68hk1,高岩,Q7677090,たかいわ,takaiwa,1919-03-11,48,Wikidata Q7677090（2026-10-07取得）
S1n6msti,東高円寺,Q1078443,ひがしこうえんじ,higashi-koenji,1964-09-18,75,Wikidata Q1078443（2026-10-07取得）
S1n6ozs4,黒姫,Q6446303,くろひめ,kurohime,1888-05-01,32,Wikidata Q6446303（2026-10-07取得）
S1n6uv2c,愛宕,Q899118,あたご,atago,1962-07-01,13,Wikidata Q899118（2026-10-07取得）
S1n7qcsx,皆瀬,Q11580977,かいぜ,kaize,1920-03-27,8,Wikidata Q11580977（2026-10-07取得）
S1n7tovo,日向前田,Q5962834,ひゅうがまえだ,hyuga maeda,1947-03-01,20,Wikidata Q5962834（2026-10-07取得）
S1n87gal,余目,Q4740358,あまるめ,amarume,1914-09-20,6,Wikidata Q4740358（2026-10-07取得）
S1n87ox9,櫛田神社前,Q107395376,くしだじんじゃまえ,kushida shrine,2023-03-27,1,Wikidata Q107395376（2026-10-07取得）
S1n8lzq3,南風崎,Q5638286,はえのさき,haenosaki,1898-01-20,22,Wikidata Q5638286（2026-10-07取得）
S1n8qg7j,新川町,Q7497647,,shinkawamachi,1914,36,Wikidata Q7497647（2026-10-07取得）
S1n8vaq1,伊勢朝日,Q6079506,いせあさひ,ise-asahi,1929,15,Wikidata Q6079506（2026-10-07取得）
S1n9mdvi,二上,Q7034597,にじょう,nijo,1927-07-01,12,Wikidata Q7034597（2026-10-07取得）
S1na4eeu,JR小倉,Q1049411,ジェイアールおぐら,jr ogura,2001-03-03,40,Wikidata Q1049411（2026-10-07取得）
S1nak1n2,すずかけ台,Q7651185,すずかけだい,suzukakedai,1972-04-01,30,Wikidata Q7651185（2026-10-07取得）
S1nbidc6,郷沢,Q5627759,ごうさわ,gosawa,1959-11-25,17,Wikidata Q5627759（2026-10-07取得）
S1nbondv,上相浦,Q11359964,かみあいのうら,kami-ainoura,1920-03-27,37,Wikidata Q11359964（2026-10-07取得）
S1nbpwnd,霧島温泉,Q5375612,きりしまおんせん,kirishima-onsen,1908-07-11,9,Wikidata Q5375612（2026-10-07取得）
S1nc1c6e,烏江,Q6368652,,karasue,1915-01-01,48,Wikidata Q6368652（2026-10-07取得）
S1nc9u2l,大館,Q8081437,おおだて,odate,1899-11-15,71,Wikidata Q8081437（2026-10-07取得）
S1ncbv40,西大崎,Q247570,にしおおさき,nishi-osaki,1917-11-01,27,Wikidata Q247570（2026-10-07取得）
S1ncuejs,傘松,Q80168396,,kasamatsu,1927-08-13,0,Wikidata Q80168396（2026-10-07取得）
S1ncwaph,石倉,Q864253,いしくら,ishikura,1903-11-03,38,Wikidata Q864253（2026-10-07取得）
S1ndag83,天矢場,Q7699102,てんやば,ten'yaba,1992-03-14,35,Wikidata Q7699102（2026-10-07取得）
S1ndg1pi,矢部,Q844663,やべ,yabe,1950-09-01,21,Wikidata Q844663（2026-10-07取得）
S1ndlptq,京成高砂,Q4162460,けいせいたかさご,keisei-takasago,1912-11-03,90,Wikidata Q4162460（2026-10-07取得）
S1ndoeox,燕三条,Q1131871,つばめさんじょう,tsubame-sanjo,1982-11-15,75,Wikidata Q1131871（2026-10-07取得）
S1ndtp22,芦屋,Q1155425,あしや,ashiya,1913-08-01,30,Wikidata Q1155425（2026-10-07取得）
S1ndvzbm,小松,Q5359990,こまつ,komatsu,1897-09-20,35,Wikidata Q5359990（2026-10-07取得）
S1ndwesv,九条,Q1132633,くじょう,kujo,1964-10-31,120,Wikidata Q1132633（2026-10-07取得）
S1ndy71w,東觜崎,Q5753553,ひがしはしさき,higashi-hashisaki,1931-12-23,42,Wikidata Q5753553（2026-10-07取得）
S1neqkjg,板橋区役所前,Q1039760,いたばしくやくしょまえ,itabashi-kuyakushomae,1968-12-27,10,Wikidata Q1039760（2026-10-07取得）
S1neusqt,芝公園,Q905609,しばこうえん,shibakoen,1973-11-27,63,Wikidata Q905609（2026-10-07取得）
S1newn5b,船戸,Q2646859,ふなと,funato,1899,43,Wikidata Q2646859（2026-10-07取得）
S1nfaohy,伊予平野,Q899620,いよひらの,iyo-hirano,1936-09-19,12,Wikidata Q899620（2026-10-07取得）
S1nflre6,伊豆多賀,Q11380555,いずたが,izu-taga,1935-03-30,48,Wikidata Q11380555（2026-10-07取得）
S1ng638i,塩之沢,Q5356207,しおのさわ,shionosawa,1933-09-01,32,Wikidata Q5356207（2026-10-07取得）
S1nhoo80,伊勢川口,Q4559472,いせかわぐち,ise-kawaguchi,1925-11-27,27,Wikidata Q4559472（2026-10-07取得）
S1nhuq6t,桜田門,Q277196,さくらだもん,sakuradamon,1974-10-30,11,Wikidata Q277196（2026-10-07取得）
S1nhx05g,相野,Q1043180,あいの,aino,1899,21,Wikidata Q1043180（2026-10-07取得）
S1ni2mly,柏原南口,Q6374367,かしわらみなみぐち,kashiwara-minamiguchi,1911-11-12,38,Wikidata Q6374367（2026-10-07取得）
S1niohel,西大原,Q7040469,にしおおはら,nishi-ohara,1960-06-20,8,Wikidata Q7040469（2026-10-07取得）
S1nj062w,折本,Q7102680,おりもと,orimoto,1912-04-01,20,Wikidata Q7102680（2026-10-07取得）
S1njs35b,三方,Q6845725,,mikata,1917-12-15,8,Wikidata Q6845725（2026-10-07取得）
S1nk810y,修学院,Q7506264,しゅうがくいん,shugakuin,1925,49,Wikidata Q7506264（2026-10-07取得）
S1nkhfj7,徳田,Q4559482,,tokuda,1991,27,Wikidata Q4559482（2026-10-07取得）
S1nlbl4c,神野,Q3096678,かんの,kanno,1913-04-01,12,Wikidata Q3096678（2026-10-07取得）
S1nlr447,永原,Q5363118,,nagahara,1974,25,Wikidata Q5363118（2026-10-07取得）
S1nmlt8z,太閤通,Q850809,,taiko-dori,1989-09-10,26,Wikidata Q850809（2026-10-07取得）
S1nmok08,狭山市,Q7429114,さやまし,sayamashi,1895-03-21,56,Wikidata Q7429114（2026-10-07取得）
S1nmqy75,浅草橋,Q800404,あさくさばし,asakusabashi,1932-07-01,73,Wikidata Q800404（2026-10-07取得）
S1nntar1,芦屋,Q4805173,あしや,ashiya,1905,55,Wikidata Q4805173（2026-10-07取得）
S1nnue3z,大町,Q11438006,,omachi,1911-11-18,24,Wikidata Q11438006（2026-10-07取得）
S1no2vww,海ノ中道,Q7881550,,umi-no-nakamichi,1935-07-01,50,Wikidata Q7881550（2026-10-07取得）
S1nobelb,貴志,Q11634778,,kishi,1933-08-18,26,Wikidata Q11634778（2026-10-07取得）
S1nofycv,大阪港,Q1132628,おおさかこう,osakako,1961-12-11,27,Wikidata Q1132628（2026-10-07取得）
S1nokpz1,湯平,Q8061354,,yunohira,1923-09-29,33,Wikidata Q8061354（2026-10-07取得）
S1noku4p,知立,Q5102035,,chiryu,1959,68,Wikidata Q5102035（2026-10-07取得）
S1nopb15,上湯沢,Q6357217,かみゆざわ,kami-yuzawa,1956-11-28,19,Wikidata Q6357217（2026-10-07取得）
S1np0kos,八草,Q8047246,やくさ,yakusa,1988-01-31,24,Wikidata Q8047246（2026-10-07取得）
S1np8bn4,北条,Q4347765,きたじょう,kitajo,1897-11-20,5,Wikidata Q4347765（2026-10-07取得）
S1npentl,柘植,Q3701483,つげ,tsuge,1890,42,Wikidata Q3701483（2026-10-07取得）
S1npktpi,日進,Q844375,にっしん,nisshin,1940-07-22,15,Wikidata Q844375（2026-10-07取得）
S1nprry0,彫刻の森,Q3096249,ちょうこくのもり,chokoku-no-mori,1919-06-01,21,Wikidata Q3096249（2026-10-07取得）
S1nqk0s3,苅藻,Q6373648,,karumo,2001-07-07,38,Wikidata Q6373648（2026-10-07取得）
S1nqoltu,八次,Q3661764,やつぎ,yatsugi,1922-06-07,19,Wikidata Q3661764（2026-10-07取得）
S1nqs53t,桜井,Q8192475,,sakurai,1910-04-12,15,Wikidata Q8192475（2026-10-07取得）
S1nrni7v,羽前成田,Q7904855,うぜんなりた,uzen-narita,1922-12-11,11,Wikidata Q7904855（2026-10-07取得）
S1nrr9b0,松原,Q6788015,,matsubara,1898-01-20,82,Wikidata Q6788015（2026-10-07取得）
S1nrrm7o,高田,Q3615865,たかだ,takada,1891,36,Wikidata Q3615865（2026-10-07取得）
S1ns3bd1,西大洲,Q899566,にしおおず,nishi-ozu,1961-10-20,18,Wikidata Q899566（2026-10-07取得）
S1ns5fby,十三,Q866163,じゅうそう,juso,1910,99,Wikidata Q866163（2026-10-07取得）
S1ns7g70,禅昌寺,Q11270854,ぜんしょうじ,zenshoji,1931-05-09,20,Wikidata Q11270854（2026-10-07取得）
S1nsb64u,加賀笠間,Q5359826,かがかさま,kaga-kasama,1923-08-01,50,Wikidata Q5359826（2026-10-07取得）
S1nsdnkc,伏木,Q5510021,ふしき,fushiki,1900-12-29,24,Wikidata Q5510021（2026-10-07取得）
S1nsi4ae,近義の里,Q6425803,,koginosato,1969,39,Wikidata Q6425803（2026-10-07取得）
S1ntj5il,牟礼,Q5356170,むれ,mure,1888-05-01,18,Wikidata Q5356170（2026-10-07取得）
S1ntvo96,草津,Q775813,くさつ,kusatsu,1889,43,Wikidata Q775813（2026-10-07取得）
S1nui7k6,当麻,Q7862702,とうま,toma,1922,5,Wikidata Q7862702（2026-10-07取得）
S1nuovy9,桜井,Q7403205,,sakurai,1926,63,Wikidata Q7403205（2026-10-07取得）
S1nv7ef7,仙北町,Q900140,せんぼくちょう,senbokucho,1915-01-05,37,Wikidata Q900140（2026-10-07取得）
S1nvnos6,松崎,Q11530239,,matsuzaki,1939-04-28,17,Wikidata Q11530239（2026-10-07取得）
S1nw45c8,天塩川温泉,Q7705483,てしおがわおんせん,teshiogawa-onsen,1956-07-01,27,Wikidata Q7705483（2026-10-07取得）
S1nwwp37,阿波座,Q1134468,あわざ,awaza,1964-10-31,66,Wikidata Q1134468（2026-10-07取得）
S1nx271x,ジヤトコ前,Q6164530,,jatco-mae,1949,3,Wikidata Q6164530（2026-10-07取得）
S1nx5xk7,古賀,Q5359651,こが,koga,1890,35,Wikidata Q5359651（2026-10-07取得）
S1nx6upq,北13条東,Q6417552,きたじゅうさんじょうひがし,kita-jusan-jo-higashi,1988-12-02,10,Wikidata Q6417552（2026-10-07取得）
S1nxdvb1,常盤,Q11481547,ときわ,tokiwa,1992-09-07,15,Wikidata Q11481547（2026-10-07取得）
S1nxmur3,音別,Q899349,おんべつ,onbetsu,1903-03-01,39,Wikidata Q899349（2026-10-07取得）
S1ny1r02,伊豆仁田,Q6102197,いずにった,izu-nitta,1921-07-01,40,Wikidata Q6102197（2026-10-07取得）
S1ny6ie7,検見川浜,Q2493887,けみがわはま,kemigawahama,1986-03-03,17,Wikidata Q2493887（2026-10-07取得）
S1nyqu5k,上越国際スキー場前,Q3660507,じょうえつこくさいスキーじょうまえ,joetsu international skiing ground,1997-12-27,58,Wikidata Q3660507（2026-10-07取得）
S1nz5sv5,箱根湯本,Q2593075,はこねゆもと,hakone-yumoto,1919-06-01,4,Wikidata Q2593075（2026-10-07取得）
S1nz7ecg,隈之城,Q5297757,くまのじょう,kumanojo,1914-06-01,21,Wikidata Q5297757（2026-10-07取得）
S1nzhywo,後楽園,Q1156432,こうらくえん,korakuen,1954-01-20,60,Wikidata Q1156432（2026-10-07取得）
S1o0l4we,木ノ下,Q991125,きのした,kinoshita,1911-02-22,17,Wikidata Q991125（2026-10-07取得）
S1o0pmry,北柏,Q5364151,きたかしわ,kita-kashiwa,1970-04-10,6,Wikidata Q5364151（2026-10-07取得）
S1o132f7,洛西口,Q609427,らくさいぐち,rakusaiguchi,2003,52,Wikidata Q609427（2026-10-07取得）
S1o1bybk,豊郷,Q7830718,,toyosato,1898,12,Wikidata Q7830718（2026-10-07取得）
S1o1i7t7,小牛田,Q899134,こごた,kogota,1890-04-16,50,Wikidata Q899134（2026-10-07取得）
S1o1ig48,京成上野,Q907059,けいせいうえの,keisei ueno,1933-10-10,11,Wikidata Q907059（2026-10-07取得）
S1o1l7bv,安曇沓掛,Q4833081,あずみくつかけ,azumi-kutsukake,1915-11-02,22,Wikidata Q4833081（2026-10-07取得）
S1o28m5g,三国港,Q6850275,みくにみなと,mikuni minato,1927-12-15,33,Wikidata Q6850275（2026-10-07取得）
S1o32v3h,相武台下,Q7667566,そうぶだいした,sobudaishita,1931-04-29,65,Wikidata Q7667566（2026-10-07取得）
S1o35x6p,相生,Q1132350,あいおい,aioi,1890-07-10,17,Wikidata Q1132350（2026-10-07取得）
S1o3xn5z,富岡,Q7818925,とみおか,tomioka,1898-08-23,82,Wikidata Q7818925（2026-10-07取得）
S1o46h83,寺田,Q7701503,,terada,1928-11-03,8,Wikidata Q7701503（2026-10-07取得）
S1o4npcp,石原,Q871655,いさ,isa,1904-11-03,64,Wikidata Q871655（2026-10-07取得）
S1o5q11n,栃原,Q8009807,とちはら,tochihara,1923-03-20,6,Wikidata Q8009807（2026-10-07取得）
S1o5qcbn,羽田空港第2ターミナル,Q5647754,はねだくうこうだいにターミナル,haneda airport terminal 2,2004-12-01,8,Wikidata Q5647754（2026-10-07取得）
S1o5vmrx,南蛇井,Q11408406,なんじゃい,nanjai,1897-07-02,21,Wikidata Q11408406（2026-10-07取得）
S1o65pj3,栗丘,Q6446065,,kurioka,1943-09-25,43,Wikidata Q6446065（2026-10-07取得）
S1o65zi4,仲御徒町,Q1072993,なかおかちまち,naka-okachimachi,1961-03-28,33,Wikidata Q1072993（2026-10-07取得）
S1o6d8fm,侍浜,Q6543142,さむらいはま,samuraihama,1930-03-27,49,Wikidata Q6543142（2026-10-07取得）
S1o6gp1v,南流山,Q267770,みなみながれやま,minami-nagareyama,1973-04-01,17,Wikidata Q267770（2026-10-07取得）
S1o6nidb,淀屋橋,Q1131721,よどやばし,yodoyabashi,1933-05-20,115,Wikidata Q1131721（2026-10-07取得）
S1o6o72r,公文明,Q11392051,,kumommyo,1952-09-30,37,Wikidata Q11392051（2026-10-07取得）
S1o6qgqi,牛浜,Q7901942,うしはま,ushihama,1944-03-01,88,Wikidata Q7901942（2026-10-07取得）
S1o6v3kr,桃園,Q2816046,ももぞの,momozono,1930,24,Wikidata Q2816046（2026-10-07取得）
S1o6vphp,京成八幡,Q4502328,けいせいやわた,keisei yawata,1915-11-03,10,Wikidata Q4502328（2026-10-07取得）
S1o7zliw,札苅,Q5360674,さつかり,satsukari,1930-10-25,5,Wikidata Q5360674（2026-10-07取得）
S1o87mrn,北国分,Q5366284,きたこくぶん,kita-kokubun,1991-03-31,19,Wikidata Q5366284（2026-10-07取得）
S1o8981b,蘭島,Q861309,らんしま,ranshima,1902-12-10,52,Wikidata Q861309（2026-10-07取得）
S1o8ke2c,石原,Q6080414,いしわら,ishiwara,1901-10-07,65,Wikidata Q6080414（2026-10-07取得）
S1o8tfho,大野,Q8081664,おおの,ono,1904-11-22,28,Wikidata Q8081664（2026-10-07取得）
S1o8u8h9,近江舞子,Q5363235,,omi-maiko,1974,57,Wikidata Q5363235（2026-10-07取得）
S1o8yu17,斗米,Q7818232,とまい,tomai,1962-12-10,14,Wikidata Q7818232（2026-10-07取得）
S1o9ctsi,中河原,Q4312482,なかがわら,nakagawara,1925-03-24,26,Wikidata Q4312482（2026-10-07取得）
S1o9iuw7,孝子,Q11448024,きょうし,kyoshi,1915-04-11,32,Wikidata Q11448024（2026-10-07取得）
S1o9xg3a,塩郷,Q7497868,しおごう,shiogo,1930-09-23,7,Wikidata Q7497868（2026-10-07取得）
S1oa0t6x,足柄,Q1108294,あしがら,ashigara,1927-04-01,13,Wikidata Q1108294（2026-10-07取得）
S1oa43bx,橋本,Q4357053,,hashimoto,2005-02-03,23,Wikidata Q4357053（2026-10-07取得）
S1oa8dms,西浜田,Q7040341,にしはまだ,nishi-hamada,1922-03-10,16,Wikidata Q7040341（2026-10-07取得）
S1oabr9n,大江山口内宮,Q8081450,おおえやまぐちないく,oeyamaguchi-naiku,1988-07-16,9,Wikidata Q8081450（2026-10-07取得）
S1oae7z8,鷲別,Q7971497,わしべつ,washibetsu,1901,42,Wikidata Q7971497（2026-10-07取得）
S1oaid9u,千葉,Q800625,ちば,chiba,1894-07-20,55,Wikidata Q800625（2026-10-07取得）
S1oap9sb,東総元,Q5753509,ひがしふさもと,higashi-fusamoto,1937-02-01,6,Wikidata Q5753509（2026-10-07取得）
S1obpjxz,清川,Q6419011,きよかわ,kiyokawa,1914-06-14,3,Wikidata Q6419011（2026-10-07取得）
S1ocd0yr,信濃追分,Q7497263,しなのおいわけ,shinano-oiwake,1909-06-25,135,Wikidata Q7497263（2026-10-07取得）
S1ocewzo,呼人,Q8054236,よびと,yobito,1923,10,Wikidata Q8054236（2026-10-07取得）
S1ocgixy,木津,Q6419249,きづ,kizu,1937,33,Wikidata Q6419249（2026-10-07取得）
S1ocqly7,伊豆長岡,Q6102191,いずながおか,izu-nagaoka,1898-05-20,13,Wikidata Q6102191（2026-10-07取得）
S1od7o16,柴山,Q872074,しばやま,shibayama,1947-06-26,19,Wikidata Q872074（2026-10-07取得）
S1odfr8q,新木曽川,Q7497108,,shin-kisogawa,1935-04-29,28,Wikidata Q7497108（2026-10-07取得）
S1odjddy,柏原,Q1043199,かいばら,kaibara,1899-05-25,9,Wikidata Q1043199（2026-10-07取得）
S1odl9zv,志賀,Q86873,,shiga,1974,17,Wikidata Q86873（2026-10-07取得）
S1odpin2,紀三井寺,Q3455733,きみいでら,kimiidera,1924-02-28,23,Wikidata Q3455733（2026-10-07取得）
S1odspph,西武球場前,Q7446591,せいぶきゅうじょうまえ,seibu-kyujo-mae,1929-05-01,72,Wikidata Q7446591（2026-10-07取得）
S1odzjaq,上島,Q169614,かみじま,kamijima,1909-12-06,32,Wikidata Q169614（2026-10-07取得）
S1oe14hp,天王洲アイル,Q841425,てんのうずアイル,tennozu isle,1992-06-19,123,Wikidata Q841425（2026-10-07取得）
S1oefb2i,矢田,Q8046502,,yada,1905,7,Wikidata Q8046502（2026-10-07取得）
S1oeu0kf,東野尻,Q5753783,ひがしのじり,higashi-nojiri,1951-08-10,18,Wikidata Q5753783（2026-10-07取得）
S1ofb9w3,岩代,Q2897566,いわしろ,iwashiro,1931-09-21,57,Wikidata Q2897566（2026-10-07取得）
S1ofjvq4,馬来田,Q6740491,まくた,makuta,1912-12-28,16,Wikidata Q6740491（2026-10-07取得）
S1ofyj3e,廿日市,Q5358343,はつかいち,hatsukaichi,1897-09-25,21,Wikidata Q5358343（2026-10-07取得）
S1og5jxe,茂木,Q6917169,もてぎ,motegi,1920-12-15,16,Wikidata Q6917169（2026-10-07取得）
S1ogldtx,白川口,Q5358687,しらかわぐち,shirakawaguchi,1918-12-28,27,Wikidata Q5358687（2026-10-07取得）
S1ogml2y,岡寺,Q7081721,,okadera,1923-12-05,13,Wikidata Q7081721（2026-10-07取得）
S1ohi7yf,蒲郡競艇場前,Q5519548,,gamagori-kyoteijo-mae,1936,30,Wikidata Q5519548（2026-10-07取得）
S1ohjfqf,京成金町,Q6383841,けいせいかなまち,keisei kanamachi,1913-10-21,12,Wikidata Q6383841（2026-10-07取得）
S1ohs34h,下宇和,Q899553,しもうわ,shimo-uwa,1941-07-02,23,Wikidata Q899553（2026-10-07取得）
S1ohx9vg,松本,Q843167,まつもと,matsumoto,1902-06-15,40,Wikidata Q843167（2026-10-07取得）
S1oim55w,越中島,Q844276,えっちゅうじま,etchujima,1990-03-10,19,Wikidata Q844276（2026-10-07取得）
S1ojjarm,松山町,Q899156,まつやままち,matsuyama-machi,1908-12-25,46,Wikidata Q899156（2026-10-07取得）
S1ojlfe6,西宮,Q7040673,にしのみや,nishinomiya,1905,117,Wikidata Q7040673（2026-10-07取得）
S1ojos20,三石,Q3611272,みついし,mitsuishi,1890-12-01,95,Wikidata Q3611272（2026-10-07取得）
S1ok0npx,北山,Q6417936,きたやま,kitayama,1989-03-11,15,Wikidata Q6417936（2026-10-07取得）
S1ok610r,駒川中野,Q135198,こまがわなかの,komagawa-nakano,1980-11-27,28,Wikidata Q135198（2026-10-07取得）
S1okherc,外苑前,Q275433,がいえんまえ,gaiemmae,1938-11-18,42,Wikidata Q275433（2026-10-07取得）
S1okmip9,東伏見,Q5753520,ひがしふしみ,higashi-fushimi,1927-04-16,57,Wikidata Q5753520（2026-10-07取得）
S1okov1o,千葉みなと,Q2648818,ちばみなと,chiba-minato,1986-03-03,97,Wikidata Q2648818（2026-10-07取得）
S1okt3r5,日下,Q6447751,くさか,kusaka,1924-03-30,4,Wikidata Q6447751（2026-10-07取得）
S1oljuy7,電鉄魚津,Q5259471,でんてつうおづ,dentetsu-uozu,1936-06-05,13,Wikidata Q5259471（2026-10-07取得）
S1omfwzn,ファミリー公園前,Q5433008,,family-koemmae,1979-07-01,2,Wikidata Q5433008（2026-10-07取得）
S1onlxcn,土佐岩原,Q900635,とさいわはら,tosa-iwahara,1935-11-28,4,Wikidata Q900635（2026-10-07取得）
S1onmtpt,南四日市,Q5358515,みなみよっかいち,minami-yokkaichi,1963,86,Wikidata Q5358515（2026-10-07取得）
S1onnnki,安土,Q649689,あづち,azuchi,1914-04-25,21,Wikidata Q649689（2026-10-07取得）
S1onqkup,米原,Q801158,まいばら,maibara,1889-07-01,61,Wikidata Q801158（2026-10-07取得）
S1oo0fic,沢渡,Q990214,さわんど,sawando,1913-12-27,48,Wikidata Q990214（2026-10-07取得）
S1oodeeu,こどもの国,Q6425420,,kodomonokuni,1936,26,Wikidata Q6425420（2026-10-07取得）
S1op3oyb,淡路,Q2070830,あわじ,awaji,1921,73,Wikidata Q2070830（2026-10-07取得）
S1op49wm,公園上,Q6455099,こうえんかみ,koen-kami,1921-12-01,14,Wikidata Q6455099（2026-10-07取得）
S1op5fgc,筑後草野,Q4778776,ちくごくさの,chikugo-kusano,1928-12-24,18,Wikidata Q4778776（2026-10-07取得）
S1opt9iw,水沼,Q6884893,みずぬま,mizunuma,1912-09-05,19,Wikidata Q6884893（2026-10-07取得）
S1oqbm11,中福良,Q5375706,なかふくら,nakafukura,1958-02-01,14,Wikidata Q5375706（2026-10-07取得）
S1oqwlm7,津山口,Q7850364,つやまぐち,tsuyamaguchi,1898-12-21,53,Wikidata Q7850364（2026-10-07取得）
S1or2p6g,手原,Q5362482,てはら,tehara,1922,42,Wikidata Q5362482（2026-10-07取得）
S1oraff7,美作千代,Q3661695,みまさかせんだい,mimasaka-sendai,1923-08-21,25,Wikidata Q3661695（2026-10-07取得）
S1orkd73,山陽姫路,Q7420806,さんようひめじ,sanyo himeji,1923,42,Wikidata Q7420806（2026-10-07取得）
S1orsqag,富合,Q5358342,とみあい,tomiai,2011-03-12,6,Wikidata Q5358342（2026-10-07取得）
S1oryamp,細畑,Q5908176,,hosobata,1926,15,Wikidata Q5908176（2026-10-07取得）
S1os91g0,大田郷,Q8081743,おおたごう,otago,1913-11-01,27,Wikidata Q8081743（2026-10-07取得）
S1osb3tk,東甘木,Q11528067,ひがしあまぎ,higashi-amagi,1938-10-01,58,Wikidata Q11528067（2026-10-07取得）
S1osr62o,今川,Q6002049,いまがわ,imagawa,1931-06-01,14,Wikidata Q6002049（2026-10-07取得）
S1osxscw,北与野,Q844444,きたよの,kita-yono,1985-09-30,12,Wikidata Q844444（2026-10-07取得）
S1otgwft,安岡,Q8050084,やすおか,yasuoka,1914-04-22,13,Wikidata Q8050084（2026-10-07取得）
S1otl135,西宮,Q1038072,にしのみや,nishinomiya,1874-05-11,84,Wikidata Q1038072（2026-10-07取得）
S1otwka5,松山,Q1058202,まつやま,matsuyama,1927,30,Wikidata Q1058202（2026-10-07取得）
S1ou05mf,道川,Q6837874,みちかわ,michikawa,1920-02-22,52,Wikidata Q6837874（2026-10-07取得）
S1ou5n2s,本郷,Q3611292,ほんごう,hongo,1894-06-10,80,Wikidata Q3611292（2026-10-07取得）
S1oua6pq,清水川,Q5357156,しみずがわ,shimizugawa,1922-11-10,47,Wikidata Q5357156（2026-10-07取得）
S1ouixxs,川島,Q6379871,かわしま,kawashima,1889-04-16,10,Wikidata Q6379871（2026-10-07取得）
S1ouv9nr,見沼代親水公園,Q6869774,みぬまだいしんすいこうえん,minumadai-shinsuikoen,2008-03-30,27,Wikidata Q6869774（2026-10-07取得）
S1ouw4wv,美深,Q4904819,びふか,bifuka,1911-11-03,52,Wikidata Q4904819（2026-10-07取得）
S1ovkun4,丸森,Q11368365,まるもり,marumori,1968-04-01,9,Wikidata Q11368365（2026-10-07取得）
S1ovs6ls,菜畑,Q11619979,なばた,nabata,1927-04-01,29,Wikidata Q11619979（2026-10-07取得）
S1ow09lh,塩川,Q7497875,しおかわ,shiokawa,1904-01-20,43,Wikidata Q7497875（2026-10-07取得）
S1ow8uof,高柳,Q7677472,たかやなぎ,takayanagi,1923-12-27,19,Wikidata Q7677472（2026-10-07取得）
S1owd6ii,新宮川,Q7497119,しんみやかわ,shin-miyakawa,1913-06-25,18,Wikidata Q7497119（2026-10-07取得）
S1owepir,松下,Q93433,まつした,matsushita,1963-04-01,48,Wikidata Q93433（2026-10-07取得）
S1oxc3js,新野,Q7034469,にいの,niino,1951-10-15,9,Wikidata Q7034469（2026-10-07取得）
S1oxhetj,鷲宮,Q844040,わしのみや,washinomiya,1902-09-06,21,Wikidata Q844040（2026-10-07取得）
S1oxhmi0,十川,Q7862690,とうかわ,tokawa,1974-03-01,23,Wikidata Q7862690（2026-10-07取得）
S1oxmpji,川路,Q984933,かわじ,kawaji,1927-12-26,28,Wikidata Q984933（2026-10-07取得）
S1oxy5vj,緑井,Q6842940,みどりい,midorii,1910-12-25,36,Wikidata Q6842940（2026-10-07取得）
S1oxzfar,妙寺,Q3467375,,myoji,1900-11-25,15,Wikidata Q3467375（2026-10-07取得）
S1oy0s8y,飯田岡,Q5994936,いいだおか,iidaoka,1926-05-19,24,Wikidata Q5994936（2026-10-07取得）
S1oy1k0f,下小田井,Q7496930,,shimo-otai,1912,93,Wikidata Q7496930（2026-10-07取得）
S1oybmtz,余戸,Q11385278,よご,yogo,1896-07-04,30,Wikidata Q11385278（2026-10-07取得）
S1oyki1g,本八戸,Q5891918,ほんはちのへ,hon-hachinohe,1898-01-04,9,Wikidata Q5891918（2026-10-07取得）
S1oyxtbg,豊島園,Q110471043,としまえん,toshimaen,1991-12-10,59,Wikidata Q110471043（2026-10-07取得）
S1oyyma6,馬路,Q5356662,まじ,maji,1918-11-25,1,Wikidata Q5356662（2026-10-07取得）
S1oz7iv7,八幡,Q5637051,はちまん,hachiman,1928-04-27,10,Wikidata Q5637051（2026-10-07取得）
S1oz9smr,義塾高校前,Q5560420,ぎじゅくこうこうまえ,gijukukokomae,1987-11-01,20,Wikidata Q5560420（2026-10-07取得）
S1p0s9vy,石井,Q6080210,いしい,ishii,1994-12-03,3,Wikidata Q6080210（2026-10-07取得）
S1p13nl9,六反地,Q10893121,ろくたんじ,rokutanji,1961-04-15,24,Wikidata Q10893121（2026-10-07取得）
S1p1b4rs,下関,Q1130253,しものせき,shimonoseki,1901-05-27,24,Wikidata Q1130253（2026-10-07取得）
S1p2bitb,安芸幸崎,Q4701218,あきさいざき,akisaizaki,1931-04-28,27,Wikidata Q4701218（2026-10-07取得）
S1p2fs16,浦和,Q652141,うらわ,urawa,1883-07-28,11,Wikidata Q652141（2026-10-07取得）
S1p2sjig,井尻,Q5995184,いじり,ijiri,1924-04-12,45,Wikidata Q5995184（2026-10-07取得）
S1p30fr1,笠間,Q6373988,かさま,kasama,1889-01-16,43,Wikidata Q6373988（2026-10-07取得）
S1p399vi,磐城浅川,Q6100351,いわきあさかわ,iwaki-asakawa,1934-04-12,21,Wikidata Q6100351（2026-10-07取得）
S1p3yfxl,米内沢,Q11604017,よないざわ,yonaizawa,1934-12-10,43,Wikidata Q11604017（2026-10-07取得）
S1p40jh7,函館,Q1151274,はこだて,hakodate,1902-12-10,30,Wikidata Q1151274（2026-10-07取得）
S1p46f1k,御茶ノ水,Q801289,おちゃのみず,ochanomizu,1904-12-31,86,Wikidata Q801289（2026-10-07取得）
S1p5v6q2,新潟,Q701753,にいがた,niigata,1904-05-03,48,Wikidata Q701753（2026-10-07取得）
S1p6lzpc,常陸津田,Q5871609,ひたちつだ,hitachi-tsuda,1935-09-01,25,Wikidata Q5871609（2026-10-07取得）
S1p6sta0,勝間,Q6378126,かつま,katsuma,1934-03-28,18,Wikidata Q6378126（2026-10-07取得）
S1p6wdul,向市場,Q777155,むかいちば,mukaichiba,1955-11-11,27,Wikidata Q777155（2026-10-07取得）
S1p74ty4,田代,Q5359292,たしろ,tashiro,1889-12-11,67,Wikidata Q5359292（2026-10-07取得）
S1p78f6p,城陽,Q1049427,じょうよう,joyo,1958,83,Wikidata Q1049427（2026-10-07取得）
S1p7tn1z,唐人町,Q4357468,,tojinmachi,1981-07-26,14,Wikidata Q4357468（2026-10-07取得）
S1p8zssn,新居浜,Q873300,にいはま,niihama,1921-06-21,58,Wikidata Q873300（2026-10-07取得）
S1p91940,門静,Q900399,,monshizu,1917-12-01,4,Wikidata Q900399（2026-10-07取得）
S1p97cua,鳥羽中,Q7811544,,tobanaka,1935-10-01,40,Wikidata Q7811544（2026-10-07取得）
S1p99rjt,北越谷,Q842492,きたこしがや,kita-koshigaya,1899-08-27,36,Wikidata Q842492（2026-10-07取得）
S1p9buzg,三河三谷,Q871567,みかわみや,mikawa miya,1929-07-03,186,Wikidata Q871567（2026-10-07取得）
S1p9facz,越中中川,Q5402525,えっちゅうなかがわ,etchu-nakagawa,1916-04-01,19,Wikidata Q5402525（2026-10-07取得）
S1p9m8eq,野芥,Q4357433,,noke,2005-02-03,48,Wikidata Q4357433（2026-10-07取得）
S1p9ymfm,喜入,Q872715,,kiire,1934-05-20,15,Wikidata Q872715（2026-10-07取得）
S1pagncn,古淵,Q844706,こぶち,kobuchi,1988-03-13,1,Wikidata Q844706（2026-10-07取得）
S1pb5dz5,黒石,Q11678754,,kuroishi,1913-08-27,14,Wikidata Q11678754（2026-10-07取得）
S1pb8vkc,都賀,Q7849953,つが,tsuga,1912-11-01,38,Wikidata Q7849953（2026-10-07取得）
S1pbg4si,和田浜,Q4207602,わだはま,wadahama,1951-11-01,20,Wikidata Q4207602（2026-10-07取得）
S1pbgyih,中村,Q8190561,なかむら,nakamura,1970-10-01,16,Wikidata Q8190561（2026-10-07取得）
S1pbnmfh,伊予大洲,Q898968,いよおおず,iyo-ozu,1918-02-14,14,Wikidata Q898968（2026-10-07取得）
S1pbqjx0,北神戸,Q6417534,,kita-godo,1986-03-27,25,Wikidata Q6417534（2026-10-07取得）
S1pcbj0q,中愛別,Q6960081,なかあいべつ,naka-aibetsu,1923,20,Wikidata Q6960081（2026-10-07取得）
S1pcd6cf,村山,Q11523171,むらやま,murayama,1926-06-28,61,Wikidata Q11523171（2026-10-07取得）
S1pcdyjh,北安城,Q6417513,,kita-anjo,1926,22,Wikidata Q6417513（2026-10-07取得）
S1pcw0sv,下浦,Q7497021,しもうら,shimoura,1934-09-20,31,Wikidata Q7497021（2026-10-07取得）
S1pe3vhq,福工大前,Q5359432,ふっこうだいまえ,fukkodaimae,1915-06-01,63,Wikidata Q5359432（2026-10-07取得）
S1pezrbr,西袋,Q7040516,にしぶくろ,nishibukuro,1944-06-01,4,Wikidata Q7040516（2026-10-07取得）
S1pf7vbe,青物横丁,Q852188,あおものよこちょう,aomono-yokocho,1904-05-08,24,Wikidata Q852188（2026-10-07取得）
S1pfnz1i,船津,Q5357691,ふなつ,funatsu,1934-12-19,10,Wikidata Q5357691（2026-10-07取得）
S1pfp80k,鳥取,Q858295,とっとり,tottori,1908-04-05,99,Wikidata Q858295（2026-10-07取得）
S1pfz48j,市原,Q5986135,いちはら,ichihara,1928-12-01,17,Wikidata Q5986135（2026-10-07取得）
S1pgaxfh,東鷲宮,Q845454,ひがしわしのみや,higashi-washinomiya,1981-04-15,41,Wikidata Q845454（2026-10-07取得）
S1pgc9j1,名城公園,Q863874,,meijo koen,1971-12-20,17,Wikidata Q863874（2026-10-07取得）
S1pgcd18,三井野原,Q6845439,みいのはら,miinohara,1949-12-24,16,Wikidata Q6845439（2026-10-07取得）
S1pgj7it,陸中中野,Q6543365,りくちゅうなかの,rikuchu-nakano,1930-03-27,20,Wikidata Q6543365（2026-10-07取得）
S1pgjyow,北久米,Q11400900,きたくめ,kita-kume,1967-01-01,29,Wikidata Q11400900（2026-10-07取得）
S1pgouru,十府ヶ浦海岸,Q27668662,とふがうらかいがん,tofugaura-kaigan,2017-03-25,26,Wikidata Q27668662（2026-10-07取得）
S1pgp99m,さっぽろ,Q7421111,さっぽろ,sapporo,1971-12-16,150,Wikidata Q7421111（2026-10-07取得）
S1pi2nal,本八幡,Q1142065,もとやわた,motoyawata,1935-09-01,40,Wikidata Q1142065（2026-10-07取得）
S1pi951t,立山,Q7688024,たてやま,tateyama,1954-08-01,8,Wikidata Q7688024（2026-10-07取得）
S1pikzdn,西八王子,Q500790,にしはちおうじ,nishi-hachioji,1939-04-01,72,Wikidata Q500790（2026-10-07取得）
S1pinz8w,大塚,Q8081825,,ozuka,1994-08-20,49,Wikidata Q8081825（2026-10-07取得）
S1piwt6d,江別,Q872626,えべつ,ebetsu,1882-11-13,74,Wikidata Q872626（2026-10-07取得）
S1pjbtih,三宅八幡,Q10865749,,miyake-hachiman,1925-09-27,8,Wikidata Q10865749（2026-10-07取得）
S1pjpome,敷浪,Q7496593,しきなみ,shikinami,1898-04-24,23,Wikidata Q7496593（2026-10-07取得）
S1pjrkf7,新玉名,Q1136695,しんたまな,shin-tamana,2011,51,Wikidata Q1136695（2026-10-07取得）
S1pjvl2x,保谷,Q843153,ほうや,hoya,1915-04-15,97,Wikidata Q843153（2026-10-07取得）
S1pjx52f,馬庭,Q11667961,まにわ,maniwa,1897-05-05,45,Wikidata Q11667961（2026-10-07取得）
S1pk47vm,玉野,Q7680698,,tamano,1924,22,Wikidata Q7680698（2026-10-07取得）
S1pk65gz,大関,Q8081820,,ozeki,1928-12-30,21,Wikidata Q8081820（2026-10-07取得）
S1pkr65e,児玉,Q845035,こだま,kodama,1931-07-01,25,Wikidata Q845035（2026-10-07取得）
S1pktaze,室蘭,Q6938861,むろらん,muroran,1897-07-01,143,Wikidata Q6938861（2026-10-07取得）
S1pkx797,江田,Q5335640,えだ,eda,1948-10-01,70,Wikidata Q5335640（2026-10-07取得）
S1pl9uj7,冷水浦,Q3381845,しみずうら,shimizuura,1938-12-15,47,Wikidata Q3381845（2026-10-07取得）
S1plarrf,すずらんの里,Q7651399,すずらんのさと,suzurannosato,1985-10-31,24,Wikidata Q7651399（2026-10-07取得）
S1plcpr3,福生,Q5510343,ふっさ,fussa,1894-11-19,24,Wikidata Q5510343（2026-10-07取得）
S1plgnvp,豊前長洲,Q5003443,ぶぜんながす,buzen-nagasu,1911-04-22,58,Wikidata Q5003443（2026-10-07取得）
S1plp2mj,阿倍野,Q135196,あべの,abeno,1910-10-01,82,Wikidata Q135196（2026-10-07取得）
S1pm01fy,神村学園前,Q5297473,かみむらがくえんまえ,kamimuragakuenmae,2010-03-13,14,Wikidata Q5297473（2026-10-07取得）
S1pm5rgs,志摩横山,Q7496800,しまよこやま,shima-yokoyama,1929,49,Wikidata Q7496800（2026-10-07取得）
S1pmfvkw,西舞子,Q11629438,にしまいこ,nishi-maiko,1917-04-12,24,Wikidata Q11629438（2026-10-07取得）
S1pmfw1p,京都,Q801046,きょうと,kyoto,1877-02-05,29,Wikidata Q801046（2026-10-07取得）
S1pndr7u,群馬大津,Q5618868,ぐんまおおつ,gunma-otsu,1971-03-07,11,Wikidata Q5618868（2026-10-07取得）
S1pnlbtb,春日,Q5359417,かすが,kasuga,1989-03-11,117,Wikidata Q5359417（2026-10-07取得）
S1pnqmos,麻植塚,Q7078725,おえづか,oezuka,1934-09-20,11,Wikidata Q7078725（2026-10-07取得）
S1pntwtf,橋本,Q3558008,はしもと,hashimoto,1898-04-11,23,Wikidata Q3558008（2026-10-07取得）
S1pnvlbm,センター南,Q844629,センターみなみ,center-minami,1993-03-18,41,Wikidata Q844629（2026-10-07取得）
S1po5zzl,陸前谷地,Q7334144,りくぜんやち,rikuzen-yachi,1960-08-13,22,Wikidata Q7334144（2026-10-07取得）
S1podfvc,福居,Q5507654,ふくい,fukui,1907-08-27,23,Wikidata Q5507654（2026-10-07取得）
S1poliuw,栂・美木多,Q7813027,とが・みきた,toga-mikita,1973-12-07,27,Wikidata Q7813027（2026-10-07取得）
S1poqe7z,フラワータウン,Q5462195,フラワータウン,flower town,1991-10-28,14,Wikidata Q5462195（2026-10-07取得）
S1poutde,向河原,Q5366346,むかいがわら,mukaigawara,1927-03-09,80,Wikidata Q5366346（2026-10-07取得）
S1pp9gwd,亀山,Q5358681,かめやま,kameyama,1890-12-25,71,Wikidata Q5358681（2026-10-07取得）
S1pp9ptc,西庶路,Q899385,,nishi-shoro,1941-03-28,2,Wikidata Q899385（2026-10-07取得）
S1ppmchb,馬下,Q6753692,まおろし,maoroshi,1910-10-25,26,Wikidata Q6753692（2026-10-07取得）
S1pppb6l,相内,Q4697471,あいのない,ainonai,1912,77,Wikidata Q4697471（2026-10-07取得）
S1pq0879,岳南富士岡,Q5517710,,gakunan-fujioka,1951,47,Wikidata Q5517710（2026-10-07取得）
S1pq2dc8,丸山下,Q6778056,まるやました,maruyamashita,1928-11-10,33,Wikidata Q6778056（2026-10-07取得）
S1pqt8rn,綾部,Q871639,あやべ,ayabe,1904-11-03,64,Wikidata Q871639（2026-10-07取得）
S1pr898g,琴似,Q3563783,ことに,kotoni,1976-06-10,62,Wikidata Q3563783（2026-10-07取得）
S1prdfwz,大阪阿部野橋,Q6801405,おおさかあべのばし,osaka abenobashi,1923-04-13,55,Wikidata Q6801405（2026-10-07取得）
S1prpl0e,岩宿,Q6100339,いわじゅく,iwajuku,1889-11-20,27,Wikidata Q6100339（2026-10-07取得）
S1prwqc8,大町,Q8081600,おおまち,omachi,1991-03-31,32,Wikidata Q8081600（2026-10-07取得）
S1ps2bbd,顔戸,Q5627752,,godo,1921,23,Wikidata Q5627752（2026-10-07取得）
S1psulml,津軽大沢,Q7849966,つがるおおさわ,tsugaru-osawa,1952-01-26,43,Wikidata Q7849966（2026-10-07取得）
S1pszsh4,名寄高校,Q901400,なよろこうこう,nayorokoko,1956-09-20,31,Wikidata Q901400（2026-10-07取得）
S1ptj2pg,入江岡,Q11388944,いりえおか,irieoka,1908,45,Wikidata Q11388944（2026-10-07取得）
S1ptrm10,上八木,Q6357209,かみやぎ,kami-yagi,1910-12-25,58,Wikidata Q6357209（2026-10-07取得）
S1pu106q,松尾寺,Q6788173,,matsunoodera,1922-12-20,15,Wikidata Q6788173（2026-10-07取得）
S1puzao7,瀬々串,Q870563,,sesekushi,1934-05-20,18,Wikidata Q870563（2026-10-07取得）
S1pv0rwo,ときわ台,Q11273045,,tokiwadai,1968-07-07,32,Wikidata Q11273045（2026-10-07取得）
S1pvqh2g,堺筋本町,Q1074425,さかいすじほんまち,sakaisuji-hommachi,1969-12-06,35,Wikidata Q1074425（2026-10-07取得）
S1pvsgn7,三谷,Q11357300,,mitani,1999-01-11,10,Wikidata Q11357300（2026-10-07取得）
S1pvztn7,小田林,Q7108331,おたばやし,otabayashi,1955-04-01,29,Wikidata Q7108331（2026-10-07取得）
S1pw1w4n,段,Q5214441,だん,dan,1931-04-01,27,Wikidata Q5214441（2026-10-07取得）
S1px2edz,総社,Q844657,そうじゃ,soja,1925-02-17,77,Wikidata Q844657（2026-10-07取得）
S1px5qet,豊後竹田,Q4997670,ぶんごたけた,bungo-taketa,1924-10-15,20,Wikidata Q4997670（2026-10-07取得）
S1pxbf2n,横須賀中央,Q8054669,よこすかちゅうおう,yokosuka-chuo,1930-04-01,42,Wikidata Q8054669（2026-10-07取得）
S1pxcg6j,南千里,Q6862965,,minami-senri,1963,24,Wikidata Q6862965（2026-10-07取得）
S1pyk1n5,宝町,Q1040938,たからちょう,takaracho,1963-02-28,29,Wikidata Q1040938（2026-10-07取得）
S1pyk68o,日代,Q5358666,ひしろ,hishiro,1916-10-25,8,Wikidata Q5358666（2026-10-07取得）
S1pyz98u,阿下喜,Q4691962,あげき,ageki,1931-07-08,2,Wikidata Q4691962（2026-10-07取得）
S1pyzsip,山田,Q8047598,やまだ,yamada,1932-07-09,15,Wikidata Q8047598（2026-10-07取得）
S1pz7kfo,北大垣,Q6417633,,kita-ogaki,1944-07-01,39,Wikidata Q6417633（2026-10-07取得）
S1pzj9w4,毛賀,Q985117,けが,kega,1927-02-05,14,Wikidata Q985117（2026-10-07取得）
S1pzvj0r,西舞鶴,Q8192400,にしまいづる,nishi-maizuru,1904,16,Wikidata Q8192400（2026-10-07取得）
S1pzwufl,白鳥高原,Q7498959,しろとりこうげん,shirotori-kogen,1955-08-01,2,Wikidata Q7498959（2026-10-07取得）
S1q03o95,西馬込,Q1038919,にしまごめ,nishi-magome,1968-11-15,60,Wikidata Q1038919（2026-10-07取得）
S1q0i3gp,摂津,Q3970967,せっつ,settsu,1997,11,Wikidata Q3970967（2026-10-07取得）
S1q0kcvg,船橋競馬場,Q5508710,ふなばしけいばじょう,funabashikeibajo,1927-08-21,13,Wikidata Q5508710（2026-10-07取得）
S1q138go,西川田,Q11628148,にしかわだ,nishikawada,1931-08-11,71,Wikidata Q11628148（2026-10-07取得）
S1q17he6,大山,Q8081812,おおやま,oyama,1960-03-22,3,Wikidata Q8081812（2026-10-07取得）
S1q17uxf,琴似,Q859789,ことに,kotoni,1880-11-28,16,Wikidata Q859789（2026-10-07取得）
S1q1ee2q,伊賀上野,Q3701508,いがうえの,iga-ueno,1897-01-15,20,Wikidata Q3701508（2026-10-07取得）
S1q1g91b,竹ノ塚,Q7678040,たけのつか,takenotsuka,1900-03-21,15,Wikidata Q7678040（2026-10-07取得）
S1q1ms3g,半田口,Q5647228,,handaguchi,1931,21,Wikidata Q5647228（2026-10-07取得）
S1q1se5m,西大路,Q1071821,にしおおじ,nishioji,1938-09-16,77,Wikidata Q1071821（2026-10-07取得）
S1q1sylm,赤土小学校前,Q4700094,あかどしょうがっこうまえ,akado-shogakkomae,2008-03-30,20,Wikidata Q4700094（2026-10-07取得）
S1q1whm9,八尾南,Q151767,やおみなみ,yaominami,1980-11-27,28,Wikidata Q151767（2026-10-07取得）
S1q22m92,東武練馬,Q7862632,とうぶねりま,tobu-nerima,1931-12-29,66,Wikidata Q7862632（2026-10-07取得）
S1q2fzqz,徳佐,Q7813756,とくさ,tokusa,1918-11-03,35,Wikidata Q7813756（2026-10-07取得）
S1q2o2u8,早瀬,Q775420,はやせ,hayase,1946-12-01,11,Wikidata Q775420（2026-10-07取得）
S1q2rs6e,牧之郷,Q11570358,まきのこう,makinoko,1924-08-01,23,Wikidata Q11570358（2026-10-07取得）
S1q3jkan,黒笹,Q6446455,,kurozasa,1979-07-29,36,Wikidata Q6446455（2026-10-07取得）
S1q3ml5a,三縄,Q901365,,minawa,1931-09-19,16,Wikidata Q901365（2026-10-07取得）
S1q4rvzl,杭瀬,Q11523768,くいせ,kuise,1905,19,Wikidata Q11523768（2026-10-07取得）
S1q54es4,下浜,Q7496963,しもはま,shimohama,1920-02-22,112,Wikidata Q7496963（2026-10-07取得）
S1q56xk9,大和新庄,Q3615450,,yamato-shinjo,1896,40,Wikidata Q3615450（2026-10-07取得）
S1q57rzr,福田町,Q284608,ふくだまち,fukudamachi,1925-06-05,9,Wikidata Q284608（2026-10-07取得）
S1q5r0t6,富士山下,Q5507553,ふじやました,fujiyamashita,1928-11-10,12,Wikidata Q5507553（2026-10-07取得）
S1q5sd8l,清水原,Q899250,しみずはら,shimizuhara,1890-07-01,33,Wikidata Q899250（2026-10-07取得）
S1q5t76n,出目,Q4388378,いずめ,izume,1923-12-12,12,Wikidata Q4388378（2026-10-07取得）
S1q644d2,村山,Q1053166,むらやま,murayama,1901-08-23,10,Wikidata Q1053166（2026-10-07取得）
S1q65oh4,黒子,Q6446299,くろご,kurogo,1913-11-01,29,Wikidata Q6446299（2026-10-07取得）
S1q66c8h,仏生山,Q11377565,,busshozan,1926-12-21,33,Wikidata Q11377565（2026-10-07取得）
S1q71i76,余呉,Q5365698,よご,yogo,1957,26,Wikidata Q5365698（2026-10-07取得）
S1q7dxum,市島,Q1043262,いちじま,ichijima,1899-07-15,41,Wikidata Q1043262（2026-10-07取得）
S1q7e4sr,小見川,Q7090185,おみがわ,omigawa,1931-11-10,13,Wikidata Q7090185（2026-10-07取得）
S1q7o6jo,香里園,Q1573207,こおりえん,korien,1910,7,Wikidata Q1573207（2026-10-07取得）
S1q7p2gg,生野,Q5996339,いくの,ikuno,1895-04-17,16,Wikidata Q5996339（2026-10-07取得）
S1q82gy1,川西,Q8192994,かわにし,kawanishi,1960-04-16,4,Wikidata Q8192994（2026-10-07取得）
S1q8x77a,中島公園,Q4793313,なかじまこうえん,nakajima-koen,1971-12-16,46,Wikidata Q4793313（2026-10-07取得）
S1q8z1uc,赤星,Q1056031,あかぼし,akaboshi,1960-03-01,17,Wikidata Q1056031（2026-10-07取得）
S1q9jlss,土佐一宮,Q7827524,,tosa-ikku,1925-12-05,37,Wikidata Q7827524（2026-10-07取得）
S1qa1rjq,二月田,Q872642,,nigatsuden,1934-12-19,9,Wikidata Q872642（2026-10-07取得）
S1qajjsg,大和田,Q1092049,おおわだ,owada,1932,6,Wikidata Q1092049（2026-10-07取得）
S1qao26h,小本,Q10959083,,komoto,2004-10-06,13,Wikidata Q10959083（2026-10-07取得）
S1qb1rxl,高見ノ里,Q7677146,たかみのさと,takaminosato,1932-09-01,92,Wikidata Q7677146（2026-10-07取得）
S1qb5y1j,務田,Q4388190,むでん,muden,1914-10-18,39,Wikidata Q4388190（2026-10-07取得）
S1qbjmbo,王子保,Q5359890,おおしお,oshio,1927,51,Wikidata Q5359890（2026-10-07取得）
S1qbljqf,瀬見温泉,Q2095056,せみおんせん,semi-onsen,1915-11-01,11,Wikidata Q2095056（2026-10-07取得）
S1qc3lck,香椎花園前,Q6374289,かしいかえんまえ,kashii-kaenmae,1941-04-01,14,Wikidata Q6374289（2026-10-07取得）
S1qca37i,田沢,Q3883191,たざわ,tazawa,1902-06-15,106,Wikidata Q3883191（2026-10-07取得）
S1qcd34l,杉原,Q5358130,すぎはら,sugihara,1932-08-20,13,Wikidata Q5358130（2026-10-07取得）
S1qcl8j2,大庄,Q8081714,おおしょう,osho,1921-04-25,61,Wikidata Q8081714（2026-10-07取得）
S1qdkp5f,鶴橋,Q1131704,つるはし,tsuruhashi,1914-04-30,27,Wikidata Q1131704（2026-10-07取得）
S1qdss9u,芦ノ牧温泉,Q4805114,あしのまきおんせん,ashinomaki-onsen,1927-11-01,16,Wikidata Q4805114（2026-10-07取得）
S1qe5sft,草野,Q2496615,くさの,kusano,1897-08-29,23,Wikidata Q2496615（2026-10-07取得）
S1qee3gq,形原,Q6375002,,katahara,1936,12,Wikidata Q6375002（2026-10-07取得）
S1qeeka7,都城,Q899376,,miyakonojo,1913-10-08,71,Wikidata Q899376（2026-10-07取得）
S1qep3az,名手,Q3467367,,nate,1901-10-01,32,Wikidata Q3467367（2026-10-07取得）
S1qf43ou,上長瀞,Q3701538,かみながとろ,kami-nagatoro,1915-12-29,6,Wikidata Q3701538（2026-10-07取得）
S1qfb99v,殿山,Q7821635,とのやま,tonoyama,1928-07-17,106,Wikidata Q7821635（2026-10-07取得）
S1qfecqv,白岡,Q873198,しらおか,shiraoka,1908-05-01,37,Wikidata Q873198（2026-10-07取得）
S1qfgeh5,立川南,Q844178,たちかわみなみ,tachikawa-minami,2000-01-10,39,Wikidata Q844178（2026-10-07取得）
S1qfgi6d,安中,Q861538,あんなか,annaka,1885-10-15,18,Wikidata Q861538（2026-10-07取得）
S1qfpyet,水窪,Q777378,みさくぼ,misakubo,1955-11-11,60,Wikidata Q777378（2026-10-07取得）
S1qgwtur,教育大前,Q5359543,きょういくだいまえ,kyoikudaimae,1988-03-13,138,Wikidata Q5359543（2026-10-07取得）
S1qhixa9,牧,Q5359391,まき,maki,1987-02-22,13,Wikidata Q5359391（2026-10-07取得）
S1qhjxdp,上尾,Q800360,あげお,ageo,1883-07-28,16,Wikidata Q800360（2026-10-07取得）
S1qhnb0q,柿平,Q774283,かきだいら,kakidaira,1950-02-15,6,Wikidata Q774283（2026-10-07取得）
S1qhsu3o,柿崎,Q3701392,かきざき,kakizaki,1897-05-13,35,Wikidata Q3701392（2026-10-07取得）
S1qhubnb,善光寺,Q8069148,ぜんこうじ,zenkoji,1928-03-30,22,Wikidata Q8069148（2026-10-07取得）
S1qi80s6,京急新子安,Q6383710,けいきゅうしんこやす,keikyu shin-koyasu,1910-03-27,31,Wikidata Q6383710（2026-10-07取得）
S1qiqufp,石川町,Q800960,いしかわちょう,ishikawacho,1964-05-19,65,Wikidata Q800960（2026-10-07取得）
S1qircx9,流通センター,Q5367298,りゅうつうセンター,ryutsu center,1969,40,Wikidata Q5367298（2026-10-07取得）
S1qj0g7s,光風台,Q11388598,こうふうだい,kofudai,1976-12-23,84,Wikidata Q11388598（2026-10-07取得）
S1qj24lk,新ノ口,Q7039072,,ninokuchi,1923-03-21,29,Wikidata Q7039072（2026-10-07取得）
S1qj6r6q,住吉大社,Q7637174,すみよしたいしゃ,sumiyoshitaisha,1912-02-17,31,Wikidata Q7637174（2026-10-07取得）
S1qjdfyn,勝田台,Q4502157,かつただい,katsutadai,1968-05-01,26,Wikidata Q4502157（2026-10-07取得）
S1qjvdek,横尾,Q8054665,よこお,yokoo,1914-07-21,19,Wikidata Q8054665（2026-10-07取得）
S1qjyiaq,宇島,Q5360061,うのしま,unoshima,1897-09-25,52,Wikidata Q5360061（2026-10-07取得）
S1qjz7yo,あわくら温泉,Q4829757,あわくらおんせん,awakura-onsen,1994-12-03,42,Wikidata Q4829757（2026-10-07取得）
S1qkfr9n,みつわ台,Q6883389,みつわだい,mitsuwadai,1988-03-28,10,Wikidata Q6883389（2026-10-07取得）
S1qkz3zd,豪徳寺,Q4147064,ごうとくじ,gotokuji,1927-04-01,30,Wikidata Q4147064（2026-10-07取得）
S1qm0xgf,豊後中川,Q4997667,ぶんごなかがわ,bungo-nakagawa,1934-11-15,12,Wikidata Q4997667（2026-10-07取得）
S1qm7run,下館,Q7496954,しもだて,shimodate,1889-01-16,8,Wikidata Q7496954（2026-10-07取得）
S1qmd7wb,桑川,Q6448806,くわがわ,kuwagawa,1924-07-31,5,Wikidata Q6448806（2026-10-07取得）
S1qmhge2,富士急ハイランド,Q843037,ふじきゅうハイランド,fujikyu-highland,1961-12-01,15,Wikidata Q843037（2026-10-07取得）
S1qmnzb2,鵜方,Q1447324,うがた,ugata,1929,25,Wikidata Q1447324（2026-10-07取得）
S1qmtq12,下立口,Q7102875,,oritateguchi,1922-11-05,12,Wikidata Q7102875（2026-10-07取得）
S1qn3jnq,東刈谷,Q871661,ひがしかりや,higashi-kariya,1966-12-24,27,Wikidata Q871661（2026-10-07取得）
S1qn5bv5,上夜久野,Q871797,かみやくの,kami-yakuno,1911-10-25,2,Wikidata Q871797（2026-10-07取得）
S1qo8o9o,西女満別,Q7040377,にしめまんべつ,nishi-memambetsu,1947,8,Wikidata Q7040377（2026-10-07取得）
S1qoli1i,東舞鶴,Q5753681,ひがしまいづる,higashi-maizuru,1904-11-03,9,Wikidata Q5753681（2026-10-07取得）
S1qols1h,白木山,Q3611230,しらきやま,shirakiyama,1963-12-05,14,Wikidata Q3611230（2026-10-07取得）
S1qouevb,太宰府,Q5243657,だざいふ,dazaifu,1902,80,Wikidata Q5243657（2026-10-07取得）
S1qp68lh,俊徳道,Q1928015,しゅんとくみち,shuntokumichi,1926-12-30,132,Wikidata Q1928015（2026-10-07取得）
S1qpm97n,志度,Q1441253,しど,shido,1925-08-01,36,Wikidata Q1441253（2026-10-07取得）
S1qpqtm7,泊,Q5359691,とまり,tomari,1910-04-16,2,Wikidata Q5359691（2026-10-07取得）
S1qpu6zm,伯耆大山,Q1059170,ほうきだいせん,hoki-daisen,1902-11-01,101,Wikidata Q1059170（2026-10-07取得）
S1qq16p9,富浦,Q7818982,,tomiura,1953-12-20,46,Wikidata Q7818982（2026-10-07取得）
S1qqhj0n,小平,Q6425085,こだいら,kodaira,1927-04-16,3,Wikidata Q6425085（2026-10-07取得）
S1qqs1l4,八千代台,Q4373709,やちよだい,yachiyodai,1956-03-20,36,Wikidata Q4373709（2026-10-07取得）
S1qqscet,河崎口,Q4207940,かわさきぐち,kawasakiguchi,1952-07-01,13,Wikidata Q4207940（2026-10-07取得）
S1qqt2t7,JR河内永和,Q10854599,ジェイアールかわちえいわ,jr-kawachi-eiwa,2008,66,Wikidata Q10854599（2026-10-07取得）
S1qr154w,河山,Q6379902,かわやま,kawayama,1960-11-01,29,Wikidata Q6379902（2026-10-07取得）
S1qrjcib,天橋立,Q4739922,,amanohashidate,1925-07-31,36,Wikidata Q4739922（2026-10-07取得）
S1qrpoup,飯浦,Q11666447,いいのうら,iinoura,1927-06-19,20,Wikidata Q11666447（2026-10-07取得）
S1qrw2dp,貿易センター,Q5005688,ぼうえきセンター,boeki center,1981-02-05,3,Wikidata Q5005688（2026-10-07取得）
S1qs5ieg,半家,Q5638579,はげ,hage,1974-03-01,43,Wikidata Q5638579（2026-10-07取得）
S1qscbx1,小田,Q5356502,おだ,oda,1913-11-21,63,Wikidata Q5356502（2026-10-07取得）
S1qsgpfw,船橋日大前,Q5366251,ふなばしにちだいまえ,funabashi-nichidaimae,1996-04-27,98,Wikidata Q5366251（2026-10-07取得）
S1qsphlj,東梅田,Q83600,ひがしうめだ,higashi-umeda,1967-03-24,53,Wikidata Q83600（2026-10-07取得）
S1qsyqit,荒浜,Q4783750,あらはま,arahama,1915-06-15,14,Wikidata Q4783750（2026-10-07取得）
S1qta76v,新里,Q7034481,にいさと,niisato,1928-11-10,67,Wikidata Q7034481（2026-10-07取得）
S1qtipjr,旭川四条,Q872636,あさひかわよじょう,asahikawa-yojo,1957-02-01,10,Wikidata Q872636（2026-10-07取得）
S1qtjccr,狐ヶ崎,Q6418373,きつねがさき,kitsunegasaki,1908,22,Wikidata Q6418373（2026-10-07取得）
S1qts0oy,神崎川,Q3969851,かんざきがわ,kanzakigawa,1920,13,Wikidata Q3969851（2026-10-07取得）
S1qu5wmw,石川プール前,Q6080260,いしかわプールまえ,ishikawa-pool-mae,2002-10-01,18,Wikidata Q6080260（2026-10-07取得）
S1qudk84,紀伊田原,Q2682080,きいたはら,kii-tahara,1936-12-11,16,Wikidata Q2682080（2026-10-07取得）
S1qvnjls,野木,Q861563,のぎ,nogi,1963-02-16,55,Wikidata Q861563（2026-10-07取得）
S1qvxk0z,見奈良,Q11630170,みなら,minara,1938-09-04,74,Wikidata Q11630170（2026-10-07取得）
S1qvy8q4,小砂川,Q6432944,こさがわ,kosagawa,1921-11-15,10,Wikidata Q6432944（2026-10-07取得）
S1qvydfr,豊四季,Q7830720,とよしき,toyoshiki,1911-05-09,20,Wikidata Q7830720（2026-10-07取得）
S1qwm0fs,筒石,Q5359819,つついし,tsutsuishi,1912-12-16,49,Wikidata Q5359819（2026-10-07取得）
S1qwrr7x,有備館,Q247618,ゆうびかん,yubikan,1996-03-16,66,Wikidata Q247618（2026-10-07取得）
S1qx4cfb,由比ヶ浜,Q859070,ゆいがはま,yuigahama,1907-08-16,25,Wikidata Q859070（2026-10-07取得）
S1qx5326,星置,Q1045506,ほしおき,hoshioki,1985-10-01,25,Wikidata Q1045506（2026-10-07取得）
S1qx5env,上永谷,Q841420,かみながや,kaminagaya,1976-09-04,14,Wikidata Q841420（2026-10-07取得）
S1qxb0i9,北堀之内,Q3698870,きたほりのうち,kita-horinouchi,1944-09-20,19,Wikidata Q3698870（2026-10-07取得）
S1qxsohf,筑豊中間,Q11602977,,chikuho-nakama,1956,42,Wikidata Q11602977（2026-10-07取得）
S1qxuok2,肥前長田,Q5355503,ひぜんながた,hizen-nagata,1934-03-24,20,Wikidata Q5355503（2026-10-07取得）
S1qxz4fk,美濃太田,Q872979,みのおおた,mino-ota,1921-11-12,14,Wikidata Q872979（2026-10-07取得）
S1qy4q4e,いずえ,Q6102231,,izue,1999-01-11,14,Wikidata Q6102231（2026-10-07取得）
S1qy844x,柿ケ島,Q6349439,かきがしま,kakigashima,1960-12-15,15,Wikidata Q6349439（2026-10-07取得）
S1qybfgq,鎌手,Q6356165,かまて,kamate,1923-12-26,5,Wikidata Q6356165（2026-10-07取得）
S1qykhmt,市民公園前,Q7496864,,shimin-koen-mae,1946,26,Wikidata Q7496864（2026-10-07取得）
S1qyvpmy,阿波山川,Q4829623,あわやまかわ,awa-yamakawa,1900-08-07,43,Wikidata Q4829623（2026-10-07取得）
S1qz28k5,国府宮,Q580707,,konomiya,1924,49,Wikidata Q580707（2026-10-07取得）
S1qzf2y4,伏見稲荷,Q2153247,ふしみいなり,fushimi-inari,1910-04-15,42,Wikidata Q2153247（2026-10-07取得）
S1qzjtdn,秋川,Q4700907,あきがわ,akigawa,1925-04-21,50,Wikidata Q4700907（2026-10-07取得）
S1r05h5x,京セラ前,Q6451864,,kyocera-mae,1991-03-16,11,Wikidata Q6451864（2026-10-07取得）
S1r0iuh6,伊那大島,Q988687,いなおおしま,ina-oshima,1922-07-13,15,Wikidata Q988687（2026-10-07取得）
S1r15xa0,東福山,Q5358627,ひがしふくやま,higashi-fukuyama,1966-06-15,106,Wikidata Q5358627（2026-10-07取得）
S1r1fapi,須賀川,Q876991,すかがわ,sukagawa,1887-07-16,54,Wikidata Q876991（2026-10-07取得）
S1r229xm,新田辺,Q7497135,しんたなべ,shin-tanabe,1928-11-03,16,Wikidata Q7497135（2026-10-07取得）
S1r2f0wb,保内,Q5891998,ほない,honai,1943-09-20,19,Wikidata Q5891998（2026-10-07取得）
S1r2stqy,新所沢,Q7497140,しんところざわ,shin-tokorozawa,1951-06-11,162,Wikidata Q7497140（2026-10-07取得）
S1r2z6ca,居能,Q6061694,,ino,1929-05-16,48,Wikidata Q6061694（2026-10-07取得）
S1r33ew5,禾生,Q6374100,かせい,kasei,1929-06-19,23,Wikidata Q6374100（2026-10-07取得）
S1r39mop,松永,Q5359113,まつなが,matsunaga,1891-11-03,34,Wikidata Q5359113（2026-10-07取得）
S1r4aul2,鎌倉,Q932895,かまくら,kamakura,1889-06-16,36,Wikidata Q932895（2026-10-07取得）
S1r4ioqa,上総東,Q11360043,かずさあずま,kazusa-azuma,1930-04-01,16,Wikidata Q11360043（2026-10-07取得）
S1r4zt1d,須磨海浜公園,Q1042500,すまかいひんこうえん,sumakaihinkoen,2008-03-15,4,Wikidata Q1042500（2026-10-07取得）
S1r57e12,木岐,Q6406270,きき,kiki,1939-12-14,11,Wikidata Q6406270（2026-10-07取得）
S1r5iffb,富士山,Q5507478,ふじさん,fujisan,1929-06-19,90,Wikidata Q5507478（2026-10-07取得）
S1r6mpcp,愛宕橋,Q4812647,,atagobashi,1987-07-15,24,Wikidata Q4812647（2026-10-07取得）
S1r71eah,堺市,Q615003,さかいし,sakaishi,1932,57,Wikidata Q615003（2026-10-07取得）
S1r7e95e,池の浦,Q268023,いけのうら,ikenoura,1970,18,Wikidata Q268023（2026-10-07取得）
S1r7l5bo,美濃山崎,Q6868892,,mino-yamazaki,1919-04-27,14,Wikidata Q6868892（2026-10-07取得）
S1r7rhfa,妙法寺,Q5358440,,myohoji,1977-03-13,33,Wikidata Q5358440（2026-10-07取得）
S1r8fenm,西上田,Q7040439,にしうえだ,nishi-ueda,1920-06-01,61,Wikidata Q7040439（2026-10-07取得）
S1r8myl7,萩ノ茶屋,Q5215898,はぎのちゃや,haginochaya,1907-12-20,19,Wikidata Q5215898（2026-10-07取得）
S1r9fizn,浦宿,Q7899793,うらしゅく,urashuku,1956-02-12,40,Wikidata Q7899793（2026-10-07取得）
S1r9z1z6,立小路,Q1826273,たちこうじ,tachikoji,1959-07-10,25,Wikidata Q1826273（2026-10-07取得）
S1ra1hbv,見晴台,Q11630198,みはらしだい,miharashidai,1986-10-01,8,Wikidata Q11630198（2026-10-07取得）
S1ra62ek,姥堂,Q7876380,うばどう,ubado,1934-11-01,20,Wikidata Q7876380（2026-10-07取得）
S1rb267x,大石,Q8081516,おおいし,oishi,1905,10,Wikidata Q8081516（2026-10-07取得）
S1rb3hl9,上横須賀,Q6357214,,kami-yokosuka,1915,47,Wikidata Q6357214（2026-10-07取得）
S1rb9b6t,大分,Q861542,,oita,1911-11-01,4,Wikidata Q861542（2026-10-07取得）
S1rblyne,野田玉川,Q11646031,のだたまがわ,noda-tamagawa,1975-07-20,10,Wikidata Q11646031（2026-10-07取得）
S1rc9ga9,一畑口,Q11352958,,ichibataguchi,1915-02-04,7,Wikidata Q11352958（2026-10-07取得）
S1rcs68r,三条京阪,Q2645261,さんじょうけいはん,sanjo keihan,1997-10-12,9,Wikidata Q2645261（2026-10-07取得）
S1rdb0bo,津幡,Q3701490,つばた,tsubata,1898-11-01,73,Wikidata Q3701490（2026-10-07取得）
S1rdno9k,鹿王院,Q11677240,ろくおういん,rokuoin,1956-11-27,28,Wikidata Q11677240（2026-10-07取得）
S1re6xik,柏森,Q6374362,,kashiwamori,1912,33,Wikidata Q6374362（2026-10-07取得）
S1re8p5o,寺田,Q7701505,てらだ,terada,1931-08-15,22,Wikidata Q7701505（2026-10-07取得）
S1re93f2,塩町,Q7497877,しおまち,shiomachi,1930-04-22,55,Wikidata Q7497877（2026-10-07取得）
S1reamwj,角田,Q6349678,かくだ,kakuda,1968-04-01,21,Wikidata Q6349678（2026-10-07取得）
S1repzpd,都住,Q11643481,つすみ,tsusumi,1928-10-11,3,Wikidata Q11643481（2026-10-07取得）
S1rf156v,越水,Q6433130,こしみず,koshimizu,1954-11-24,41,Wikidata Q6433130（2026-10-07取得）
S1rf1u03,桜沢,Q11538128,さくらさわ,sakurasawa,1949-03-28,19,Wikidata Q11538128（2026-10-07取得）
S1rgexds,美浜,Q6845246,,mihama,1917-12-15,28,Wikidata Q6845246（2026-10-07取得）
S1rgkn5v,白楽,Q5640648,はくらく,hakuraku,1926-02-14,16,Wikidata Q5640648（2026-10-07取得）
S1rgma8g,羽後四ツ屋,Q7877845,うごよつや,ugo-yotsuya,1921-07-30,17,Wikidata Q7877845（2026-10-07取得）
S1rgwiqp,戸田公園,Q844571,とだこうえん,toda-koen,1985-09-30,41,Wikidata Q844571（2026-10-07取得）
S1rgxtup,五日町,Q3660528,いつかまち,itsukamachi,1923-11-18,108,Wikidata Q3660528（2026-10-07取得）
S1rgz0j8,YRP野比,Q8046018,ワイアールピーのび,yrp nobi,1963-11-01,29,Wikidata Q8046018（2026-10-07取得）
S1rh3r66,美加の台,Q6845717,みかのだい,mikanodai,1984-09-01,37,Wikidata Q6845717（2026-10-07取得）
S1ri1g5o,青山町,Q4778841,あおやまちょう,aoyamacho,1930-11-19,24,Wikidata Q4778841（2026-10-07取得）
S1ri61t8,湯ノ峠,Q8061375,ゆのとう,yunoto,1921,60,Wikidata Q8061375（2026-10-07取得）
S1ridpfc,木葉,Q872663,,konoha,1892-04-01,39,Wikidata Q872663（2026-10-07取得）
S1rifdvo,高畠,Q1137123,たかはた,takahata,1900-04-21,14,Wikidata Q1137123（2026-10-07取得）
S1riylme,京急久里浜,Q6383706,けいきゅうくりはま,keikyu kurihama,1942-12-01,24,Wikidata Q6383706（2026-10-07取得）
S1rj0xhb,向島,Q6933385,むかいじま,mukaijima,1979-03-30,36,Wikidata Q6933385（2026-10-07取得）
S1rj0ys8,鶴丸,Q7850289,,tsurumaru,1958-02-01,68,Wikidata Q7850289（2026-10-07取得）
S1rj1qns,越前大野,Q2815910,えちぜんおおの,echizen-ono,1960-12-15,26,Wikidata Q2815910（2026-10-07取得）
S1rk81r0,宇野,Q7897221,うの,uno,1910-06-12,66,Wikidata Q7897221（2026-10-07取得）
S1rk877z,社台,Q7460232,,shadai,1907-12-26,28,Wikidata Q7460232（2026-10-07取得）
S1rkazhw,巻,Q6739504,まき,maki,1912-08-25,20,Wikidata Q6739504（2026-10-07取得）
S1rkioko,恋山形,Q6426389,こいやまがた,koi-yamagata,1994-12-03,32,Wikidata Q6426389（2026-10-07取得）
S1rkmktv,三鷹台,Q4296577,みたかだい,mitakadai,1933-08-01,41,Wikidata Q4296577（2026-10-07取得）
S1rkxtmm,町田,Q801146,まちだ,machida,1908-09-23,86,Wikidata Q801146（2026-10-07取得）
S1rla0jj,五条,Q3615545,ごじょう,gojo,1896-10-25,14,Wikidata Q3615545（2026-10-07取得）
S1rlv1oq,八事日赤,Q903651,,yagoto nisseki,2004-10-06,12,Wikidata Q903651（2026-10-07取得）
S1rmvrgx,中部国際空港,Q5061298,,central japan international airport,2004-10-16,65,Wikidata Q5061298（2026-10-07取得）
S1rnptbk,矢島,Q8049732,,yashima,1938-10-21,4,Wikidata Q8049732（2026-10-07取得）
S1ro354k,七里ヶ浜,Q858960,しちりがはま,shichirigahama,1903-06-20,11,Wikidata Q858960（2026-10-07取得）
S1ro4ob9,川角,Q6379557,,kawakado,1934-12-16,11,Wikidata Q6379557（2026-10-07取得）
S1ro6oh6,十日市場,Q844640,とおかいちば,tokaichiba,1979-04-01,4,Wikidata Q844640（2026-10-07取得）
S1roo8yh,誕生寺,Q7683449,たんじょうじ,tanjoji,1898-12-21,24,Wikidata Q7683449（2026-10-07取得）
S1rooytn,植田,Q7877483,うえた,ueta,1924,24,Wikidata Q7877483（2026-10-07取得）
S1roz6ui,萩,Q5638728,はぎ,hagi,1925-04-03,48,Wikidata Q5638728（2026-10-07取得）
S1rp1gh0,中強羅,Q6960082,なかごうら,naka-gora,1921-12-01,33,Wikidata Q6960082（2026-10-07取得）
S1rpcmxl,新川崎,Q801434,しんかわさき,shin-kawasaki,1980-10-01,75,Wikidata Q801434（2026-10-07取得）
S1rpg88q,丹波橋,Q2093391,たんばばし,tambabashi,1910,45,Wikidata Q2093391（2026-10-07取得）
S1rposyp,左通,Q11479732,さどおり,sadori,1989-04-01,9,Wikidata Q11479732（2026-10-07取得）
S1rpt96e,南鹿児島,Q869240,,minami-kagoshima,1930,38,Wikidata Q869240（2026-10-07取得）
S1rq3e0h,恵那,Q870596,えな,ena,1902-12-21,32,Wikidata Q870596（2026-10-07取得）
S1rq3tfu,東吾野,Q8016063,ひがしあがの,higashi-agano,1929-09-10,12,Wikidata Q8016063（2026-10-07取得）
S1rq911k,習志野,Q6965411,ならしの,narashino,1948-08-10,12,Wikidata Q6965411（2026-10-07取得）
S1rqf17n,柴平,Q7496012,しばひら,shibahira,1923-11-10,10,Wikidata Q7496012（2026-10-07取得）
S1rqrv7y,比良,Q5365241,,hira,1974,35,Wikidata Q5365241（2026-10-07取得）
S1rqt60c,草野,Q856525,くさの,kusano,1958,14,Wikidata Q856525（2026-10-07取得）
S1rr34m3,押上,Q80545,おしあげ,oshiage,1912-11-03,145,Wikidata Q80545（2026-10-07取得）
S1rr4qmv,浦本,Q5359601,うらもと,uramoto,1950-01-28,80,Wikidata Q5359601（2026-10-07取得）
S1rr5d0w,大木,Q11435926,おおぎ,ogi,1960-04-01,17,Wikidata Q11435926（2026-10-07取得）
S1rrkh22,伊勢市,Q6079748,いせし,iseshi,1897-11-11,31,Wikidata Q6079748（2026-10-07取得）
S1rsei25,沢田,Q7428529,さわだ,sawada,1939-10-07,3,Wikidata Q7428529（2026-10-07取得）
S1rt6ad9,四ツ倉,Q2496668,よつくら,yotsukura,1897-08-29,27,Wikidata Q2496668（2026-10-07取得）
S1rt9d7a,西松任,Q111179802,にしまっとう,nishi-matto,2024-03-16,22,Wikidata Q111179802（2026-10-07取得）
S1rt9yo1,上川,Q6357868,かみかわ,kamikawa,1923,9,Wikidata Q6357868（2026-10-07取得）
S1rtaocp,新金岡,Q2083894,しんかなおか,shinkanaoka,1987-04-18,119,Wikidata Q2083894（2026-10-07取得）
S1rtco30,置賜,Q7081554,おいたま,oitama,1917-12-20,40,Wikidata Q7081554（2026-10-07取得）
S1rtpip3,堂島,Q5321255,どうじま,dojima,1934-11-01,30,Wikidata Q5321255（2026-10-07取得）
S1rtu1qf,新高島,Q854231,しんたかしま,shin-takashima,2004-02-01,36,Wikidata Q854231（2026-10-07取得）
S1ru2n5h,浜名湖佐久米,Q5644042,はまなこさくめ,hamanako-sakume,1938-04-01,19,Wikidata Q5644042（2026-10-07取得）
S1ru5ik1,出雲崎,Q6102426,いずもざき,izumozaki,1912-12-28,33,Wikidata Q6102426（2026-10-07取得）
S1ru73he,芝山千代田,Q846391,しばやまちよだ,shibayama-chiyoda,2002-10-27,44,Wikidata Q846391（2026-10-07取得）
S1rultgn,姨捨,Q3883282,おばすて,obasute,1900-11-01,39,Wikidata Q3883282（2026-10-07取得）
S1runc40,西分,Q7040523,にしぶん,nishibun,2002-07-01,45,Wikidata Q7040523（2026-10-07取得）
S1ruplfg,吉野口,Q3615447,よしのぐち,yoshinoguchi,1896-05-10,50,Wikidata Q3615447（2026-10-07取得）
S1ruu1cc,近江今津,Q1590429,おうみいまづ,omi-imazu,1974,52,Wikidata Q1590429（2026-10-07取得）
S1ruubcb,法華口,Q5878166,ほっけぐち,hokkeguchi,1915-03-03,30,Wikidata Q5878166（2026-10-07取得）
S1ruw7mz,八景水谷,Q11391262,,hakenomiya,1913-08-26,22,Wikidata Q11391262（2026-10-07取得）
S1rv7b6x,春日町,Q6374873,かすがちょう,kasugacho,1908,21,Wikidata Q6374873（2026-10-07取得）
S1rvd2jx,東村山,Q5753740,ひがしむらやま,higashi-murayama,1897-12-21,58,Wikidata Q5753740（2026-10-07取得）
S1rvhy30,高田本山,Q7676999,たかだほんざん,takadahonzan,1915,64,Wikidata Q7676999（2026-10-07取得）
S1rvqwkx,大津市役所前,Q11396809,おおつしやくしょまえ,otsu-shiyakusho-mae,1922-05-15,49,Wikidata Q11396809（2026-10-07取得）
S1rvw4k5,山郷,Q8047930,やまさと,yamasato,1994-12-03,44,Wikidata Q8047930（2026-10-07取得）
S1rw5uk2,比立内,Q11547484,ひたちない,hitachinai,1963-10-15,17,Wikidata Q11547484（2026-10-07取得）
S1rwbd2i,西府,Q5366323,にしふ,nishifu,2009-03-14,2,Wikidata Q5366323（2026-10-07取得）
S1rwcz17,七道,Q5567705,しちどう,shichido,1917-04-21,19,Wikidata Q5567705（2026-10-07取得）
S1rwdq3y,福知山,Q1131673,ふくちやま,fukuchiyama,1904,30,Wikidata Q1131673（2026-10-07取得）
S1rwhvxg,御堂,Q6843506,みどう,mido,1918-11-01,1,Wikidata Q6843506（2026-10-07取得）
S1rxmgok,越後滝谷,Q3698858,えちごたきや,echigo-takiya,1920-11-01,12,Wikidata Q3698858（2026-10-07取得）
S1ry0yvx,日比野,Q11509611,,hibino,1907,6,Wikidata Q11509611（2026-10-07取得）
S1rypyes,横屋,Q8054684,よこや,yokoya,1960-02-15,26,Wikidata Q8054684（2026-10-07取得）
S1ryza2f,二里ヶ浜,Q7039975,,nirigahama,1912,31,Wikidata Q7039975（2026-10-07取得）
S1rzlplp,本郷,Q862895,,hongo,1969-04-01,37,Wikidata Q862895（2026-10-07取得）
S1s1208r,石原町,Q5360226,いしはらまち,ishiharamachi,1915-04-01,40,Wikidata Q5360226（2026-10-07取得）
S1s1j2h4,羽前小松,Q7904818,うぜんこまつ,uzen-komatsu,1926-09-28,17,Wikidata Q7904818（2026-10-07取得）
S1s1phm1,苦竹,Q7032190,にがたけ,nigatake,1925-05-15,49,Wikidata Q7032190（2026-10-07取得）
S1s1wozl,上野毛,Q6357226,かみのげ,kaminoge,1929-11-01,6,Wikidata Q6357226（2026-10-07取得）
S1s1wphc,恵良,Q5384789,えら,era,1929-12-15,27,Wikidata Q5384789（2026-10-07取得）
S1s25a7s,芦ノ牧温泉南,Q4805113,あしのまきおんせんみなみ,ashinomaki-onsen-minami,1932-12-22,16,Wikidata Q4805113（2026-10-07取得）
S1s2urv0,追分口,Q7081574,,oiwakeguchi,1915-05-13,13,Wikidata Q7081574（2026-10-07取得）
S1s3cbay,庄内,Q7506184,,shonai,1951,3,Wikidata Q7506184（2026-10-07取得）
S1s3y5bl,藤田,Q874847,ふじた,fujita,1900-09-05,28,Wikidata Q874847（2026-10-07取得）
S1s42wix,中学校,Q11363857,ちゅうがっこう,chugakko,1982-11-02,24,Wikidata Q11363857（2026-10-07取得）
S1s49a25,北大曲,Q6417640,きたおおまがり,kita-omagari,1965-11-21,7,Wikidata Q6417640（2026-10-07取得）
S1s4fhdr,サンドーム西,Q7639801,,sundome nishi,1924-02-23,34,Wikidata Q7639801（2026-10-07取得）
S1s4g27b,新島々,Q11502026,しんしましま,shin-shimashima,1922-09-26,1,Wikidata Q11502026（2026-10-07取得）
S1s4i4rd,さくら夙川,Q1041960,さくらしゅくがわ,sakura shukugawa,2007-03-18,21,Wikidata Q1041960（2026-10-07取得）
S1s4ro5p,秦野,Q4494514,はだの,hadano,1927-04-01,32,Wikidata Q4494514（2026-10-07取得）
S1s5o7j6,おゆみ野,Q7116390,おゆみの,oyumino,1995-04-01,14,Wikidata Q7116390（2026-10-07取得）
S1s5shpk,南荒尾,Q5359202,みなみあらお,minami-arao,1950-05-01,9,Wikidata Q5359202（2026-10-07取得）
S1s5w7gh,若葉,Q7960744,わかば,wakaba,1979-04-02,62,Wikidata Q7960744（2026-10-07取得）
S1s6ejzk,木古内,Q59510,きこない,kikonai,1930-10-25,34,Wikidata Q59510（2026-10-07取得）
S1s6i22c,三国,Q6850282,みくに,mikuni,1911-12-15,45,Wikidata Q6850282（2026-10-07取得）
S1s6xdv6,久々野,Q5358166,くぐの,kuguno,1934-10-25,22,Wikidata Q5358166（2026-10-07取得）
S1s6zwl7,岩室,Q11474353,いわむろ,iwamuro,1912-08-25,19,Wikidata Q11474353（2026-10-07取得）
S1s72h7m,安里,Q7571723,,asato,2003,27,Wikidata Q7571723（2026-10-07取得）
S1s7c8ru,京口,Q6453036,きょうぐち,kyoguchi,1898-02-18,95,Wikidata Q6453036（2026-10-07取得）
S1s7jewh,黒部平,Q6446267,,kurobedaira,1969-07-20,49,Wikidata Q6446267（2026-10-07取得）
S1s7mit1,共和,Q871778,きょうわ,kyowa,1933-07-12,12,Wikidata Q871778（2026-10-07取得）
S1s86k34,榎原,Q8059410,,yowara,1935-04-15,19,Wikidata Q8059410（2026-10-07取得）
S1s898rt,小長井,Q6428718,,konagai,1934-12-01,26,Wikidata Q6428718（2026-10-07取得）
S1s8pc9u,東仙台,Q899052,ひがしせんだい,higashi-sendai,1909-10-18,49,Wikidata Q899052（2026-10-07取得）
S1s8qnea,西鹿島,Q847907,にしかじま,nishi-kajima,1909-12-06,27,Wikidata Q847907（2026-10-07取得）
S1s932oj,久留米高校前,Q5359544,くるめこうこうまえ,kurume-kokomae,2009-03-14,64,Wikidata Q5359544（2026-10-07取得）
S1s98ja5,鵜原,Q553006,うばら,ubara,1927-04-01,72,Wikidata Q553006（2026-10-07取得）
S1sa6vdy,山陽須磨,Q7420816,さんようすま,sanyo suma,1910-03-15,26,Wikidata Q7420816（2026-10-07取得）
S1sa9qyx,助信,Q7635748,すけのぶ,sukenobu,1909-12-06,92,Wikidata Q7635748（2026-10-07取得）
S1safybi,六浦,Q11312859,むつうら,mutsuura,1943-03-01,27,Wikidata Q11312859（2026-10-07取得）
S1sao9ya,上野広小路,Q1156446,うえのひろこうじ,ueno-hirokoji,1930-01-01,12,Wikidata Q1156446（2026-10-07取得）
S1saq4qh,はりま勝原,Q5366569,はりまかつはら,harima-katsuhara,2008-03-15,19,Wikidata Q5366569（2026-10-07取得）
S1sbj57y,霧島神宮,Q6415333,,kirishima-jingu,1930-07-10,55,Wikidata Q6415333（2026-10-07取得）
S1sc0kdt,白山,Q1039879,はくさん,hakusan,1972-06-30,31,Wikidata Q1039879（2026-10-07取得）
S1sc18b0,越谷レイクタウン,Q6433119,こしがやレイクタウン,koshigaya-laketown,2008-03-15,19,Wikidata Q6433119（2026-10-07取得）
S1scai6j,新千歳空港,Q872759,しんちとせくうこう,new chitose airport,1992-07-01,2,Wikidata Q872759（2026-10-07取得）
S1scr6hk,鯖石,Q7395852,さばいし,sabaishi,1952-01-26,13,Wikidata Q7395852（2026-10-07取得）
S1sd27qs,感田,Q11494970,,ganda,1959,35,Wikidata Q11494970（2026-10-07取得）
S1sd3yd3,尾白内,Q898613,おしろない,oshironai,1927-12-25,16,Wikidata Q898613（2026-10-07取得）
S1sdhszg,北山,Q6417935,きたやま,kitayama,1984-02-01,117,Wikidata Q6417935（2026-10-07取得）
S1sdiwuk,竹田,Q7677965,たけだ,takeda,1906-04-01,17,Wikidata Q7677965（2026-10-07取得）
S1sdjn95,青倉,Q4778658,あおくら,aokura,1934-08-10,15,Wikidata Q4778658（2026-10-07取得）
S1sdn6x3,板柳,Q6094184,いたやなぎ,itayanagi,1918-09-25,35,Wikidata Q6094184（2026-10-07取得）
S1sdvgoq,井口,Q6036554,いのくち,inokuchi,1924-04-06,32,Wikidata Q6036554（2026-10-07取得）
S1se8ae9,中飯降,Q3525399,,nakaiburi,1957-05-01,51,Wikidata Q3525399（2026-10-07取得）
S1sejlz7,逢隈,Q11639834,おおくま,okuma,1960-10-01,43,Wikidata Q11639834（2026-10-07取得）
S1septgx,西浦,Q7040753,,nishiura,1936,19,Wikidata Q7040753（2026-10-07取得）
S1sfcsaw,八幡前,Q5637053,はちまんまえ,hachiman-mae,1928-12-01,25,Wikidata Q5637053（2026-10-07取得）
S1sfu3m3,北四番丁,Q6417621,,kita-yobancho,1987-07-15,16,Wikidata Q6417621（2026-10-07取得）
S1sg49cy,浅虫温泉,Q650851,あさむしおんせん,asamushi-onsen,1891-06-21,34,Wikidata Q650851（2026-10-07取得）
S1sg9cyc,吉井,Q11412619,よしい,yoshii,1897-05-05,25,Wikidata Q11412619（2026-10-07取得）
S1sgdf2p,市役所前,Q7499452,しやくしょまえ,shiyakusho-mae,1967-08-30,44,Wikidata Q7499452（2026-10-07取得）
S1sgjo0w,西山天王山,Q650349,にしやまてんのうざん,nishiyama tennozan,2013,61,Wikidata Q650349（2026-10-07取得）
S1sgqzxk,塩屋,Q1042483,しおや,shioya,1896-07-01,15,Wikidata Q1042483（2026-10-07取得）
S1sgzdis,巌根,Q573420,いわね,iwane,1947-11-21,71,Wikidata Q573420（2026-10-07取得）
S1shd4gs,南行徳,Q128797,みなみぎょうとく,minami-gyotoku,1981-03-27,12,Wikidata Q128797（2026-10-07取得）
S1si4za1,方南町,Q1078437,ほうなんちょう,honancho,1962-03-23,97,Wikidata Q1078437（2026-10-07取得）
S1si904y,神田,Q800989,かんだ,kanda,1919-03-01,84,Wikidata Q800989（2026-10-07取得）
S1siqd2x,服部天神,Q3969777,はっとりてんじん,hattori-tenjin,1913,0,Wikidata Q3969777（2026-10-07取得）
S1siu4lk,八日市場,Q5363766,ようかいちば,yokaichiba,1897-06-01,23,Wikidata Q5363766（2026-10-07取得）
S1sixur0,新旭,Q5364336,,shin-asahi,1974,69,Wikidata Q5364336（2026-10-07取得）
S1sj19sw,JR野江,Q55876612,ジェイアールのえ,jr-noe,2019-03-16,12,Wikidata Q55876612（2026-10-07取得）
S1sj9ixr,信貴山口,Q7496433,しぎさんぐち,shigisanguchi,1930-12-15,93,Wikidata Q7496433（2026-10-07取得）
S1sjf9kq,矢越,Q8046746,やごし,yagoshi,1928-09-02,12,Wikidata Q8046746（2026-10-07取得）
S1sjk0if,南郷13丁目,Q3563648,なんごうじゅうさんちょうめ,nango-jusan-chome,1982-03-21,19,Wikidata Q3563648（2026-10-07取得）
S1sjl8d4,成岩,Q6965456,,narawa,1933,18,Wikidata Q6965456（2026-10-07取得）
S1sjru71,常陸鴻巣,Q5871600,ひたちこうのす,hitachi-konosu,1918-06-12,37,Wikidata Q5871600（2026-10-07取得）
S1sjvmpj,大袋,Q8081433,おおぶくろ,obukuro,1899-10-01,56,Wikidata Q8081433（2026-10-07取得）
S1sjwi97,千里,Q5102058,ちさと,chisato,1927-09-01,9,Wikidata Q5102058（2026-10-07取得）
S1sjwuyg,国谷,Q11421382,くにや,kuniya,1931-08-11,22,Wikidata Q11421382（2026-10-07取得）
S1sk9uhg,草江,Q6447740,,kusae,1923-08-01,14,Wikidata Q6447740（2026-10-07取得）
S1ske571,上飯田,Q6357803,,kamiiida,1931-02-11,33,Wikidata Q6357803（2026-10-07取得）
S1skwchh,曽谷,Q11515382,そだに,sodani,1915-06-22,28,Wikidata Q11515382（2026-10-07取得）
S1sl33v8,仁万,Q5355961,にま,nima,1917-05-15,35,Wikidata Q5355961（2026-10-07取得）
S1sl868k,隼人,Q5357506,はやと,hayato,1901-06-10,48,Wikidata Q5357506（2026-10-07取得）
S1slhvlo,本宿,Q6918020,,motojuku,1926,19,Wikidata Q6918020（2026-10-07取得）
S1slwp0j,瀬谷,Q7458919,せや,seya,1926-05-12,13,Wikidata Q7458919（2026-10-07取得）
S1smd0aq,工業団地,Q6455120,こうぎょうだんち,kogyodanchi,1997-10-01,36,Wikidata Q6455120（2026-10-07取得）
S1smtdkw,油田,Q4670654,あぶらでん,aburaden,1900-12-29,18,Wikidata Q4670654（2026-10-07取得）
S1smuz66,幡屋,Q5680995,はたや,hataya,1918-02-11,18,Wikidata Q5680995（2026-10-07取得）
S1soanhk,添田,Q7553477,,soeda,1915-04-01,52,Wikidata Q7553477（2026-10-07取得）
S1sp28gp,鵜住居,Q7897271,うのすまい,unosumai,1939-09-17,31,Wikidata Q7897271（2026-10-07取得）
S1sp8hup,今宮戎,Q6003186,いまみやえびす,imamiyaebisu,1907-10-05,28,Wikidata Q6003186（2026-10-07取得）
S1spnu8y,四季の郷,Q7496595,しきのさと,shikinosato,2007-10-13,97,Wikidata Q7496595（2026-10-07取得）
S1spsnbm,一乗寺,Q5986149,いちじょうじ,ichijoji,1925-09-27,36,Wikidata Q5986149（2026-10-07取得）
S1sq2fr7,野辺地,Q6393634,のへじ,noheji,1891-09-01,3,Wikidata Q6393634（2026-10-07取得）
S1sqgvxf,讃岐塩屋,Q5352754,さぬきしおや,sanuki-shioya,1952-01-27,22,Wikidata Q5352754（2026-10-07取得）
S1sqj80i,七久保,Q989071,ななくぼ,nanakubo,1918-07-23,23,Wikidata Q989071（2026-10-07取得）
S1sqmvcr,直江,Q6964523,なおえ,naoe,1910-10-10,12,Wikidata Q6964523（2026-10-07取得）
S1sr5w3n,馬込,Q1040904,まごめ,magome,1968-11-15,9,Wikidata Q1040904（2026-10-07取得）
S1srkzjf,花月総持寺,Q6346519,かげつそうじじ,kagetsu‐sojiji,1914-04-12,17,Wikidata Q6346519（2026-10-07取得）
S1srldeb,西三荘,Q1027383,にしさんそう,nishisanso,1975,6,Wikidata Q1027383（2026-10-07取得）
S1srwdn2,板野,Q8190673,いたの,itano,1923-02-15,73,Wikidata Q8190673（2026-10-07取得）
S1srwf6t,吉浦,Q8056323,よしうら,yoshiura,1903-12-27,19,Wikidata Q8056323（2026-10-07取得）
S1ss66ma,朝霧,Q1131227,あさぎり,asagiri,1968-06-20,23,Wikidata Q1131227（2026-10-07取得）
S1ssso74,茂原,Q564427,もばら,mobara,1897-04-17,10,Wikidata Q564427（2026-10-07取得）
S1sswsea,白島,Q5640663,,hakushima,1994-08-20,828,Wikidata Q5640663（2026-10-07取得）
S1ssz6u8,強羅,Q997926,ごうら,gora,1919-06-01,10,Wikidata Q997926（2026-10-07取得）
S1stf31f,美女平,Q4907236,,bijodaira,1954-08-13,9,Wikidata Q4907236（2026-10-07取得）
S1stns52,手稲,Q1039025,,teine,1880-11-28,6,Wikidata Q1039025（2026-10-07取得）
S1su426i,寺前,Q7701559,てらまえ,teramae,1894-07-26,35,Wikidata Q7701559（2026-10-07取得）
S1su4en2,子吉,Q11447870,,koyoshi,1922-08-01,31,Wikidata Q11447870（2026-10-07取得）
S1su8rv8,今池,Q852173,,imaike,1960-06-15,76,Wikidata Q852173（2026-10-07取得）
S1sudfxl,山本,Q8047860,,yamamoto,1898-12-01,57,Wikidata Q8047860（2026-10-07取得）
S1suypzp,かみのやま温泉,Q1137142,かみのやまおんせん,kaminoyama-onsen,1901-02-15,41,Wikidata Q1137142（2026-10-07取得）
S1sv311s,羽後境,Q7877844,うごさかい,ugo-sakai,1904-08-21,60,Wikidata Q7877844（2026-10-07取得）
S1swrfpc,穴守稲荷,Q4751212,あなもりいなり,anamori-inari,1902-06-28,25,Wikidata Q4751212（2026-10-07取得）
S1swwbjq,長井,Q6958355,ながい,nagai,1914-11-15,2,Wikidata Q6958355（2026-10-07取得）
S1swzqt0,地御前,Q6192368,じごぜん,jigozen,1925-07-15,11,Wikidata Q6192368（2026-10-07取得）
S1sx3d0g,新三田,Q856477,しんさんだ,shin-sanda,1986,72,Wikidata Q856477（2026-10-07取得）
S1sx8wye,椎名町,Q7496494,しいなまち,shiinamachi,1924-06-11,3,Wikidata Q7496494（2026-10-07取得）
S1sxwjl5,大戸瀬,Q8081442,おおどせ,odose,1933-05-11,31,Wikidata Q8081442（2026-10-07取得）
S1syhgr2,土橋,Q7849918,,tsuchihashi,1920,49,Wikidata Q7849918（2026-10-07取得）
S1synxbu,黒沢,Q11678434,,kurosawa,1922-08-01,24,Wikidata Q11678434（2026-10-07取得）
S1syzrfa,若林,Q7960749,わかばやし,wakabayashi,1925-01-18,12,Wikidata Q7960749（2026-10-07取得）
S1sz1yoq,東海学園前,Q7862672,,tokai-gakuen-mae,1986-11-01,23,Wikidata Q7862672（2026-10-07取得）
S1sz3q7u,黒磯,Q843174,くろいそ,kuroiso,1886-12-01,58,Wikidata Q843174（2026-10-07取得）
S1szevrp,山西,Q11470915,やまにし,yamanishi,1927-11-01,40,Wikidata Q11470915（2026-10-07取得）
S1szgw8q,木野,Q6414165,きの,kino,1928-12-01,22,Wikidata Q6414165（2026-10-07取得）
S1szrsca,逗子・葉山,Q3266545,ずしはやま,zushi·hayama,1985-03-02,190,Wikidata Q3266545（2026-10-07取得）
S1szukzg,谷頭,Q7683294,,tanigashira,1913-05-11,66,Wikidata Q7683294（2026-10-07取得）
S1szyex6,運河,Q7884435,うんが,unga,1911-05-09,35,Wikidata Q7884435（2026-10-07取得）
S1t10k2t,高屋,Q7677459,たかや,takaya,1920-01-12,1,Wikidata Q7677459（2026-10-07取得）
S1t1u2mj,播磨,Q11498751,,harima,1939,18,Wikidata Q11498751（2026-10-07取得）
S1t2jlus,円山公園,Q6778049,まるやまこうえん,maruyama-koen,1976-06-10,36,Wikidata Q6778049（2026-10-07取得）
S1t34uvm,二軒茶屋,Q27288,,nikenchaya,1928-12-01,28,Wikidata Q27288（2026-10-07取得）
S1t3xmvy,及位,Q7067415,のぞき,nozoki,1904-10-21,2,Wikidata Q7067415（2026-10-07取得）
S1t43wja,西笠松,Q7040360,,nishi-kasamatsu,1921,12,Wikidata Q7040360（2026-10-07取得）
S1t4ft2u,四所,Q7499097,ししょ,shisho,1924-04-12,35,Wikidata Q7499097（2026-10-07取得）
S1t4ql1s,北鹿沼,Q6417558,きたかぬま,kita-kanuma,1931-12-10,80,Wikidata Q6417558（2026-10-07取得）
S1t4rqtk,渡辺通,Q4357440,,watanabe-dori,2005-02-03,8,Wikidata Q4357440（2026-10-07取得）
S1t4u927,宮ノ越,Q6884409,みやのこし,miyanokoshi,1910-11-25,13,Wikidata Q6884409（2026-10-07取得）
S1t4vzl8,渡川,Q7973003,わたりがわ,watarigawa,1961-04-01,23,Wikidata Q7973003（2026-10-07取得）
S1t4yfu1,上万場,Q6358114,かみまんば,kamimanba,1987-12-11,16,Wikidata Q6358114（2026-10-07取得）
S1t558cl,波田,Q11555590,はた,hata,1922-05-10,7,Wikidata Q11555590（2026-10-07取得）
S1t58kj7,平磯,Q5768904,ひらいそ,hiraiso,1924-09-03,16,Wikidata Q5768904（2026-10-07取得）
S1t58slw,艫作,Q5713066,へなし,henashi,1936-07-30,11,Wikidata Q5713066（2026-10-07取得）
S1t5dbug,多ノ郷,Q8081667,おおのごう,onogo,1942-06-30,36,Wikidata Q8081667（2026-10-07取得）
S1t5jjig,中荒井,Q11366929,なかあらい,nakaarai,1947-12-12,10,Wikidata Q11366929（2026-10-07取得）
S1t5vel2,広,Q5769956,ひろ,hiro,1935-03-24,76,Wikidata Q5769956（2026-10-07取得）
S1t62z1u,湯本,Q5353354,ゆもと,yumoto,1897-02-25,15,Wikidata Q5353354（2026-10-07取得）
S1t68cpc,多賀城,Q7675127,たがじょう,tagajo,1925-06-05,41,Wikidata Q7675127（2026-10-07取得）
S1t6c5o7,伏石,Q85876328,,fuseishi,2020-11-28,6,Wikidata Q85876328（2026-10-07取得）
S1t6ukv9,福俵,Q5353408,ふくたわら,fukutawara,1938-03-01,15,Wikidata Q5353408（2026-10-07取得）
S1t6vzad,安治川口,Q1042791,あじかわぐち,ajikawaguchi,1898,47,Wikidata Q1042791（2026-10-07取得）
S1t70bu7,ハウステンボス,Q852106,,huis ten bosch,1992-03-10,75,Wikidata Q852106（2026-10-07取得）
S1t7b0zl,ゆだ高原,Q8060216,ゆだこうげん,yudakogen,1948-12-25,8,Wikidata Q8060216（2026-10-07取得）
S1t7d18g,松尾,Q5365257,まつお,matsuo,1898-02-25,60,Wikidata Q5365257（2026-10-07取得）
S1t7dp74,温泉津,Q5355671,ゆのつ,yunotsu,1918-11-25,45,Wikidata Q5355671（2026-10-07取得）
S1t8epgc,曳舟,Q842038,ひきふね,hikifune,1902-04-01,48,Wikidata Q842038（2026-10-07取得）
S1t93ymy,越中中島,Q11636375,えっちゅうなかじま,etchu-nakajima,2006-04-29,35,Wikidata Q11636375（2026-10-07取得）
S1t9cb0u,沢良宜,Q3970925,さわらぎ,sawaragi,1997,14,Wikidata Q3970925（2026-10-07取得）
S1ta4dvk,加茂野,Q11398907,かもの,kamono,1952-12-26,3,Wikidata Q11398907（2026-10-07取得）
S1taq2pa,木見,Q6410088,きみ,kimi,1988-03-20,24,Wikidata Q6410088（2026-10-07取得）
S1taqs2i,内宿,Q10891265,,uchijuku,1990-08-22,19,Wikidata Q10891265（2026-10-07取得）
S1tb84og,河原町,Q6379687,,kawaramachi,1987-07-15,60,Wikidata Q6379687（2026-10-07取得）
S1tbgprk,山の街,Q8047898,,yamanomachi,1935-03-08,58,Wikidata Q8047898（2026-10-07取得）
S1tbpjjd,瀬戸市,Q7456825,せとし,setoshi,1988-01-31,24,Wikidata Q7456825（2026-10-07取得）
S1tbrxhn,宮田,Q990102,みやだ,miyada,1913-12-27,2,Wikidata Q990102（2026-10-07取得）
S1tcn6sh,旭,Q4803372,あさひ,asahi,1924-11-15,39,Wikidata Q4803372（2026-10-07取得）
S1tcvmfi,矢賀,Q8046677,やが,yaga,1929-03-20,25,Wikidata Q8046677（2026-10-07取得）
S1td47xj,新西金沢,Q27963611,しんにしかなざわ,shin-nishi-kanazawa,1915-06-22,7,Wikidata Q27963611（2026-10-07取得）
S1td48j1,下泉,Q7496968,しもいずみ,shimoizumi,1931-02-01,15,Wikidata Q7496968（2026-10-07取得）
S1tdnjrj,新福島,Q1073002,しんふくしま,shin-fukushima,1997,13,Wikidata Q1073002（2026-10-07取得）
S1tdrrmm,茂尻,Q899128,,moshiri,1918-12-28,7,Wikidata Q899128（2026-10-07取得）
S1tdwx1i,大町,Q8081603,おおまち,omachi,1994-08-20,24,Wikidata Q8081603（2026-10-07取得）
S1te2ync,氏家,Q872732,うじいえ,ujiie,1897-02-25,47,Wikidata Q872732（2026-10-07取得）
S1tf4qyd,山形,Q1135793,やまがた,yamagata,1901-04-11,29,Wikidata Q1135793（2026-10-07取得）
S1tffdcx,前沢,Q899648,まえさわ,maesawa,1890-11-01,51,Wikidata Q899648（2026-10-07取得）
S1tfommi,目名,Q848093,めな,mena,1904-10-15,18,Wikidata Q848093（2026-10-07取得）
S1tfvrvd,舞子,Q1042776,まいこ,maiko,1896-07-01,50,Wikidata Q1042776（2026-10-07取得）
S1tg4q9t,備後落合,Q4914292,びんごおちあい,bingo-ochiai,1935-12-20,9,Wikidata Q4914292（2026-10-07取得）
S1tgdftl,秋田,Q1316396,あきた,akita,1902-10-21,62,Wikidata Q1316396（2026-10-07取得）
S1tgezpf,瀬戸口,Q7456757,せとぐち,setoguchi,1988-01-31,7,Wikidata Q7456757（2026-10-07取得）
S1tgmi9x,毘沙門,Q11547509,びしゃもん,bishamon,1931-07-15,6,Wikidata Q11547509（2026-10-07取得）
S1thw110,うきは,Q4898188,うきは,ukiha,1931-07-11,15,Wikidata Q4898188（2026-10-07取得）
S1ti2os9,上野,Q801551,うえの,ueno,1883-07-28,43,Wikidata Q801551（2026-10-07取得）
S1ti8vys,田子,Q2748631,たこ,tako,1940-08-08,50,Wikidata Q2748631（2026-10-07取得）
S1tj5ygy,陸奥岩崎,Q6944024,むついわさき,mutsu-iwasaki,1932-10-14,12,Wikidata Q6944024（2026-10-07取得）
S1tjl6z5,名古屋城,Q842023,,nagoyajo,1965-10-15,19,Wikidata Q842023（2026-10-07取得）
S1tjwc88,餘部,Q870934,あまるべ,amarube,1959-04-16,8,Wikidata Q870934（2026-10-07取得）
S1tk5tip,刈羽,Q6371115,かりわ,kariwa,1912-11-11,8,Wikidata Q6371115（2026-10-07取得）
S1tkelk2,十九条,Q11404786,じゅうくじょう,jukujo,1956-03-20,9,Wikidata Q11404786（2026-10-07取得）
S1tkgfd6,原田,Q5359769,はるだ,haruda,1889-12-11,6,Wikidata Q5359769（2026-10-07取得）
S1tkjb1v,越前高田,Q5332622,えちぜんたかだ,echizen-takada,1964-05-20,8,Wikidata Q5332622（2026-10-07取得）
S1tl7dg7,藻琴,Q6895402,もこと,mokoto,1924,20,Wikidata Q6895402（2026-10-07取得）
S1tlinlt,鬼怒川温泉,Q6414419,きぬがわおんせん,kinugawa-onsen,1919-03-17,39,Wikidata Q6414419（2026-10-07取得）
S1tlmdca,知多半田,Q5102187,,chita-handa,1931,38,Wikidata Q5102187（2026-10-07取得）
S1tlr7s5,備中広瀬,Q3661679,びっちゅうひろせ,bitchu-hirose,1926-06-20,18,Wikidata Q3661679（2026-10-07取得）
S1tm21oj,堅下,Q6375272,かたしも,katashimo,1927-07-01,26,Wikidata Q6375272（2026-10-07取得）
S1tmpv3d,千国,Q5097507,ちくに,chikuni,1961-12-23,29,Wikidata Q5097507（2026-10-07取得）
S1tnqdv3,西御坊,Q7040336,にしごぼう,nishi-gobo,1932-04-10,62,Wikidata Q7040336（2026-10-07取得）
S1tnris2,野志,Q7061808,,noshi,1994-12-15,21,Wikidata Q7061808（2026-10-07取得）
S1tnsy60,千垣,Q5097198,ちがき,chigaki,1923-04-20,30,Wikidata Q5097198（2026-10-07取得）
S1to6ywc,帖佐,Q5119002,ちょうさ,chosa,1926-04-01,4,Wikidata Q5119002（2026-10-07取得）
S1toyvy0,田園調布,Q5256442,でんえんちょうふ,den-en-chofu,1923-03-11,45,Wikidata Q5256442（2026-10-07取得）
S1tp8red,西中通,Q7040382,にしなかどおり,nishi-nakadori,1912-11-11,38,Wikidata Q7040382（2026-10-07取得）
S1tpxsnz,合川,Q10916795,あいかわ,aikawa,1934-12-10,28,Wikidata Q10916795（2026-10-07取得）
S1tr929x,十二湖,Q6322342,じゅうにこ,juniko,1959-09-15,3,Wikidata Q6322342（2026-10-07取得）
S1trqrzq,丸亀,Q874116,まるがめ,marugame,1889-05-23,49,Wikidata Q874116（2026-10-07取得）
S1tsmo3p,江釣子,Q5423449,えづりこ,ezuriko,1923-04-15,7,Wikidata Q5423449（2026-10-07取得）
S1ttbhi6,甲賀,Q5362404,こうか,koka,1890,7,Wikidata Q5362404（2026-10-07取得）
S1tterpq,鹿島旭,Q6374302,かしまあさひ,kashima-asahi,1985-03-14,30,Wikidata Q6374302（2026-10-07取得）
S1ttgrqz,山田上口,Q93446,やまだかみぐち,yamada-kamiguchi,1893-11-11,28,Wikidata Q93446（2026-10-07取得）
S1tu3hli,八家,Q8047028,やか,yaka,1923-08-19,57,Wikidata Q8047028（2026-10-07取得）
S1tubm9w,北五泉,Q11401076,きたごせん,kita-gosen,1952-02-20,28,Wikidata Q11401076（2026-10-07取得）
S1tul47s,西18丁目,Q6130389,にしじゅうはっちょうめ,nishi-juhatchome,1976-06-10,30,Wikidata Q6130389（2026-10-07取得）
S1tur34b,西泉,Q11629014,にしいずみ,nishiizumi,1934-12-01,23,Wikidata Q11629014（2026-10-07取得）
S1tur4t6,下久野,Q7496977,しもくの,shimokuno,1932-12-18,21,Wikidata Q7496977（2026-10-07取得）
S1tusas8,上三依塩原温泉口,Q6358122,,kamimiyori-shiobara-onsenguchi,1986-10-09,10,Wikidata Q6358122（2026-10-07取得）
S1tvd5ny,安平,Q4667910,,abira,1902-10-11,57,Wikidata Q4667910（2026-10-07取得）
S1tvvew3,吉野町,Q579077,よしのちょう,yoshinocho,1972-12-16,53,Wikidata Q579077（2026-10-07取得）
S1twf2ec,佐久平,Q1188565,さくだいら,sakudaira,1997-10-01,20,Wikidata Q1188565（2026-10-07取得）
S1twoa2z,多寄,Q901451,たよろ,tayoro,1903-09-03,27,Wikidata Q901451（2026-10-07取得）
S1twtbwq,川添,Q5358018,かわぞえ,kawazoe,1923-03-20,45,Wikidata Q5358018（2026-10-07取得）
S1txddnx,津奈木,Q11555987,つなぎ,tsunagi,1927-10-17,23,Wikidata Q11555987（2026-10-07取得）
S1txwhwr,音羽町,Q7109022,おとわちょう,otowacho,1908,15,Wikidata Q7109022（2026-10-07取得）
S1ty5i36,木太町,Q6417683,きたちょう,kitacho,1986-11-01,30,Wikidata Q6417683（2026-10-07取得）
S1tyim54,八街,Q5364855,やちまた,yachimata,1897-05-01,24,Wikidata Q5364855（2026-10-07取得）
S1tylt4l,せきてらす前,Q5645941,せきてらすまえ,sekiterasumae,1986-12-11,23,Wikidata Q5645941（2026-10-07取得）
S1tyoa6c,下川合,Q775582,しもかわい,shimokawai,1934-11-11,15,Wikidata Q775582（2026-10-07取得）
S1tyu704,東新津,Q5753777,ひがしにいつ,higashi-niitsu,1952-02-20,3,Wikidata Q5753777（2026-10-07取得）
S1tz0pfp,蒲生,Q5520436,がもう,gamo,1899-12-20,19,Wikidata Q5520436（2026-10-07取得）
S1tz38c6,五位野,Q870525,,goino,1930-12-07,26,Wikidata Q870525（2026-10-07取得）
S1tz4abv,細野,Q11606179,ほその,hosono,1915-09-29,29,Wikidata Q11606179（2026-10-07取得）
S1tzmmyl,松井山手,Q856041,まついやまて,matsuiyamate,1989,35,Wikidata Q856041（2026-10-07取得）
S1tzpmj9,坂北,Q3883765,さかきた,sakakita,1927-11-03,93,Wikidata Q3883765（2026-10-07取得）
S1u0mv3c,南千住,Q80570,みなみせんじゅ,minami-senju,1896-12-25,17,Wikidata Q80570（2026-10-07取得）
S1u14wfe,岡見,Q7081763,おかみ,okami,1926-04-01,55,Wikidata Q7081763（2026-10-07取得）
S1u1g7tv,香椎宮前,Q6374290,かしいみやまえ,kashii-miyamae,1959,46,Wikidata Q6374290（2026-10-07取得）
S1u2v9wy,古高松南,Q5509828,ふるたかまつみなみ,furutakamatsu-minami,1986-11-01,36,Wikidata Q5509828（2026-10-07取得）
S1u31yx8,吉名,Q8056180,よしな,yoshina,1935-02-17,36,Wikidata Q8056180（2026-10-07取得）
S1u3eyps,南宿,Q11407722,,minami-juku,1921,28,Wikidata Q11407722（2026-10-07取得）
S1u3s6jg,井出,Q5355744,いで,ide,1929-03-26,4,Wikidata Q5355744（2026-10-07取得）
S1u4e25p,亀嵩,Q11370946,かめだけ,kamedake,1934-11-20,14,Wikidata Q11370946（2026-10-07取得）
S1u4hlb3,土深井,Q5286980,どぶかい,dobukai,1915-12-25,14,Wikidata Q5286980（2026-10-07取得）
S1u4twvd,ゆめみ野,Q11280891,ゆめみの,yumemino,2011-03-12,39,Wikidata Q11280891（2026-10-07取得）
S1u53gzh,寺原,Q7701522,てらはら,terahara,1913-11-01,38,Wikidata Q7701522（2026-10-07取得）
S1u57ikp,山崎,Q864227,やまさき,yamasaki,1904-10-15,45,Wikidata Q864227（2026-10-07取得）
S1u6638t,大塩,Q8081713,おおしお,oshio,1923-08-19,41,Wikidata Q8081713（2026-10-07取得）
S1u6aq1l,清水,Q863065,しみず,shimizu,1889-02-01,21,Wikidata Q863065（2026-10-07取得）
S1u6gwet,六町,Q5369300,ろくちょう,rokucho,2005-08-24,26,Wikidata Q5369300（2026-10-07取得）
S1u6lmi9,狩場沢,Q6370477,かりばさわ,karibasawa,1894-01-04,15,Wikidata Q6370477（2026-10-07取得）
S1u70snw,鶴田,Q1305535,つるた,tsuruta,1902-09-13,87,Wikidata Q1305535（2026-10-07取得）
S1u71u6d,新那加,Q7497122,,shin-naka,1926,13,Wikidata Q7497122（2026-10-07取得）
S1u7jutr,茅沼,Q6380464,かやぬま,kayanuma,1927,26,Wikidata Q6380464（2026-10-07取得）
S1u80cie,喜連瓜破,Q151539,きれうりわり,kire-uriwari,1980-11-27,39,Wikidata Q151539（2026-10-07取得）
S1u866pk,大濠公園,Q4357451,,ohorikoen,1981-07-26,72,Wikidata Q4357451（2026-10-07取得）
S1u8d3l9,鳥居本,Q606237,,toriimoto,1931-03-15,14,Wikidata Q606237（2026-10-07取得）
S1u8pi2f,上三田,Q11358390,かみみた,kamimita,1948-08-10,33,Wikidata Q11358390（2026-10-07取得）
S1u8tpri,船尾,Q5508733,ふなお,funao,1922-02-05,27,Wikidata Q5508733（2026-10-07取得）
S1u92ako,浅草,Q4803450,あさくさ,asakusa,2005-08-24,77,Wikidata Q4803450（2026-10-07取得）
S1u9i4ho,上宇和,Q899575,かみうわ,kami-uwa,1945-06-20,17,Wikidata Q899575（2026-10-07取得）
S1u9wg5o,関,Q7447191,せき,seki,1890-12-25,31,Wikidata Q7447191（2026-10-07取得）
S1ua1rli,祝園,Q855574,ほうその,hosono,1898-06-04,26,Wikidata Q855574（2026-10-07取得）
S1ua3qyl,夜間瀬,Q11431339,よませ,yomase,1927-04-28,5,Wikidata Q11431339（2026-10-07取得）
S1uac5dz,唐櫃台,Q6368797,,karatodai,1966-07-01,38,Wikidata Q6368797（2026-10-07取得）
S1uagrpj,羽間,Q11610396,,hazama,1927-03-15,14,Wikidata Q11610396（2026-10-07取得）
S1uamipy,四谷三丁目,Q1073207,よつやさんちょうめ,yotsuya-sanchome,1959-03-15,83,Wikidata Q1073207（2026-10-07取得）
S1ub4gga,和倉温泉,Q6138219,わくらおんせん,wakura-onsen,1925-12-15,81,Wikidata Q6138219（2026-10-07取得）
S1ub4u6g,近江塩津,Q3611081,おうみしおつ,omi-shiotsu,1974,37,Wikidata Q3611081（2026-10-07取得）
S1ub9c0c,丸山,Q6778053,,maruyama,1928-11-28,11,Wikidata Q6778053（2026-10-07取得）
S1ubh06n,下今市,Q7496924,しもいまいち,shimo-imaichi,1929-07-07,38,Wikidata Q7496924（2026-10-07取得）
S1ucqktj,平塚,Q372513,ひらつか,hiratsuka,1887-07-11,100,Wikidata Q372513（2026-10-07取得）
S1ud1tbl,鳴石,Q11675404,なるいし,naruishi,1990-03-10,30,Wikidata Q11675404（2026-10-07取得）
S1ud1z9i,みずほ台,Q6884805,みずほだい,mizuhodai,1977-10-21,10,Wikidata Q6884805（2026-10-07取得）
S1ud422i,田老,Q11577243,たろう,taro,1972-02-27,30,Wikidata Q11577243（2026-10-07取得）
S1uddbp3,野上,Q3701473,のがみ,nogami,1911-09-14,18,Wikidata Q3701473（2026-10-07取得）
S1udkdzv,板宿,Q5358392,いたやど,itayado,1910,48,Wikidata Q5358392（2026-10-07取得）
S1udosda,吉富,Q1044085,よしとみ,yoshitomi,1935,45,Wikidata Q1044085（2026-10-07取得）
S1udxjzx,中浜,Q4251606,なかはま,nakahama,1952-07-01,68,Wikidata Q4251606（2026-10-07取得）
S1ue4rph,稲原,Q2898378,いなはら,inahara,1930-12-14,82,Wikidata Q2898378（2026-10-07取得）
S1uf69ib,錦岡,Q7040602,,nishikioka,1898-02-01,39,Wikidata Q7040602（2026-10-07取得）
S1ufql0c,森林公園,Q5368656,しんりんこうえん,shinrinkoen,1971-03-01,34,Wikidata Q5368656（2026-10-07取得）
S1uftcgd,吉永,Q3611222,よしなが,yoshinaga,1891-03-18,25,Wikidata Q3611222（2026-10-07取得）
S1ufym15,あかぢ,Q11256856,,akaji,2001-03-03,15,Wikidata Q11256856（2026-10-07取得）
S1ufypkg,西富山,Q11627677,にしとやま,nishi-toyama,1927-09-01,52,Wikidata Q11627677（2026-10-07取得）
S1ug11s7,小舟渡,Q6424516,,kobunato,1914-03-11,17,Wikidata Q6424516（2026-10-07取得）
S1ug58hf,根笠,Q6989804,ねかさ,nekasa,1960-11-01,14,Wikidata Q6989804（2026-10-07取得）
S1ug5xm2,五橋,Q11372525,,itsutsubashi,1987-07-15,8,Wikidata Q11372525（2026-10-07取得）
S1ugmsss,中川辺,Q5358732,なかかわべ,nakakawabe,1922-11-25,48,Wikidata Q5358732（2026-10-07取得）
S1ugywx4,酒田,Q11315202,さかた,sakata,1914-12-24,46,Wikidata Q11315202（2026-10-07取得）
S1uhc0ho,高,Q7676973,たか,taka,1934-03-13,31,Wikidata Q7676973（2026-10-07取得）
S1uhlyjv,坂,Q7402725,さか,saka,1903-12-27,29,Wikidata Q7402725（2026-10-07取得）
S1ui13cx,島松,Q59338,,shimamatsu,1926,101,Wikidata Q59338（2026-10-07取得）
S1uia8cx,儀保,Q7484290,,gibo,2003,32,Wikidata Q7484290（2026-10-07取得）
S1uicmrh,伊予立川,Q899589,いよたちかわ,iyo-tachikawa,1986-03-03,41,Wikidata Q899589（2026-10-07取得）
S1uiekdq,糠南,Q7068846,ぬかなん,nukanan,1987-04-01,12,Wikidata Q7068846（2026-10-07取得）
S1uiohjd,小波瀬西工大前,Q5360737,おばせにしこうだいまえ,obase-nishikodai-mae,1944-05-28,23,Wikidata Q5360737（2026-10-07取得）
S1uj6t7l,一戸,Q5986230,いちのへ,ichinohe,1893-02-15,30,Wikidata Q5986230（2026-10-07取得）
S1ujllra,大須観音,Q862936,,osu kannon,1977-03-18,68,Wikidata Q862936（2026-10-07取得）
S1ujxsln,三条,Q11355866,,sanjo,1956-03-01,14,Wikidata Q11355866（2026-10-07取得）
S1uk06pq,大田口,Q900670,おおたぐち,otaguchi,1934-10-28,10,Wikidata Q900670（2026-10-07取得）
S1ukk3h8,学田,Q1305576,がくでん,gakuden,1958-03-25,54,Wikidata Q1305576（2026-10-07取得）
S1ukwosd,利府,Q899744,りふ,rifu,1894-01-04,33,Wikidata Q899744（2026-10-07取得）
S1ul2a1o,富浦,Q556722,とみうら,tomiura,1918-08-10,106,Wikidata Q556722（2026-10-07取得）
S1ul6hz7,荒木,Q4783838,あらき,araki,1910-04-20,85,Wikidata Q4783838（2026-10-07取得）
S1umag89,新田原,Q5360079,しんでんばる,shindembaru,1897-09-25,54,Wikidata Q5360079（2026-10-07取得）
S1umteuc,磐梯熱海,Q4854327,ばんだいあたみ,bandai-atami,1898-07-26,16,Wikidata Q4854327（2026-10-07取得）
S1un35c2,相見,Q900229,あいみ,aimi,2012-03-17,84,Wikidata Q900229（2026-10-07取得）
S1una8yh,会津越川,Q4699448,あいづこすがわ,aizu-kosugawa,1965-02-01,1,Wikidata Q4699448（2026-10-07取得）
S1unar7r,五日市,Q5358368,いつかいち,itsukaichi,1899-12-08,38,Wikidata Q5358368（2026-10-07取得）
S1unrzcx,西台,Q1039896,にしだい,nishidai,1968-12-27,118,Wikidata Q1039896（2026-10-07取得）
S1untj8s,鹿島サッカースタジアム,Q6374316,かしまサッカースタジアム,kashima soccer stadium,1970-08-20,119,Wikidata Q6374316（2026-10-07取得）
S1uo9oym,人吉,Q8190132,ひとよし,hitoyoshi,1908-06-01,36,Wikidata Q8190132（2026-10-07取得）
S1up4tng,朝潮橋,Q1134463,あさしおばし,asashiobashi,1961-12-11,19,Wikidata Q1134463（2026-10-07取得）
S1uq0gpz,大隅横川,Q5375494,おおすみよこがわ,osumi-yokogawa,1903-01-15,73,Wikidata Q5375494（2026-10-07取得）
S1uq550e,新白島,Q11579666,しんはくしま,shin-hakushima,2015,37,Wikidata Q11579666（2026-10-07取得）
S1uqnctj,筑前前原,Q898453,,chikuzen-maebaru,1924-04-01,16,Wikidata Q898453（2026-10-07取得）
S1uqwb06,摂待,Q11498540,せったい,settai,1984-04-01,24,Wikidata Q11498540（2026-10-07取得）
S1ur6ao9,風祭,Q6380859,かざまつり,kazamatsuri,1935-10-01,7,Wikidata Q6380859（2026-10-07取得）
S1us1ifu,奥洞海,Q7082721,,okudokai,1962-11-01,83,Wikidata Q7082721（2026-10-07取得）
S1us6ubu,本鵠沼,Q4499731,ほんくげぬま,hon-kugenuma,1929-04-01,35,Wikidata Q4499731（2026-10-07取得）
S1us90df,新整備場,Q5362517,しんせいびじょう,shin-seibijo,1993-09-27,65,Wikidata Q5362517（2026-10-07取得）
S1usg5zd,大手町,Q11435570,,otemachi,1927-04-03,22,Wikidata Q11435570（2026-10-07取得）
S1usn6jv,貝塚市役所前,Q6348756,,kaizuka shiyakushomae,1967,5,Wikidata Q6348756（2026-10-07取得）
S1uu5bz8,出光美術館,Q11395540,,idemitsu art museum,2009-04-26,6,Wikidata Q11395540（2026-10-07取得）
S1uu79d3,下島,Q990450,しもじま,shimojima,1913-12-27,55,Wikidata Q990450（2026-10-07取得）
S1uvixpl,餅原,Q5357616,もちばる,mochibaru,1965-04-01,14,Wikidata Q5357616（2026-10-07取得）
S1uvuwbr,赤池,Q850867,,akaike,1978-10-01,24,Wikidata Q850867（2026-10-07取得）
S1uwcnze,湯田村,Q8060210,ゆだむら,yudamura,1914-07-21,43,Wikidata Q8060210（2026-10-07取得）
S1uwjk10,滝谷不動,Q7678293,たきだにふどう,takidanifudo,1902-03-25,76,Wikidata Q7678293（2026-10-07取得）
S1uwls99,柚木,Q8009579,ゆのき,yunoki,1934-07-01,16,Wikidata Q8009579（2026-10-07取得）
S1uwqw8d,阪神国道,Q5651101,はんしんこくどう,hanshin-kokudo,1927-05-10,39,Wikidata Q5651101（2026-10-07取得）
S1uwtc6i,防府,Q5357631,ほうふ,hofu,1898-03-17,25,Wikidata Q5357631（2026-10-07取得）
S1uwuowh,東池袋,Q331193,ひがしいけぶくろ,higashi-ikebukuro,1974-10-30,144,Wikidata Q331193（2026-10-07取得）
S1uwuya5,矢吹,Q875942,やぶき,yabuki,1887-07-16,28,Wikidata Q875942（2026-10-07取得）
S1ux9jh9,三室戸,Q2339465,,mimurodo,1913-06-01,27,Wikidata Q2339465（2026-10-07取得）
S1uxyb92,松屋町,Q126080,まつやまち,matsuyamachi,1996-12-11,12,Wikidata Q126080（2026-10-07取得）
S1uxyq8h,榎戸,Q5364697,えのきど,enokido,1914-04-01,7,Wikidata Q5364697（2026-10-07取得）
S1uyywed,赤羽橋,Q246176,あかばねばし,akabanebashi,2000-12-12,52,Wikidata Q246176（2026-10-07取得）
S1uz0gbq,唐崎,Q5367629,,karasaki,1974,13,Wikidata Q5367629（2026-10-07取得）
S1uz3qsd,新市,Q7497149,しんいち,shin-ichi,1914-07-21,23,Wikidata Q7497149（2026-10-07取得）
S1uz8px5,山ノ内,Q8047907,やまのうち,yamanouchi,1924-09-20,48,Wikidata Q8047907（2026-10-07取得）
S1uzbhuq,大和,Q1036368,やまと,yamato,1926-05-12,19,Wikidata Q1036368（2026-10-07取得）
S1uzekrl,鹿島田,Q5367917,かしまだ,kashimada,1927-03-09,34,Wikidata Q5367917（2026-10-07取得）
S1v1d1r0,西岩国,Q7040351,にしいわくに,nishi-iwakuni,1929-04-05,56,Wikidata Q7040351（2026-10-07取得）
S1v2me98,小岩,Q1067969,こいわ,koiwa,1899-05-24,39,Wikidata Q1067969（2026-10-07取得）
S1v2qkta,豊洲,Q1141968,とよす,toyosu,1988-06-08,72,Wikidata Q1141968（2026-10-07取得）
S1v33jwo,京成中山,Q6383846,けいせいなかやま,keisei nakayama,1915-11-03,36,Wikidata Q6383846（2026-10-07取得）
S1v34wcv,等持院・立命館大学衣笠キャンパス前,Q11602726,とうじいんりつめいかんだいがくきぬがさキャンパスまえ,tojiin ritsumeikan university,1925-11-03,27,Wikidata Q11602726（2026-10-07取得）
S1v3f9xo,新鹿沼,Q7497103,しんかぬま,shin-kanuma,1929-04-01,57,Wikidata Q7497103（2026-10-07取得）
S1v3hq91,下野大沢,Q7497018,しもつけおおさわ,shimotsuke-osawa,1929-11-01,11,Wikidata Q7497018（2026-10-07取得）
S1v3tlj0,越前島橋,Q5332620,,echizen shimabashi,1919-02-11,17,Wikidata Q5332620（2026-10-07取得）
S1v4e028,北信太,Q856975,,kita-shinoda,1932,23,Wikidata Q856975（2026-10-07取得）
S1v4h7lc,川棚温泉,Q3661666,かわたなおんせん,kawatana-onsen,1914-04-22,85,Wikidata Q3661666（2026-10-07取得）
S1v4ukgx,小中野,Q6393603,こなかの,konakano,1934-06-01,16,Wikidata Q6393603（2026-10-07取得）
S1v6es99,原向,Q5654104,はらむこう,haramuko,1912-12-31,8,Wikidata Q5654104（2026-10-07取得）
S1v6vsr4,田中,Q7682253,たなか,tanaka,1888-12-01,15,Wikidata Q7682253（2026-10-07取得）
S1v7129i,時又,Q984977,ときまた,tokimata,1927-12-26,15,Wikidata Q984977（2026-10-07取得）
S1v73pul,甲斐大島,Q5355357,かいおおしま,kai-oshima,1919-04-08,3,Wikidata Q5355357（2026-10-07取得）
S1v7q5nf,粉河,Q3467694,,kokawa,1900-11-25,31,Wikidata Q3467694（2026-10-07取得）
S1v7sh0p,萩原,Q5638751,,hagiwara,1899,40,Wikidata Q5638751（2026-10-07取得）
S1v7sy85,室見,Q4357442,,muromi,1981-07-26,60,Wikidata Q4357442（2026-10-07取得）
S1v7vbyq,奥多摩,Q842968,おくたま,okutama,1944-07-01,42,Wikidata Q842968（2026-10-07取得）
S1v839u8,伊勢川島,Q4142954,いせかわしま,ise-kawashima,1913,18,Wikidata Q4142954（2026-10-07取得）
S1v8gga5,大町西公園,Q11627264,,omachi nishi-koen,2015-12-06,13,Wikidata Q11627264（2026-10-07取得）
S1v8k57m,飯坂温泉,Q11030802,いいざかおんせん,iizaka onsen,1927-03-23,22,Wikidata Q11030802（2026-10-07取得）
S1v8mwxu,箕面船場阪大前,Q11603217,みのおせんばはんだいまえ,minoh-semba handai-mae,2024-03-23,66,Wikidata Q11603217（2026-10-07取得）
S1v8xyup,仁木,Q861460,にき,niki,1902-12-10,3,Wikidata Q861460（2026-10-07取得）
S1v9khmo,六条,Q7360105,ろくじょう,rokujo,1960-12-15,16,Wikidata Q7360105（2026-10-07取得）
S1v9l2b9,柳田,Q8048234,やなぎた,yanagita,1921-12-10,12,Wikidata Q8048234（2026-10-07取得）
S1vag9zi,新浦安,Q844256,しんうらやす,shin-urayasu,1988-12-01,15,Wikidata Q844256（2026-10-07取得）
S1vauady,明覚,Q845049,みょうかく,myokaku,1934-03-24,39,Wikidata Q845049（2026-10-07取得）
S1vbe47x,北山田,Q6417616,,kita-yamada,1932-09-16,8,Wikidata Q6417616（2026-10-07取得）
S1vbqf7h,大船,Q1143863,おおふな,ofuna,1888-11-01,35,Wikidata Q1143863（2026-10-07取得）
S1vcy987,江古田,Q5350525,えこだ,ekoda,1922-11-01,3,Wikidata Q5350525（2026-10-07取得）
S1vd2uop,長柄,Q4188736,,nagara,1914-08-20,42,Wikidata Q4188736（2026-10-07取得）
S1vdmicj,鴨宮,Q865791,かものみや,kamonomiya,1923-06-01,37,Wikidata Q865791（2026-10-07取得）
S1ve2971,住ノ江,Q7637134,すみのえ,suminoe,1907-08-21,9,Wikidata Q7637134（2026-10-07取得）
S1vf34fy,片倉町,Q589860,かたくらちょう,katakuracho,1985-03-14,24,Wikidata Q589860（2026-10-07取得）
S1vf9fff,府中競馬正門前,Q4493753,ふちゅうけいばせいもんまえ,fuchu-keiba-seimon-mae,1955-04-29,49,Wikidata Q4493753（2026-10-07取得）
S1vfk47d,長坂,Q6958595,ながさか,nagasaka,1918-12-11,22,Wikidata Q6958595（2026-10-07取得）
S1vfu7n3,西青山,Q7040307,にしあおやま,nishi-aoyama,1930-12-20,31,Wikidata Q7040307（2026-10-07取得）
S1vg11pw,西千葉,Q1067240,にしちば,nishi-chiba,1942-10-01,7,Wikidata Q1067240（2026-10-07取得）
S1vg8mv2,西田原本,Q7040425,にしたわらもと,nishi-tawaramoto,1918-04-26,32,Wikidata Q7040425（2026-10-07取得）
S1vgb1ck,銚子,Q861084,ちょうし,choshi,1897-06-01,18,Wikidata Q861084（2026-10-07取得）
S1vh78a5,東葉勝田台,Q7862750,とうようかつただい,toyo-katsutadai,1996-04-27,52,Wikidata Q7862750（2026-10-07取得）
S1vhj6cr,泉外旭川,Q85663702,いずみそとあさひかわ,izumi-sotoasahikawa,2021-03-13,55,Wikidata Q85663702（2026-10-07取得）
S1vhyb8p,岩手二日町,Q3889726,いわてふつかまち,iwate-futsukamachi,1914-12-15,11,Wikidata Q3889726（2026-10-07取得）
S1via82r,緑園都市,Q7385303,りょくえんとし,ryokuentoshi,1976-04-08,10,Wikidata Q7385303（2026-10-07取得）
S1vimven,白塚,Q2815888,しらつか,shiratsuka,1944,39,Wikidata Q2815888（2026-10-07取得）
S1vislht,近鉄下田,Q6414373,きんてつしもだ,kintetsu shimoda,1927-07-01,54,Wikidata Q6414373（2026-10-07取得）
S1vj3sx1,東大和市,Q5754181,ひがしやまとし,higashi-yamatoshi,1950-05-15,27,Wikidata Q5754181（2026-10-07取得）
S1vjgan8,名島,Q6960003,なじま,najima,1924-05-23,29,Wikidata Q6960003（2026-10-07取得）
S1vjif6h,郡家,Q6455118,,koge,1930,2,Wikidata Q6455118（2026-10-07取得）
S1vjoyjr,大和,Q8047989,やまと,yamato,1988-06-20,10,Wikidata Q8047989（2026-10-07取得）
S1vkiz1r,早稲田,Q1078459,わせだ,waseda,1964-12-23,736,Wikidata Q1078459（2026-10-07取得）
S1vkiz1r-2,早稲田,Q1078459,わせだ,waseda,1964-12-23,17,Wikidata Q1078459（2026-10-07取得）
S1vl173a,鈴鹿,Q7651178,すずか,suzuka,1973,22,Wikidata Q7651178（2026-10-07取得）
S1vl19lh,百合ヶ丘,Q4534822,ゆりがおか,yurigaoka,1960-03-25,16,Wikidata Q4534822（2026-10-07取得）
S1vl2emj,小幡,Q7074647,おばた,obata,1905,22,Wikidata Q7074647（2026-10-07取得）
S1vlhxs4,阿波福井,Q4829613,あわふくい,awa-fukui,1937-06-27,29,Wikidata Q4829613（2026-10-07取得）
S1vm75a3,東長原,Q5753738,ひがしながはら,higashi-nagahara,1940-12-20,12,Wikidata Q5753738（2026-10-07取得）
S1vml4uu,青井岳,Q899300,,aoidake,1916-03-21,32,Wikidata Q899300（2026-10-07取得）
S1vmrvaz,笠縫,Q6374013,,kasanui,1923-03-21,8,Wikidata Q6374013（2026-10-07取得）
S1vnhk0l,板東,Q4854805,ばんどう,bando,1923-02-15,16,Wikidata Q4854805（2026-10-07取得）
S1vnohuq,原野,Q5359519,はらの,harano,1955-04-21,1,Wikidata Q5359519（2026-10-07取得）
S1vnr8vu,六輪,Q7360114,,rokuwa,1899,45,Wikidata Q7360114（2026-10-07取得）
S1vnszvz,瓦町,Q6379684,かわらまち,kawaramachi,1927,29,Wikidata Q6379684（2026-10-07取得）
S1vom4so,木野山,Q6414211,きのやま,kinoyama,1926-06-20,41,Wikidata Q6414211（2026-10-07取得）
S1vpb8be,千里,Q5102057,ちさと,chisato,1917,14,Wikidata Q5102057（2026-10-07取得）
S1vpeh5d,上野部,Q5370098,かみのべ,kaminobe,1955-06-01,26,Wikidata Q5370098（2026-10-07取得）
S1vpgbwt,上古沢,Q11358653,かみこさわ,kami-kosawa,1928-06-18,6,Wikidata Q11358653（2026-10-07取得）
S1vpjxip,幕別,Q899389,,makubetsu,1905-10-21,16,Wikidata Q899389（2026-10-07取得）
S1vpmjuc,反町,Q7681523,たんまち,tammachi,1926-02-14,35,Wikidata Q7681523（2026-10-07取得）
S1vpp9cy,勿来,Q5353514,なこそ,nakoso,1897-02-25,30,Wikidata Q5353514（2026-10-07取得）
S1vpso3r,五百川,Q876966,ごひゃくがわ,gohyakugawa,1921-04-05,40,Wikidata Q876966（2026-10-07取得）
S1vpsq09,西粟倉,Q7040311,にしあわくら,nishi-awakura,1994-12-03,76,Wikidata Q7040311（2026-10-07取得）
S1vpt5o5,新小金井,Q5368666,しんこがねい,shin-koganei,1917-10-22,34,Wikidata Q5368666（2026-10-07取得）
S1vq77h4,備後赤坂,Q3661923,びんごあかさか,bingo-akasaka,1916-05-06,70,Wikidata Q3661923（2026-10-07取得）
S1vqaiwk,小涌谷,Q994123,こわきだに,kowakidani,1919-06-01,46,Wikidata Q994123（2026-10-07取得）
S1vqgf17,ふかや花園,Q30302602,ふかやはなぞの,fukaya hanazono,2018-10-20,24,Wikidata Q30302602（2026-10-07取得）
S1vsc4yf,南行橋,Q8011218,,minami-yukuhashi,1988-03-13,48,Wikidata Q8011218（2026-10-07取得）
S1vscepj,神代,Q5358169,こうじろ,kojiro,1917-07-13,55,Wikidata Q5358169（2026-10-07取得）
S1vsw9bu,長都,Q3601213,,osatsu,1958,11,Wikidata Q3601213（2026-10-07取得）
S1vsw9k6,海神,Q6347743,かいじん,kaijin,1919-10-25,17,Wikidata Q6347743（2026-10-07取得）
S1vt3pwh,大行司,Q5209120,だいぎょうじ,daigyoji,1946-09-20,47,Wikidata Q5209120（2026-10-07取得）
S1vt5n5d,駅家,Q5350450,えきや,ekiya,1914-07-21,19,Wikidata Q5350450（2026-10-07取得）
S1vtdeu3,巣子,Q7635141,すご,sugo,2006-03-18,51,Wikidata Q7635141（2026-10-07取得）
S1vtm0ze,泉佐野,Q6102374,いずみさの,izumisano,1897-10-01,34,Wikidata Q6102374（2026-10-07取得）
S1vtn8db,名取,Q841593,なとり,natori,1888-10-11,22,Wikidata Q841593（2026-10-07取得）
S1vu3b7l,土橋,Q11423714,どばし,dobashi,1953-04-15,52,Wikidata Q11423714（2026-10-07取得）
S1vuekfb,公園,Q11391979,こうえん,koen,1982-11-02,14,Wikidata Q11391979（2026-10-07取得）
S1vuh85x,中洲川端,Q1039189,なかすかはばた,nakasu-kawabata,1982-04-20,48,Wikidata Q1039189（2026-10-07取得）
S1vulubr,徳島,Q860775,とくしま,tokushima,1899,48,Wikidata Q860775（2026-10-07取得）
S1vuteqh,江津,Q3611257,ごうつ,gotsu,1920-12-25,1,Wikidata Q3611257（2026-10-07取得）
S1vw7q3g,鉢形,Q5637046,はちがた,hachigata,1925-10-07,50,Wikidata Q5637046（2026-10-07取得）
S1vx19tx,松前,Q11529329,まさき,masaki,1896-07-04,21,Wikidata Q11529329（2026-10-07取得）
S1vx8z94,本城,Q11519960,,honjo,2003-03-15,32,Wikidata Q11519960（2026-10-07取得）
S1vxnv3c,水海道,Q6883271,みつかいどう,mitsukaido,1913-11-01,122,Wikidata Q6883271（2026-10-07取得）
S1vxsfwd,浅海,Q1057690,あさなみ,asanami,1925-06-21,16,Wikidata Q1057690（2026-10-07取得）
S1vy310l,久保田,Q852060,,kubota,1896-10-10,16,Wikidata Q852060（2026-10-07取得）
S1vykwxq,由布院,Q8060317,,yufuin,1925-07-29,10,Wikidata Q8060317（2026-10-07取得）
S1vzd0z0,古川,Q1136520,ふるかわ,furukawa,1913-04-20,12,Wikidata Q1136520（2026-10-07取得）
S1vze3j9,大戸,Q8081763,おおと,oto,1926-04-01,31,Wikidata Q8081763（2026-10-07取得）
S1vzm8m6,加勢,Q11398493,かせ,kase,1986-10-01,7,Wikidata Q11398493（2026-10-07取得）
S1w08pbk,宿毛,Q7635924,すくも,sukumo,1997-10-01,26,Wikidata Q7635924（2026-10-07取得）
S1w0da08,浄心,Q862921,,joshin,1981-11-27,72,Wikidata Q862921（2026-10-07取得）
S1w0dotk,さがみ野,Q7398969,さがみの,sagamino,1975-08-17,35,Wikidata Q7398969（2026-10-07取得）
S1w0g9a3,西広島,Q5358388,にしひろしま,nishi-hiroshima,1897-09-25,29,Wikidata Q5358388（2026-10-07取得）
S1w0ydim,羽後飯塚,Q7877840,うごいいづか,ugo-iizuka,1927-11-17,30,Wikidata Q7877840（2026-10-07取得）
S1w16phl,中間,Q11367808,なかま,nakama,1891-08-30,43,Wikidata Q11367808（2026-10-07取得）
S1w1adv8,岸辺,Q59515,きしべ,kishibe,1947-04-11,45,Wikidata Q59515（2026-10-07取得）
S1w1ifg3,弘明寺,Q5362509,ぐみょうじ,gumyoji,1930-04-01,25,Wikidata Q5362509（2026-10-07取得）
S1w1ifg3-2,弘明寺,Q580349,ぐみょうじ,gumyoji,1972-12-16,11,Wikidata Q580349（2026-10-07取得）
S1w1izpc,箱根板橋,Q8281276,はこねいたばし,hakone-itabashi,1935-10-01,47,Wikidata Q8281276（2026-10-07取得）
S1w1vo5l,上市場,Q775018,かみいちば,kamiichiba,1946-12-01,21,Wikidata Q775018（2026-10-07取得）
S1w244wg,黒井,Q901138,くろい,kuroi,1902-07-01,61,Wikidata Q901138（2026-10-07取得）
S1w262mg,円行寺口,Q5378763,えんぎょうじぐち,engyojiguchi,1964-10-01,11,Wikidata Q5378763（2026-10-07取得）
S1w2aj27,恵み野,Q59340,,megumino,1982,15,Wikidata Q59340（2026-10-07取得）
S1w2p5ye,日御子,Q11505327,ひのみこ,hinomiko,1925-09-05,35,Wikidata Q11505327（2026-10-07取得）
S1w2tarj,代々木公園,Q347796,よよぎこうえん,yoyogi-koen,1972-10-20,153,Wikidata Q347796（2026-10-07取得）
S1w3izvd,関市役所前,Q7447184,せきしやくしょまえ,seki-shiyakusho-mae,1999-04-01,24,Wikidata Q7447184（2026-10-07取得）
S1w3ks9o,発坂,Q5908938,,hossaka,1914-03-11,40,Wikidata Q5908938（2026-10-07取得）
S1w3ovu1,帝塚山,Q7708641,てづかやま,tezukayama,1934-12-26,50,Wikidata Q7708641（2026-10-07取得）
S1w3safw,九州工大前,Q5360085,きゅうしゅうこうだいまえ,kyushukodaimae,1970-07-01,8,Wikidata Q5360085（2026-10-07取得）
S1w3zy9e,一ツ木,Q5872400,,hitotsugi,1923-04-01,25,Wikidata Q5872400（2026-10-07取得）
S1w4hh7q,和泉鳥取,Q856960,,izumi-tottori,1963,32,Wikidata Q856960（2026-10-07取得）
S1w4wdb5,西鉄香椎,Q7040733,にしてつかしい,nishitetsu kashii,1924-05-23,82,Wikidata Q7040733（2026-10-07取得）
S1w55nrr,高崎商科大学前,Q11669741,たかさきしょうかだいがくまえ,takasaki station of commerce pre-university,2002-03-17,30,Wikidata Q11669741（2026-10-07取得）
S1w5cl9o,塔寺,Q7862646,とうでら,todera,1928-11-20,3,Wikidata Q7862646（2026-10-07取得）
S1w5pdcd,小木ノ城,Q7080070,おぎのじょう,oginojo,1958-06-25,33,Wikidata Q7080070（2026-10-07取得）
S1w5pxrg,愛環梅坪,Q4696915,あいかんうめつぼ,aikan-umetsubo,2005-03-01,8,Wikidata Q4696915（2026-10-07取得）
S1w5ru3h,見能林,Q6868933,みのばやし,minobayashi,1936-03-27,29,Wikidata Q6868933（2026-10-07取得）
S1w6eaxj,橋本,Q1954974,はしもと,hashimoto,1910,27,Wikidata Q1954974（2026-10-07取得）
S1w7docq,伊勢若松,Q6079535,いせわかまつ,ise-wakamatsu,1917,28,Wikidata Q6079535（2026-10-07取得）
S1w7sxvi,平城,Q5699170,,heijo,1928-11-03,38,Wikidata Q5699170（2026-10-07取得）
S1w7wygm,松倉,Q3892966,まつくら,matsukura,1945-06-15,18,Wikidata Q3892966（2026-10-07取得）
S1w8gnxy,北能代,Q6417585,きたのしろ,kita-noshiro,1926-04-26,16,Wikidata Q6417585（2026-10-07取得）
S1w8im49,筑前大分,Q5097526,ちくぜんだいぶ,chikuzen-daibu,1968-05-25,18,Wikidata Q5097526（2026-10-07取得）
S1w8ln02,上浦,Q11359556,かみうら,kamiura,1921,6,Wikidata Q11359556（2026-10-07取得）
S1w8lpqd,高浜港,Q7677018,,takahama minato,1914,35,Wikidata Q7677018（2026-10-07取得）
S1w8nx1l,西山,Q11627916,にしやま,nishiyama,1912-11-11,14,Wikidata Q11627916（2026-10-07取得）
S1w8yql9,土師ノ里,Q5640000,はじのさと,hajinosato,1924-06-01,24,Wikidata Q5640000（2026-10-07取得）
S1w95v03,西中島南方,Q1136738,にしなかじまみなみがた,nishinakajima-minamigata,1964-09-24,20,Wikidata Q1136738（2026-10-07取得）
S1w9aj20,高田市,Q7677000,たかだし,takadashi,1929-03-29,9,Wikidata Q7677000（2026-10-07取得）
S1wadla7,藤棚,Q11624403,,fujitana,1990-12-22,16,Wikidata Q11624403（2026-10-07取得）
S1wapxou,草薙,Q6447775,くさなぎ,kusanagi,1908,93,Wikidata Q6447775（2026-10-07取得）
S1waqkbe,日野春,Q5767422,ひのはる,hinoharu,1904-12-21,84,Wikidata Q5767422（2026-10-07取得）
S1war0ws,智頭,Q5102669,ちず,chizu,1923,8,Wikidata Q5102669（2026-10-07取得）
S1wazx81,ケーブル比叡,Q80158236,ケーブルひえい,cable hiei,1925-12-20,0,Wikidata Q80158236（2026-10-07取得）
S1wc2wl9,雫石,Q1137479,しずくいし,shizukuishi,1921-06-25,15,Wikidata Q1137479（2026-10-07取得）
S1wc48pw,会津西方,Q4699453,あいづにしかた,aizu-nishikata,1941-10-28,4,Wikidata Q4699453（2026-10-07取得）
S1wcbcu9,運動公園,Q11640412,うんどうこうえん,undo-koen,1989-03-29,320,Wikidata Q11640412（2026-10-07取得）
S1wch30m,西寒河江,Q11627685,にしさがえ,nishi-sagae,1951-12-25,39,Wikidata Q11627685（2026-10-07取得）
S1wcki6b,二色浜,Q11371769,にしきのはま,nishikinohama,1938-10-01,79,Wikidata Q11371769（2026-10-07取得）
S1wcr0tv,永平寺口,Q5349181,,eiheijiguchi,1914-02-11,5,Wikidata Q5349181（2026-10-07取得）
S1wcttq8,戸越銀座,Q11496630,とごしぎんざ,togoshi-ginza,1927-08-28,4,Wikidata Q11496630（2026-10-07取得）
S1wd5o61,新所原,Q872044,しんじょはら,shinjohara,1936-02-13,52,Wikidata Q872044（2026-10-07取得）
S1wd8np4,吉水,Q8056175,よしみず,yoshimizu,1889-07-01,46,Wikidata Q8056175（2026-10-07取得）
S1wdlfl5,大津京,Q5367242,,otsukyo,1974,42,Wikidata Q5367242（2026-10-07取得）
S1wdlmpf,吉見,Q3701400,よしみ,yoshimi,1914-04-22,31,Wikidata Q3701400（2026-10-07取得）
S1wdv6b0,西前田,Q11627289,,nishi-maeda,1912-04-30,25,Wikidata Q11627289（2026-10-07取得）
S1wee9mw,蹴上,Q1004370,けあげ,keage,1997-10-12,29,Wikidata Q1004370（2026-10-07取得）
S1wefzim,坂部,Q7402735,,sakabe,1931,97,Wikidata Q7402735（2026-10-07取得）
S1wels9w,堀米,Q5903233,ほりごめ,horigome,1889-06-23,29,Wikidata Q5903233（2026-10-07取得）
S1wf4gda,鬼無,Q4981032,きなし,kinashi,1897-02-21,23,Wikidata Q4981032（2026-10-07取得）
S1wfal8e,石蟹,Q3661620,いしが,ishiga,1928-10-25,19,Wikidata Q3661620（2026-10-07取得）
S1wfivco,片浜,Q870836,かたはま,katahama,1987-03-21,81,Wikidata Q870836（2026-10-07取得）
S1wfyz3d,小前田,Q7089376,おまえだ,omaeda,1901-10-07,11,Wikidata Q7089376（2026-10-07取得）
S1wg232j,新八代,Q1187743,しんやつしろ,shin-yatsushiro,2004-03-13,87,Wikidata Q1187743（2026-10-07取得）
S1wggcs7,越中山田,Q5402528,えっちゅうやまだ,etchu-yamada,1951-08-10,15,Wikidata Q5402528（2026-10-07取得）
S1whbzy0,会津川口,Q4699447,あいづかわぐち,aizu-kawaguchi,1956-09-20,12,Wikidata Q4699447（2026-10-07取得）
S1whvb08,筑前垣生,Q5097527,ちくぜんはぶ,chikuzen-habu,1893-12-20,66,Wikidata Q5097527（2026-10-07取得）
S1wicfh6,倉永,Q11386832,くらなが,kuranaga,1938-10-01,69,Wikidata Q11386832（2026-10-07取得）
S1wj1kbi,磯崎,Q6086630,いそざき,isozaki,1924-09-03,30,Wikidata Q6086630（2026-10-07取得）
S1wj1r8y,中里,Q6960396,なかざと,nakazato,1920-03-27,56,Wikidata Q6960396（2026-10-07取得）
S1wj3m3w,西宮名塩,Q856588,にしのみやなじお,nishinomiyanajio,1986,19,Wikidata Q856588（2026-10-07取得）
S1wjrb9c,坂本比叡山口,Q405082,,sakamoto-hieizanguchi,1927-08-13,21,Wikidata Q405082（2026-10-07取得）
S1wk4qvp,大隅大川原,Q5357231,おおすみおおかわら,osumi-okawara,1931-11-01,14,Wikidata Q5357231（2026-10-07取得）
S1wke5wu,大平,Q8081435,おおだい,odai,1958-10-21,13,Wikidata Q8081435（2026-10-07取得）
S1wkhnoq,緑が丘,Q6842941,みどりがおか,midorigaoka,1933-12-25,21,Wikidata Q6842941（2026-10-07取得）
S1wknqd9,新井,Q4783770,あらい,arai,1886-08-15,234,Wikidata Q4783770（2026-10-07取得）
S1wl182d,弥彦,Q8046814,やひこ,yahiko,1916-10-16,30,Wikidata Q8046814（2026-10-07取得）
S1wm59js,小野,Q7094420,おの,ono,1951,8,Wikidata Q7094420（2026-10-07取得）
S1wmj7yi,下妻,Q7497019,しもつま,shimotsuma,1913-11-01,56,Wikidata Q7497019（2026-10-07取得）
S1wml8xe,那岐,Q6958820,なぎ,nagi,1932-07-01,10,Wikidata Q6958820（2026-10-07取得）
S1wn66qw,稲城,Q4200479,いなぎ,inagi,1974-10-18,5,Wikidata Q4200479（2026-10-07取得）
S1wn6mi3,関下有知,Q7447183,せきしもうち,seki-shimouchi,1986-12-11,17,Wikidata Q7447183（2026-10-07取得）
S1wo6uop,上条,Q6357835,かみじょう,kamijo,1951-03-01,5,Wikidata Q6357835（2026-10-07取得）
S1woktzw,葛岡,Q6449313,くずおか,kuzuoka,1991-03-16,76,Wikidata Q6449313（2026-10-07取得）
S1woxpek,阿波半田,Q4829609,あわはんだ,awa-handa,1914-03-25,17,Wikidata Q4829609（2026-10-07取得）
S1wpijgf,智恵文,Q5096647,ちえぶん,chiebun,1911-11-03,46,Wikidata Q5096647（2026-10-07取得）
S1wpug6b,小野上,Q7094460,おのがみ,onogami,1945-11-20,7,Wikidata Q7094460（2026-10-07取得）
S1wq4jg5,南田辺,Q856538,みなみたなべ,minami-tanabe,1929,25,Wikidata Q856538（2026-10-07取得）
S1wq7o3w,坊城,Q5005692,ぼうじょう,bojo,1929-03-29,40,Wikidata Q5005692（2026-10-07取得）
S1wr3bye,馬立,Q7881193,うまたて,umatate,1925-03-07,1,Wikidata Q7881193（2026-10-07取得）
S1wr5s9s,北本,Q845066,きたもと,kitamoto,1918-08-16,104,Wikidata Q845066（2026-10-07取得）
S1wr8kne,原,Q1652802,,hara,1978-10-01,9,Wikidata Q1652802（2026-10-07取得）
S1wra3a0,木幡,Q2368287,,kowata,1913-06-01,62,Wikidata Q2368287（2026-10-07取得）
S1wrcqao,園田,Q3971022,そのだ,sonoda,1936,20,Wikidata Q3971022（2026-10-07取得）
S1wrfa3p,越後岩塚,Q5332412,えちごいわつか,echigo-iwatsuka,1945-03-01,50,Wikidata Q5332412（2026-10-07取得）
S1wrg0a8,平岩,Q5768913,ひらいわ,hiraiwa,1957-08-15,25,Wikidata Q5768913（2026-10-07取得）
S1wrkn6s,愛本,Q4697186,,aimoto,1923-11-21,54,Wikidata Q4697186（2026-10-07取得）
S1wshuav,三峰口,Q5969031,みつみねぐち,mitsumineguchi,1930-03-15,102,Wikidata Q5969031（2026-10-07取得）
S1wtw85t,新神戸,Q801435,しんこうべ,shin‐kobe,1972,125,Wikidata Q801435（2026-10-07取得）
S1wu2dbb,蘇我,Q844422,そが,soga,1896-01-02,103,Wikidata Q844422（2026-10-07取得）
S1wuo1u0,越後鹿渡,Q5332421,えちごしかわたり,echigo-shikawatari,1927-11-06,13,Wikidata Q5332421（2026-10-07取得）
S1wuuu2f,成島,Q6966476,なるしま,narushima,1961-07-07,11,Wikidata Q6966476（2026-10-07取得）
S1wuv39n,久ノ浜,Q2496626,ひさのはま,hisanohama,1897-08-29,46,Wikidata Q2496626（2026-10-07取得）
S1wv3jk7,咲来,Q7403031,さっくる,sakkuru,1912-11-05,40,Wikidata Q7403031（2026-10-07取得）
S1wvcj90,大阪城北詰,Q585132,おおさかじょうきたづめ,osakajo-kitazume,1997,89,Wikidata Q585132（2026-10-07取得）
S1wvodxw,道明寺,Q5321260,どうみょうじ,domyoji,1898-03-24,53,Wikidata Q5321260（2026-10-07取得）
S1wvyrh2,山城青谷,Q1048994,やましろあおだに,yamashiro-aodani,1896,43,Wikidata Q1048994（2026-10-07取得）
S1ww2369,太郎丸エンゼルランド,Q7687069,,taromaru angelland,1928-12-30,28,Wikidata Q7687069（2026-10-07取得）
S1wxbwzn,滑河,Q6961565,なめがわ,namegawa,1897-12-29,34,Wikidata Q6961565（2026-10-07取得）
S1wxwkl1,東能代,Q5753788,ひがしのしろ,higashi-noshiro,1901-11-01,26,Wikidata Q5753788（2026-10-07取得）
S1wy2645,金山,Q855737,,kanayama,2005-02-03,20,Wikidata Q855737（2026-10-07取得）
S1wyk7s0,桜並木,Q113301382,さくらなみき,sakuranamiki,2024-03-16,8,Wikidata Q113301382（2026-10-07取得）
S1wyqr20,宮前,Q3455703,みやまえ,miyamae,1955-04-01,25,Wikidata Q3455703（2026-10-07取得）
S1wysvn6,西勝間田,Q3661731,にしかつまだ,nishi-katsumada,1934-11-28,22,Wikidata Q3661731（2026-10-07取得）
S1wyvwl6,陸前大塚,Q7334147,りくぜんおおつか,rikuzen-otsuka,1928-04-10,23,Wikidata Q7334147（2026-10-07取得）
S1wz49d7,具同,Q5614728,ぐどう,gudo,1997-10-01,25,Wikidata Q5614728（2026-10-07取得）
S1wze9x6,京都精華大前,Q27298,きょうとせいかだいまえ,kyoto seikadai-mae,1989-09-21,11,Wikidata Q27298（2026-10-07取得）
S1wzy5gm,羽立,Q5637554,はだち,hadachi,1915-12-01,46,Wikidata Q5637554（2026-10-07取得）
S1x0d9dm,小路,Q126040,しょうじ,shoji,1981-12-02,22,Wikidata Q126040（2026-10-07取得）
S1x0r2nm,佳景山,Q6349376,かけやま,kakeyama,1912-10-28,3,Wikidata Q6349376（2026-10-07取得）
S1x18vj5,肥後西村,Q11611584,ひごにしのむら,higo-nishinomura,1924-03-30,13,Wikidata Q11611584（2026-10-07取得）
S1x1c6lj,天童,Q1137082,てんどう,tendo,1901-08-23,12,Wikidata Q1137082（2026-10-07取得）
S1x1vlpc,浮間舟渡,Q844434,うきまふなど,ukima-funado,1985-09-30,10,Wikidata Q844434（2026-10-07取得）
S1x2k3fd,伊勢鎌倉,Q6079510,いせかまくら,ise-kamakura,1935-12-05,10,Wikidata Q6079510（2026-10-07取得）
S1x2xoet,学園通り,Q11448185,,gakuendori,2002-09-28,11,Wikidata Q11448185（2026-10-07取得）
S1x2z4zz,高井田,Q856508,たかいだ,takaida,1985,6,Wikidata Q856508（2026-10-07取得）
S1x3j3pe,鐘釣,Q11651339,,kanetsuri,1953-11-16,10,Wikidata Q11651339（2026-10-07取得）
S1x3l4sm,小島谷,Q7081632,おじまや,ojimaya,1913-04-20,15,Wikidata Q7081632（2026-10-07取得）
S1x4d5ij,新里,Q7040176,にさと,nisato,1927-09-07,53,Wikidata Q7040176（2026-10-07取得）
S1x4g9ej,羽前松岡,Q7904826,うぜんまつおか,uzen-matsuoka,1935-10-30,10,Wikidata Q7904826（2026-10-07取得）
S1x4mex2,志木,Q5367643,しき,shiki,1914-05-01,20,Wikidata Q5367643（2026-10-07取得）
S1x4n665,北浜,Q6417718,きたはま,kitahama,1924,46,Wikidata Q6417718（2026-10-07取得）
S1x4nmse,田無,Q843176,たなし,tanashi,1927-04-16,11,Wikidata Q843176（2026-10-07取得）
S1x4peut,呉服町,Q4357555,,gofukumachi,1982-04-20,68,Wikidata Q4357555（2026-10-07取得）
S1x4v4r4,直川,Q6964541,,naokawa,1920-11-20,32,Wikidata Q6964541（2026-10-07取得）
S1x5obqp,妙蓮寺,Q6949405,みょうれんじ,myorenji,1926-02-14,37,Wikidata Q6949405（2026-10-07取得）
S1x60v0q,浅間町,Q863210,,sengen-cho,1981-11-27,76,Wikidata Q863210（2026-10-07取得）
S1x61s42,南大嶺,Q11407672,みなみおおみね,minami-omine,1905,14,Wikidata Q11407672（2026-10-07取得）
S1x661mx,倉敷,Q844677,くらしき,kurashiki,1891-04-25,20,Wikidata Q844677（2026-10-07取得）
S1x6v7ml,三木里,Q5357566,みきさと,mikisato,1958-04-23,42,Wikidata Q5357566（2026-10-07取得）
S1x6z2l2,西栗栖,Q7040370,にしくりす,nishi-kurisu,1934-03-24,20,Wikidata Q7040370（2026-10-07取得）
S1x76x9m,美幌,Q4907123,びほろ,bihoro,1912,30,Wikidata Q4907123（2026-10-07取得）
S1x7dp0y,那加,Q873075,なか,naka,1920-11-01,22,Wikidata Q873075（2026-10-07取得）
S1x7jiio,三日月,Q6845771,みかづき,mikazuki,1934-03-24,5,Wikidata Q6845771（2026-10-07取得）
S1x86hex,衣笠,Q844272,きぬがさ,kinugasa,1944-04-01,37,Wikidata Q844272（2026-10-07取得）
S1x86jxv,落部,Q864383,おとしべ,otoshibe,1911-08-05,22,Wikidata Q864383（2026-10-07取得）
S1x8w0u3,板橋,Q800966,いたばし,itabashi,1885-03-01,115,Wikidata Q800966（2026-10-07取得）
S1x9sls6,黒部湖,Q11678857,,kurobeko,1969-07-20,21,Wikidata Q11678857（2026-10-07取得）
S1x9v7ju,拝島,Q1065988,はいじま,haijima,1894-11-19,13,Wikidata Q1065988（2026-10-07取得）
S1x9vgd1,大元,Q8081633,おおもと,omoto,1910-06-12,19,Wikidata Q8081633（2026-10-07取得）
S1xalmit,麻生田,Q11677572,おうだ,ohda,1916,24,Wikidata Q11677572（2026-10-07取得）
S1xarx4w,須佐,Q278876,すさ,susa,1928-03-25,20,Wikidata Q278876（2026-10-07取得）
S1xb2h53,西大滝,Q7040475,にしおおたき,nishi-otaki,1923-12-01,5,Wikidata Q7040475（2026-10-07取得）
S1xbes8e,甲西,Q5362028,こうせい,kosei,1981,5,Wikidata Q5362028（2026-10-07取得）
S1xboab9,佐野のわたし,Q17220552,さののわたし,sanonowatashi,2014-12-22,20,Wikidata Q17220552（2026-10-07取得）
S1xbvvqf,篠原,Q7424957,ささばら,sasabara,1988-01-31,21,Wikidata Q7424957（2026-10-07取得）
S1xbwnis,美乃坂本,Q5359412,みのさかもと,mino-sakamoto,1917-11-25,28,Wikidata Q5359412（2026-10-07取得）
S1xc1bvq,新宿,Q801447,しんじゅく,shinjuku,1885-03-01,120,Wikidata Q801447（2026-10-07取得）
S1xcjekn,東武動物公園,Q843158,とうぶどうぶつこうえん,tobu-dobutsu-koen,1899-08-27,38,Wikidata Q843158（2026-10-07取得）
S1xcsc4c,三柿野,Q6845663,,mikakino,1926,123,Wikidata Q6845663（2026-10-07取得）
S1xcz0yr,近江長岡,Q872483,おうみながおか,omi-nagaoka,1889-07-01,12,Wikidata Q872483（2026-10-07取得）
S1xdgmyz,繁藤,Q901424,,shigeto,1930-06-21,8,Wikidata Q901424（2026-10-07取得）
S1xdsmva,豊平公園,Q3563753,とよひらこうえん,toyohira-koen,1994-10-14,39,Wikidata Q3563753（2026-10-07取得）
S1xe11g5,赤塚,Q865269,あかつか,akatsuka,1894-01-04,14,Wikidata Q865269（2026-10-07取得）
S1xeedcy,長岡,Q1138252,ながおか,nagaoka,1898-06-16,53,Wikidata Q1138252（2026-10-07取得）
S1xexgx5,小禄,Q7571742,,oroku,2003-10-08,6,Wikidata Q7571742（2026-10-07取得）
S1xf2jyj,妙心寺,Q11446899,みょうしんじ,myoshinji,1925-11-03,72,Wikidata Q11446899（2026-10-07取得）
S1xfdmw4,聖マリア病院前,Q11631360,せいマリアびょういんまえ,st. mary's hospital,1933-10-06,23,Wikidata Q11631360（2026-10-07取得）
S1xfua23,扇大橋,Q8081475,おうぎおおはし,ogi-ohashi,2008-03-30,27,Wikidata Q8081475（2026-10-07取得）
S1xg3fyw,新尾道,Q1136506,しんおのみち,shin-onomichi,1988,6,Wikidata Q1136506（2026-10-07取得）
S1xg57v3,柳瀬,Q8048272,やなぜ,yanaze,1963-10-01,23,Wikidata Q8048272（2026-10-07取得）
S1xgvpxn,本由良,Q5357987,ほんゆら,hon-yura,1900-12-03,28,Wikidata Q5357987（2026-10-07取得）
S1xh7qql,梨郷,Q7335039,りんごう,ringo,1913-10-26,1,Wikidata Q7335039（2026-10-07取得）
S1xhw06w,上前津,Q862270,,kamimaezu,1967-03-30,9,Wikidata Q862270（2026-10-07取得）
S1xi23wd,広丘,Q3797740,ひろおか,hirooka,1933-07-10,29,Wikidata Q3797740（2026-10-07取得）
S1xj2d43,加茂宮,Q11398842,,kamonomiya,1983-12-22,9,Wikidata Q11398842（2026-10-07取得）
S1xk23g6,安足間,Q4771058,あんたろま,antaroma,1923-11-15,32,Wikidata Q4771058（2026-10-07取得）
S1xk8shy,小野,Q5364270,,ono,1988,18,Wikidata Q5364270（2026-10-07取得）
S1xkcpvq,中舟生,Q6960079,なかふにゅう,naka-funyu,1956-11-19,15,Wikidata Q6960079（2026-10-07取得）
S1xkw14u,大堂津,Q8081443,おおどうつ,odotsu,1936-03-01,12,Wikidata Q8081443（2026-10-07取得）
S1xl5ocy,北小谷,Q6417591,きたおたり,kita-otari,1957-08-15,20,Wikidata Q6417591（2026-10-07取得）
S1xlcv33,賢島,Q6374294,かしこじま,kashikojima,1929-07-23,77,Wikidata Q6374294（2026-10-07取得）
S1xlx8jj,甲奴,Q6455250,こうぬ,konu,1935-11-15,5,Wikidata Q6455250（2026-10-07取得）
S1xmgil8,石見津田,Q6100471,いわみつだ,iwami-tsuda,1923-12-26,14,Wikidata Q6100471（2026-10-07取得）
S1xn2lpo,入谷,Q1073228,いりや,iriya,1961-03-28,7,Wikidata Q1073228（2026-10-07取得）
S1xn3zwm,杁ヶ池公園,Q861794,,irigaike-koen,2005-03-06,11,Wikidata Q861794（2026-10-07取得）
S1xnb8lr,清里,Q6419072,きよさと,kiyosato,1933-07-29,11,Wikidata Q6419072（2026-10-07取得）
S1xo5rr8,笠松,Q6373995,,kasamatsu,1914,13,Wikidata Q6373995（2026-10-07取得）
S1xoyrqc,月岡,Q11516067,つきおか,tsukioka,1921-04-25,58,Wikidata Q11516067（2026-10-07取得）
S1xpbrbh,玖村,Q6444088,くむら,kumura,1916-04-15,27,Wikidata Q6444088（2026-10-07取得）
S1xpkw0k,岡,Q7081704,おか,oka,1968-04-01,25,Wikidata Q7081704（2026-10-07取得）
S1xqen53,佐世保,Q848748,,sasebo,1898-01-20,102,Wikidata Q848748（2026-10-07取得）
S1xqiyqp,干潟,Q5363793,ひがた,higata,1898-02-25,20,Wikidata Q5363793（2026-10-07取得）
S1xqqf47,羽生,Q843716,はにゅう,hanyu,1903-04-23,25,Wikidata Q843716（2026-10-07取得）
S1xqvphp,新城,Q772724,しんしろ,shinshiro,1898-04-25,16,Wikidata Q772724（2026-10-07取得）
S1xqzcqs,伊集院,Q5296702,いじゅういん,ijuin,1913-10-11,58,Wikidata Q5296702（2026-10-07取得）
S1xr8d0l,中多久,Q11363542,なかたく,naka-taku,1964-04-01,8,Wikidata Q11363542（2026-10-07取得）
S1xrf5ef,長鳥,Q4778749,ながとり,nagatori,1943-09-01,18,Wikidata Q4778749（2026-10-07取得）
S1xrly2v,能美根上,Q5359868,のみねあがり,nomineagari,1912,50,Wikidata Q5359868（2026-10-07取得）
S1xs2w9q,下呂,Q873111,げろ,gero,1930-11-02,36,Wikidata Q873111（2026-10-07取得）
S1xsbewd,三川,Q6845746,,mikawa,1897-02-16,7,Wikidata Q6845746（2026-10-07取得）
S1xsp7yv,みなとみらい,Q3299269,みなとみらい,minatomirai,2004-02-01,31,Wikidata Q3299269（2026-10-07取得）
S1xsuo95,美江寺,Q6843706,みえじ,mieji,1956-03-20,12,Wikidata Q6843706（2026-10-07取得）
S1xt8i5q,博多,Q800875,はかた,hakata,1889-12-11,13,Wikidata Q800875（2026-10-07取得）
S1xtc9on,神宮前,Q6202481,,jingu-mae,1913-08-31,12,Wikidata Q6202481（2026-10-07取得）
S1xv6q0l,高ノ宮,Q11668632,たかのみや,takanomiya,1928-04-05,13,Wikidata Q11668632（2026-10-07取得）
S1xvb9mq,希望が丘高校前,Q11480913,,kibogaoka-kokomae,1958,28,Wikidata Q11480913（2026-10-07取得）
S1xvlyst,上芦別,Q899040,,kami-ashibetsu,1920-01-16,2,Wikidata Q899040（2026-10-07取得）
S1xvpjzs,島田,Q7496848,しまた,shimata,1897-09-25,19,Wikidata Q7496848（2026-10-07取得）
S1xvpljr,宮崎神宮,Q5357473,みやざきじんぐう,miyazaki-jingu,1913-12-15,40,Wikidata Q5357473（2026-10-07取得）
S1xw36bz,宮原,Q845070,みやはら,miyahara,1948-07-15,37,Wikidata Q845070（2026-10-07取得）
S1xwqo6s,小佐野,Q3893007,こさの,kosano,1945-06-15,25,Wikidata Q3893007（2026-10-07取得）
S1xws93x,堀内,Q11427309,ほりない,horinai,1975-07-20,43,Wikidata Q11427309（2026-10-07取得）
S1xwuss5,北久里浜,Q5370713,きたくりはま,kitakurihama,1942-12-01,31,Wikidata Q5370713（2026-10-07取得）
S1xwvenl,木津用水,Q6434256,,kotsuyosui,1912,35,Wikidata Q6434256（2026-10-07取得）
S1xx0r3x,越後石山,Q11636520,えちごいしやま,echigo-ishiyama,1957-10-01,27,Wikidata Q11636520（2026-10-07取得）
S1xx77mm,安達,Q874853,あだち,adachi,1917-07-11,130,Wikidata Q874853（2026-10-07取得）
S1xx9t7x,紀伊宮原,Q3324370,きいみやはら,kii-miyahara,1925-12-11,38,Wikidata Q3324370（2026-10-07取得）
S1xxdha5,富戸,Q11456974,ふと,futo,1961-12-10,85,Wikidata Q11456974（2026-10-07取得）
S1xxlq8o,大佐倉,Q8081685,おおさくら,osakura,1926-12-09,42,Wikidata Q8081685（2026-10-07取得）
S1xxp9fo,下川沿,Q7496972,しもかわぞい,shimokawazoi,1950-07-25,92,Wikidata Q7496972（2026-10-07取得）
S1xyfdyl,梅林,Q4848638,ばいりん,bairin,1910-12-25,95,Wikidata Q4848638（2026-10-07取得）
S1xymylx,下兵庫,Q3557822,しもひょうご,shimohyogo,1968,9,Wikidata Q3557822（2026-10-07取得）
S1xz3iv8,番田,Q4854306,ばんだ,banda,1931-04-29,17,Wikidata Q4854306（2026-10-07取得）
S1xz91yh,肥前古賀,Q5356000,ひぜんこが,hizen-koga,1972-10-02,11,Wikidata Q5356000（2026-10-07取得）
S1xz9a5j,釜戸,Q5359393,かまど,kamado,1902-12-21,5,Wikidata Q5359393（2026-10-07取得）
S1xzugdr,稲永,Q11596695,,inaei,2004-10-06,14,Wikidata Q11596695（2026-10-07取得）
S1y0f5o7,門司,Q869281,,moji,1891-04-01,59,Wikidata Q869281（2026-10-07取得）
S1y0vs7f,お台場海浜公園,Q858883,おだいばかいひんこうえん,odaiba-kaihinkoen,1995-11-01,12,Wikidata Q858883（2026-10-07取得）
S1y20ap0,有戸,Q4791144,ありと,arito,1921-03-20,31,Wikidata Q4791144（2026-10-07取得）
S1y229yr,香久山,Q5361884,,kaguyama,1913-04-21,11,Wikidata Q5361884（2026-10-07取得）
S1y23k27,前原,Q11397077,まえばら,maebara,1955-04-21,6,Wikidata Q11397077（2026-10-07取得）
S1y26o9b,出雲坂根,Q6102403,いずもさかね,izumo sakane,1937-12-12,19,Wikidata Q6102403（2026-10-07取得）
S1y2clx6,秋津,Q842513,あきつ,akitsu,1917-12-12,25,Wikidata Q842513（2026-10-07取得）
S1y2uc6o,逆瀬川,Q7402849,,sakasegawa,1921,84,Wikidata Q7402849（2026-10-07取得）
S1y2w2pg,樋口,Q11542163,ひぐち,higuchi,1911-09-14,40,Wikidata Q11542163（2026-10-07取得）
S1y30vib,竹田,Q1952588,たけだ,takeda,1928-11-15,11,Wikidata Q1952588（2026-10-07取得）
S1y3a74j,猪苗代湖畔,Q6013842,いなわしろこはん,inawashirokohan,1986-07-20,17,Wikidata Q6013842（2026-10-07取得）
S1y3aud4,丸渕,Q6777891,,marubuchi,1899,32,Wikidata Q6777891（2026-10-07取得）
S1y4c4vo,東松江,Q5357082,ひがしまつえ,higashi-matsue,1909-11-08,12,Wikidata Q5357082（2026-10-07取得）
S1y4dg0e,英賀保,Q857465,あがほ,agaho,1911-11-01,18,Wikidata Q857465（2026-10-07取得）
S1y4nksv,西国立,Q5366355,にしくにたち,nishi-kunitachi,1929-12-11,45,Wikidata Q5366355（2026-10-07取得）
S1y4q8ub,北新川,Q11401800,,kitashinkawa,1914,26,Wikidata Q11401800（2026-10-07取得）
S1y55cpu,茨木,Q1072931,いばらき,ibaraki,1876-08-09,34,Wikidata Q1072931（2026-10-07取得）
S1y5d9i4,松ノ浜,Q6788172,,matsunohama,1914-12-10,71,Wikidata Q6788172（2026-10-07取得）
S1y5ru6m,亀井,Q11370790,,kamei,1913-08-27,37,Wikidata Q11370790（2026-10-07取得）
S1y5xlzg,小田原,Q801290,おだわら,odawara,1920-10-21,54,Wikidata Q801290（2026-10-07取得）
S1y6231g,大塚,Q801696,おおつか,otsuka,1903-04-01,78,Wikidata Q801696（2026-10-07取得）
S1y6rt9o,二島,Q5510458,ふたじま,futajima,1899,45,Wikidata Q5510458（2026-10-07取得）
S1y7jca0,福野,Q5507673,ふくの,fukuno,1952-07-01,29,Wikidata Q5507673（2026-10-07取得）
S1y8cift,雑餉隈,Q8067061,ざっしょのくま,zasshonokuma,1924-04-12,60,Wikidata Q8067061（2026-10-07取得）
S1y8mmrd,学,Q5517697,がく,gaku,1899-08-19,36,Wikidata Q5517697（2026-10-07取得）
S1y8ypih,青島,Q4778783,あおしま,aoshima,1963-05-08,32,Wikidata Q4778783（2026-10-07取得）
S1y9tsz4,滝宮,Q11565105,,takinomiya,1926-12-21,22,Wikidata Q11565105（2026-10-07取得）
S1y9uhti,宮口,Q5370103,みやぐち,miyaguchi,1940-06-01,17,Wikidata Q5370103（2026-10-07取得）
S1ya89j9,藤生,Q5357867,ふじゅう,fuju,1897-09-25,15,Wikidata Q5357867（2026-10-07取得）
S1yaio08,宗道,Q7667565,そうどう,sodo,1913-11-01,68,Wikidata Q7667565（2026-10-07取得）
S1yajtmj,西神楽,Q8191113,,nishi-kagura,1899-09-01,19,Wikidata Q8191113（2026-10-07取得）
S1yakj9y,陸前赤井,Q7334125,りくぜんあかい,rikuzen-akai,1928-11-22,20,Wikidata Q7334125（2026-10-07取得）
S1yal7b4,赤碕,Q899752,あかさき,akasaki,1903-08-28,3,Wikidata Q899752（2026-10-07取得）
S1yas9hq,東須磨,Q5753847,,higashi-suma,1910-03-15,6,Wikidata Q5753847（2026-10-07取得）
S1yaugke,中塩田,Q11363526,,nakashioda,1921-06-17,14,Wikidata Q11363526（2026-10-07取得）
S1yaz4h5,上滝,Q6357349,かみだき,kamidaki,1921-04-25,45,Wikidata Q6357349（2026-10-07取得）
S1ybdc22,一志,Q4559540,いちし,ichishi,1938-01-20,19,Wikidata Q4559540（2026-10-07取得）
S1yblbt6,大原,Q8081488,おおはら,ohara,1994-12-03,5,Wikidata Q8081488（2026-10-07取得）
S1ybqjth,菅野,Q7634712,すがの,sugano,1916-02-09,16,Wikidata Q7634712（2026-10-07取得）
S1ybr2t8,牛田,Q7901939,,ushida,1923,14,Wikidata Q7901939（2026-10-07取得）
S1yct5ok,今里,Q949884,いまざと,imazato,1969-07-25,132,Wikidata Q949884（2026-10-07取得）
S1yczq2t,石神井公園,Q8016003,しゃくじいこうえん,shakujii-koen,1915-04-15,45,Wikidata Q8016003（2026-10-07取得）
S1ydewnq,岸根公園,Q589898,きしねこうえん,kishine-koen,1985-03-14,76,Wikidata Q589898（2026-10-07取得）
S1ydls9s,千船,Q5095355,ちぶね,chibune,1905,16,Wikidata Q5095355（2026-10-07取得）
S1ye81vo,浅草,Q800405,あさくさ,asakusa,1927-12-30,168,Wikidata Q800405（2026-10-07取得）
S1yeao4g,京成西船,Q6383831,けいせいにしふな,keisei-nishifuna,1916-12-30,13,Wikidata Q6383831（2026-10-07取得）
S1yeexqt,知床斜里,Q7498558,しれとこしゃり,shiretoko-shari,1925,20,Wikidata Q7498558（2026-10-07取得）
S1yen4rt,瀬戸市役所前,Q3738152,,seto-shiyakusho-mae,1905,14,Wikidata Q3738152（2026-10-07取得）
S1yf0gkp,飯島,Q989168,いいじま,iijima,1918-02-11,51,Wikidata Q989168（2026-10-07取得）
S1yfmc8p,小奴可,Q7095091,おぬか,onuka,1935-06-15,18,Wikidata Q7095091（2026-10-07取得）
S1yg7ym1,三ツ沢下町,Q589920,みつざわしもちょう,mitsuzawa-shimocho,1985-03-14,38,Wikidata Q589920（2026-10-07取得）
S1ygugbm,中小国,Q4528111,なかおぐに,naka-oguni,1958-10-21,5,Wikidata Q4528111（2026-10-07取得）
S1ygzdjn,榎町,Q5379374,えのきまち,enokimachi,1921-03-19,28,Wikidata Q5379374（2026-10-07取得）
S1yh3kek,茶所,Q5068168,,chajo,1914-06-02,19,Wikidata Q5068168（2026-10-07取得）
S1yh7wnf,長太ノ浦,Q2856588,なごのうら,nagonoura,1943,46,Wikidata Q2856588（2026-10-07取得）
S1yh8mjf,歓遊舎ひこさん,Q6365906,,kanyusha-hikosan,2008-03-15,25,Wikidata Q6365906（2026-10-07取得）
S1yhs0zt,運動公園前,Q7884092,うんどうこうえんまえ,undokoenmae,1977-09-10,89,Wikidata Q7884092（2026-10-07取得）
S1yj1ozc,勝どき,Q246191,かちどき,kachidoki,2000-12-12,63,Wikidata Q246191（2026-10-07取得）
S1yjmblq,飛鳥,Q4811860,,asuka,1929-03-31,21,Wikidata Q4811860（2026-10-07取得）
S1yjmxi4,河毛,Q5365887,,kawake,1954,1,Wikidata Q5365887（2026-10-07取得）
S1yjw5r1,磐城石川,Q11587873,いわきいしかわ,iwaki-ishikawa,1934-12-04,10,Wikidata Q11587873（2026-10-07取得）
S1yjyhcx,赤水,Q4700240,あかみず,akamizu,1918-01-25,26,Wikidata Q4700240（2026-10-07取得）
S1ykdkve,耳成,Q6862256,みみなし,miminashi,1929-01-05,34,Wikidata Q6862256（2026-10-07取得）
S1ykyqas,富士見台,Q5507443,ふじみだい,fujimidai,1925-03-15,4,Wikidata Q5507443（2026-10-07取得）
S1ylx0kr,大土呂,Q5359873,おうどろ,odoro,1896,18,Wikidata Q5359873（2026-10-07取得）
S1ymdy9f,狭山ヶ丘,Q7429111,さやまがおか,sayamagaoka,1915-04-15,30,Wikidata Q7429111（2026-10-07取得）
S1ympddm,内山,Q7876748,,uchiyama,1923-11-21,22,Wikidata Q7876748（2026-10-07取得）
S1ymr1x5,宮脇,Q80170381,,miyawaki,1925-10-12,0,Wikidata Q80170381（2026-10-07取得）
S1yn8k54,高師,Q7677376,たかし,takashi,1924,67,Wikidata Q7677376（2026-10-07取得）
S1ynumpu,倉吉,Q899254,くらよし,kurayoshi,1903-12-20,65,Wikidata Q899254（2026-10-07取得）
S1ynzqng,大場,Q5209070,だいば,daiba,1898-05-20,21,Wikidata Q5209070（2026-10-07取得）
S1yoe6wh,佐那具,Q7415467,さなぐ,sanagu,1897-01-15,2,Wikidata Q7415467（2026-10-07取得）
S1yoqtv8,片貝,Q6375029,かたかい,katakai,1928-11-10,11,Wikidata Q6375029（2026-10-07取得）
S1yozi4t,新田,Q11503785,にった,nitta,1988-07-01,12,Wikidata Q11503785（2026-10-07取得）
S1ypanov,三十八社,Q7418608,,sanjuhassha,1927-06-05,47,Wikidata Q7418608（2026-10-07取得）
S1yptlpf,当別,Q2490291,とうべつ,tobetsu,1934,75,Wikidata Q2490291（2026-10-07取得）
S1ypvtbi,朝来,Q2888570,あっそ,asso,1933-12-20,77,Wikidata Q2888570（2026-10-07取得）
S1yqbadh,大宝,Q5209134,だいほう,daiho,1917,14,Wikidata Q5209134（2026-10-07取得）
S1yrcv8m,児島,Q4981057,こじま,kojima,1988-03-20,30,Wikidata Q4981057（2026-10-07取得）
S1yrrgbz,美々津,Q5358050,みみつ,mimitsu,1921-06-11,13,Wikidata Q5358050（2026-10-07取得）
S1ysyvfz,太平,Q429490,,taihei,1934,15,Wikidata Q429490（2026-10-07取得）
S1yszrhc,計石,Q5640348,はかりいし,hakariishi,1960-12-15,18,Wikidata Q5640348（2026-10-07取得）
S1yth8hs,新祝園,Q7497094,しんほうその,shin-hosono,1928-11-03,47,Wikidata Q7497094（2026-10-07取得）
S1ytlcj2,芦原橋,Q1130913,あしはらばし,ashiharabashi,1966,75,Wikidata Q1130913（2026-10-07取得）
S1ytou4m,本郷,Q11520914,ほんごう,hongo,1921,11,Wikidata Q11520914（2026-10-07取得）
S1yttxqo,下地,Q771733,しもじ,shimoji,1925-11-23,12,Wikidata Q771733（2026-10-07取得）
S1yu3h35,多田羅,Q7687886,たたら,tatara,1955-04-01,9,Wikidata Q7687886（2026-10-07取得）
S1yuav63,能登部,Q7063127,のとべ,notobe,1898-04-24,28,Wikidata Q7063127（2026-10-07取得）
S1yudc3k,北池袋,Q6417547,きたいけぶくろ,kita-ikebukuro,1934-05-01,135,Wikidata Q6417547（2026-10-07取得）
S1yv2nhc,備後矢野,Q4914293,びんごやの,bingo-yano,1938-07-28,2,Wikidata Q4914293（2026-10-07取得）
S1yvsohp,西塩釜,Q11627532,にししおがま,nishi-shiogama,1925-06-05,21,Wikidata Q11627532（2026-10-07取得）
S1yvsy2x,新伊勢崎,Q7497100,しんいせさき,shin-isesaki,1910-03-27,25,Wikidata Q7497100（2026-10-07取得）
S1yvtn9q,長門峡,Q5118997,ちょうもんきょう,chomonkyo,1922-04-29,11,Wikidata Q5118997（2026-10-07取得）
S1yvyrpu,見附,Q6883273,みつけ,mitsuke,1898-06-16,5,Wikidata Q6883273（2026-10-07取得）
S1yvzw11,和邇,Q5365302,わに,wani,1974,58,Wikidata Q5365302（2026-10-07取得）
S1yw7llm,泉,Q6102329,いずみ,izumi,1940-03-04,27,Wikidata Q6102329（2026-10-07取得）
S1ywexku,分倍河原,Q857315,ぶばいがわら,bubaigawara,1925-03-24,18,Wikidata Q857315（2026-10-07取得）
S1ywk0ib,名電赤坂,Q6809963,,meiden-akasaka,1926,16,Wikidata Q6809963（2026-10-07取得）
S1ywnks7,瓦ヶ浜,Q6379681,かわらがはま,kawaragahama,1913,72,Wikidata Q6379681（2026-10-07取得）
S1yx8cgb,摩耶ケーブル,Q11498622,,maya cable,1925-01-06,30,Wikidata Q11498622（2026-10-07取得）
S1yx9w5f,船引,Q5509093,ふねひき,funehiki,1915-03-21,24,Wikidata Q5509093（2026-10-07取得）
S1yyec2i,播磨町,Q5657536,はりまちょう,harimacho,1923-08-19,31,Wikidata Q5657536（2026-10-07取得）
S1yylebp,薩摩松元,Q5296625,さつままつもと,satsuma-matsumoto,1954-02-11,19,Wikidata Q5296625（2026-10-07取得）
S1yynvfr,熊本高専前,Q11568630,,kumamotokosenmae,1995-01-09,25,Wikidata Q11568630（2026-10-07取得）
S1yyrndm,与野本町,Q844390,よのほんまち,yono-hommachi,1985-09-30,56,Wikidata Q844390（2026-10-07取得）
S1yzc0fj,高擶,Q7677422,たかたま,takatama,1952-03-05,37,Wikidata Q7677422（2026-10-07取得）
S1yzmcz1,川東,Q11478848,かわひがし,kawahigashi,1931-10-30,43,Wikidata Q11478848（2026-10-07取得）
S1z06d9q,中ふ頭,Q180450,なかふとう,nakafuto,1981-03-16,45,Wikidata Q180450（2026-10-07取得）
S1z0jal6,東照宮,Q5359740,とうしょうぐう,toshogu,1988-11-18,12,Wikidata Q5359740（2026-10-07取得）
S1z0khuu,八多喜,Q898952,,hataki,1918-02-14,42,Wikidata Q898952（2026-10-07取得）
S1z0sgah,東都筑,Q11528574,ひがしつづき,higashi-tsuzuki,1953-08-07,18,Wikidata Q11528574（2026-10-07取得）
S1z12ufb,坂ノ市,Q5359526,さかのいち,sakanoichi,1914-04-01,42,Wikidata Q5359526（2026-10-07取得）
